job,stage,condition,seed,metric,value,source
patchmnist/A_seed42,patchmnist,A,42,test_mse,0.03619467995564143,jobs/patchmnist/A_seed42/attempt_001/metrics/run_summary.json
patchmnist/A_seed42,patchmnist,A,42,test_ssim,0.7042355661392212,jobs/patchmnist/A_seed42/attempt_001/metrics/run_summary.json
patchmnist/A_seed42,patchmnist,A,42,best_val_mse,0.035838134586811066,jobs/patchmnist/A_seed42/attempt_001/metrics/run_summary.json
patchmnist/A_seed42,patchmnist,A,42,best_train_mse,0.03632029891014099,jobs/patchmnist/A_seed42/attempt_001/metrics/run_summary.json
patchmnist/A_seed42,patchmnist,A,42,min_train_mse,0.035574160516262054,jobs/patchmnist/A_seed42/attempt_001/metrics/run_summary.json
patchmnist/A_seed42,patchmnist,A,42,final_train_mse,0.0358149472673734,jobs/patchmnist/A_seed42/attempt_001/metrics/run_summary.json
patchmnist/B_seed42,patchmnist,B,42,test_mse,0.010460729477306207,jobs/patchmnist/B_seed42/attempt_001/metrics/run_summary.json
patchmnist/B_seed42,patchmnist,B,42,test_ssim,0.9038412830034892,jobs/patchmnist/B_seed42/attempt_001/metrics/run_summary.json
patchmnist/B_seed42,patchmnist,B,42,best_val_mse,0.010323577493429183,jobs/patchmnist/B_seed42/attempt_001/metrics/run_summary.json
patchmnist/B_seed42,patchmnist,B,42,best_train_mse,0.010048025287687778,jobs/patchmnist/B_seed42/attempt_001/metrics/run_summary.json
patchmnist/B_seed42,patchmnist,B,42,min_train_mse,0.010048025287687778,jobs/patchmnist/B_seed42/attempt_001/metrics/run_summary.json
patchmnist/B_seed42,patchmnist,B,42,final_train_mse,0.010311759198705356,jobs/patchmnist/B_seed42/attempt_001/metrics/run_summary.json
patchmnist/C_seed42,patchmnist,C,42,test_mse,0.00676654867331187,jobs/patchmnist/C_seed42/attempt_001/metrics/run_summary.json
patchmnist/C_seed42,patchmnist,C,42,test_ssim,0.9381527576446533,jobs/patchmnist/C_seed42/attempt_001/metrics/run_summary.json
patchmnist/C_seed42,patchmnist,C,42,best_val_mse,0.0067005555679400764,jobs/patchmnist/C_seed42/attempt_001/metrics/run_summary.json
patchmnist/C_seed42,patchmnist,C,42,best_train_mse,0.006327680312097073,jobs/patchmnist/C_seed42/attempt_001/metrics/run_summary.json
patchmnist/C_seed42,patchmnist,C,42,min_train_mse,0.006327680312097073,jobs/patchmnist/C_seed42/attempt_001/metrics/run_summary.json
patchmnist/C_seed42,patchmnist,C,42,final_train_mse,0.006233243808150292,jobs/patchmnist/C_seed42/attempt_001/metrics/run_summary.json
patchmnist/D_seed42,patchmnist,D,42,test_mse,0.0062733472747107345,jobs/patchmnist/D_seed42/attempt_001/metrics/run_summary.json
patchmnist/D_seed42,patchmnist,D,42,test_ssim,0.9421510060628255,jobs/patchmnist/D_seed42/attempt_001/metrics/run_summary.json
patchmnist/D_seed42,patchmnist,D,42,best_val_mse,0.00618065361926953,jobs/patchmnist/D_seed42/attempt_001/metrics/run_summary.json
patchmnist/D_seed42,patchmnist,D,42,best_train_mse,0.005686945281922817,jobs/patchmnist/D_seed42/attempt_001/metrics/run_summary.json
patchmnist/D_seed42,patchmnist,D,42,min_train_mse,0.005686945281922817,jobs/patchmnist/D_seed42/attempt_001/metrics/run_summary.json
patchmnist/D_seed42,patchmnist,D,42,final_train_mse,0.005663549518833558,jobs/patchmnist/D_seed42/attempt_001/metrics/run_summary.json
patchmnist/A_seed43,patchmnist,A,43,test_mse,0.03632215364774068,jobs/patchmnist/A_seed43/attempt_001/metrics/run_summary.json
patchmnist/A_seed43,patchmnist,A,43,test_ssim,0.7030100111961365,jobs/patchmnist/A_seed43/attempt_001/metrics/run_summary.json
patchmnist/A_seed43,patchmnist,A,43,best_val_mse,0.036077307363351185,jobs/patchmnist/A_seed43/attempt_001/metrics/run_summary.json
patchmnist/A_seed43,patchmnist,A,43,best_train_mse,0.03654707968235016,jobs/patchmnist/A_seed43/attempt_001/metrics/run_summary.json
patchmnist/A_seed43,patchmnist,A,43,min_train_mse,0.03547380119562149,jobs/patchmnist/A_seed43/attempt_001/metrics/run_summary.json
patchmnist/A_seed43,patchmnist,A,43,final_train_mse,0.036015244265397386,jobs/patchmnist/A_seed43/attempt_001/metrics/run_summary.json
patchmnist/B_seed43,patchmnist,B,43,test_mse,0.006319612314303716,jobs/patchmnist/B_seed43/attempt_001/metrics/run_summary.json
patchmnist/B_seed43,patchmnist,B,43,test_ssim,0.9392240513165792,jobs/patchmnist/B_seed43/attempt_001/metrics/run_summary.json
patchmnist/B_seed43,patchmnist,B,43,best_val_mse,0.006239832992355029,jobs/patchmnist/B_seed43/attempt_001/metrics/run_summary.json
patchmnist/B_seed43,patchmnist,B,43,best_train_mse,0.006442145444452763,jobs/patchmnist/B_seed43/attempt_001/metrics/run_summary.json
patchmnist/B_seed43,patchmnist,B,43,min_train_mse,0.006351423915475607,jobs/patchmnist/B_seed43/attempt_001/metrics/run_summary.json
patchmnist/B_seed43,patchmnist,B,43,final_train_mse,0.006280963696539402,jobs/patchmnist/B_seed43/attempt_001/metrics/run_summary.json
patchmnist/C_seed43,patchmnist,C,43,test_mse,0.006855759824315707,jobs/patchmnist/C_seed43/attempt_001/metrics/run_summary.json
patchmnist/C_seed43,patchmnist,C,43,test_ssim,0.9358556121190389,jobs/patchmnist/C_seed43/attempt_001/metrics/run_summary.json
patchmnist/C_seed43,patchmnist,C,43,best_val_mse,0.006740243391444286,jobs/patchmnist/C_seed43/attempt_001/metrics/run_summary.json
patchmnist/C_seed43,patchmnist,C,43,best_train_mse,0.006350737996399403,jobs/patchmnist/C_seed43/attempt_001/metrics/run_summary.json
patchmnist/C_seed43,patchmnist,C,43,min_train_mse,0.006314371712505817,jobs/patchmnist/C_seed43/attempt_001/metrics/run_summary.json
patchmnist/C_seed43,patchmnist,C,43,final_train_mse,0.006259874810775121,jobs/patchmnist/C_seed43/attempt_001/metrics/run_summary.json
patchmnist/D_seed43,patchmnist,D,43,test_mse,0.006345678651084503,jobs/patchmnist/D_seed43/attempt_001/metrics/run_summary.json
patchmnist/D_seed43,patchmnist,D,43,test_ssim,0.9420154107411702,jobs/patchmnist/D_seed43/attempt_001/metrics/run_summary.json
patchmnist/D_seed43,patchmnist,D,43,best_val_mse,0.006262000835190217,jobs/patchmnist/D_seed43/attempt_001/metrics/run_summary.json
patchmnist/D_seed43,patchmnist,D,43,best_train_mse,0.005803814623504877,jobs/patchmnist/D_seed43/attempt_001/metrics/run_summary.json
patchmnist/D_seed43,patchmnist,D,43,min_train_mse,0.005755255930125713,jobs/patchmnist/D_seed43/attempt_001/metrics/run_summary.json
patchmnist/D_seed43,patchmnist,D,43,final_train_mse,0.005710200535754363,jobs/patchmnist/D_seed43/attempt_001/metrics/run_summary.json
patchmnist/A_seed44,patchmnist,A,44,test_mse,0.036437008410692216,jobs/patchmnist/A_seed44/attempt_001/metrics/run_summary.json
patchmnist/A_seed44,patchmnist,A,44,test_ssim,0.701597356001536,jobs/patchmnist/A_seed44/attempt_001/metrics/run_summary.json
patchmnist/A_seed44,patchmnist,A,44,best_val_mse,0.03614860857526461,jobs/patchmnist/A_seed44/attempt_001/metrics/run_summary.json
patchmnist/A_seed44,patchmnist,A,44,best_train_mse,0.035432081669569016,jobs/patchmnist/A_seed44/attempt_001/metrics/run_summary.json
patchmnist/A_seed44,patchmnist,A,44,min_train_mse,0.035432081669569016,jobs/patchmnist/A_seed44/attempt_001/metrics/run_summary.json
patchmnist/A_seed44,patchmnist,A,44,final_train_mse,0.0360925911962986,jobs/patchmnist/A_seed44/attempt_001/metrics/run_summary.json
patchmnist/B_seed44,patchmnist,B,44,test_mse,0.007900536922117075,jobs/patchmnist/B_seed44/attempt_001/metrics/run_summary.json
patchmnist/B_seed44,patchmnist,B,44,test_ssim,0.9249491729736328,jobs/patchmnist/B_seed44/attempt_001/metrics/run_summary.json
patchmnist/B_seed44,patchmnist,B,44,best_val_mse,0.007779364548623562,jobs/patchmnist/B_seed44/attempt_001/metrics/run_summary.json
patchmnist/B_seed44,patchmnist,B,44,best_train_mse,0.007817273959517479,jobs/patchmnist/B_seed44/attempt_001/metrics/run_summary.json
patchmnist/B_seed44,patchmnist,B,44,min_train_mse,0.007817273959517479,jobs/patchmnist/B_seed44/attempt_001/metrics/run_summary.json
patchmnist/B_seed44,patchmnist,B,44,final_train_mse,0.00782294281075398,jobs/patchmnist/B_seed44/attempt_001/metrics/run_summary.json
patchmnist/C_seed44,patchmnist,C,44,test_mse,0.006791138857603073,jobs/patchmnist/C_seed44/attempt_001/metrics/run_summary.json
patchmnist/C_seed44,patchmnist,C,44,test_ssim,0.9361289650599162,jobs/patchmnist/C_seed44/attempt_001/metrics/run_summary.json
patchmnist/C_seed44,patchmnist,C,44,best_val_mse,0.006712385701636473,jobs/patchmnist/C_seed44/attempt_001/metrics/run_summary.json
patchmnist/C_seed44,patchmnist,C,44,best_train_mse,0.006329425610601902,jobs/patchmnist/C_seed44/attempt_001/metrics/run_summary.json
patchmnist/C_seed44,patchmnist,C,44,min_train_mse,0.006329425610601902,jobs/patchmnist/C_seed44/attempt_001/metrics/run_summary.json
patchmnist/C_seed44,patchmnist,C,44,final_train_mse,0.006213673857351144,jobs/patchmnist/C_seed44/attempt_001/metrics/run_summary.json
patchmnist/D_seed44,patchmnist,D,44,test_mse,0.006227985272804896,jobs/patchmnist/D_seed44/attempt_001/metrics/run_summary.json
patchmnist/D_seed44,patchmnist,D,44,test_ssim,0.9423461759885152,jobs/patchmnist/D_seed44/attempt_001/metrics/run_summary.json
patchmnist/D_seed44,patchmnist,D,44,best_val_mse,0.006136107937743267,jobs/patchmnist/D_seed44/attempt_001/metrics/run_summary.json
patchmnist/D_seed44,patchmnist,D,44,best_train_mse,0.005832884460687637,jobs/patchmnist/D_seed44/attempt_001/metrics/run_summary.json
patchmnist/D_seed44,patchmnist,D,44,min_train_mse,0.005724185146391392,jobs/patchmnist/D_seed44/attempt_001/metrics/run_summary.json
patchmnist/D_seed44,patchmnist,D,44,final_train_mse,0.005600763237724702,jobs/patchmnist/D_seed44/attempt_001/metrics/run_summary.json
upsampling/s128_n600_transpose_conv_seed42,upsampling,s128_n600_transpose_conv,42,test_mse,0.03835432793696721,jobs/upsampling/s128_n600_transpose_conv_seed42/attempt_001/metrics/run_summary.json
upsampling/s128_n600_transpose_conv_seed42,upsampling,s128_n600_transpose_conv,42,test_ssim,0.695004068215688,jobs/upsampling/s128_n600_transpose_conv_seed42/attempt_001/metrics/run_summary.json
upsampling/s128_n600_transpose_conv_seed42,upsampling,s128_n600_transpose_conv,42,best_val_mse,0.03842518911759059,jobs/upsampling/s128_n600_transpose_conv_seed42/attempt_001/metrics/run_summary.json
upsampling/s128_n600_transpose_conv_seed42,upsampling,s128_n600_transpose_conv,42,final_val_mse,0.038784443775812784,jobs/upsampling/s128_n600_transpose_conv_seed42/attempt_001/metrics/run_summary.json
upsampling/s128_n600_locality_aware_seed42,upsampling,s128_n600_locality_aware,42,test_mse,0.01619164637227853,jobs/upsampling/s128_n600_locality_aware_seed42/attempt_001/metrics/run_summary.json
upsampling/s128_n600_locality_aware_seed42,upsampling,s128_n600_locality_aware,42,test_ssim,0.848427464167277,jobs/upsampling/s128_n600_locality_aware_seed42/attempt_001/metrics/run_summary.json
upsampling/s128_n600_locality_aware_seed42,upsampling,s128_n600_locality_aware,42,best_val_mse,0.01610138627390067,jobs/upsampling/s128_n600_locality_aware_seed42/attempt_001/metrics/run_summary.json
upsampling/s128_n600_locality_aware_seed42,upsampling,s128_n600_locality_aware,42,final_val_mse,0.01610138627390067,jobs/upsampling/s128_n600_locality_aware_seed42/attempt_001/metrics/run_summary.json
upsampling/s128_n3000_transpose_conv_seed42,upsampling,s128_n3000_transpose_conv,42,test_mse,0.03614214524626732,jobs/upsampling/s128_n3000_transpose_conv_seed42/attempt_001/metrics/run_summary.json
upsampling/s128_n3000_transpose_conv_seed42,upsampling,s128_n3000_transpose_conv,42,test_ssim,0.7013194828033448,jobs/upsampling/s128_n3000_transpose_conv_seed42/attempt_001/metrics/run_summary.json
upsampling/s128_n3000_transpose_conv_seed42,upsampling,s128_n3000_transpose_conv,42,best_val_mse,0.0360937440097332,jobs/upsampling/s128_n3000_transpose_conv_seed42/attempt_001/metrics/run_summary.json
upsampling/s128_n3000_transpose_conv_seed42,upsampling,s128_n3000_transpose_conv,42,final_val_mse,0.03739895442128181,jobs/upsampling/s128_n3000_transpose_conv_seed42/attempt_001/metrics/run_summary.json
upsampling/s128_n3000_locality_aware_seed42,upsampling,s128_n3000_locality_aware,42,test_mse,0.011820863984525204,jobs/upsampling/s128_n3000_locality_aware_seed42/attempt_001/metrics/run_summary.json
upsampling/s128_n3000_locality_aware_seed42,upsampling,s128_n3000_locality_aware,42,test_ssim,0.8855802424748739,jobs/upsampling/s128_n3000_locality_aware_seed42/attempt_001/metrics/run_summary.json
upsampling/s128_n3000_locality_aware_seed42,upsampling,s128_n3000_locality_aware,42,best_val_mse,0.011827663520971934,jobs/upsampling/s128_n3000_locality_aware_seed42/attempt_001/metrics/run_summary.json
upsampling/s128_n3000_locality_aware_seed42,upsampling,s128_n3000_locality_aware,42,final_val_mse,0.011989117555320263,jobs/upsampling/s128_n3000_locality_aware_seed42/attempt_001/metrics/run_summary.json
upsampling/s128_n6000_transpose_conv_seed42,upsampling,s128_n6000_transpose_conv,42,test_mse,0.03569330797592799,jobs/upsampling/s128_n6000_transpose_conv_seed42/attempt_001/metrics/run_summary.json
upsampling/s128_n6000_transpose_conv_seed42,upsampling,s128_n6000_transpose_conv,42,test_ssim,0.7060285709698995,jobs/upsampling/s128_n6000_transpose_conv_seed42/attempt_001/metrics/run_summary.json
upsampling/s128_n6000_transpose_conv_seed42,upsampling,s128_n6000_transpose_conv,42,best_val_mse,0.03568627146879832,jobs/upsampling/s128_n6000_transpose_conv_seed42/attempt_001/metrics/run_summary.json
upsampling/s128_n6000_transpose_conv_seed42,upsampling,s128_n6000_transpose_conv,42,final_val_mse,0.03568627146879832,jobs/upsampling/s128_n6000_transpose_conv_seed42/attempt_001/metrics/run_summary.json
upsampling/s128_n6000_locality_aware_seed42,upsampling,s128_n6000_locality_aware,42,test_mse,0.011364392548799515,jobs/upsampling/s128_n6000_locality_aware_seed42/attempt_001/metrics/run_summary.json
upsampling/s128_n6000_locality_aware_seed42,upsampling,s128_n6000_locality_aware,42,test_ssim,0.8875095330874125,jobs/upsampling/s128_n6000_locality_aware_seed42/attempt_001/metrics/run_summary.json
upsampling/s128_n6000_locality_aware_seed42,upsampling,s128_n6000_locality_aware,42,best_val_mse,0.011441261554757755,jobs/upsampling/s128_n6000_locality_aware_seed42/attempt_001/metrics/run_summary.json
upsampling/s128_n6000_locality_aware_seed42,upsampling,s128_n6000_locality_aware,42,final_val_mse,0.011745664837459723,jobs/upsampling/s128_n6000_locality_aware_seed42/attempt_001/metrics/run_summary.json
upsampling/s256_n600_transpose_conv_seed42,upsampling,s256_n600_transpose_conv,42,test_mse,0.03691789285341899,jobs/upsampling/s256_n600_transpose_conv_seed42/attempt_001/metrics/run_summary.json
upsampling/s256_n600_transpose_conv_seed42,upsampling,s256_n600_transpose_conv,42,test_ssim,0.702793586730957,jobs/upsampling/s256_n600_transpose_conv_seed42/attempt_001/metrics/run_summary.json
upsampling/s256_n600_transpose_conv_seed42,upsampling,s256_n600_transpose_conv,42,best_val_mse,0.03658089614907901,jobs/upsampling/s256_n600_transpose_conv_seed42/attempt_001/metrics/run_summary.json
upsampling/s256_n600_transpose_conv_seed42,upsampling,s256_n600_transpose_conv,42,final_val_mse,0.03658089614907901,jobs/upsampling/s256_n600_transpose_conv_seed42/attempt_001/metrics/run_summary.json
upsampling/s256_n600_locality_aware_seed42,upsampling,s256_n600_locality_aware,42,test_mse,0.01554480175425609,jobs/upsampling/s256_n600_locality_aware_seed42/attempt_001/metrics/run_summary.json
upsampling/s256_n600_locality_aware_seed42,upsampling,s256_n600_locality_aware,42,test_ssim,0.8529266570409139,jobs/upsampling/s256_n600_locality_aware_seed42/attempt_001/metrics/run_summary.json
upsampling/s256_n600_locality_aware_seed42,upsampling,s256_n600_locality_aware,42,best_val_mse,0.015497650183737279,jobs/upsampling/s256_n600_locality_aware_seed42/attempt_001/metrics/run_summary.json
upsampling/s256_n600_locality_aware_seed42,upsampling,s256_n600_locality_aware,42,final_val_mse,0.015638779665033024,jobs/upsampling/s256_n600_locality_aware_seed42/attempt_001/metrics/run_summary.json
upsampling/s256_n3000_transpose_conv_seed42,upsampling,s256_n3000_transpose_conv,42,test_mse,0.036533653010924656,jobs/upsampling/s256_n3000_transpose_conv_seed42/attempt_001/metrics/run_summary.json
upsampling/s256_n3000_transpose_conv_seed42,upsampling,s256_n3000_transpose_conv,42,test_ssim,0.7030730147361756,jobs/upsampling/s256_n3000_transpose_conv_seed42/attempt_001/metrics/run_summary.json
upsampling/s256_n3000_transpose_conv_seed42,upsampling,s256_n3000_transpose_conv,42,best_val_mse,0.03617057059208552,jobs/upsampling/s256_n3000_transpose_conv_seed42/attempt_001/metrics/run_summary.json
upsampling/s256_n3000_transpose_conv_seed42,upsampling,s256_n3000_transpose_conv,42,final_val_mse,0.037468279143174486,jobs/upsampling/s256_n3000_transpose_conv_seed42/attempt_001/metrics/run_summary.json
upsampling/s256_n3000_locality_aware_seed42,upsampling,s256_n3000_locality_aware,42,test_mse,0.011476517299811046,jobs/upsampling/s256_n3000_locality_aware_seed42/attempt_001/metrics/run_summary.json
upsampling/s256_n3000_locality_aware_seed42,upsampling,s256_n3000_locality_aware,42,test_ssim,0.8873072787920634,jobs/upsampling/s256_n3000_locality_aware_seed42/attempt_001/metrics/run_summary.json
upsampling/s256_n3000_locality_aware_seed42,upsampling,s256_n3000_locality_aware,42,best_val_mse,0.011446249276399612,jobs/upsampling/s256_n3000_locality_aware_seed42/attempt_001/metrics/run_summary.json
upsampling/s256_n3000_locality_aware_seed42,upsampling,s256_n3000_locality_aware,42,final_val_mse,0.011507394716143609,jobs/upsampling/s256_n3000_locality_aware_seed42/attempt_001/metrics/run_summary.json
upsampling/s256_n6000_transpose_conv_seed42,upsampling,s256_n6000_transpose_conv,42,test_mse,0.035910236080487566,jobs/upsampling/s256_n6000_transpose_conv_seed42/attempt_001/metrics/run_summary.json
upsampling/s256_n6000_transpose_conv_seed42,upsampling,s256_n6000_transpose_conv,42,test_ssim,0.7060413862864177,jobs/upsampling/s256_n6000_transpose_conv_seed42/attempt_001/metrics/run_summary.json
upsampling/s256_n6000_transpose_conv_seed42,upsampling,s256_n6000_transpose_conv,42,best_val_mse,0.03558227741718292,jobs/upsampling/s256_n6000_transpose_conv_seed42/attempt_001/metrics/run_summary.json
upsampling/s256_n6000_transpose_conv_seed42,upsampling,s256_n6000_transpose_conv,42,final_val_mse,0.03628561956683795,jobs/upsampling/s256_n6000_transpose_conv_seed42/attempt_001/metrics/run_summary.json
upsampling/s256_n6000_locality_aware_seed42,upsampling,s256_n6000_locality_aware,42,test_mse,0.011210827199121316,jobs/upsampling/s256_n6000_locality_aware_seed42/attempt_001/metrics/run_summary.json
upsampling/s256_n6000_locality_aware_seed42,upsampling,s256_n6000_locality_aware,42,test_ssim,0.888037218093872,jobs/upsampling/s256_n6000_locality_aware_seed42/attempt_001/metrics/run_summary.json
upsampling/s256_n6000_locality_aware_seed42,upsampling,s256_n6000_locality_aware,42,best_val_mse,0.01116036303093036,jobs/upsampling/s256_n6000_locality_aware_seed42/attempt_001/metrics/run_summary.json
upsampling/s256_n6000_locality_aware_seed42,upsampling,s256_n6000_locality_aware,42,final_val_mse,0.011186962959667047,jobs/upsampling/s256_n6000_locality_aware_seed42/attempt_001/metrics/run_summary.json
upsampling/s512_n600_transpose_conv_seed42,upsampling,s512_n600_transpose_conv,42,test_mse,0.03548253922661145,jobs/upsampling/s512_n600_transpose_conv_seed42/attempt_001/metrics/run_summary.json
upsampling/s512_n600_transpose_conv_seed42,upsampling,s512_n600_transpose_conv,42,test_ssim,0.7031991271972656,jobs/upsampling/s512_n600_transpose_conv_seed42/attempt_001/metrics/run_summary.json
upsampling/s512_n600_transpose_conv_seed42,upsampling,s512_n600_transpose_conv,42,best_val_mse,0.035154481361309685,jobs/upsampling/s512_n600_transpose_conv_seed42/attempt_001/metrics/run_summary.json
upsampling/s512_n600_transpose_conv_seed42,upsampling,s512_n600_transpose_conv,42,final_val_mse,0.03516868116458257,jobs/upsampling/s512_n600_transpose_conv_seed42/attempt_001/metrics/run_summary.json
upsampling/s512_n600_locality_aware_seed42,upsampling,s512_n600_locality_aware,42,test_mse,0.014902191472550234,jobs/upsampling/s512_n600_locality_aware_seed42/attempt_002/metrics/run_summary.json
upsampling/s512_n600_locality_aware_seed42,upsampling,s512_n600_locality_aware,42,test_ssim,0.8578601894378662,jobs/upsampling/s512_n600_locality_aware_seed42/attempt_002/metrics/run_summary.json
upsampling/s512_n600_locality_aware_seed42,upsampling,s512_n600_locality_aware,42,best_val_mse,0.01484434867153565,jobs/upsampling/s512_n600_locality_aware_seed42/attempt_002/metrics/run_summary.json
upsampling/s512_n600_locality_aware_seed42,upsampling,s512_n600_locality_aware,42,final_val_mse,0.01484434867153565,jobs/upsampling/s512_n600_locality_aware_seed42/attempt_002/metrics/run_summary.json
upsampling/s512_n3000_transpose_conv_seed42,upsampling,s512_n3000_transpose_conv,42,test_mse,0.0354868821700414,jobs/upsampling/s512_n3000_transpose_conv_seed42/attempt_002/metrics/run_summary.json
upsampling/s512_n3000_transpose_conv_seed42,upsampling,s512_n3000_transpose_conv,42,test_ssim,0.7064936955769857,jobs/upsampling/s512_n3000_transpose_conv_seed42/attempt_002/metrics/run_summary.json
upsampling/s512_n3000_transpose_conv_seed42,upsampling,s512_n3000_transpose_conv,42,best_val_mse,0.03514117142558098,jobs/upsampling/s512_n3000_transpose_conv_seed42/attempt_002/metrics/run_summary.json
upsampling/s512_n3000_transpose_conv_seed42,upsampling,s512_n3000_transpose_conv,42,final_val_mse,0.03520729172229767,jobs/upsampling/s512_n3000_transpose_conv_seed42/attempt_002/metrics/run_summary.json
upsampling/s512_n3000_locality_aware_seed42,upsampling,s512_n3000_locality_aware,42,test_mse,0.011237960278987885,jobs/upsampling/s512_n3000_locality_aware_seed42/attempt_001/metrics/run_summary.json
upsampling/s512_n3000_locality_aware_seed42,upsampling,s512_n3000_locality_aware,42,test_ssim,0.8878363095919292,jobs/upsampling/s512_n3000_locality_aware_seed42/attempt_001/metrics/run_summary.json
upsampling/s512_n3000_locality_aware_seed42,upsampling,s512_n3000_locality_aware,42,best_val_mse,0.011217754361530144,jobs/upsampling/s512_n3000_locality_aware_seed42/attempt_001/metrics/run_summary.json
upsampling/s512_n3000_locality_aware_seed42,upsampling,s512_n3000_locality_aware,42,final_val_mse,0.011217754361530144,jobs/upsampling/s512_n3000_locality_aware_seed42/attempt_001/metrics/run_summary.json
upsampling/s512_n6000_transpose_conv_seed42,upsampling,s512_n6000_transpose_conv,42,test_mse,0.035428354849418,jobs/upsampling/s512_n6000_transpose_conv_seed42/attempt_001/metrics/run_summary.json
upsampling/s512_n6000_transpose_conv_seed42,upsampling,s512_n6000_transpose_conv,42,test_ssim,0.7079949076970419,jobs/upsampling/s512_n6000_transpose_conv_seed42/attempt_001/metrics/run_summary.json
upsampling/s512_n6000_transpose_conv_seed42,upsampling,s512_n6000_transpose_conv,42,best_val_mse,0.03501964526375135,jobs/upsampling/s512_n6000_transpose_conv_seed42/attempt_001/metrics/run_summary.json
upsampling/s512_n6000_transpose_conv_seed42,upsampling,s512_n6000_transpose_conv,42,final_val_mse,0.03501964526375135,jobs/upsampling/s512_n6000_transpose_conv_seed42/attempt_001/metrics/run_summary.json
upsampling/s512_n6000_locality_aware_seed42,upsampling,s512_n6000_locality_aware,42,test_mse,0.01087505233536164,jobs/upsampling/s512_n6000_locality_aware_seed42/attempt_001/metrics/run_summary.json
upsampling/s512_n6000_locality_aware_seed42,upsampling,s512_n6000_locality_aware,42,test_ssim,0.8928121205965678,jobs/upsampling/s512_n6000_locality_aware_seed42/attempt_001/metrics/run_summary.json
upsampling/s512_n6000_locality_aware_seed42,upsampling,s512_n6000_locality_aware,42,best_val_mse,0.010831050289173921,jobs/upsampling/s512_n6000_locality_aware_seed42/attempt_001/metrics/run_summary.json
upsampling/s512_n6000_locality_aware_seed42,upsampling,s512_n6000_locality_aware,42,final_val_mse,0.010831050289173921,jobs/upsampling/s512_n6000_locality_aware_seed42/attempt_001/metrics/run_summary.json
upsampling/s128_n600_transpose_conv_seed43,upsampling,s128_n600_transpose_conv,43,test_mse,0.038306345085302985,jobs/upsampling/s128_n600_transpose_conv_seed43/attempt_001/metrics/run_summary.json
upsampling/s128_n600_transpose_conv_seed43,upsampling,s128_n600_transpose_conv,43,test_ssim,0.696383935769399,jobs/upsampling/s128_n600_transpose_conv_seed43/attempt_001/metrics/run_summary.json
upsampling/s128_n600_transpose_conv_seed43,upsampling,s128_n600_transpose_conv,43,best_val_mse,0.0384510115981102,jobs/upsampling/s128_n600_transpose_conv_seed43/attempt_001/metrics/run_summary.json
upsampling/s128_n600_transpose_conv_seed43,upsampling,s128_n600_transpose_conv,43,final_val_mse,0.0395063159763813,jobs/upsampling/s128_n600_transpose_conv_seed43/attempt_001/metrics/run_summary.json
upsampling/s128_n600_locality_aware_seed43,upsampling,s128_n600_locality_aware,43,test_mse,0.01672457190354665,jobs/upsampling/s128_n600_locality_aware_seed43/attempt_001/metrics/run_summary.json
upsampling/s128_n600_locality_aware_seed43,upsampling,s128_n600_locality_aware,43,test_ssim,0.8457132128079732,jobs/upsampling/s128_n600_locality_aware_seed43/attempt_001/metrics/run_summary.json
upsampling/s128_n600_locality_aware_seed43,upsampling,s128_n600_locality_aware,43,best_val_mse,0.016667786022027335,jobs/upsampling/s128_n600_locality_aware_seed43/attempt_001/metrics/run_summary.json
upsampling/s128_n600_locality_aware_seed43,upsampling,s128_n600_locality_aware,43,final_val_mse,0.016967217102646828,jobs/upsampling/s128_n600_locality_aware_seed43/attempt_001/metrics/run_summary.json
upsampling/s128_n3000_transpose_conv_seed43,upsampling,s128_n3000_transpose_conv,43,test_mse,0.03615104150772095,jobs/upsampling/s128_n3000_transpose_conv_seed43/attempt_001/metrics/run_summary.json
upsampling/s128_n3000_transpose_conv_seed43,upsampling,s128_n3000_transpose_conv,43,test_ssim,0.7033552343050639,jobs/upsampling/s128_n3000_transpose_conv_seed43/attempt_001/metrics/run_summary.json
upsampling/s128_n3000_transpose_conv_seed43,upsampling,s128_n3000_transpose_conv,43,best_val_mse,0.03616434648633003,jobs/upsampling/s128_n3000_transpose_conv_seed43/attempt_001/metrics/run_summary.json
upsampling/s128_n3000_transpose_conv_seed43,upsampling,s128_n3000_transpose_conv,43,final_val_mse,0.03616434648633003,jobs/upsampling/s128_n3000_transpose_conv_seed43/attempt_001/metrics/run_summary.json
upsampling/s128_n3000_locality_aware_seed43,upsampling,s128_n3000_locality_aware,43,test_mse,0.01165726010253032,jobs/upsampling/s128_n3000_locality_aware_seed43/attempt_001/metrics/run_summary.json
upsampling/s128_n3000_locality_aware_seed43,upsampling,s128_n3000_locality_aware,43,test_ssim,0.8891062326431275,jobs/upsampling/s128_n3000_locality_aware_seed43/attempt_001/metrics/run_summary.json
upsampling/s128_n3000_locality_aware_seed43,upsampling,s128_n3000_locality_aware,43,best_val_mse,0.011663745318849882,jobs/upsampling/s128_n3000_locality_aware_seed43/attempt_001/metrics/run_summary.json
upsampling/s128_n3000_locality_aware_seed43,upsampling,s128_n3000_locality_aware,43,final_val_mse,0.011663745318849882,jobs/upsampling/s128_n3000_locality_aware_seed43/attempt_001/metrics/run_summary.json
upsampling/s128_n6000_transpose_conv_seed43,upsampling,s128_n6000_transpose_conv,43,test_mse,0.03618160932262739,jobs/upsampling/s128_n6000_transpose_conv_seed43/attempt_001/metrics/run_summary.json
upsampling/s128_n6000_transpose_conv_seed43,upsampling,s128_n6000_transpose_conv,43,test_ssim,0.7041544260978698,jobs/upsampling/s128_n6000_transpose_conv_seed43/attempt_001/metrics/run_summary.json
upsampling/s128_n6000_transpose_conv_seed43,upsampling,s128_n6000_transpose_conv,43,best_val_mse,0.03621850182612737,jobs/upsampling/s128_n6000_transpose_conv_seed43/attempt_001/metrics/run_summary.json
upsampling/s128_n6000_transpose_conv_seed43,upsampling,s128_n6000_transpose_conv,43,final_val_mse,0.03621850182612737,jobs/upsampling/s128_n6000_transpose_conv_seed43/attempt_001/metrics/run_summary.json
upsampling/s128_n6000_locality_aware_seed43,upsampling,s128_n6000_locality_aware,43,test_mse,0.011778293681641419,jobs/upsampling/s128_n6000_locality_aware_seed43/attempt_001/metrics/run_summary.json
upsampling/s128_n6000_locality_aware_seed43,upsampling,s128_n6000_locality_aware,43,test_ssim,0.8849845431645711,jobs/upsampling/s128_n6000_locality_aware_seed43/attempt_001/metrics/run_summary.json
upsampling/s128_n6000_locality_aware_seed43,upsampling,s128_n6000_locality_aware,43,best_val_mse,0.011797026629249256,jobs/upsampling/s128_n6000_locality_aware_seed43/attempt_001/metrics/run_summary.json
upsampling/s128_n6000_locality_aware_seed43,upsampling,s128_n6000_locality_aware,43,final_val_mse,0.011797026629249256,jobs/upsampling/s128_n6000_locality_aware_seed43/attempt_001/metrics/run_summary.json
upsampling/s256_n600_transpose_conv_seed43,upsampling,s256_n600_transpose_conv,43,test_mse,0.03665315080682437,jobs/upsampling/s256_n600_transpose_conv_seed43/attempt_001/metrics/run_summary.json
upsampling/s256_n600_transpose_conv_seed43,upsampling,s256_n600_transpose_conv,43,test_ssim,0.7010851651827494,jobs/upsampling/s256_n600_transpose_conv_seed43/attempt_001/metrics/run_summary.json
upsampling/s256_n600_transpose_conv_seed43,upsampling,s256_n600_transpose_conv,43,best_val_mse,0.03634190780917804,jobs/upsampling/s256_n600_transpose_conv_seed43/attempt_001/metrics/run_summary.json
upsampling/s256_n600_transpose_conv_seed43,upsampling,s256_n600_transpose_conv,43,final_val_mse,0.03650270254413287,jobs/upsampling/s256_n600_transpose_conv_seed43/attempt_001/metrics/run_summary.json
upsampling/s256_n600_locality_aware_seed43,upsampling,s256_n600_locality_aware,43,test_mse,0.01583086990813414,jobs/upsampling/s256_n600_locality_aware_seed43/attempt_001/metrics/run_summary.json
upsampling/s256_n600_locality_aware_seed43,upsampling,s256_n600_locality_aware,43,test_ssim,0.8522522185643514,jobs/upsampling/s256_n600_locality_aware_seed43/attempt_001/metrics/run_summary.json
upsampling/s256_n600_locality_aware_seed43,upsampling,s256_n600_locality_aware,43,best_val_mse,0.015819030483563742,jobs/upsampling/s256_n600_locality_aware_seed43/attempt_001/metrics/run_summary.json
upsampling/s256_n600_locality_aware_seed43,upsampling,s256_n600_locality_aware,43,final_val_mse,0.01620668491721153,jobs/upsampling/s256_n600_locality_aware_seed43/attempt_001/metrics/run_summary.json
upsampling/s256_n3000_transpose_conv_seed43,upsampling,s256_n3000_transpose_conv,43,test_mse,0.03618787771463394,jobs/upsampling/s256_n3000_transpose_conv_seed43/attempt_001/metrics/run_summary.json
upsampling/s256_n3000_transpose_conv_seed43,upsampling,s256_n3000_transpose_conv,43,test_ssim,0.7053348752657572,jobs/upsampling/s256_n3000_transpose_conv_seed43/attempt_001/metrics/run_summary.json
upsampling/s256_n3000_transpose_conv_seed43,upsampling,s256_n3000_transpose_conv,43,best_val_mse,0.035923093229532244,jobs/upsampling/s256_n3000_transpose_conv_seed43/attempt_001/metrics/run_summary.json
upsampling/s256_n3000_transpose_conv_seed43,upsampling,s256_n3000_transpose_conv,43,final_val_mse,0.035923093229532244,jobs/upsampling/s256_n3000_transpose_conv_seed43/attempt_001/metrics/run_summary.json
upsampling/s256_n3000_locality_aware_seed43,upsampling,s256_n3000_locality_aware,43,test_mse,0.011097755841910839,jobs/upsampling/s256_n3000_locality_aware_seed43/attempt_001/metrics/run_summary.json
upsampling/s256_n3000_locality_aware_seed43,upsampling,s256_n3000_locality_aware,43,test_ssim,0.8920632220904032,jobs/upsampling/s256_n3000_locality_aware_seed43/attempt_001/metrics/run_summary.json
upsampling/s256_n3000_locality_aware_seed43,upsampling,s256_n3000_locality_aware,43,best_val_mse,0.011046167065699896,jobs/upsampling/s256_n3000_locality_aware_seed43/attempt_001/metrics/run_summary.json
upsampling/s256_n3000_locality_aware_seed43,upsampling,s256_n3000_locality_aware,43,final_val_mse,0.011046167065699896,jobs/upsampling/s256_n3000_locality_aware_seed43/attempt_001/metrics/run_summary.json
upsampling/s256_n6000_transpose_conv_seed43,upsampling,s256_n6000_transpose_conv,43,test_mse,0.036193268885215124,jobs/upsampling/s256_n6000_transpose_conv_seed43/attempt_001/metrics/run_summary.json
upsampling/s256_n6000_transpose_conv_seed43,upsampling,s256_n6000_transpose_conv,43,test_ssim,0.7057067352930705,jobs/upsampling/s256_n6000_transpose_conv_seed43/attempt_001/metrics/run_summary.json
upsampling/s256_n6000_transpose_conv_seed43,upsampling,s256_n6000_transpose_conv,43,best_val_mse,0.03593678864836693,jobs/upsampling/s256_n6000_transpose_conv_seed43/attempt_001/metrics/run_summary.json
upsampling/s256_n6000_transpose_conv_seed43,upsampling,s256_n6000_transpose_conv,43,final_val_mse,0.03593678864836693,jobs/upsampling/s256_n6000_transpose_conv_seed43/attempt_001/metrics/run_summary.json
upsampling/s256_n6000_locality_aware_seed43,upsampling,s256_n6000_locality_aware,43,test_mse,0.010731719203293324,jobs/upsampling/s256_n6000_locality_aware_seed43/attempt_001/metrics/run_summary.json
upsampling/s256_n6000_locality_aware_seed43,upsampling,s256_n6000_locality_aware,43,test_ssim,0.8927676094373067,jobs/upsampling/s256_n6000_locality_aware_seed43/attempt_001/metrics/run_summary.json
upsampling/s256_n6000_locality_aware_seed43,upsampling,s256_n6000_locality_aware,43,best_val_mse,0.010723238413532576,jobs/upsampling/s256_n6000_locality_aware_seed43/attempt_001/metrics/run_summary.json
upsampling/s256_n6000_locality_aware_seed43,upsampling,s256_n6000_locality_aware,43,final_val_mse,0.011243209694822629,jobs/upsampling/s256_n6000_locality_aware_seed43/attempt_001/metrics/run_summary.json
upsampling/s512_n600_transpose_conv_seed43,upsampling,s512_n600_transpose_conv,43,test_mse,0.03583331450819969,jobs/upsampling/s512_n600_transpose_conv_seed43/attempt_001/metrics/run_summary.json
upsampling/s512_n600_transpose_conv_seed43,upsampling,s512_n600_transpose_conv,43,test_ssim,0.7064035135904948,jobs/upsampling/s512_n600_transpose_conv_seed43/attempt_001/metrics/run_summary.json
upsampling/s512_n600_transpose_conv_seed43,upsampling,s512_n600_transpose_conv,43,best_val_mse,0.035558072706063586,jobs/upsampling/s512_n600_transpose_conv_seed43/attempt_001/metrics/run_summary.json
upsampling/s512_n600_transpose_conv_seed43,upsampling,s512_n600_transpose_conv,43,final_val_mse,0.035615948031346004,jobs/upsampling/s512_n600_transpose_conv_seed43/attempt_001/metrics/run_summary.json
upsampling/s512_n600_locality_aware_seed43,upsampling,s512_n600_locality_aware,43,test_mse,0.015044807523488999,jobs/upsampling/s512_n600_locality_aware_seed43/attempt_001/metrics/run_summary.json
upsampling/s512_n600_locality_aware_seed43,upsampling,s512_n600_locality_aware,43,test_ssim,0.8561494235992432,jobs/upsampling/s512_n600_locality_aware_seed43/attempt_001/metrics/run_summary.json
upsampling/s512_n600_locality_aware_seed43,upsampling,s512_n600_locality_aware,43,best_val_mse,0.014973032178978125,jobs/upsampling/s512_n600_locality_aware_seed43/attempt_001/metrics/run_summary.json
upsampling/s512_n600_locality_aware_seed43,upsampling,s512_n600_locality_aware,43,final_val_mse,0.014973032178978125,jobs/upsampling/s512_n600_locality_aware_seed43/attempt_001/metrics/run_summary.json
upsampling/s512_n3000_transpose_conv_seed43,upsampling,s512_n3000_transpose_conv,43,test_mse,0.03583428714672724,jobs/upsampling/s512_n3000_transpose_conv_seed43/attempt_001/metrics/run_summary.json
upsampling/s512_n3000_transpose_conv_seed43,upsampling,s512_n3000_transpose_conv,43,test_ssim,0.7031107962926229,jobs/upsampling/s512_n3000_transpose_conv_seed43/attempt_001/metrics/run_summary.json
upsampling/s512_n3000_transpose_conv_seed43,upsampling,s512_n3000_transpose_conv,43,best_val_mse,0.03550993457436562,jobs/upsampling/s512_n3000_transpose_conv_seed43/attempt_001/metrics/run_summary.json
upsampling/s512_n3000_transpose_conv_seed43,upsampling,s512_n3000_transpose_conv,43,final_val_mse,0.037210663308699925,jobs/upsampling/s512_n3000_transpose_conv_seed43/attempt_001/metrics/run_summary.json
upsampling/s512_n3000_locality_aware_seed43,upsampling,s512_n3000_locality_aware,43,test_mse,0.011175037637352944,jobs/upsampling/s512_n3000_locality_aware_seed43/attempt_001/metrics/run_summary.json
upsampling/s512_n3000_locality_aware_seed43,upsampling,s512_n3000_locality_aware,43,test_ssim,0.8909045640627543,jobs/upsampling/s512_n3000_locality_aware_seed43/attempt_001/metrics/run_summary.json
upsampling/s512_n3000_locality_aware_seed43,upsampling,s512_n3000_locality_aware,43,best_val_mse,0.011129628750185172,jobs/upsampling/s512_n3000_locality_aware_seed43/attempt_001/metrics/run_summary.json
upsampling/s512_n3000_locality_aware_seed43,upsampling,s512_n3000_locality_aware,43,final_val_mse,0.011235369006792704,jobs/upsampling/s512_n3000_locality_aware_seed43/attempt_001/metrics/run_summary.json
upsampling/s512_n6000_transpose_conv_seed43,upsampling,s512_n6000_transpose_conv,43,test_mse,0.03541125944256782,jobs/upsampling/s512_n6000_transpose_conv_seed43/attempt_001/metrics/run_summary.json
upsampling/s512_n6000_transpose_conv_seed43,upsampling,s512_n6000_transpose_conv,43,test_ssim,0.7080956029891968,jobs/upsampling/s512_n6000_transpose_conv_seed43/attempt_001/metrics/run_summary.json
upsampling/s512_n6000_transpose_conv_seed43,upsampling,s512_n6000_transpose_conv,43,best_val_mse,0.035070374608039856,jobs/upsampling/s512_n6000_transpose_conv_seed43/attempt_001/metrics/run_summary.json
upsampling/s512_n6000_transpose_conv_seed43,upsampling,s512_n6000_transpose_conv,43,final_val_mse,0.035070374608039856,jobs/upsampling/s512_n6000_transpose_conv_seed43/attempt_001/metrics/run_summary.json
upsampling/s512_n6000_locality_aware_seed43,upsampling,s512_n6000_locality_aware,43,test_mse,0.011005879752337933,jobs/upsampling/s512_n6000_locality_aware_seed43/attempt_001/metrics/run_summary.json
upsampling/s512_n6000_locality_aware_seed43,upsampling,s512_n6000_locality_aware,43,test_ssim,0.8928455928166708,jobs/upsampling/s512_n6000_locality_aware_seed43/attempt_001/metrics/run_summary.json
upsampling/s512_n6000_locality_aware_seed43,upsampling,s512_n6000_locality_aware,43,best_val_mse,0.010955609808365505,jobs/upsampling/s512_n6000_locality_aware_seed43/attempt_001/metrics/run_summary.json
upsampling/s512_n6000_locality_aware_seed43,upsampling,s512_n6000_locality_aware,43,final_val_mse,0.012307471906145414,jobs/upsampling/s512_n6000_locality_aware_seed43/attempt_001/metrics/run_summary.json
upsampling/s128_n600_transpose_conv_seed44,upsampling,s128_n600_transpose_conv,44,test_mse,0.039287921756505965,jobs/upsampling/s128_n600_transpose_conv_seed44/attempt_001/metrics/run_summary.json
upsampling/s128_n600_transpose_conv_seed44,upsampling,s128_n600_transpose_conv,44,test_ssim,0.6864862171808879,jobs/upsampling/s128_n600_transpose_conv_seed44/attempt_001/metrics/run_summary.json
upsampling/s128_n600_transpose_conv_seed44,upsampling,s128_n600_transpose_conv,44,best_val_mse,0.039399537086486816,jobs/upsampling/s128_n600_transpose_conv_seed44/attempt_001/metrics/run_summary.json
upsampling/s128_n600_transpose_conv_seed44,upsampling,s128_n600_transpose_conv,44,final_val_mse,0.04099360852440198,jobs/upsampling/s128_n600_transpose_conv_seed44/attempt_001/metrics/run_summary.json
upsampling/s128_n600_locality_aware_seed44,upsampling,s128_n600_locality_aware,44,test_mse,0.01710687037805716,jobs/upsampling/s128_n600_locality_aware_seed44/attempt_001/metrics/run_summary.json
upsampling/s128_n600_locality_aware_seed44,upsampling,s128_n600_locality_aware,44,test_ssim,0.8401926436424255,jobs/upsampling/s128_n600_locality_aware_seed44/attempt_001/metrics/run_summary.json
upsampling/s128_n600_locality_aware_seed44,upsampling,s128_n600_locality_aware,44,best_val_mse,0.01691428256034851,jobs/upsampling/s128_n600_locality_aware_seed44/attempt_001/metrics/run_summary.json
upsampling/s128_n600_locality_aware_seed44,upsampling,s128_n600_locality_aware,44,final_val_mse,0.017011828313271204,jobs/upsampling/s128_n600_locality_aware_seed44/attempt_001/metrics/run_summary.json
upsampling/s128_n3000_transpose_conv_seed44,upsampling,s128_n3000_transpose_conv,44,test_mse,0.03697935180862744,jobs/upsampling/s128_n3000_transpose_conv_seed44/attempt_001/metrics/run_summary.json
upsampling/s128_n3000_transpose_conv_seed44,upsampling,s128_n3000_transpose_conv,44,test_ssim,0.7015289909044902,jobs/upsampling/s128_n3000_transpose_conv_seed44/attempt_001/metrics/run_summary.json
upsampling/s128_n3000_transpose_conv_seed44,upsampling,s128_n3000_transpose_conv,44,best_val_mse,0.03694502602020899,jobs/upsampling/s128_n3000_transpose_conv_seed44/attempt_001/metrics/run_summary.json
upsampling/s128_n3000_transpose_conv_seed44,upsampling,s128_n3000_transpose_conv,44,final_val_mse,0.03694502602020899,jobs/upsampling/s128_n3000_transpose_conv_seed44/attempt_001/metrics/run_summary.json
upsampling/s128_n3000_locality_aware_seed44,upsampling,s128_n3000_locality_aware,44,test_mse,0.012242852290471395,jobs/upsampling/s128_n3000_locality_aware_seed44/attempt_001/metrics/run_summary.json
upsampling/s128_n3000_locality_aware_seed44,upsampling,s128_n3000_locality_aware,44,test_ssim,0.8820927398999532,jobs/upsampling/s128_n3000_locality_aware_seed44/attempt_001/metrics/run_summary.json
upsampling/s128_n3000_locality_aware_seed44,upsampling,s128_n3000_locality_aware,44,best_val_mse,0.01209472759316365,jobs/upsampling/s128_n3000_locality_aware_seed44/attempt_001/metrics/run_summary.json
upsampling/s128_n3000_locality_aware_seed44,upsampling,s128_n3000_locality_aware,44,final_val_mse,0.01209472759316365,jobs/upsampling/s128_n3000_locality_aware_seed44/attempt_001/metrics/run_summary.json
upsampling/s128_n6000_transpose_conv_seed44,upsampling,s128_n6000_transpose_conv,44,test_mse,0.03726101812720299,jobs/upsampling/s128_n6000_transpose_conv_seed44/attempt_001/metrics/run_summary.json
upsampling/s128_n6000_transpose_conv_seed44,upsampling,s128_n6000_transpose_conv,44,test_ssim,0.6953349817593892,jobs/upsampling/s128_n6000_transpose_conv_seed44/attempt_001/metrics/run_summary.json
upsampling/s128_n6000_transpose_conv_seed44,upsampling,s128_n6000_transpose_conv,44,best_val_mse,0.03735812090833982,jobs/upsampling/s128_n6000_transpose_conv_seed44/attempt_001/metrics/run_summary.json
upsampling/s128_n6000_transpose_conv_seed44,upsampling,s128_n6000_transpose_conv,44,final_val_mse,0.03824377344051997,jobs/upsampling/s128_n6000_transpose_conv_seed44/attempt_001/metrics/run_summary.json
upsampling/s128_n6000_locality_aware_seed44,upsampling,s128_n6000_locality_aware,44,test_mse,0.011687905656794707,jobs/upsampling/s128_n6000_locality_aware_seed44/attempt_001/metrics/run_summary.json
upsampling/s128_n6000_locality_aware_seed44,upsampling,s128_n6000_locality_aware,44,test_ssim,0.8880622153282165,jobs/upsampling/s128_n6000_locality_aware_seed44/attempt_001/metrics/run_summary.json
upsampling/s128_n6000_locality_aware_seed44,upsampling,s128_n6000_locality_aware,44,best_val_mse,0.011636161339779695,jobs/upsampling/s128_n6000_locality_aware_seed44/attempt_001/metrics/run_summary.json
upsampling/s128_n6000_locality_aware_seed44,upsampling,s128_n6000_locality_aware,44,final_val_mse,0.011636161339779695,jobs/upsampling/s128_n6000_locality_aware_seed44/attempt_001/metrics/run_summary.json
upsampling/s256_n600_transpose_conv_seed44,upsampling,s256_n600_transpose_conv,44,test_mse,0.036460272232691444,jobs/upsampling/s256_n600_transpose_conv_seed44/attempt_001/metrics/run_summary.json
upsampling/s256_n600_transpose_conv_seed44,upsampling,s256_n600_transpose_conv,44,test_ssim,0.7019559081395467,jobs/upsampling/s256_n600_transpose_conv_seed44/attempt_001/metrics/run_summary.json
upsampling/s256_n600_transpose_conv_seed44,upsampling,s256_n600_transpose_conv,44,best_val_mse,0.03610428307453791,jobs/upsampling/s256_n600_transpose_conv_seed44/attempt_001/metrics/run_summary.json
upsampling/s256_n600_transpose_conv_seed44,upsampling,s256_n600_transpose_conv,44,final_val_mse,0.03629640672604243,jobs/upsampling/s256_n600_transpose_conv_seed44/attempt_001/metrics/run_summary.json
upsampling/s256_n600_locality_aware_seed44,upsampling,s256_n600_locality_aware,44,test_mse,0.016059800108273823,jobs/upsampling/s256_n600_locality_aware_seed44/attempt_001/metrics/run_summary.json
upsampling/s256_n600_locality_aware_seed44,upsampling,s256_n600_locality_aware,44,test_ssim,0.8473945415814718,jobs/upsampling/s256_n600_locality_aware_seed44/attempt_001/metrics/run_summary.json
upsampling/s256_n600_locality_aware_seed44,upsampling,s256_n600_locality_aware,44,best_val_mse,0.015988687177499135,jobs/upsampling/s256_n600_locality_aware_seed44/attempt_001/metrics/run_summary.json
upsampling/s256_n600_locality_aware_seed44,upsampling,s256_n600_locality_aware,44,final_val_mse,0.01607298843562603,jobs/upsampling/s256_n600_locality_aware_seed44/attempt_001/metrics/run_summary.json
upsampling/s256_n3000_transpose_conv_seed44,upsampling,s256_n3000_transpose_conv,44,test_mse,0.036350562115510306,jobs/upsampling/s256_n3000_transpose_conv_seed44/attempt_001/metrics/run_summary.json
upsampling/s256_n3000_transpose_conv_seed44,upsampling,s256_n3000_transpose_conv,44,test_ssim,0.7037564336458842,jobs/upsampling/s256_n3000_transpose_conv_seed44/attempt_001/metrics/run_summary.json
upsampling/s256_n3000_transpose_conv_seed44,upsampling,s256_n3000_transpose_conv,44,best_val_mse,0.03603839361667633,jobs/upsampling/s256_n3000_transpose_conv_seed44/attempt_001/metrics/run_summary.json
upsampling/s256_n3000_transpose_conv_seed44,upsampling,s256_n3000_transpose_conv,44,final_val_mse,0.036283975422382354,jobs/upsampling/s256_n3000_transpose_conv_seed44/attempt_001/metrics/run_summary.json
upsampling/s256_n3000_locality_aware_seed44,upsampling,s256_n3000_locality_aware,44,test_mse,0.011611620699365935,jobs/upsampling/s256_n3000_locality_aware_seed44/attempt_001/metrics/run_summary.json
upsampling/s256_n3000_locality_aware_seed44,upsampling,s256_n3000_locality_aware,44,test_ssim,0.8864448033968607,jobs/upsampling/s256_n3000_locality_aware_seed44/attempt_001/metrics/run_summary.json
upsampling/s256_n3000_locality_aware_seed44,upsampling,s256_n3000_locality_aware,44,best_val_mse,0.011565399028360844,jobs/upsampling/s256_n3000_locality_aware_seed44/attempt_001/metrics/run_summary.json
upsampling/s256_n3000_locality_aware_seed44,upsampling,s256_n3000_locality_aware,44,final_val_mse,0.011565399028360844,jobs/upsampling/s256_n3000_locality_aware_seed44/attempt_001/metrics/run_summary.json
upsampling/s256_n6000_transpose_conv_seed44,upsampling,s256_n6000_transpose_conv,44,test_mse,0.03625713408986728,jobs/upsampling/s256_n6000_transpose_conv_seed44/attempt_001/metrics/run_summary.json
upsampling/s256_n6000_transpose_conv_seed44,upsampling,s256_n6000_transpose_conv,44,test_ssim,0.7027494862874349,jobs/upsampling/s256_n6000_transpose_conv_seed44/attempt_001/metrics/run_summary.json
upsampling/s256_n6000_transpose_conv_seed44,upsampling,s256_n6000_transpose_conv,44,best_val_mse,0.03596071406205495,jobs/upsampling/s256_n6000_transpose_conv_seed44/attempt_001/metrics/run_summary.json
upsampling/s256_n6000_transpose_conv_seed44,upsampling,s256_n6000_transpose_conv,44,final_val_mse,0.03819594738880793,jobs/upsampling/s256_n6000_transpose_conv_seed44/attempt_001/metrics/run_summary.json
upsampling/s256_n6000_locality_aware_seed44,upsampling,s256_n6000_locality_aware,44,test_mse,0.011149926620225112,jobs/upsampling/s256_n6000_locality_aware_seed44/attempt_001/metrics/run_summary.json
upsampling/s256_n6000_locality_aware_seed44,upsampling,s256_n6000_locality_aware,44,test_ssim,0.8905495576858521,jobs/upsampling/s256_n6000_locality_aware_seed44/attempt_001/metrics/run_summary.json
upsampling/s256_n6000_locality_aware_seed44,upsampling,s256_n6000_locality_aware,44,best_val_mse,0.01109808240334193,jobs/upsampling/s256_n6000_locality_aware_seed44/attempt_001/metrics/run_summary.json
upsampling/s256_n6000_locality_aware_seed44,upsampling,s256_n6000_locality_aware,44,final_val_mse,0.0113117440144221,jobs/upsampling/s256_n6000_locality_aware_seed44/attempt_001/metrics/run_summary.json
upsampling/s512_n600_transpose_conv_seed44,upsampling,s512_n600_transpose_conv,44,test_mse,0.03569141905506452,jobs/upsampling/s512_n600_transpose_conv_seed44/attempt_001/metrics/run_summary.json
upsampling/s512_n600_transpose_conv_seed44,upsampling,s512_n600_transpose_conv,44,test_ssim,0.7077822779019673,jobs/upsampling/s512_n600_transpose_conv_seed44/attempt_001/metrics/run_summary.json
upsampling/s512_n600_transpose_conv_seed44,upsampling,s512_n600_transpose_conv,44,best_val_mse,0.03530121111869812,jobs/upsampling/s512_n600_transpose_conv_seed44/attempt_001/metrics/run_summary.json
upsampling/s512_n600_transpose_conv_seed44,upsampling,s512_n600_transpose_conv,44,final_val_mse,0.03530121111869812,jobs/upsampling/s512_n600_transpose_conv_seed44/attempt_001/metrics/run_summary.json
upsampling/s512_n600_locality_aware_seed44,upsampling,s512_n600_locality_aware,44,test_mse,0.015073472373187543,jobs/upsampling/s512_n600_locality_aware_seed44/attempt_001/metrics/run_summary.json
upsampling/s512_n600_locality_aware_seed44,upsampling,s512_n600_locality_aware,44,test_ssim,0.8561748830477397,jobs/upsampling/s512_n600_locality_aware_seed44/attempt_001/metrics/run_summary.json
upsampling/s512_n600_locality_aware_seed44,upsampling,s512_n600_locality_aware,44,best_val_mse,0.014981440238654614,jobs/upsampling/s512_n600_locality_aware_seed44/attempt_001/metrics/run_summary.json
upsampling/s512_n600_locality_aware_seed44,upsampling,s512_n600_locality_aware,44,final_val_mse,0.014981440238654614,jobs/upsampling/s512_n600_locality_aware_seed44/attempt_001/metrics/run_summary.json
upsampling/s512_n3000_transpose_conv_seed44,upsampling,s512_n3000_transpose_conv,44,test_mse,0.035740380873282754,jobs/upsampling/s512_n3000_transpose_conv_seed44/attempt_001/metrics/run_summary.json
upsampling/s512_n3000_transpose_conv_seed44,upsampling,s512_n3000_transpose_conv,44,test_ssim,0.7055339838663737,jobs/upsampling/s512_n3000_transpose_conv_seed44/attempt_001/metrics/run_summary.json
upsampling/s512_n3000_transpose_conv_seed44,upsampling,s512_n3000_transpose_conv,44,best_val_mse,0.03536672366658847,jobs/upsampling/s512_n3000_transpose_conv_seed44/attempt_001/metrics/run_summary.json
upsampling/s512_n3000_transpose_conv_seed44,upsampling,s512_n3000_transpose_conv,44,final_val_mse,0.036400238384803135,jobs/upsampling/s512_n3000_transpose_conv_seed44/attempt_001/metrics/run_summary.json
upsampling/s512_n3000_locality_aware_seed44,upsampling,s512_n3000_locality_aware,44,test_mse,0.01106575099627177,jobs/upsampling/s512_n3000_locality_aware_seed44/attempt_001/metrics/run_summary.json
upsampling/s512_n3000_locality_aware_seed44,upsampling,s512_n3000_locality_aware,44,test_ssim,0.8916220293045044,jobs/upsampling/s512_n3000_locality_aware_seed44/attempt_001/metrics/run_summary.json
upsampling/s512_n3000_locality_aware_seed44,upsampling,s512_n3000_locality_aware,44,best_val_mse,0.011042470042904219,jobs/upsampling/s512_n3000_locality_aware_seed44/attempt_001/metrics/run_summary.json
upsampling/s512_n3000_locality_aware_seed44,upsampling,s512_n3000_locality_aware,44,final_val_mse,0.011227335676550865,jobs/upsampling/s512_n3000_locality_aware_seed44/attempt_001/metrics/run_summary.json
upsampling/s512_n6000_transpose_conv_seed44,upsampling,s512_n6000_transpose_conv,44,test_mse,0.035487746000289914,jobs/upsampling/s512_n6000_transpose_conv_seed44/attempt_001/metrics/run_summary.json
upsampling/s512_n6000_transpose_conv_seed44,upsampling,s512_n6000_transpose_conv,44,test_ssim,0.705445852279663,jobs/upsampling/s512_n6000_transpose_conv_seed44/attempt_001/metrics/run_summary.json
upsampling/s512_n6000_transpose_conv_seed44,upsampling,s512_n6000_transpose_conv,44,best_val_mse,0.03518669678767522,jobs/upsampling/s512_n6000_transpose_conv_seed44/attempt_001/metrics/run_summary.json
upsampling/s512_n6000_transpose_conv_seed44,upsampling,s512_n6000_transpose_conv,44,final_val_mse,0.03519291018446286,jobs/upsampling/s512_n6000_transpose_conv_seed44/attempt_001/metrics/run_summary.json
upsampling/s512_n6000_locality_aware_seed44,upsampling,s512_n6000_locality_aware,44,test_mse,0.01051752861092488,jobs/upsampling/s512_n6000_locality_aware_seed44/attempt_001/metrics/run_summary.json
upsampling/s512_n6000_locality_aware_seed44,upsampling,s512_n6000_locality_aware,44,test_ssim,0.8955761772791545,jobs/upsampling/s512_n6000_locality_aware_seed44/attempt_001/metrics/run_summary.json
upsampling/s512_n6000_locality_aware_seed44,upsampling,s512_n6000_locality_aware,44,best_val_mse,0.010470714218914509,jobs/upsampling/s512_n6000_locality_aware_seed44/attempt_001/metrics/run_summary.json
upsampling/s512_n6000_locality_aware_seed44,upsampling,s512_n6000_locality_aware,44,final_val_mse,0.010470714218914509,jobs/upsampling/s512_n6000_locality_aware_seed44/attempt_001/metrics/run_summary.json
noise/k10_sigma0_random_fixed_seed42,noise,k10_sigma0_random_fixed,42,test_mse,0.019029950921734175,jobs/noise/k10_sigma0_random_fixed_seed42/attempt_001/metrics/run_summary.json
noise/k10_sigma0_random_fixed_seed42,noise,k10_sigma0_random_fixed,42,test_ssim,0.8241918150583903,jobs/noise/k10_sigma0_random_fixed_seed42/attempt_001/metrics/run_summary.json
noise/k10_sigma0_random_fixed_seed42,noise,k10_sigma0_random_fixed,42,best_val_mse,0.0188589126765728,jobs/noise/k10_sigma0_random_fixed_seed42/attempt_001/metrics/run_summary.json
noise/k10_sigma0_random_fixed_seed42,noise,k10_sigma0_random_fixed,42,final_val_mse,0.0188589126765728,jobs/noise/k10_sigma0_random_fixed_seed42/attempt_001/metrics/run_summary.json
noise/k10_sigma0_learnable_frequency_seed42,noise,k10_sigma0_learnable_frequency,42,test_mse,0.006300825513899326,jobs/noise/k10_sigma0_learnable_frequency_seed42/attempt_001/metrics/run_summary.json
noise/k10_sigma0_learnable_frequency_seed42,noise,k10_sigma0_learnable_frequency,42,test_ssim,0.9348231813112895,jobs/noise/k10_sigma0_learnable_frequency_seed42/attempt_001/metrics/run_summary.json
noise/k10_sigma0_learnable_frequency_seed42,noise,k10_sigma0_learnable_frequency,42,sharpened_test_mse,0.0062969164525469145,jobs/noise/k10_sigma0_learnable_frequency_seed42/attempt_001/metrics/run_summary.json
noise/k10_sigma0_learnable_frequency_seed42,noise,k10_sigma0_learnable_frequency,42,sharpened_test_ssim,0.9347886411348979,jobs/noise/k10_sigma0_learnable_frequency_seed42/attempt_001/metrics/run_summary.json
noise/k10_sigma0_learnable_frequency_seed42,noise,k10_sigma0_learnable_frequency,42,thresholded_test_mse,0.0064796492829918865,jobs/noise/k10_sigma0_learnable_frequency_seed42/attempt_001/metrics/run_summary.json
noise/k10_sigma0_learnable_frequency_seed42,noise,k10_sigma0_learnable_frequency,42,thresholded_test_ssim,0.9329310658772787,jobs/noise/k10_sigma0_learnable_frequency_seed42/attempt_001/metrics/run_summary.json
noise/k10_sigma0_learnable_frequency_seed42,noise,k10_sigma0_learnable_frequency,42,best_val_mse,0.006279265164087216,jobs/noise/k10_sigma0_learnable_frequency_seed42/attempt_001/metrics/run_summary.json
noise/k10_sigma2.7_random_fixed_seed42,noise,k10_sigma2.7_random_fixed,42,test_mse,0.0197385080854098,jobs/noise/k10_sigma2.7_random_fixed_seed42/attempt_001/metrics/run_summary.json
noise/k10_sigma2.7_random_fixed_seed42,noise,k10_sigma2.7_random_fixed,42,test_ssim,0.8180749375025431,jobs/noise/k10_sigma2.7_random_fixed_seed42/attempt_001/metrics/run_summary.json
noise/k10_sigma2.7_random_fixed_seed42,noise,k10_sigma2.7_random_fixed,42,best_val_mse,0.01959880987306436,jobs/noise/k10_sigma2.7_random_fixed_seed42/attempt_001/metrics/run_summary.json
noise/k10_sigma2.7_random_fixed_seed42,noise,k10_sigma2.7_random_fixed,42,final_val_mse,0.01959880987306436,jobs/noise/k10_sigma2.7_random_fixed_seed42/attempt_001/metrics/run_summary.json
noise/k10_sigma2.7_learnable_frequency_seed42,noise,k10_sigma2.7_learnable_frequency,42,test_mse,0.006572521205991506,jobs/noise/k10_sigma2.7_learnable_frequency_seed42/attempt_001/metrics/run_summary.json
noise/k10_sigma2.7_learnable_frequency_seed42,noise,k10_sigma2.7_learnable_frequency,42,test_ssim,0.9318126443227133,jobs/noise/k10_sigma2.7_learnable_frequency_seed42/attempt_001/metrics/run_summary.json
noise/k10_sigma2.7_learnable_frequency_seed42,noise,k10_sigma2.7_learnable_frequency,42,sharpened_test_mse,0.006557689368724823,jobs/noise/k10_sigma2.7_learnable_frequency_seed42/attempt_001/metrics/run_summary.json
noise/k10_sigma2.7_learnable_frequency_seed42,noise,k10_sigma2.7_learnable_frequency,42,sharpened_test_ssim,0.9318385580380758,jobs/noise/k10_sigma2.7_learnable_frequency_seed42/attempt_001/metrics/run_summary.json
noise/k10_sigma2.7_learnable_frequency_seed42,noise,k10_sigma2.7_learnable_frequency,42,thresholded_test_mse,0.006732548877596855,jobs/noise/k10_sigma2.7_learnable_frequency_seed42/attempt_001/metrics/run_summary.json
noise/k10_sigma2.7_learnable_frequency_seed42,noise,k10_sigma2.7_learnable_frequency,42,thresholded_test_ssim,0.9301605186462403,jobs/noise/k10_sigma2.7_learnable_frequency_seed42/attempt_001/metrics/run_summary.json
noise/k10_sigma2.7_learnable_frequency_seed42,noise,k10_sigma2.7_learnable_frequency,42,best_val_mse,0.0065269074638684595,jobs/noise/k10_sigma2.7_learnable_frequency_seed42/attempt_001/metrics/run_summary.json
noise/k10_sigma2_random_fixed_seed42,noise,k10_sigma2_random_fixed,42,test_mse,0.019304944172501563,jobs/noise/k10_sigma2_random_fixed_seed42/attempt_001/metrics/run_summary.json
noise/k10_sigma2_random_fixed_seed42,noise,k10_sigma2_random_fixed,42,test_ssim,0.8216016484896342,jobs/noise/k10_sigma2_random_fixed_seed42/attempt_001/metrics/run_summary.json
noise/k10_sigma2_random_fixed_seed42,noise,k10_sigma2_random_fixed,42,best_val_mse,0.0191768419444561,jobs/noise/k10_sigma2_random_fixed_seed42/attempt_001/metrics/run_summary.json
noise/k10_sigma2_random_fixed_seed42,noise,k10_sigma2_random_fixed,42,final_val_mse,0.0191768419444561,jobs/noise/k10_sigma2_random_fixed_seed42/attempt_001/metrics/run_summary.json
noise/k10_sigma2_learnable_frequency_seed42,noise,k10_sigma2_learnable_frequency,42,test_mse,0.006440510808179776,jobs/noise/k10_sigma2_learnable_frequency_seed42/attempt_001/metrics/run_summary.json
noise/k10_sigma2_learnable_frequency_seed42,noise,k10_sigma2_learnable_frequency,42,test_ssim,0.9330678299268087,jobs/noise/k10_sigma2_learnable_frequency_seed42/attempt_001/metrics/run_summary.json
noise/k10_sigma2_learnable_frequency_seed42,noise,k10_sigma2_learnable_frequency,42,sharpened_test_mse,0.006435321256518364,jobs/noise/k10_sigma2_learnable_frequency_seed42/attempt_001/metrics/run_summary.json
noise/k10_sigma2_learnable_frequency_seed42,noise,k10_sigma2_learnable_frequency,42,sharpened_test_ssim,0.9329952745437622,jobs/noise/k10_sigma2_learnable_frequency_seed42/attempt_001/metrics/run_summary.json
noise/k10_sigma2_learnable_frequency_seed42,noise,k10_sigma2_learnable_frequency,42,thresholded_test_mse,0.006613140085091194,jobs/noise/k10_sigma2_learnable_frequency_seed42/attempt_001/metrics/run_summary.json
noise/k10_sigma2_learnable_frequency_seed42,noise,k10_sigma2_learnable_frequency,42,thresholded_test_ssim,0.9312011108398438,jobs/noise/k10_sigma2_learnable_frequency_seed42/attempt_001/metrics/run_summary.json
noise/k10_sigma2_learnable_frequency_seed42,noise,k10_sigma2_learnable_frequency,42,best_val_mse,0.00641704540203015,jobs/noise/k10_sigma2_learnable_frequency_seed42/attempt_001/metrics/run_summary.json
noise/k10_sigma6_random_fixed_seed42,noise,k10_sigma6_random_fixed,42,test_mse,0.02148189597825209,jobs/noise/k10_sigma6_random_fixed_seed42/attempt_001/metrics/run_summary.json
noise/k10_sigma6_random_fixed_seed42,noise,k10_sigma6_random_fixed,42,test_ssim,0.8012204650243123,jobs/noise/k10_sigma6_random_fixed_seed42/attempt_001/metrics/run_summary.json
noise/k10_sigma6_random_fixed_seed42,noise,k10_sigma6_random_fixed,42,best_val_mse,0.021338992024461427,jobs/noise/k10_sigma6_random_fixed_seed42/attempt_001/metrics/run_summary.json
noise/k10_sigma6_random_fixed_seed42,noise,k10_sigma6_random_fixed,42,final_val_mse,0.021338992024461427,jobs/noise/k10_sigma6_random_fixed_seed42/attempt_001/metrics/run_summary.json
noise/k10_sigma6_learnable_frequency_seed42,noise,k10_sigma6_learnable_frequency,42,test_mse,0.00736261019607385,jobs/noise/k10_sigma6_learnable_frequency_seed42/attempt_001/metrics/run_summary.json
noise/k10_sigma6_learnable_frequency_seed42,noise,k10_sigma6_learnable_frequency,42,test_ssim,0.9220123241742452,jobs/noise/k10_sigma6_learnable_frequency_seed42/attempt_001/metrics/run_summary.json
noise/k10_sigma6_learnable_frequency_seed42,noise,k10_sigma6_learnable_frequency,42,sharpened_test_mse,0.0073431306021908916,jobs/noise/k10_sigma6_learnable_frequency_seed42/attempt_001/metrics/run_summary.json
noise/k10_sigma6_learnable_frequency_seed42,noise,k10_sigma6_learnable_frequency,42,sharpened_test_ssim,0.9221548619270324,jobs/noise/k10_sigma6_learnable_frequency_seed42/attempt_001/metrics/run_summary.json
noise/k10_sigma6_learnable_frequency_seed42,noise,k10_sigma6_learnable_frequency,42,thresholded_test_mse,0.007488968178629875,jobs/noise/k10_sigma6_learnable_frequency_seed42/attempt_001/metrics/run_summary.json
noise/k10_sigma6_learnable_frequency_seed42,noise,k10_sigma6_learnable_frequency,42,thresholded_test_ssim,0.9208078662554423,jobs/noise/k10_sigma6_learnable_frequency_seed42/attempt_001/metrics/run_summary.json
noise/k10_sigma6_learnable_frequency_seed42,noise,k10_sigma6_learnable_frequency,42,best_val_mse,0.007316082832713922,jobs/noise/k10_sigma6_learnable_frequency_seed42/attempt_001/metrics/run_summary.json
noise/k10000_sigma0_random_fixed_seed42,noise,k10000_sigma0_random_fixed,42,test_mse,0.009377239137887955,jobs/noise/k10000_sigma0_random_fixed_seed42/attempt_001/metrics/run_summary.json
noise/k10000_sigma0_random_fixed_seed42,noise,k10000_sigma0_random_fixed,42,test_ssim,0.9080447144508362,jobs/noise/k10000_sigma0_random_fixed_seed42/attempt_001/metrics/run_summary.json
noise/k10000_sigma0_random_fixed_seed42,noise,k10000_sigma0_random_fixed,42,best_val_mse,0.009350173545380433,jobs/noise/k10000_sigma0_random_fixed_seed42/attempt_001/metrics/run_summary.json
noise/k10000_sigma0_random_fixed_seed42,noise,k10000_sigma0_random_fixed,42,final_val_mse,0.009386241689324379,jobs/noise/k10000_sigma0_random_fixed_seed42/attempt_001/metrics/run_summary.json
noise/k10000_sigma0_learnable_frequency_seed42,noise,k10000_sigma0_learnable_frequency,42,test_mse,0.003043584468464057,jobs/noise/k10000_sigma0_learnable_frequency_seed42/attempt_001/metrics/run_summary.json
noise/k10000_sigma0_learnable_frequency_seed42,noise,k10000_sigma0_learnable_frequency,42,test_ssim,0.9692496741612753,jobs/noise/k10000_sigma0_learnable_frequency_seed42/attempt_001/metrics/run_summary.json
noise/k10000_sigma0_learnable_frequency_seed42,noise,k10000_sigma0_learnable_frequency,42,sharpened_test_mse,0.003085086012259126,jobs/noise/k10000_sigma0_learnable_frequency_seed42/attempt_001/metrics/run_summary.json
noise/k10000_sigma0_learnable_frequency_seed42,noise,k10000_sigma0_learnable_frequency,42,sharpened_test_ssim,0.9688370380401611,jobs/noise/k10000_sigma0_learnable_frequency_seed42/attempt_001/metrics/run_summary.json
noise/k10000_sigma0_learnable_frequency_seed42,noise,k10000_sigma0_learnable_frequency,42,thresholded_test_mse,0.004636465324709813,jobs/noise/k10000_sigma0_learnable_frequency_seed42/attempt_001/metrics/run_summary.json
noise/k10000_sigma0_learnable_frequency_seed42,noise,k10000_sigma0_learnable_frequency,42,thresholded_test_ssim,0.952025591691335,jobs/noise/k10000_sigma0_learnable_frequency_seed42/attempt_001/metrics/run_summary.json
noise/k10000_sigma0_learnable_frequency_seed42,noise,k10000_sigma0_learnable_frequency,42,best_val_mse,0.0030452076587826012,jobs/noise/k10000_sigma0_learnable_frequency_seed42/attempt_001/metrics/run_summary.json
noise/k10000_sigma2.7_random_fixed_seed42,noise,k10000_sigma2.7_random_fixed,42,test_mse,0.009332933458189169,jobs/noise/k10000_sigma2.7_random_fixed_seed42/attempt_001/metrics/run_summary.json
noise/k10000_sigma2.7_random_fixed_seed42,noise,k10000_sigma2.7_random_fixed,42,test_ssim,0.9086078537305197,jobs/noise/k10000_sigma2.7_random_fixed_seed42/attempt_001/metrics/run_summary.json
noise/k10000_sigma2.7_random_fixed_seed42,noise,k10000_sigma2.7_random_fixed,42,best_val_mse,0.009336608745157718,jobs/noise/k10000_sigma2.7_random_fixed_seed42/attempt_001/metrics/run_summary.json
noise/k10000_sigma2.7_random_fixed_seed42,noise,k10000_sigma2.7_random_fixed,42,final_val_mse,0.009339561112225055,jobs/noise/k10000_sigma2.7_random_fixed_seed42/attempt_001/metrics/run_summary.json
noise/k10000_sigma2.7_learnable_frequency_seed42,noise,k10000_sigma2.7_learnable_frequency,42,test_mse,0.0030828952621668577,jobs/noise/k10000_sigma2.7_learnable_frequency_seed42/attempt_001/metrics/run_summary.json
noise/k10000_sigma2.7_learnable_frequency_seed42,noise,k10000_sigma2.7_learnable_frequency,42,test_ssim,0.9689308295249939,jobs/noise/k10000_sigma2.7_learnable_frequency_seed42/attempt_001/metrics/run_summary.json
noise/k10000_sigma2.7_learnable_frequency_seed42,noise,k10000_sigma2.7_learnable_frequency,42,sharpened_test_mse,0.0031236873467763264,jobs/noise/k10000_sigma2.7_learnable_frequency_seed42/attempt_001/metrics/run_summary.json
noise/k10000_sigma2.7_learnable_frequency_seed42,noise,k10000_sigma2.7_learnable_frequency,42,sharpened_test_ssim,0.9684902647336324,jobs/noise/k10000_sigma2.7_learnable_frequency_seed42/attempt_001/metrics/run_summary.json
noise/k10000_sigma2.7_learnable_frequency_seed42,noise,k10000_sigma2.7_learnable_frequency,42,thresholded_test_mse,0.0046746617965400215,jobs/noise/k10000_sigma2.7_learnable_frequency_seed42/attempt_001/metrics/run_summary.json
noise/k10000_sigma2.7_learnable_frequency_seed42,noise,k10000_sigma2.7_learnable_frequency,42,thresholded_test_ssim,0.9512384570439657,jobs/noise/k10000_sigma2.7_learnable_frequency_seed42/attempt_001/metrics/run_summary.json
noise/k10000_sigma2.7_learnable_frequency_seed42,noise,k10000_sigma2.7_learnable_frequency,42,best_val_mse,0.003093034548064073,jobs/noise/k10000_sigma2.7_learnable_frequency_seed42/attempt_001/metrics/run_summary.json
noise/k10000_sigma2_random_fixed_seed42,noise,k10000_sigma2_random_fixed,42,test_mse,0.009331930910547574,jobs/noise/k10000_sigma2_random_fixed_seed42/attempt_001/metrics/run_summary.json
noise/k10000_sigma2_random_fixed_seed42,noise,k10000_sigma2_random_fixed,42,test_ssim,0.9083836444218953,jobs/noise/k10000_sigma2_random_fixed_seed42/attempt_001/metrics/run_summary.json
noise/k10000_sigma2_random_fixed_seed42,noise,k10000_sigma2_random_fixed,42,best_val_mse,0.009315352571507295,jobs/noise/k10000_sigma2_random_fixed_seed42/attempt_001/metrics/run_summary.json
noise/k10000_sigma2_random_fixed_seed42,noise,k10000_sigma2_random_fixed,42,final_val_mse,0.009398809264103572,jobs/noise/k10000_sigma2_random_fixed_seed42/attempt_001/metrics/run_summary.json
noise/k10000_sigma2_learnable_frequency_seed42,noise,k10000_sigma2_learnable_frequency,42,test_mse,0.0030127479806542398,jobs/noise/k10000_sigma2_learnable_frequency_seed42/attempt_001/metrics/run_summary.json
noise/k10000_sigma2_learnable_frequency_seed42,noise,k10000_sigma2_learnable_frequency,42,test_ssim,0.9696549483935039,jobs/noise/k10000_sigma2_learnable_frequency_seed42/attempt_001/metrics/run_summary.json
noise/k10000_sigma2_learnable_frequency_seed42,noise,k10000_sigma2_learnable_frequency,42,sharpened_test_mse,0.0030564117332299552,jobs/noise/k10000_sigma2_learnable_frequency_seed42/attempt_001/metrics/run_summary.json
noise/k10000_sigma2_learnable_frequency_seed42,noise,k10000_sigma2_learnable_frequency,42,sharpened_test_ssim,0.9691843640009562,jobs/noise/k10000_sigma2_learnable_frequency_seed42/attempt_001/metrics/run_summary.json
noise/k10000_sigma2_learnable_frequency_seed42,noise,k10000_sigma2_learnable_frequency,42,thresholded_test_mse,0.004660982381552458,jobs/noise/k10000_sigma2_learnable_frequency_seed42/attempt_001/metrics/run_summary.json
noise/k10000_sigma2_learnable_frequency_seed42,noise,k10000_sigma2_learnable_frequency,42,thresholded_test_ssim,0.9515670447349548,jobs/noise/k10000_sigma2_learnable_frequency_seed42/attempt_001/metrics/run_summary.json
noise/k10000_sigma2_learnable_frequency_seed42,noise,k10000_sigma2_learnable_frequency,42,best_val_mse,0.003032701355094711,jobs/noise/k10000_sigma2_learnable_frequency_seed42/attempt_001/metrics/run_summary.json
noise/k10000_sigma6_random_fixed_seed42,noise,k10000_sigma6_random_fixed,42,test_mse,0.00951176418364048,jobs/noise/k10000_sigma6_random_fixed_seed42/attempt_001/metrics/run_summary.json
noise/k10000_sigma6_random_fixed_seed42,noise,k10000_sigma6_random_fixed,42,test_ssim,0.9067462412516276,jobs/noise/k10000_sigma6_random_fixed_seed42/attempt_001/metrics/run_summary.json
noise/k10000_sigma6_random_fixed_seed42,noise,k10000_sigma6_random_fixed,42,best_val_mse,0.009453891130785147,jobs/noise/k10000_sigma6_random_fixed_seed42/attempt_001/metrics/run_summary.json
noise/k10000_sigma6_random_fixed_seed42,noise,k10000_sigma6_random_fixed,42,final_val_mse,0.00950971764822801,jobs/noise/k10000_sigma6_random_fixed_seed42/attempt_001/metrics/run_summary.json
noise/k10000_sigma6_learnable_frequency_seed42,noise,k10000_sigma6_learnable_frequency,42,test_mse,0.003087559132526318,jobs/noise/k10000_sigma6_learnable_frequency_seed42/attempt_001/metrics/run_summary.json
noise/k10000_sigma6_learnable_frequency_seed42,noise,k10000_sigma6_learnable_frequency,42,test_ssim,0.9688380500475565,jobs/noise/k10000_sigma6_learnable_frequency_seed42/attempt_001/metrics/run_summary.json
noise/k10000_sigma6_learnable_frequency_seed42,noise,k10000_sigma6_learnable_frequency,42,sharpened_test_mse,0.003125561101982991,jobs/noise/k10000_sigma6_learnable_frequency_seed42/attempt_001/metrics/run_summary.json
noise/k10000_sigma6_learnable_frequency_seed42,noise,k10000_sigma6_learnable_frequency,42,sharpened_test_ssim,0.9684429721832275,jobs/noise/k10000_sigma6_learnable_frequency_seed42/attempt_001/metrics/run_summary.json
noise/k10000_sigma6_learnable_frequency_seed42,noise,k10000_sigma6_learnable_frequency,42,thresholded_test_mse,0.004677277321616808,jobs/noise/k10000_sigma6_learnable_frequency_seed42/attempt_001/metrics/run_summary.json
noise/k10000_sigma6_learnable_frequency_seed42,noise,k10000_sigma6_learnable_frequency,42,thresholded_test_ssim,0.9515688044230143,jobs/noise/k10000_sigma6_learnable_frequency_seed42/attempt_001/metrics/run_summary.json
noise/k10000_sigma6_learnable_frequency_seed42,noise,k10000_sigma6_learnable_frequency,42,best_val_mse,0.003103249768416087,jobs/noise/k10000_sigma6_learnable_frequency_seed42/attempt_001/metrics/run_summary.json
noise/k10_sigma0_random_fixed_seed43,noise,k10_sigma0_random_fixed,43,test_mse,0.018764368524154026,jobs/noise/k10_sigma0_random_fixed_seed43/attempt_001/metrics/run_summary.json
noise/k10_sigma0_random_fixed_seed43,noise,k10_sigma0_random_fixed,43,test_ssim,0.8270705107053121,jobs/noise/k10_sigma0_random_fixed_seed43/attempt_001/metrics/run_summary.json
noise/k10_sigma0_random_fixed_seed43,noise,k10_sigma0_random_fixed,43,best_val_mse,0.018672613168756166,jobs/noise/k10_sigma0_random_fixed_seed43/attempt_001/metrics/run_summary.json
noise/k10_sigma0_random_fixed_seed43,noise,k10_sigma0_random_fixed,43,final_val_mse,0.018672613168756166,jobs/noise/k10_sigma0_random_fixed_seed43/attempt_001/metrics/run_summary.json
noise/k10_sigma0_learnable_frequency_seed43,noise,k10_sigma0_learnable_frequency,43,test_mse,0.006378176728884379,jobs/noise/k10_sigma0_learnable_frequency_seed43/attempt_001/metrics/run_summary.json
noise/k10_sigma0_learnable_frequency_seed43,noise,k10_sigma0_learnable_frequency,43,test_ssim,0.9341442362467448,jobs/noise/k10_sigma0_learnable_frequency_seed43/attempt_001/metrics/run_summary.json
noise/k10_sigma0_learnable_frequency_seed43,noise,k10_sigma0_learnable_frequency,43,sharpened_test_mse,0.006347161946197351,jobs/noise/k10_sigma0_learnable_frequency_seed43/attempt_001/metrics/run_summary.json
noise/k10_sigma0_learnable_frequency_seed43,noise,k10_sigma0_learnable_frequency,43,sharpened_test_ssim,0.9343399022420248,jobs/noise/k10_sigma0_learnable_frequency_seed43/attempt_001/metrics/run_summary.json
noise/k10_sigma0_learnable_frequency_seed43,noise,k10_sigma0_learnable_frequency,43,thresholded_test_mse,0.006530174737175306,jobs/noise/k10_sigma0_learnable_frequency_seed43/attempt_001/metrics/run_summary.json
noise/k10_sigma0_learnable_frequency_seed43,noise,k10_sigma0_learnable_frequency,43,thresholded_test_ssim,0.9323705468177795,jobs/noise/k10_sigma0_learnable_frequency_seed43/attempt_001/metrics/run_summary.json
noise/k10_sigma0_learnable_frequency_seed43,noise,k10_sigma0_learnable_frequency,43,best_val_mse,0.006368481531739235,jobs/noise/k10_sigma0_learnable_frequency_seed43/attempt_001/metrics/run_summary.json
noise/k10_sigma2.7_random_fixed_seed43,noise,k10_sigma2.7_random_fixed,43,test_mse,0.01949550755818685,jobs/noise/k10_sigma2.7_random_fixed_seed43/attempt_001/metrics/run_summary.json
noise/k10_sigma2.7_random_fixed_seed43,noise,k10_sigma2.7_random_fixed,43,test_ssim,0.8212537902196249,jobs/noise/k10_sigma2.7_random_fixed_seed43/attempt_001/metrics/run_summary.json
noise/k10_sigma2.7_random_fixed_seed43,noise,k10_sigma2.7_random_fixed,43,best_val_mse,0.019375487034519513,jobs/noise/k10_sigma2.7_random_fixed_seed43/attempt_001/metrics/run_summary.json
noise/k10_sigma2.7_random_fixed_seed43,noise,k10_sigma2.7_random_fixed,43,final_val_mse,0.019375487034519513,jobs/noise/k10_sigma2.7_random_fixed_seed43/attempt_001/metrics/run_summary.json
noise/k10_sigma2.7_learnable_frequency_seed43,noise,k10_sigma2.7_learnable_frequency,43,test_mse,0.006589981246739626,jobs/noise/k10_sigma2.7_learnable_frequency_seed43/attempt_001/metrics/run_summary.json
noise/k10_sigma2.7_learnable_frequency_seed43,noise,k10_sigma2.7_learnable_frequency,43,test_ssim,0.9316389411290487,jobs/noise/k10_sigma2.7_learnable_frequency_seed43/attempt_001/metrics/run_summary.json
noise/k10_sigma2.7_learnable_frequency_seed43,noise,k10_sigma2.7_learnable_frequency,43,sharpened_test_mse,0.00657716087748607,jobs/noise/k10_sigma2.7_learnable_frequency_seed43/attempt_001/metrics/run_summary.json
noise/k10_sigma2.7_learnable_frequency_seed43,noise,k10_sigma2.7_learnable_frequency,43,sharpened_test_ssim,0.9315891869862875,jobs/noise/k10_sigma2.7_learnable_frequency_seed43/attempt_001/metrics/run_summary.json
noise/k10_sigma2.7_learnable_frequency_seed43,noise,k10_sigma2.7_learnable_frequency,43,thresholded_test_mse,0.006732082780450582,jobs/noise/k10_sigma2.7_learnable_frequency_seed43/attempt_001/metrics/run_summary.json
noise/k10_sigma2.7_learnable_frequency_seed43,noise,k10_sigma2.7_learnable_frequency,43,thresholded_test_ssim,0.929862632115682,jobs/noise/k10_sigma2.7_learnable_frequency_seed43/attempt_001/metrics/run_summary.json
noise/k10_sigma2.7_learnable_frequency_seed43,noise,k10_sigma2.7_learnable_frequency,43,best_val_mse,0.0065590966641902925,jobs/noise/k10_sigma2.7_learnable_frequency_seed43/attempt_001/metrics/run_summary.json
noise/k10_sigma2_random_fixed_seed43,noise,k10_sigma2_random_fixed,43,test_mse,0.01914195459584395,jobs/noise/k10_sigma2_random_fixed_seed43/attempt_001/metrics/run_summary.json
noise/k10_sigma2_random_fixed_seed43,noise,k10_sigma2_random_fixed,43,test_ssim,0.8234601060549418,jobs/noise/k10_sigma2_random_fixed_seed43/attempt_001/metrics/run_summary.json
noise/k10_sigma2_random_fixed_seed43,noise,k10_sigma2_random_fixed,43,best_val_mse,0.019015826910734175,jobs/noise/k10_sigma2_random_fixed_seed43/attempt_001/metrics/run_summary.json
noise/k10_sigma2_random_fixed_seed43,noise,k10_sigma2_random_fixed,43,final_val_mse,0.019015826910734175,jobs/noise/k10_sigma2_random_fixed_seed43/attempt_001/metrics/run_summary.json
noise/k10_sigma2_learnable_frequency_seed43,noise,k10_sigma2_learnable_frequency,43,test_mse,0.006504821632057428,jobs/noise/k10_sigma2_learnable_frequency_seed43/attempt_001/metrics/run_summary.json
noise/k10_sigma2_learnable_frequency_seed43,noise,k10_sigma2_learnable_frequency,43,test_ssim,0.9331985274950664,jobs/noise/k10_sigma2_learnable_frequency_seed43/attempt_001/metrics/run_summary.json
noise/k10_sigma2_learnable_frequency_seed43,noise,k10_sigma2_learnable_frequency,43,sharpened_test_mse,0.006472902302940686,jobs/noise/k10_sigma2_learnable_frequency_seed43/attempt_001/metrics/run_summary.json
noise/k10_sigma2_learnable_frequency_seed43,noise,k10_sigma2_learnable_frequency,43,sharpened_test_ssim,0.933390656153361,jobs/noise/k10_sigma2_learnable_frequency_seed43/attempt_001/metrics/run_summary.json
noise/k10_sigma2_learnable_frequency_seed43,noise,k10_sigma2_learnable_frequency,43,thresholded_test_mse,0.006618923353652159,jobs/noise/k10_sigma2_learnable_frequency_seed43/attempt_001/metrics/run_summary.json
noise/k10_sigma2_learnable_frequency_seed43,noise,k10_sigma2_learnable_frequency,43,thresholded_test_ssim,0.9318178989092509,jobs/noise/k10_sigma2_learnable_frequency_seed43/attempt_001/metrics/run_summary.json
noise/k10_sigma2_learnable_frequency_seed43,noise,k10_sigma2_learnable_frequency,43,best_val_mse,0.006503067223976056,jobs/noise/k10_sigma2_learnable_frequency_seed43/attempt_001/metrics/run_summary.json
noise/k10_sigma6_random_fixed_seed43,noise,k10_sigma6_random_fixed,43,test_mse,0.02155895961324374,jobs/noise/k10_sigma6_random_fixed_seed43/attempt_001/metrics/run_summary.json
noise/k10_sigma6_random_fixed_seed43,noise,k10_sigma6_random_fixed,43,test_ssim,0.8033161730766296,jobs/noise/k10_sigma6_random_fixed_seed43/attempt_001/metrics/run_summary.json
noise/k10_sigma6_random_fixed_seed43,noise,k10_sigma6_random_fixed,43,best_val_mse,0.021408562550942103,jobs/noise/k10_sigma6_random_fixed_seed43/attempt_001/metrics/run_summary.json
noise/k10_sigma6_random_fixed_seed43,noise,k10_sigma6_random_fixed,43,final_val_mse,0.021408562550942103,jobs/noise/k10_sigma6_random_fixed_seed43/attempt_001/metrics/run_summary.json
noise/k10_sigma6_learnable_frequency_seed43,noise,k10_sigma6_learnable_frequency,43,test_mse,0.007422919925302267,jobs/noise/k10_sigma6_learnable_frequency_seed43/attempt_001/metrics/run_summary.json
noise/k10_sigma6_learnable_frequency_seed43,noise,k10_sigma6_learnable_frequency,43,test_ssim,0.921816793123881,jobs/noise/k10_sigma6_learnable_frequency_seed43/attempt_001/metrics/run_summary.json
noise/k10_sigma6_learnable_frequency_seed43,noise,k10_sigma6_learnable_frequency,43,sharpened_test_mse,0.007400823668887218,jobs/noise/k10_sigma6_learnable_frequency_seed43/attempt_001/metrics/run_summary.json
noise/k10_sigma6_learnable_frequency_seed43,noise,k10_sigma6_learnable_frequency,43,sharpened_test_ssim,0.9218873467445373,jobs/noise/k10_sigma6_learnable_frequency_seed43/attempt_001/metrics/run_summary.json
noise/k10_sigma6_learnable_frequency_seed43,noise,k10_sigma6_learnable_frequency,43,thresholded_test_mse,0.007532834487656752,jobs/noise/k10_sigma6_learnable_frequency_seed43/attempt_001/metrics/run_summary.json
noise/k10_sigma6_learnable_frequency_seed43,noise,k10_sigma6_learnable_frequency,43,thresholded_test_ssim,0.9205551829338073,jobs/noise/k10_sigma6_learnable_frequency_seed43/attempt_001/metrics/run_summary.json
noise/k10_sigma6_learnable_frequency_seed43,noise,k10_sigma6_learnable_frequency,43,best_val_mse,0.007408611157288154,jobs/noise/k10_sigma6_learnable_frequency_seed43/attempt_001/metrics/run_summary.json
noise/k10000_sigma0_random_fixed_seed43,noise,k10000_sigma0_random_fixed,43,test_mse,0.009342034339904786,jobs/noise/k10000_sigma0_random_fixed_seed43/attempt_001/metrics/run_summary.json
noise/k10000_sigma0_random_fixed_seed43,noise,k10000_sigma0_random_fixed,43,test_ssim,0.90806831296285,jobs/noise/k10000_sigma0_random_fixed_seed43/attempt_001/metrics/run_summary.json
noise/k10000_sigma0_random_fixed_seed43,noise,k10000_sigma0_random_fixed,43,best_val_mse,0.00934174702813228,jobs/noise/k10000_sigma0_random_fixed_seed43/attempt_001/metrics/run_summary.json
noise/k10000_sigma0_random_fixed_seed43,noise,k10000_sigma0_random_fixed,43,final_val_mse,0.00934174702813228,jobs/noise/k10000_sigma0_random_fixed_seed43/attempt_001/metrics/run_summary.json
noise/k10000_sigma0_learnable_frequency_seed43,noise,k10000_sigma0_learnable_frequency,43,test_mse,0.0029089694786816837,jobs/noise/k10000_sigma0_learnable_frequency_seed43/attempt_001/metrics/run_summary.json
noise/k10000_sigma0_learnable_frequency_seed43,noise,k10000_sigma0_learnable_frequency,43,test_ssim,0.9710296629269918,jobs/noise/k10000_sigma0_learnable_frequency_seed43/attempt_001/metrics/run_summary.json
noise/k10000_sigma0_learnable_frequency_seed43,noise,k10000_sigma0_learnable_frequency,43,sharpened_test_mse,0.0029530179984867573,jobs/noise/k10000_sigma0_learnable_frequency_seed43/attempt_001/metrics/run_summary.json
noise/k10000_sigma0_learnable_frequency_seed43,noise,k10000_sigma0_learnable_frequency,43,sharpened_test_ssim,0.970563461303711,jobs/noise/k10000_sigma0_learnable_frequency_seed43/attempt_001/metrics/run_summary.json
noise/k10000_sigma0_learnable_frequency_seed43,noise,k10000_sigma0_learnable_frequency,43,thresholded_test_mse,0.004593871568640073,jobs/noise/k10000_sigma0_learnable_frequency_seed43/attempt_001/metrics/run_summary.json
noise/k10000_sigma0_learnable_frequency_seed43,noise,k10000_sigma0_learnable_frequency,43,thresholded_test_ssim,0.9524736143747965,jobs/noise/k10000_sigma0_learnable_frequency_seed43/attempt_001/metrics/run_summary.json
noise/k10000_sigma0_learnable_frequency_seed43,noise,k10000_sigma0_learnable_frequency,43,best_val_mse,0.002924457848072052,jobs/noise/k10000_sigma0_learnable_frequency_seed43/attempt_001/metrics/run_summary.json
noise/k10000_sigma2.7_random_fixed_seed43,noise,k10000_sigma2.7_random_fixed,43,test_mse,0.009148141885797182,jobs/noise/k10000_sigma2.7_random_fixed_seed43/attempt_001/metrics/run_summary.json
noise/k10000_sigma2.7_random_fixed_seed43,noise,k10000_sigma2.7_random_fixed,43,test_ssim,0.9096036381721496,jobs/noise/k10000_sigma2.7_random_fixed_seed43/attempt_001/metrics/run_summary.json
noise/k10000_sigma2.7_random_fixed_seed43,noise,k10000_sigma2.7_random_fixed,43,best_val_mse,0.009142347007989883,jobs/noise/k10000_sigma2.7_random_fixed_seed43/attempt_001/metrics/run_summary.json
noise/k10000_sigma2.7_random_fixed_seed43,noise,k10000_sigma2.7_random_fixed,43,final_val_mse,0.009142347007989883,jobs/noise/k10000_sigma2.7_random_fixed_seed43/attempt_001/metrics/run_summary.json
noise/k10000_sigma2.7_learnable_frequency_seed43,noise,k10000_sigma2.7_learnable_frequency,43,test_mse,0.003027813572436571,jobs/noise/k10000_sigma2.7_learnable_frequency_seed43/attempt_001/metrics/run_summary.json
noise/k10000_sigma2.7_learnable_frequency_seed43,noise,k10000_sigma2.7_learnable_frequency,43,test_ssim,0.9697856829961141,jobs/noise/k10000_sigma2.7_learnable_frequency_seed43/attempt_001/metrics/run_summary.json
noise/k10000_sigma2.7_learnable_frequency_seed43,noise,k10000_sigma2.7_learnable_frequency,43,sharpened_test_mse,0.0030721231307834387,jobs/noise/k10000_sigma2.7_learnable_frequency_seed43/attempt_001/metrics/run_summary.json
noise/k10000_sigma2.7_learnable_frequency_seed43,noise,k10000_sigma2.7_learnable_frequency,43,sharpened_test_ssim,0.9693501660029094,jobs/noise/k10000_sigma2.7_learnable_frequency_seed43/attempt_001/metrics/run_summary.json
noise/k10000_sigma2.7_learnable_frequency_seed43,noise,k10000_sigma2.7_learnable_frequency,43,thresholded_test_mse,0.004700320435067018,jobs/noise/k10000_sigma2.7_learnable_frequency_seed43/attempt_001/metrics/run_summary.json
noise/k10000_sigma2.7_learnable_frequency_seed43,noise,k10000_sigma2.7_learnable_frequency,43,thresholded_test_ssim,0.9513723319371541,jobs/noise/k10000_sigma2.7_learnable_frequency_seed43/attempt_001/metrics/run_summary.json
noise/k10000_sigma2.7_learnable_frequency_seed43,noise,k10000_sigma2.7_learnable_frequency,43,best_val_mse,0.0030887180274973315,jobs/noise/k10000_sigma2.7_learnable_frequency_seed43/attempt_001/metrics/run_summary.json
noise/k10000_sigma2_random_fixed_seed43,noise,k10000_sigma2_random_fixed,43,test_mse,0.009279401808977126,jobs/noise/k10000_sigma2_random_fixed_seed43/attempt_001/metrics/run_summary.json
noise/k10000_sigma2_random_fixed_seed43,noise,k10000_sigma2_random_fixed,43,test_ssim,0.9088138840993245,jobs/noise/k10000_sigma2_random_fixed_seed43/attempt_001/metrics/run_summary.json
noise/k10000_sigma2_random_fixed_seed43,noise,k10000_sigma2_random_fixed,43,best_val_mse,0.009267856314778328,jobs/noise/k10000_sigma2_random_fixed_seed43/attempt_001/metrics/run_summary.json
noise/k10000_sigma2_random_fixed_seed43,noise,k10000_sigma2_random_fixed,43,final_val_mse,0.009267856314778328,jobs/noise/k10000_sigma2_random_fixed_seed43/attempt_001/metrics/run_summary.json
noise/k10000_sigma2_learnable_frequency_seed43,noise,k10000_sigma2_learnable_frequency,43,test_mse,0.0029023308213800194,jobs/noise/k10000_sigma2_learnable_frequency_seed43/attempt_001/metrics/run_summary.json
noise/k10000_sigma2_learnable_frequency_seed43,noise,k10000_sigma2_learnable_frequency,43,test_ssim,0.9707240206400554,jobs/noise/k10000_sigma2_learnable_frequency_seed43/attempt_001/metrics/run_summary.json
noise/k10000_sigma2_learnable_frequency_seed43,noise,k10000_sigma2_learnable_frequency,43,sharpened_test_mse,0.0029477749913930894,jobs/noise/k10000_sigma2_learnable_frequency_seed43/attempt_001/metrics/run_summary.json
noise/k10000_sigma2_learnable_frequency_seed43,noise,k10000_sigma2_learnable_frequency,43,sharpened_test_ssim,0.9702449847857157,jobs/noise/k10000_sigma2_learnable_frequency_seed43/attempt_001/metrics/run_summary.json
noise/k10000_sigma2_learnable_frequency_seed43,noise,k10000_sigma2_learnable_frequency,43,thresholded_test_mse,0.004543772853910923,jobs/noise/k10000_sigma2_learnable_frequency_seed43/attempt_001/metrics/run_summary.json
noise/k10000_sigma2_learnable_frequency_seed43,noise,k10000_sigma2_learnable_frequency,43,thresholded_test_ssim,0.9526297426223755,jobs/noise/k10000_sigma2_learnable_frequency_seed43/attempt_001/metrics/run_summary.json
noise/k10000_sigma2_learnable_frequency_seed43,noise,k10000_sigma2_learnable_frequency,43,best_val_mse,0.0029063764978200196,jobs/noise/k10000_sigma2_learnable_frequency_seed43/attempt_001/metrics/run_summary.json
noise/k10000_sigma6_random_fixed_seed43,noise,k10000_sigma6_random_fixed,43,test_mse,0.009313226650158565,jobs/noise/k10000_sigma6_random_fixed_seed43/attempt_001/metrics/run_summary.json
noise/k10000_sigma6_random_fixed_seed43,noise,k10000_sigma6_random_fixed,43,test_ssim,0.9074335435231526,jobs/noise/k10000_sigma6_random_fixed_seed43/attempt_001/metrics/run_summary.json
noise/k10000_sigma6_random_fixed_seed43,noise,k10000_sigma6_random_fixed,43,best_val_mse,0.009304268948733806,jobs/noise/k10000_sigma6_random_fixed_seed43/attempt_001/metrics/run_summary.json
noise/k10000_sigma6_random_fixed_seed43,noise,k10000_sigma6_random_fixed,43,final_val_mse,0.009304268948733806,jobs/noise/k10000_sigma6_random_fixed_seed43/attempt_001/metrics/run_summary.json
noise/k10000_sigma6_learnable_frequency_seed43,noise,k10000_sigma6_learnable_frequency,43,test_mse,0.0029144989835719268,jobs/noise/k10000_sigma6_learnable_frequency_seed43/attempt_001/metrics/run_summary.json
noise/k10000_sigma6_learnable_frequency_seed43,noise,k10000_sigma6_learnable_frequency,43,test_ssim,0.9708644469579061,jobs/noise/k10000_sigma6_learnable_frequency_seed43/attempt_001/metrics/run_summary.json
noise/k10000_sigma6_learnable_frequency_seed43,noise,k10000_sigma6_learnable_frequency,43,sharpened_test_mse,0.0029604719976584117,jobs/noise/k10000_sigma6_learnable_frequency_seed43/attempt_001/metrics/run_summary.json
noise/k10000_sigma6_learnable_frequency_seed43,noise,k10000_sigma6_learnable_frequency,43,sharpened_test_ssim,0.97038623269399,jobs/noise/k10000_sigma6_learnable_frequency_seed43/attempt_001/metrics/run_summary.json
noise/k10000_sigma6_learnable_frequency_seed43,noise,k10000_sigma6_learnable_frequency,43,thresholded_test_mse,0.004584020232160886,jobs/noise/k10000_sigma6_learnable_frequency_seed43/attempt_001/metrics/run_summary.json
noise/k10000_sigma6_learnable_frequency_seed43,noise,k10000_sigma6_learnable_frequency,43,thresholded_test_ssim,0.9523052169481914,jobs/noise/k10000_sigma6_learnable_frequency_seed43/attempt_001/metrics/run_summary.json
noise/k10000_sigma6_learnable_frequency_seed43,noise,k10000_sigma6_learnable_frequency,43,best_val_mse,0.0029365361016243695,jobs/noise/k10000_sigma6_learnable_frequency_seed43/attempt_001/metrics/run_summary.json
noise/k10_sigma0_random_fixed_seed44,noise,k10_sigma0_random_fixed,44,test_mse,0.0190540759464105,jobs/noise/k10_sigma0_random_fixed_seed44/attempt_001/metrics/run_summary.json
noise/k10_sigma0_random_fixed_seed44,noise,k10_sigma0_random_fixed,44,test_ssim,0.8248094959259034,jobs/noise/k10_sigma0_random_fixed_seed44/attempt_001/metrics/run_summary.json
noise/k10_sigma0_random_fixed_seed44,noise,k10_sigma0_random_fixed,44,best_val_mse,0.01891649168233077,jobs/noise/k10_sigma0_random_fixed_seed44/attempt_001/metrics/run_summary.json
noise/k10_sigma0_random_fixed_seed44,noise,k10_sigma0_random_fixed,44,final_val_mse,0.019215763504306475,jobs/noise/k10_sigma0_random_fixed_seed44/attempt_001/metrics/run_summary.json
noise/k10_sigma0_learnable_frequency_seed44,noise,k10_sigma0_learnable_frequency,44,test_mse,0.006338692039251328,jobs/noise/k10_sigma0_learnable_frequency_seed44/attempt_001/metrics/run_summary.json
noise/k10_sigma0_learnable_frequency_seed44,noise,k10_sigma0_learnable_frequency,44,test_ssim,0.9338058619499207,jobs/noise/k10_sigma0_learnable_frequency_seed44/attempt_001/metrics/run_summary.json
noise/k10_sigma0_learnable_frequency_seed44,noise,k10_sigma0_learnable_frequency,44,sharpened_test_mse,0.006335142894337575,jobs/noise/k10_sigma0_learnable_frequency_seed44/attempt_001/metrics/run_summary.json
noise/k10_sigma0_learnable_frequency_seed44,noise,k10_sigma0_learnable_frequency,44,sharpened_test_ssim,0.9337483231226603,jobs/noise/k10_sigma0_learnable_frequency_seed44/attempt_001/metrics/run_summary.json
noise/k10_sigma0_learnable_frequency_seed44,noise,k10_sigma0_learnable_frequency,44,thresholded_test_mse,0.006503835284461578,jobs/noise/k10_sigma0_learnable_frequency_seed44/attempt_001/metrics/run_summary.json
noise/k10_sigma0_learnable_frequency_seed44,noise,k10_sigma0_learnable_frequency,44,thresholded_test_ssim,0.932003444035848,jobs/noise/k10_sigma0_learnable_frequency_seed44/attempt_001/metrics/run_summary.json
noise/k10_sigma0_learnable_frequency_seed44,noise,k10_sigma0_learnable_frequency,44,best_val_mse,0.006316751641531785,jobs/noise/k10_sigma0_learnable_frequency_seed44/attempt_001/metrics/run_summary.json
noise/k10_sigma2.7_random_fixed_seed44,noise,k10_sigma2.7_random_fixed,44,test_mse,0.019683423539002737,jobs/noise/k10_sigma2.7_random_fixed_seed44/attempt_001/metrics/run_summary.json
noise/k10_sigma2.7_random_fixed_seed44,noise,k10_sigma2.7_random_fixed,44,test_ssim,0.8199250022570292,jobs/noise/k10_sigma2.7_random_fixed_seed44/attempt_001/metrics/run_summary.json
noise/k10_sigma2.7_random_fixed_seed44,noise,k10_sigma2.7_random_fixed,44,best_val_mse,0.019626124938329062,jobs/noise/k10_sigma2.7_random_fixed_seed44/attempt_001/metrics/run_summary.json
noise/k10_sigma2.7_random_fixed_seed44,noise,k10_sigma2.7_random_fixed,44,final_val_mse,0.020020215387145678,jobs/noise/k10_sigma2.7_random_fixed_seed44/attempt_001/metrics/run_summary.json
noise/k10_sigma2.7_learnable_frequency_seed44,noise,k10_sigma2.7_learnable_frequency,44,test_mse,0.006699332884202401,jobs/noise/k10_sigma2.7_learnable_frequency_seed44/attempt_001/metrics/run_summary.json
noise/k10_sigma2.7_learnable_frequency_seed44,noise,k10_sigma2.7_learnable_frequency,44,test_ssim,0.9308951080640157,jobs/noise/k10_sigma2.7_learnable_frequency_seed44/attempt_001/metrics/run_summary.json
noise/k10_sigma2.7_learnable_frequency_seed44,noise,k10_sigma2.7_learnable_frequency,44,sharpened_test_mse,0.006685862469176451,jobs/noise/k10_sigma2.7_learnable_frequency_seed44/attempt_001/metrics/run_summary.json
noise/k10_sigma2.7_learnable_frequency_seed44,noise,k10_sigma2.7_learnable_frequency,44,sharpened_test_ssim,0.9310108739535014,jobs/noise/k10_sigma2.7_learnable_frequency_seed44/attempt_001/metrics/run_summary.json
noise/k10_sigma2.7_learnable_frequency_seed44,noise,k10_sigma2.7_learnable_frequency,44,thresholded_test_mse,0.006859908076624076,jobs/noise/k10_sigma2.7_learnable_frequency_seed44/attempt_001/metrics/run_summary.json
noise/k10_sigma2.7_learnable_frequency_seed44,noise,k10_sigma2.7_learnable_frequency,44,thresholded_test_ssim,0.9293136259714763,jobs/noise/k10_sigma2.7_learnable_frequency_seed44/attempt_001/metrics/run_summary.json
noise/k10_sigma2.7_learnable_frequency_seed44,noise,k10_sigma2.7_learnable_frequency,44,best_val_mse,0.006691499037047227,jobs/noise/k10_sigma2.7_learnable_frequency_seed44/attempt_001/metrics/run_summary.json
noise/k10_sigma2_random_fixed_seed44,noise,k10_sigma2_random_fixed,44,test_mse,0.01945197654267152,jobs/noise/k10_sigma2_random_fixed_seed44/attempt_001/metrics/run_summary.json
noise/k10_sigma2_random_fixed_seed44,noise,k10_sigma2_random_fixed,44,test_ssim,0.8223513073921204,jobs/noise/k10_sigma2_random_fixed_seed44/attempt_001/metrics/run_summary.json
noise/k10_sigma2_random_fixed_seed44,noise,k10_sigma2_random_fixed,44,best_val_mse,0.01936926561097304,jobs/noise/k10_sigma2_random_fixed_seed44/attempt_001/metrics/run_summary.json
noise/k10_sigma2_random_fixed_seed44,noise,k10_sigma2_random_fixed,44,final_val_mse,0.019702476864059765,jobs/noise/k10_sigma2_random_fixed_seed44/attempt_001/metrics/run_summary.json
noise/k10_sigma2_learnable_frequency_seed44,noise,k10_sigma2_learnable_frequency,44,test_mse,0.006603235838313897,jobs/noise/k10_sigma2_learnable_frequency_seed44/attempt_001/metrics/run_summary.json
noise/k10_sigma2_learnable_frequency_seed44,noise,k10_sigma2_learnable_frequency,44,test_ssim,0.9314206617673239,jobs/noise/k10_sigma2_learnable_frequency_seed44/attempt_001/metrics/run_summary.json
noise/k10_sigma2_learnable_frequency_seed44,noise,k10_sigma2_learnable_frequency,44,sharpened_test_mse,0.006599956151098013,jobs/noise/k10_sigma2_learnable_frequency_seed44/attempt_001/metrics/run_summary.json
noise/k10_sigma2_learnable_frequency_seed44,noise,k10_sigma2_learnable_frequency,44,sharpened_test_ssim,0.931397075176239,jobs/noise/k10_sigma2_learnable_frequency_seed44/attempt_001/metrics/run_summary.json
noise/k10_sigma2_learnable_frequency_seed44,noise,k10_sigma2_learnable_frequency,44,thresholded_test_mse,0.006757835948218902,jobs/noise/k10_sigma2_learnable_frequency_seed44/attempt_001/metrics/run_summary.json
noise/k10_sigma2_learnable_frequency_seed44,noise,k10_sigma2_learnable_frequency,44,thresholded_test_ssim,0.9297613654136657,jobs/noise/k10_sigma2_learnable_frequency_seed44/attempt_001/metrics/run_summary.json
noise/k10_sigma2_learnable_frequency_seed44,noise,k10_sigma2_learnable_frequency,44,best_val_mse,0.006579271292934815,jobs/noise/k10_sigma2_learnable_frequency_seed44/attempt_001/metrics/run_summary.json
noise/k10_sigma6_random_fixed_seed44,noise,k10_sigma6_random_fixed,44,test_mse,0.021736919154723484,jobs/noise/k10_sigma6_random_fixed_seed44/attempt_001/metrics/run_summary.json
noise/k10_sigma6_random_fixed_seed44,noise,k10_sigma6_random_fixed,44,test_ssim,0.8017358864148458,jobs/noise/k10_sigma6_random_fixed_seed44/attempt_001/metrics/run_summary.json
noise/k10_sigma6_random_fixed_seed44,noise,k10_sigma6_random_fixed,44,best_val_mse,0.021658600797255834,jobs/noise/k10_sigma6_random_fixed_seed44/attempt_001/metrics/run_summary.json
noise/k10_sigma6_random_fixed_seed44,noise,k10_sigma6_random_fixed,44,final_val_mse,0.021734275594353675,jobs/noise/k10_sigma6_random_fixed_seed44/attempt_001/metrics/run_summary.json
noise/k10_sigma6_learnable_frequency_seed44,noise,k10_sigma6_learnable_frequency,44,test_mse,0.0074326253111163774,jobs/noise/k10_sigma6_learnable_frequency_seed44/attempt_001/metrics/run_summary.json
noise/k10_sigma6_learnable_frequency_seed44,noise,k10_sigma6_learnable_frequency,44,test_ssim,0.921104291121165,jobs/noise/k10_sigma6_learnable_frequency_seed44/attempt_001/metrics/run_summary.json
noise/k10_sigma6_learnable_frequency_seed44,noise,k10_sigma6_learnable_frequency,44,sharpened_test_mse,0.007427631948143244,jobs/noise/k10_sigma6_learnable_frequency_seed44/attempt_001/metrics/run_summary.json
noise/k10_sigma6_learnable_frequency_seed44,noise,k10_sigma6_learnable_frequency,44,sharpened_test_ssim,0.9211980597178141,jobs/noise/k10_sigma6_learnable_frequency_seed44/attempt_001/metrics/run_summary.json
noise/k10_sigma6_learnable_frequency_seed44,noise,k10_sigma6_learnable_frequency,44,thresholded_test_mse,0.00756210154046615,jobs/noise/k10_sigma6_learnable_frequency_seed44/attempt_001/metrics/run_summary.json
noise/k10_sigma6_learnable_frequency_seed44,noise,k10_sigma6_learnable_frequency,44,thresholded_test_ssim,0.9199569160143535,jobs/noise/k10_sigma6_learnable_frequency_seed44/attempt_001/metrics/run_summary.json
noise/k10_sigma6_learnable_frequency_seed44,noise,k10_sigma6_learnable_frequency,44,best_val_mse,0.007421095425883929,jobs/noise/k10_sigma6_learnable_frequency_seed44/attempt_001/metrics/run_summary.json
noise/k10000_sigma0_random_fixed_seed44,noise,k10000_sigma0_random_fixed,44,test_mse,0.009749232359230519,jobs/noise/k10000_sigma0_random_fixed_seed44/attempt_001/metrics/run_summary.json
noise/k10000_sigma0_random_fixed_seed44,noise,k10000_sigma0_random_fixed,44,test_ssim,0.9041070629755656,jobs/noise/k10000_sigma0_random_fixed_seed44/attempt_001/metrics/run_summary.json
noise/k10000_sigma0_random_fixed_seed44,noise,k10000_sigma0_random_fixed,44,best_val_mse,0.009725101942817371,jobs/noise/k10000_sigma0_random_fixed_seed44/attempt_001/metrics/run_summary.json
noise/k10000_sigma0_random_fixed_seed44,noise,k10000_sigma0_random_fixed,44,final_val_mse,0.010802307007213434,jobs/noise/k10000_sigma0_random_fixed_seed44/attempt_001/metrics/run_summary.json
noise/k10000_sigma0_learnable_frequency_seed44,noise,k10000_sigma0_learnable_frequency,44,test_mse,0.003066795955101649,jobs/noise/k10000_sigma0_learnable_frequency_seed44/attempt_001/metrics/run_summary.json
noise/k10000_sigma0_learnable_frequency_seed44,noise,k10000_sigma0_learnable_frequency,44,test_ssim,0.9688804621696472,jobs/noise/k10000_sigma0_learnable_frequency_seed44/attempt_001/metrics/run_summary.json
noise/k10000_sigma0_learnable_frequency_seed44,noise,k10000_sigma0_learnable_frequency,44,sharpened_test_mse,0.0030996872248748937,jobs/noise/k10000_sigma0_learnable_frequency_seed44/attempt_001/metrics/run_summary.json
noise/k10000_sigma0_learnable_frequency_seed44,noise,k10000_sigma0_learnable_frequency,44,sharpened_test_ssim,0.9685821814537048,jobs/noise/k10000_sigma0_learnable_frequency_seed44/attempt_001/metrics/run_summary.json
noise/k10000_sigma0_learnable_frequency_seed44,noise,k10000_sigma0_learnable_frequency,44,thresholded_test_mse,0.004546488965551059,jobs/noise/k10000_sigma0_learnable_frequency_seed44/attempt_001/metrics/run_summary.json
noise/k10000_sigma0_learnable_frequency_seed44,noise,k10000_sigma0_learnable_frequency,44,thresholded_test_ssim,0.9533583078384399,jobs/noise/k10000_sigma0_learnable_frequency_seed44/attempt_001/metrics/run_summary.json
noise/k10000_sigma0_learnable_frequency_seed44,noise,k10000_sigma0_learnable_frequency,44,best_val_mse,0.0030804168619215488,jobs/noise/k10000_sigma0_learnable_frequency_seed44/attempt_001/metrics/run_summary.json
noise/k10000_sigma2.7_random_fixed_seed44,noise,k10000_sigma2.7_random_fixed,44,test_mse,0.009661507440110047,jobs/noise/k10000_sigma2.7_random_fixed_seed44/attempt_001/metrics/run_summary.json
noise/k10000_sigma2.7_random_fixed_seed44,noise,k10000_sigma2.7_random_fixed,44,test_ssim,0.9041421790122985,jobs/noise/k10000_sigma2.7_random_fixed_seed44/attempt_001/metrics/run_summary.json
noise/k10000_sigma2.7_random_fixed_seed44,noise,k10000_sigma2.7_random_fixed,44,best_val_mse,0.009584282241761685,jobs/noise/k10000_sigma2.7_random_fixed_seed44/attempt_001/metrics/run_summary.json
noise/k10000_sigma2.7_random_fixed_seed44,noise,k10000_sigma2.7_random_fixed,44,final_val_mse,0.009874391630291938,jobs/noise/k10000_sigma2.7_random_fixed_seed44/attempt_001/metrics/run_summary.json
noise/k10000_sigma2.7_learnable_frequency_seed44,noise,k10000_sigma2.7_learnable_frequency,44,test_mse,0.0030370306596159934,jobs/noise/k10000_sigma2.7_learnable_frequency_seed44/attempt_001/metrics/run_summary.json
noise/k10000_sigma2.7_learnable_frequency_seed44,noise,k10000_sigma2.7_learnable_frequency,44,test_ssim,0.9697558085123698,jobs/noise/k10000_sigma2.7_learnable_frequency_seed44/attempt_001/metrics/run_summary.json
noise/k10000_sigma2.7_learnable_frequency_seed44,noise,k10000_sigma2.7_learnable_frequency,44,sharpened_test_mse,0.0030737476237118243,jobs/noise/k10000_sigma2.7_learnable_frequency_seed44/attempt_001/metrics/run_summary.json
noise/k10000_sigma2.7_learnable_frequency_seed44,noise,k10000_sigma2.7_learnable_frequency,44,sharpened_test_ssim,0.9694217371940613,jobs/noise/k10000_sigma2.7_learnable_frequency_seed44/attempt_001/metrics/run_summary.json
noise/k10000_sigma2.7_learnable_frequency_seed44,noise,k10000_sigma2.7_learnable_frequency,44,thresholded_test_mse,0.004527360048145056,jobs/noise/k10000_sigma2.7_learnable_frequency_seed44/attempt_001/metrics/run_summary.json
noise/k10000_sigma2.7_learnable_frequency_seed44,noise,k10000_sigma2.7_learnable_frequency,44,thresholded_test_ssim,0.9538331406911215,jobs/noise/k10000_sigma2.7_learnable_frequency_seed44/attempt_001/metrics/run_summary.json
noise/k10000_sigma2.7_learnable_frequency_seed44,noise,k10000_sigma2.7_learnable_frequency,44,best_val_mse,0.0030988643957922854,jobs/noise/k10000_sigma2.7_learnable_frequency_seed44/attempt_001/metrics/run_summary.json
noise/k10000_sigma2_random_fixed_seed44,noise,k10000_sigma2_random_fixed,44,test_mse,0.009762614739437897,jobs/noise/k10000_sigma2_random_fixed_seed44/attempt_001/metrics/run_summary.json
noise/k10000_sigma2_random_fixed_seed44,noise,k10000_sigma2_random_fixed,44,test_ssim,0.9031830908457438,jobs/noise/k10000_sigma2_random_fixed_seed44/attempt_001/metrics/run_summary.json
noise/k10000_sigma2_random_fixed_seed44,noise,k10000_sigma2_random_fixed,44,best_val_mse,0.009691191074748834,jobs/noise/k10000_sigma2_random_fixed_seed44/attempt_001/metrics/run_summary.json
noise/k10000_sigma2_random_fixed_seed44,noise,k10000_sigma2_random_fixed,44,final_val_mse,0.009842422448098659,jobs/noise/k10000_sigma2_random_fixed_seed44/attempt_001/metrics/run_summary.json
noise/k10000_sigma2_learnable_frequency_seed44,noise,k10000_sigma2_learnable_frequency,44,test_mse,0.003085280685375134,jobs/noise/k10000_sigma2_learnable_frequency_seed44/attempt_001/metrics/run_summary.json
noise/k10000_sigma2_learnable_frequency_seed44,noise,k10000_sigma2_learnable_frequency,44,test_ssim,0.9691294854482015,jobs/noise/k10000_sigma2_learnable_frequency_seed44/attempt_001/metrics/run_summary.json
noise/k10000_sigma2_learnable_frequency_seed44,noise,k10000_sigma2_learnable_frequency,44,sharpened_test_mse,0.003121825059254964,jobs/noise/k10000_sigma2_learnable_frequency_seed44/attempt_001/metrics/run_summary.json
noise/k10000_sigma2_learnable_frequency_seed44,noise,k10000_sigma2_learnable_frequency,44,sharpened_test_ssim,0.9687913770675659,jobs/noise/k10000_sigma2_learnable_frequency_seed44/attempt_001/metrics/run_summary.json
noise/k10000_sigma2_learnable_frequency_seed44,noise,k10000_sigma2_learnable_frequency,44,thresholded_test_mse,0.004582278759529193,jobs/noise/k10000_sigma2_learnable_frequency_seed44/attempt_001/metrics/run_summary.json
noise/k10000_sigma2_learnable_frequency_seed44,noise,k10000_sigma2_learnable_frequency,44,thresholded_test_ssim,0.9531489876111349,jobs/noise/k10000_sigma2_learnable_frequency_seed44/attempt_001/metrics/run_summary.json
noise/k10000_sigma2_learnable_frequency_seed44,noise,k10000_sigma2_learnable_frequency,44,best_val_mse,0.0031179104261100294,jobs/noise/k10000_sigma2_learnable_frequency_seed44/attempt_001/metrics/run_summary.json
noise/k10000_sigma6_random_fixed_seed44,noise,k10000_sigma6_random_fixed,44,test_mse,0.009580513159434001,jobs/noise/k10000_sigma6_random_fixed_seed44/attempt_001/metrics/run_summary.json
noise/k10000_sigma6_random_fixed_seed44,noise,k10000_sigma6_random_fixed,44,test_ssim,0.9050580568313599,jobs/noise/k10000_sigma6_random_fixed_seed44/attempt_001/metrics/run_summary.json
noise/k10000_sigma6_random_fixed_seed44,noise,k10000_sigma6_random_fixed,44,best_val_mse,0.009567314048608144,jobs/noise/k10000_sigma6_random_fixed_seed44/attempt_001/metrics/run_summary.json
noise/k10000_sigma6_random_fixed_seed44,noise,k10000_sigma6_random_fixed,44,final_val_mse,0.009848479062318801,jobs/noise/k10000_sigma6_random_fixed_seed44/attempt_001/metrics/run_summary.json
noise/k10000_sigma6_learnable_frequency_seed44,noise,k10000_sigma6_learnable_frequency,44,test_mse,0.0030192810346682864,jobs/noise/k10000_sigma6_learnable_frequency_seed44/attempt_001/metrics/run_summary.json
noise/k10000_sigma6_learnable_frequency_seed44,noise,k10000_sigma6_learnable_frequency,44,test_ssim,0.9702235371271769,jobs/noise/k10000_sigma6_learnable_frequency_seed44/attempt_001/metrics/run_summary.json
noise/k10000_sigma6_learnable_frequency_seed44,noise,k10000_sigma6_learnable_frequency,44,sharpened_test_mse,0.0030583724385748307,jobs/noise/k10000_sigma6_learnable_frequency_seed44/attempt_001/metrics/run_summary.json
noise/k10000_sigma6_learnable_frequency_seed44,noise,k10000_sigma6_learnable_frequency,44,sharpened_test_ssim,0.9698644839922587,jobs/noise/k10000_sigma6_learnable_frequency_seed44/attempt_001/metrics/run_summary.json
noise/k10000_sigma6_learnable_frequency_seed44,noise,k10000_sigma6_learnable_frequency,44,thresholded_test_mse,0.004533684428781271,jobs/noise/k10000_sigma6_learnable_frequency_seed44/attempt_001/metrics/run_summary.json
noise/k10000_sigma6_learnable_frequency_seed44,noise,k10000_sigma6_learnable_frequency,44,thresholded_test_ssim,0.9541357385317485,jobs/noise/k10000_sigma6_learnable_frequency_seed44/attempt_001/metrics/run_summary.json
noise/k10000_sigma6_learnable_frequency_seed44,noise,k10000_sigma6_learnable_frequency,44,best_val_mse,0.0030489096250385047,jobs/noise/k10000_sigma6_learnable_frequency_seed44/attempt_001/metrics/run_summary.json
content/bbbc022_x16_uniform_all_ones_seed42,content,bbbc022_x16_uniform_all_ones,42,test_mse,0.00102820775937289,jobs/content/bbbc022_x16_uniform_all_ones_seed42/attempt_001/metrics/run_summary.json
content/bbbc022_x16_uniform_all_ones_seed42,content,bbbc022_x16_uniform_all_ones,42,test_ssim,0.911939513683319,jobs/content/bbbc022_x16_uniform_all_ones_seed42/attempt_001/metrics/run_summary.json
content/bbbc022_x16_uniform_all_ones_seed42,content,bbbc022_x16_uniform_all_ones,42,best_val_mse,0.0009574209339916706,jobs/content/bbbc022_x16_uniform_all_ones_seed42/attempt_001/metrics/run_summary.json
content/bbbc022_x16_uniform_all_ones_seed42,content,bbbc022_x16_uniform_all_ones,42,final_val_mse,0.0009574209339916706,jobs/content/bbbc022_x16_uniform_all_ones_seed42/attempt_001/metrics/run_summary.json
content/bbbc022_x16_random_fixed_seed42,content,bbbc022_x16_random_fixed,42,test_mse,0.0008768558308171729,jobs/content/bbbc022_x16_random_fixed_seed42/attempt_001/metrics/run_summary.json
content/bbbc022_x16_random_fixed_seed42,content,bbbc022_x16_random_fixed,42,test_ssim,0.9174917141596476,jobs/content/bbbc022_x16_random_fixed_seed42/attempt_001/metrics/run_summary.json
content/bbbc022_x16_random_fixed_seed42,content,bbbc022_x16_random_fixed,42,best_val_mse,0.0008245371049270034,jobs/content/bbbc022_x16_random_fixed_seed42/attempt_001/metrics/run_summary.json
content/bbbc022_x16_random_fixed_seed42,content,bbbc022_x16_random_fixed,42,final_val_mse,0.0008745162631385028,jobs/content/bbbc022_x16_random_fixed_seed42/attempt_001/metrics/run_summary.json
content/bbbc022_x16_hadamard_fixed_seed42,content,bbbc022_x16_hadamard_fixed,42,test_mse,0.0007731503535372516,jobs/content/bbbc022_x16_hadamard_fixed_seed42/attempt_001/metrics/run_summary.json
content/bbbc022_x16_hadamard_fixed_seed42,content,bbbc022_x16_hadamard_fixed,42,test_ssim,0.9223622918128968,jobs/content/bbbc022_x16_hadamard_fixed_seed42/attempt_001/metrics/run_summary.json
content/bbbc022_x16_hadamard_fixed_seed42,content,bbbc022_x16_hadamard_fixed,42,best_val_mse,0.0007040260941721499,jobs/content/bbbc022_x16_hadamard_fixed_seed42/attempt_001/metrics/run_summary.json
content/bbbc022_x16_hadamard_fixed_seed42,content,bbbc022_x16_hadamard_fixed,42,final_val_mse,0.0007300972356460989,jobs/content/bbbc022_x16_hadamard_fixed_seed42/attempt_001/metrics/run_summary.json
content/bbbc022_x16_learnable_frequency_seed42,content,bbbc022_x16_learnable_frequency,42,test_mse,0.0006933491211384534,jobs/content/bbbc022_x16_learnable_frequency_seed42/attempt_001/metrics/run_summary.json
content/bbbc022_x16_learnable_frequency_seed42,content,bbbc022_x16_learnable_frequency,42,test_ssim,0.9242018977801005,jobs/content/bbbc022_x16_learnable_frequency_seed42/attempt_001/metrics/run_summary.json
content/bbbc022_x16_learnable_frequency_seed42,content,bbbc022_x16_learnable_frequency,42,sharpened_test_mse,0.000689195670808355,jobs/content/bbbc022_x16_learnable_frequency_seed42/attempt_001/metrics/run_summary.json
content/bbbc022_x16_learnable_frequency_seed42,content,bbbc022_x16_learnable_frequency,42,sharpened_test_ssim,0.9243099967638652,jobs/content/bbbc022_x16_learnable_frequency_seed42/attempt_001/metrics/run_summary.json
content/bbbc022_x16_learnable_frequency_seed42,content,bbbc022_x16_learnable_frequency,42,thresholded_test_mse,0.0007680541564089557,jobs/content/bbbc022_x16_learnable_frequency_seed42/attempt_001/metrics/run_summary.json
content/bbbc022_x16_learnable_frequency_seed42,content,bbbc022_x16_learnable_frequency,42,thresholded_test_ssim,0.9207425832748413,jobs/content/bbbc022_x16_learnable_frequency_seed42/attempt_001/metrics/run_summary.json
content/bbbc022_x16_learnable_frequency_seed42,content,bbbc022_x16_learnable_frequency,42,best_val_mse,0.0006574389757588506,jobs/content/bbbc022_x16_learnable_frequency_seed42/attempt_001/metrics/run_summary.json
content/bbbc022_x64_uniform_all_ones_seed42,content,bbbc022_x64_uniform_all_ones,42,test_mse,0.0057611600185434025,jobs/content/bbbc022_x64_uniform_all_ones_seed42/attempt_001/metrics/run_summary.json
content/bbbc022_x64_uniform_all_ones_seed42,content,bbbc022_x64_uniform_all_ones,42,test_ssim,0.8050818920135498,jobs/content/bbbc022_x64_uniform_all_ones_seed42/attempt_001/metrics/run_summary.json
content/bbbc022_x64_uniform_all_ones_seed42,content,bbbc022_x64_uniform_all_ones,42,best_val_mse,0.0053408917970955375,jobs/content/bbbc022_x64_uniform_all_ones_seed42/attempt_001/metrics/run_summary.json
content/bbbc022_x64_uniform_all_ones_seed42,content,bbbc022_x64_uniform_all_ones,42,final_val_mse,0.005521459318697452,jobs/content/bbbc022_x64_uniform_all_ones_seed42/attempt_001/metrics/run_summary.json
content/bbbc022_x64_random_fixed_seed42,content,bbbc022_x64_random_fixed,42,test_mse,0.0028895049821585418,jobs/content/bbbc022_x64_random_fixed_seed42/attempt_001/metrics/run_summary.json
content/bbbc022_x64_random_fixed_seed42,content,bbbc022_x64_random_fixed,42,test_ssim,0.8550044894218445,jobs/content/bbbc022_x64_random_fixed_seed42/attempt_001/metrics/run_summary.json
content/bbbc022_x64_random_fixed_seed42,content,bbbc022_x64_random_fixed,42,best_val_mse,0.0026806422509253027,jobs/content/bbbc022_x64_random_fixed_seed42/attempt_001/metrics/run_summary.json
content/bbbc022_x64_random_fixed_seed42,content,bbbc022_x64_random_fixed,42,final_val_mse,0.0029211060144007208,jobs/content/bbbc022_x64_random_fixed_seed42/attempt_001/metrics/run_summary.json
content/bbbc022_x64_hadamard_fixed_seed42,content,bbbc022_x64_hadamard_fixed,42,test_mse,0.0037504876342912513,jobs/content/bbbc022_x64_hadamard_fixed_seed42/attempt_001/metrics/run_summary.json
content/bbbc022_x64_hadamard_fixed_seed42,content,bbbc022_x64_hadamard_fixed,42,test_ssim,0.842522124449412,jobs/content/bbbc022_x64_hadamard_fixed_seed42/attempt_001/metrics/run_summary.json
content/bbbc022_x64_hadamard_fixed_seed42,content,bbbc022_x64_hadamard_fixed,42,best_val_mse,0.0032820924185216426,jobs/content/bbbc022_x64_hadamard_fixed_seed42/attempt_001/metrics/run_summary.json
content/bbbc022_x64_hadamard_fixed_seed42,content,bbbc022_x64_hadamard_fixed,42,final_val_mse,0.0033300856593996286,jobs/content/bbbc022_x64_hadamard_fixed_seed42/attempt_001/metrics/run_summary.json
content/bbbc022_x64_learnable_frequency_seed42,content,bbbc022_x64_learnable_frequency,42,test_mse,0.0011994436383247376,jobs/content/bbbc022_x64_learnable_frequency_seed42/attempt_001/metrics/run_summary.json
content/bbbc022_x64_learnable_frequency_seed42,content,bbbc022_x64_learnable_frequency,42,test_ssim,0.9036414424578348,jobs/content/bbbc022_x64_learnable_frequency_seed42/attempt_001/metrics/run_summary.json
content/bbbc022_x64_learnable_frequency_seed42,content,bbbc022_x64_learnable_frequency,42,sharpened_test_mse,0.001203315844759345,jobs/content/bbbc022_x64_learnable_frequency_seed42/attempt_001/metrics/run_summary.json
content/bbbc022_x64_learnable_frequency_seed42,content,bbbc022_x64_learnable_frequency,42,sharpened_test_ssim,0.9034221450487773,jobs/content/bbbc022_x64_learnable_frequency_seed42/attempt_001/metrics/run_summary.json
content/bbbc022_x64_learnable_frequency_seed42,content,bbbc022_x64_learnable_frequency,42,thresholded_test_mse,0.0013396690444399913,jobs/content/bbbc022_x64_learnable_frequency_seed42/attempt_001/metrics/run_summary.json
content/bbbc022_x64_learnable_frequency_seed42,content,bbbc022_x64_learnable_frequency,42,thresholded_test_ssim,0.898920726776123,jobs/content/bbbc022_x64_learnable_frequency_seed42/attempt_001/metrics/run_summary.json
content/bbbc022_x64_learnable_frequency_seed42,content,bbbc022_x64_learnable_frequency,42,best_val_mse,0.0011440577916800975,jobs/content/bbbc022_x64_learnable_frequency_seed42/attempt_001/metrics/run_summary.json
content/bbbc022_x256_uniform_all_ones_seed42,content,bbbc022_x256_uniform_all_ones,42,test_mse,0.024038390070199967,jobs/content/bbbc022_x256_uniform_all_ones_seed42/attempt_001/metrics/run_summary.json
content/bbbc022_x256_uniform_all_ones_seed42,content,bbbc022_x256_uniform_all_ones,42,test_ssim,0.6140775561332703,jobs/content/bbbc022_x256_uniform_all_ones_seed42/attempt_001/metrics/run_summary.json
content/bbbc022_x256_uniform_all_ones_seed42,content,bbbc022_x256_uniform_all_ones,42,best_val_mse,0.022711173072457312,jobs/content/bbbc022_x256_uniform_all_ones_seed42/attempt_001/metrics/run_summary.json
content/bbbc022_x256_uniform_all_ones_seed42,content,bbbc022_x256_uniform_all_ones,42,final_val_mse,0.024353376403450967,jobs/content/bbbc022_x256_uniform_all_ones_seed42/attempt_001/metrics/run_summary.json
content/bbbc022_x256_random_fixed_seed42,content,bbbc022_x256_random_fixed,42,test_mse,0.012464714484910171,jobs/content/bbbc022_x256_random_fixed_seed42/attempt_001/metrics/run_summary.json
content/bbbc022_x256_random_fixed_seed42,content,bbbc022_x256_random_fixed,42,test_ssim,0.701220699151357,jobs/content/bbbc022_x256_random_fixed_seed42/attempt_001/metrics/run_summary.json
content/bbbc022_x256_random_fixed_seed42,content,bbbc022_x256_random_fixed,42,best_val_mse,0.011804156936705112,jobs/content/bbbc022_x256_random_fixed_seed42/attempt_001/metrics/run_summary.json
content/bbbc022_x256_random_fixed_seed42,content,bbbc022_x256_random_fixed,42,final_val_mse,0.011804156936705112,jobs/content/bbbc022_x256_random_fixed_seed42/attempt_001/metrics/run_summary.json
content/bbbc022_x256_hadamard_fixed_seed42,content,bbbc022_x256_hadamard_fixed,42,test_mse,0.01726245122651259,jobs/content/bbbc022_x256_hadamard_fixed_seed42/attempt_001/metrics/run_summary.json
content/bbbc022_x256_hadamard_fixed_seed42,content,bbbc022_x256_hadamard_fixed,42,test_ssim,0.6538819829622905,jobs/content/bbbc022_x256_hadamard_fixed_seed42/attempt_001/metrics/run_summary.json
content/bbbc022_x256_hadamard_fixed_seed42,content,bbbc022_x256_hadamard_fixed,42,best_val_mse,0.01613001897931099,jobs/content/bbbc022_x256_hadamard_fixed_seed42/attempt_001/metrics/run_summary.json
content/bbbc022_x256_hadamard_fixed_seed42,content,bbbc022_x256_hadamard_fixed,42,final_val_mse,0.016577997244894505,jobs/content/bbbc022_x256_hadamard_fixed_seed42/attempt_001/metrics/run_summary.json
content/bbbc022_x256_learnable_frequency_seed42,content,bbbc022_x256_learnable_frequency,42,test_mse,0.0047241676288346445,jobs/content/bbbc022_x256_learnable_frequency_seed42/attempt_001/metrics/run_summary.json
content/bbbc022_x256_learnable_frequency_seed42,content,bbbc022_x256_learnable_frequency,42,test_ssim,0.819601841767629,jobs/content/bbbc022_x256_learnable_frequency_seed42/attempt_001/metrics/run_summary.json
content/bbbc022_x256_learnable_frequency_seed42,content,bbbc022_x256_learnable_frequency,42,sharpened_test_mse,0.004731247387826443,jobs/content/bbbc022_x256_learnable_frequency_seed42/attempt_001/metrics/run_summary.json
content/bbbc022_x256_learnable_frequency_seed42,content,bbbc022_x256_learnable_frequency,42,sharpened_test_ssim,0.8192769169807435,jobs/content/bbbc022_x256_learnable_frequency_seed42/attempt_001/metrics/run_summary.json
content/bbbc022_x256_learnable_frequency_seed42,content,bbbc022_x256_learnable_frequency,42,thresholded_test_mse,0.004837029582510392,jobs/content/bbbc022_x256_learnable_frequency_seed42/attempt_001/metrics/run_summary.json
content/bbbc022_x256_learnable_frequency_seed42,content,bbbc022_x256_learnable_frequency,42,thresholded_test_ssim,0.8170732696851094,jobs/content/bbbc022_x256_learnable_frequency_seed42/attempt_001/metrics/run_summary.json
content/bbbc022_x256_learnable_frequency_seed42,content,bbbc022_x256_learnable_frequency,42,best_val_mse,0.00448551275767386,jobs/content/bbbc022_x256_learnable_frequency_seed42/attempt_001/metrics/run_summary.json
content/bbbc022_x1024_uniform_all_ones_seed42,content,bbbc022_x1024_uniform_all_ones,42,test_mse,0.03908996333678563,jobs/content/bbbc022_x1024_uniform_all_ones_seed42/attempt_001/metrics/run_summary.json
content/bbbc022_x1024_uniform_all_ones_seed42,content,bbbc022_x1024_uniform_all_ones,42,test_ssim,0.5965706586837769,jobs/content/bbbc022_x1024_uniform_all_ones_seed42/attempt_001/metrics/run_summary.json
content/bbbc022_x1024_uniform_all_ones_seed42,content,bbbc022_x1024_uniform_all_ones,42,best_val_mse,0.036830640584230426,jobs/content/bbbc022_x1024_uniform_all_ones_seed42/attempt_001/metrics/run_summary.json
content/bbbc022_x1024_uniform_all_ones_seed42,content,bbbc022_x1024_uniform_all_ones,42,final_val_mse,0.0403685674071312,jobs/content/bbbc022_x1024_uniform_all_ones_seed42/attempt_001/metrics/run_summary.json
content/bbbc022_x1024_random_fixed_seed42,content,bbbc022_x1024_random_fixed,42,test_mse,0.03897848402460416,jobs/content/bbbc022_x1024_random_fixed_seed42/attempt_001/metrics/run_summary.json
content/bbbc022_x1024_random_fixed_seed42,content,bbbc022_x1024_random_fixed,42,test_ssim,0.5953811009724935,jobs/content/bbbc022_x1024_random_fixed_seed42/attempt_001/metrics/run_summary.json
content/bbbc022_x1024_random_fixed_seed42,content,bbbc022_x1024_random_fixed,42,best_val_mse,0.03673319965600967,jobs/content/bbbc022_x1024_random_fixed_seed42/attempt_001/metrics/run_summary.json
content/bbbc022_x1024_random_fixed_seed42,content,bbbc022_x1024_random_fixed,42,final_val_mse,0.039913402497768403,jobs/content/bbbc022_x1024_random_fixed_seed42/attempt_001/metrics/run_summary.json
content/bbbc022_x1024_hadamard_fixed_seed42,content,bbbc022_x1024_hadamard_fixed,42,test_mse,0.039558717608451845,jobs/content/bbbc022_x1024_hadamard_fixed_seed42/attempt_001/metrics/run_summary.json
content/bbbc022_x1024_hadamard_fixed_seed42,content,bbbc022_x1024_hadamard_fixed,42,test_ssim,0.5866679588953654,jobs/content/bbbc022_x1024_hadamard_fixed_seed42/attempt_001/metrics/run_summary.json
content/bbbc022_x1024_hadamard_fixed_seed42,content,bbbc022_x1024_hadamard_fixed,42,best_val_mse,0.037243200838565825,jobs/content/bbbc022_x1024_hadamard_fixed_seed42/attempt_001/metrics/run_summary.json
content/bbbc022_x1024_hadamard_fixed_seed42,content,bbbc022_x1024_hadamard_fixed,42,final_val_mse,0.040624271333217624,jobs/content/bbbc022_x1024_hadamard_fixed_seed42/attempt_001/metrics/run_summary.json
content/bbbc022_x1024_learnable_frequency_seed42,content,bbbc022_x1024_learnable_frequency,42,test_mse,0.026310852169990538,jobs/content/bbbc022_x1024_learnable_frequency_seed42/attempt_001/metrics/run_summary.json
content/bbbc022_x1024_learnable_frequency_seed42,content,bbbc022_x1024_learnable_frequency,42,test_ssim,0.6380141377449036,jobs/content/bbbc022_x1024_learnable_frequency_seed42/attempt_001/metrics/run_summary.json
content/bbbc022_x1024_learnable_frequency_seed42,content,bbbc022_x1024_learnable_frequency,42,sharpened_test_mse,0.026229908441503844,jobs/content/bbbc022_x1024_learnable_frequency_seed42/attempt_001/metrics/run_summary.json
content/bbbc022_x1024_learnable_frequency_seed42,content,bbbc022_x1024_learnable_frequency,42,sharpened_test_ssim,0.6374963879585266,jobs/content/bbbc022_x1024_learnable_frequency_seed42/attempt_001/metrics/run_summary.json
content/bbbc022_x1024_learnable_frequency_seed42,content,bbbc022_x1024_learnable_frequency,42,thresholded_test_mse,0.026260930051406225,jobs/content/bbbc022_x1024_learnable_frequency_seed42/attempt_001/metrics/run_summary.json
content/bbbc022_x1024_learnable_frequency_seed42,content,bbbc022_x1024_learnable_frequency,42,thresholded_test_ssim,0.6351855794588724,jobs/content/bbbc022_x1024_learnable_frequency_seed42/attempt_001/metrics/run_summary.json
content/bbbc022_x1024_learnable_frequency_seed42,content,bbbc022_x1024_learnable_frequency,42,best_val_mse,0.024177642539143562,jobs/content/bbbc022_x1024_learnable_frequency_seed42/attempt_001/metrics/run_summary.json
content/bbbc022_x16_uniform_all_ones_seed43,content,bbbc022_x16_uniform_all_ones,43,test_mse,0.0010612931490565339,jobs/content/bbbc022_x16_uniform_all_ones_seed43/attempt_001/metrics/run_summary.json
content/bbbc022_x16_uniform_all_ones_seed43,content,bbbc022_x16_uniform_all_ones,43,test_ssim,0.9112048149108887,jobs/content/bbbc022_x16_uniform_all_ones_seed43/attempt_001/metrics/run_summary.json
content/bbbc022_x16_uniform_all_ones_seed43,content,bbbc022_x16_uniform_all_ones,43,best_val_mse,0.000988520064856857,jobs/content/bbbc022_x16_uniform_all_ones_seed43/attempt_001/metrics/run_summary.json
content/bbbc022_x16_uniform_all_ones_seed43,content,bbbc022_x16_uniform_all_ones,43,final_val_mse,0.0010646041948348284,jobs/content/bbbc022_x16_uniform_all_ones_seed43/attempt_001/metrics/run_summary.json
content/bbbc022_x16_random_fixed_seed43,content,bbbc022_x16_random_fixed,43,test_mse,0.0007824488100595772,jobs/content/bbbc022_x16_random_fixed_seed43/attempt_001/metrics/run_summary.json
content/bbbc022_x16_random_fixed_seed43,content,bbbc022_x16_random_fixed,43,test_ssim,0.9218414783477783,jobs/content/bbbc022_x16_random_fixed_seed43/attempt_001/metrics/run_summary.json
content/bbbc022_x16_random_fixed_seed43,content,bbbc022_x16_random_fixed,43,best_val_mse,0.0007428635144606233,jobs/content/bbbc022_x16_random_fixed_seed43/attempt_001/metrics/run_summary.json
content/bbbc022_x16_random_fixed_seed43,content,bbbc022_x16_random_fixed,43,final_val_mse,0.0007428635144606233,jobs/content/bbbc022_x16_random_fixed_seed43/attempt_001/metrics/run_summary.json
content/bbbc022_x16_hadamard_fixed_seed43,content,bbbc022_x16_hadamard_fixed,43,test_mse,0.0008031216915696859,jobs/content/bbbc022_x16_hadamard_fixed_seed43/attempt_001/metrics/run_summary.json
content/bbbc022_x16_hadamard_fixed_seed43,content,bbbc022_x16_hadamard_fixed,43,test_ssim,0.9222814957300822,jobs/content/bbbc022_x16_hadamard_fixed_seed43/attempt_001/metrics/run_summary.json
content/bbbc022_x16_hadamard_fixed_seed43,content,bbbc022_x16_hadamard_fixed,43,best_val_mse,0.0007353729335591197,jobs/content/bbbc022_x16_hadamard_fixed_seed43/attempt_001/metrics/run_summary.json
content/bbbc022_x16_hadamard_fixed_seed43,content,bbbc022_x16_hadamard_fixed,43,final_val_mse,0.0007712570019066334,jobs/content/bbbc022_x16_hadamard_fixed_seed43/attempt_001/metrics/run_summary.json
content/bbbc022_x16_learnable_frequency_seed43,content,bbbc022_x16_learnable_frequency,43,test_mse,0.0009463477957372864,jobs/content/bbbc022_x16_learnable_frequency_seed43/attempt_002/metrics/run_summary.json
content/bbbc022_x16_learnable_frequency_seed43,content,bbbc022_x16_learnable_frequency,43,test_ssim,0.9149369517962138,jobs/content/bbbc022_x16_learnable_frequency_seed43/attempt_002/metrics/run_summary.json
content/bbbc022_x16_learnable_frequency_seed43,content,bbbc022_x16_learnable_frequency,43,sharpened_test_mse,0.0009461570375909408,jobs/content/bbbc022_x16_learnable_frequency_seed43/attempt_002/metrics/run_summary.json
content/bbbc022_x16_learnable_frequency_seed43,content,bbbc022_x16_learnable_frequency,43,sharpened_test_ssim,0.9149480779965719,jobs/content/bbbc022_x16_learnable_frequency_seed43/attempt_002/metrics/run_summary.json
content/bbbc022_x16_learnable_frequency_seed43,content,bbbc022_x16_learnable_frequency,43,thresholded_test_mse,0.000974762300029397,jobs/content/bbbc022_x16_learnable_frequency_seed43/attempt_002/metrics/run_summary.json
content/bbbc022_x16_learnable_frequency_seed43,content,bbbc022_x16_learnable_frequency,43,thresholded_test_ssim,0.9140366673469543,jobs/content/bbbc022_x16_learnable_frequency_seed43/attempt_002/metrics/run_summary.json
content/bbbc022_x16_learnable_frequency_seed43,content,bbbc022_x16_learnable_frequency,43,best_val_mse,0.0008805314544588327,jobs/content/bbbc022_x16_learnable_frequency_seed43/attempt_002/metrics/run_summary.json
content/bbbc022_x64_uniform_all_ones_seed43,content,bbbc022_x64_uniform_all_ones,43,test_mse,0.00572707261890173,jobs/content/bbbc022_x64_uniform_all_ones_seed43/attempt_001/metrics/run_summary.json
content/bbbc022_x64_uniform_all_ones_seed43,content,bbbc022_x64_uniform_all_ones,43,test_ssim,0.8059094786643982,jobs/content/bbbc022_x64_uniform_all_ones_seed43/attempt_001/metrics/run_summary.json
content/bbbc022_x64_uniform_all_ones_seed43,content,bbbc022_x64_uniform_all_ones,43,best_val_mse,0.00532348807901144,jobs/content/bbbc022_x64_uniform_all_ones_seed43/attempt_001/metrics/run_summary.json
content/bbbc022_x64_uniform_all_ones_seed43,content,bbbc022_x64_uniform_all_ones,43,final_val_mse,0.005478174518793821,jobs/content/bbbc022_x64_uniform_all_ones_seed43/attempt_001/metrics/run_summary.json
content/bbbc022_x64_random_fixed_seed43,content,bbbc022_x64_random_fixed,43,test_mse,0.002881317554662625,jobs/content/bbbc022_x64_random_fixed_seed43/attempt_001/metrics/run_summary.json
content/bbbc022_x64_random_fixed_seed43,content,bbbc022_x64_random_fixed,43,test_ssim,0.8543324073155721,jobs/content/bbbc022_x64_random_fixed_seed43/attempt_001/metrics/run_summary.json
content/bbbc022_x64_random_fixed_seed43,content,bbbc022_x64_random_fixed,43,best_val_mse,0.002685973281040788,jobs/content/bbbc022_x64_random_fixed_seed43/attempt_001/metrics/run_summary.json
content/bbbc022_x64_random_fixed_seed43,content,bbbc022_x64_random_fixed,43,final_val_mse,0.0027829762548208237,jobs/content/bbbc022_x64_random_fixed_seed43/attempt_001/metrics/run_summary.json
content/bbbc022_x64_hadamard_fixed_seed43,content,bbbc022_x64_hadamard_fixed,43,test_mse,0.0037825540639460087,jobs/content/bbbc022_x64_hadamard_fixed_seed43/attempt_001/metrics/run_summary.json
content/bbbc022_x64_hadamard_fixed_seed43,content,bbbc022_x64_hadamard_fixed,43,test_ssim,0.8405466914176941,jobs/content/bbbc022_x64_hadamard_fixed_seed43/attempt_001/metrics/run_summary.json
content/bbbc022_x64_hadamard_fixed_seed43,content,bbbc022_x64_hadamard_fixed,43,best_val_mse,0.0033081044908612966,jobs/content/bbbc022_x64_hadamard_fixed_seed43/attempt_001/metrics/run_summary.json
content/bbbc022_x64_hadamard_fixed_seed43,content,bbbc022_x64_hadamard_fixed,43,final_val_mse,0.0033158062491565944,jobs/content/bbbc022_x64_hadamard_fixed_seed43/attempt_001/metrics/run_summary.json
content/bbbc022_x64_learnable_frequency_seed43,content,bbbc022_x64_learnable_frequency,43,test_mse,0.0012647909655546148,jobs/content/bbbc022_x64_learnable_frequency_seed43/attempt_001/metrics/run_summary.json
content/bbbc022_x64_learnable_frequency_seed43,content,bbbc022_x64_learnable_frequency,43,test_ssim,0.9025224367777507,jobs/content/bbbc022_x64_learnable_frequency_seed43/attempt_001/metrics/run_summary.json
content/bbbc022_x64_learnable_frequency_seed43,content,bbbc022_x64_learnable_frequency,43,sharpened_test_mse,0.0012676885506759086,jobs/content/bbbc022_x64_learnable_frequency_seed43/attempt_001/metrics/run_summary.json
content/bbbc022_x64_learnable_frequency_seed43,content,bbbc022_x64_learnable_frequency,43,sharpened_test_ssim,0.9025366107622782,jobs/content/bbbc022_x64_learnable_frequency_seed43/attempt_001/metrics/run_summary.json
content/bbbc022_x64_learnable_frequency_seed43,content,bbbc022_x64_learnable_frequency,43,thresholded_test_mse,0.001416152180172503,jobs/content/bbbc022_x64_learnable_frequency_seed43/attempt_001/metrics/run_summary.json
content/bbbc022_x64_learnable_frequency_seed43,content,bbbc022_x64_learnable_frequency,43,thresholded_test_ssim,0.8982448259989421,jobs/content/bbbc022_x64_learnable_frequency_seed43/attempt_001/metrics/run_summary.json
content/bbbc022_x64_learnable_frequency_seed43,content,bbbc022_x64_learnable_frequency,43,best_val_mse,0.0011735058156773447,jobs/content/bbbc022_x64_learnable_frequency_seed43/attempt_001/metrics/run_summary.json
content/bbbc022_x256_uniform_all_ones_seed43,content,bbbc022_x256_uniform_all_ones,43,test_mse,0.024455784633755685,jobs/content/bbbc022_x256_uniform_all_ones_seed43/attempt_001/metrics/run_summary.json
content/bbbc022_x256_uniform_all_ones_seed43,content,bbbc022_x256_uniform_all_ones,43,test_ssim,0.6185074885686238,jobs/content/bbbc022_x256_uniform_all_ones_seed43/attempt_001/metrics/run_summary.json
content/bbbc022_x256_uniform_all_ones_seed43,content,bbbc022_x256_uniform_all_ones,43,best_val_mse,0.023144319653511047,jobs/content/bbbc022_x256_uniform_all_ones_seed43/attempt_001/metrics/run_summary.json
content/bbbc022_x256_uniform_all_ones_seed43,content,bbbc022_x256_uniform_all_ones,43,final_val_mse,0.023776035383343698,jobs/content/bbbc022_x256_uniform_all_ones_seed43/attempt_001/metrics/run_summary.json
content/bbbc022_x256_random_fixed_seed43,content,bbbc022_x256_random_fixed,43,test_mse,0.01307811972995599,jobs/content/bbbc022_x256_random_fixed_seed43/attempt_001/metrics/run_summary.json
content/bbbc022_x256_random_fixed_seed43,content,bbbc022_x256_random_fixed,43,test_ssim,0.6974191943804423,jobs/content/bbbc022_x256_random_fixed_seed43/attempt_001/metrics/run_summary.json
content/bbbc022_x256_random_fixed_seed43,content,bbbc022_x256_random_fixed,43,best_val_mse,0.01214321404695511,jobs/content/bbbc022_x256_random_fixed_seed43/attempt_001/metrics/run_summary.json
content/bbbc022_x256_random_fixed_seed43,content,bbbc022_x256_random_fixed,43,final_val_mse,0.012910733371973038,jobs/content/bbbc022_x256_random_fixed_seed43/attempt_001/metrics/run_summary.json
content/bbbc022_x256_hadamard_fixed_seed43,content,bbbc022_x256_hadamard_fixed,43,test_mse,0.017416345576445263,jobs/content/bbbc022_x256_hadamard_fixed_seed43/attempt_001/metrics/run_summary.json
content/bbbc022_x256_hadamard_fixed_seed43,content,bbbc022_x256_hadamard_fixed,43,test_ssim,0.654074740409851,jobs/content/bbbc022_x256_hadamard_fixed_seed43/attempt_001/metrics/run_summary.json
content/bbbc022_x256_hadamard_fixed_seed43,content,bbbc022_x256_hadamard_fixed,43,best_val_mse,0.01625334918498993,jobs/content/bbbc022_x256_hadamard_fixed_seed43/attempt_001/metrics/run_summary.json
content/bbbc022_x256_hadamard_fixed_seed43,content,bbbc022_x256_hadamard_fixed,43,final_val_mse,0.016814330033957957,jobs/content/bbbc022_x256_hadamard_fixed_seed43/attempt_001/metrics/run_summary.json
content/bbbc022_x256_learnable_frequency_seed43,content,bbbc022_x256_learnable_frequency,43,test_mse,0.004609583628674348,jobs/content/bbbc022_x256_learnable_frequency_seed43/attempt_001/metrics/run_summary.json
content/bbbc022_x256_learnable_frequency_seed43,content,bbbc022_x256_learnable_frequency,43,test_ssim,0.8197320580482483,jobs/content/bbbc022_x256_learnable_frequency_seed43/attempt_001/metrics/run_summary.json
content/bbbc022_x256_learnable_frequency_seed43,content,bbbc022_x256_learnable_frequency,43,sharpened_test_mse,0.00459036851922671,jobs/content/bbbc022_x256_learnable_frequency_seed43/attempt_001/metrics/run_summary.json
content/bbbc022_x256_learnable_frequency_seed43,content,bbbc022_x256_learnable_frequency,43,sharpened_test_ssim,0.8204539338747661,jobs/content/bbbc022_x256_learnable_frequency_seed43/attempt_001/metrics/run_summary.json
content/bbbc022_x256_learnable_frequency_seed43,content,bbbc022_x256_learnable_frequency,43,thresholded_test_mse,0.004664673159519832,jobs/content/bbbc022_x256_learnable_frequency_seed43/attempt_001/metrics/run_summary.json
content/bbbc022_x256_learnable_frequency_seed43,content,bbbc022_x256_learnable_frequency,43,thresholded_test_ssim,0.8199259638786316,jobs/content/bbbc022_x256_learnable_frequency_seed43/attempt_001/metrics/run_summary.json
content/bbbc022_x256_learnable_frequency_seed43,content,bbbc022_x256_learnable_frequency,43,best_val_mse,0.004389194678515196,jobs/content/bbbc022_x256_learnable_frequency_seed43/attempt_001/metrics/run_summary.json
content/bbbc022_x1024_uniform_all_ones_seed43,content,bbbc022_x1024_uniform_all_ones,43,test_mse,0.03906526366869609,jobs/content/bbbc022_x1024_uniform_all_ones_seed43/attempt_001/metrics/run_summary.json
content/bbbc022_x1024_uniform_all_ones_seed43,content,bbbc022_x1024_uniform_all_ones,43,test_ssim,0.5963958342870076,jobs/content/bbbc022_x1024_uniform_all_ones_seed43/attempt_001/metrics/run_summary.json
content/bbbc022_x1024_uniform_all_ones_seed43,content,bbbc022_x1024_uniform_all_ones,43,best_val_mse,0.03686694875359535,jobs/content/bbbc022_x1024_uniform_all_ones_seed43/attempt_001/metrics/run_summary.json
content/bbbc022_x1024_uniform_all_ones_seed43,content,bbbc022_x1024_uniform_all_ones,43,final_val_mse,0.04003455191850662,jobs/content/bbbc022_x1024_uniform_all_ones_seed43/attempt_001/metrics/run_summary.json
content/bbbc022_x1024_random_fixed_seed43,content,bbbc022_x1024_random_fixed,43,test_mse,0.039106743534406026,jobs/content/bbbc022_x1024_random_fixed_seed43/attempt_001/metrics/run_summary.json
content/bbbc022_x1024_random_fixed_seed43,content,bbbc022_x1024_random_fixed,43,test_ssim,0.5970563689867655,jobs/content/bbbc022_x1024_random_fixed_seed43/attempt_001/metrics/run_summary.json
content/bbbc022_x1024_random_fixed_seed43,content,bbbc022_x1024_random_fixed,43,best_val_mse,0.03670646846294403,jobs/content/bbbc022_x1024_random_fixed_seed43/attempt_001/metrics/run_summary.json
content/bbbc022_x1024_random_fixed_seed43,content,bbbc022_x1024_random_fixed,43,final_val_mse,0.038970410078763965,jobs/content/bbbc022_x1024_random_fixed_seed43/attempt_001/metrics/run_summary.json
content/bbbc022_x1024_hadamard_fixed_seed43,content,bbbc022_x1024_hadamard_fixed,43,test_mse,0.03867214024066925,jobs/content/bbbc022_x1024_hadamard_fixed_seed43/attempt_001/metrics/run_summary.json
content/bbbc022_x1024_hadamard_fixed_seed43,content,bbbc022_x1024_hadamard_fixed,43,test_ssim,0.5913106203079224,jobs/content/bbbc022_x1024_hadamard_fixed_seed43/attempt_001/metrics/run_summary.json
content/bbbc022_x1024_hadamard_fixed_seed43,content,bbbc022_x1024_hadamard_fixed,43,best_val_mse,0.03653789758682251,jobs/content/bbbc022_x1024_hadamard_fixed_seed43/attempt_001/metrics/run_summary.json
content/bbbc022_x1024_hadamard_fixed_seed43,content,bbbc022_x1024_hadamard_fixed,43,final_val_mse,0.040197746455669404,jobs/content/bbbc022_x1024_hadamard_fixed_seed43/attempt_001/metrics/run_summary.json
content/bbbc022_x1024_learnable_frequency_seed43,content,bbbc022_x1024_learnable_frequency,43,test_mse,0.023271964242060978,jobs/content/bbbc022_x1024_learnable_frequency_seed43/attempt_001/metrics/run_summary.json
content/bbbc022_x1024_learnable_frequency_seed43,content,bbbc022_x1024_learnable_frequency,43,test_ssim,0.6565168062845866,jobs/content/bbbc022_x1024_learnable_frequency_seed43/attempt_001/metrics/run_summary.json
content/bbbc022_x1024_learnable_frequency_seed43,content,bbbc022_x1024_learnable_frequency,43,sharpened_test_mse,0.02321910411119461,jobs/content/bbbc022_x1024_learnable_frequency_seed43/attempt_001/metrics/run_summary.json
content/bbbc022_x1024_learnable_frequency_seed43,content,bbbc022_x1024_learnable_frequency,43,sharpened_test_ssim,0.6565326770146688,jobs/content/bbbc022_x1024_learnable_frequency_seed43/attempt_001/metrics/run_summary.json
content/bbbc022_x1024_learnable_frequency_seed43,content,bbbc022_x1024_learnable_frequency,43,thresholded_test_mse,0.023258890335758526,jobs/content/bbbc022_x1024_learnable_frequency_seed43/attempt_001/metrics/run_summary.json
content/bbbc022_x1024_learnable_frequency_seed43,content,bbbc022_x1024_learnable_frequency,43,thresholded_test_ssim,0.6551761627197266,jobs/content/bbbc022_x1024_learnable_frequency_seed43/attempt_001/metrics/run_summary.json
content/bbbc022_x1024_learnable_frequency_seed43,content,bbbc022_x1024_learnable_frequency,43,best_val_mse,0.020944944024085997,jobs/content/bbbc022_x1024_learnable_frequency_seed43/attempt_001/metrics/run_summary.json
content/bbbc022_x16_uniform_all_ones_seed44,content,bbbc022_x16_uniform_all_ones,44,test_mse,0.001038166593449811,jobs/content/bbbc022_x16_uniform_all_ones_seed44/attempt_001/metrics/run_summary.json
content/bbbc022_x16_uniform_all_ones_seed44,content,bbbc022_x16_uniform_all_ones,44,test_ssim,0.9127062638600667,jobs/content/bbbc022_x16_uniform_all_ones_seed44/attempt_001/metrics/run_summary.json
content/bbbc022_x16_uniform_all_ones_seed44,content,bbbc022_x16_uniform_all_ones,44,best_val_mse,0.0009637816576287151,jobs/content/bbbc022_x16_uniform_all_ones_seed44/attempt_001/metrics/run_summary.json
content/bbbc022_x16_uniform_all_ones_seed44,content,bbbc022_x16_uniform_all_ones,44,final_val_mse,0.0009839223232120276,jobs/content/bbbc022_x16_uniform_all_ones_seed44/attempt_001/metrics/run_summary.json
content/bbbc022_x16_random_fixed_seed44,content,bbbc022_x16_random_fixed,44,test_mse,0.0007372507941909134,jobs/content/bbbc022_x16_random_fixed_seed44/attempt_001/metrics/run_summary.json
content/bbbc022_x16_random_fixed_seed44,content,bbbc022_x16_random_fixed,44,test_ssim,0.9242796818415324,jobs/content/bbbc022_x16_random_fixed_seed44/attempt_001/metrics/run_summary.json
content/bbbc022_x16_random_fixed_seed44,content,bbbc022_x16_random_fixed,44,best_val_mse,0.0006988911191001534,jobs/content/bbbc022_x16_random_fixed_seed44/attempt_001/metrics/run_summary.json
content/bbbc022_x16_random_fixed_seed44,content,bbbc022_x16_random_fixed,44,final_val_mse,0.0007358166389167309,jobs/content/bbbc022_x16_random_fixed_seed44/attempt_001/metrics/run_summary.json
content/bbbc022_x16_hadamard_fixed_seed44,content,bbbc022_x16_hadamard_fixed,44,test_mse,0.0007474982257311542,jobs/content/bbbc022_x16_hadamard_fixed_seed44/attempt_001/metrics/run_summary.json
content/bbbc022_x16_hadamard_fixed_seed44,content,bbbc022_x16_hadamard_fixed,44,test_ssim,0.9257849136988322,jobs/content/bbbc022_x16_hadamard_fixed_seed44/attempt_001/metrics/run_summary.json
content/bbbc022_x16_hadamard_fixed_seed44,content,bbbc022_x16_hadamard_fixed,44,best_val_mse,0.0006903920788317919,jobs/content/bbbc022_x16_hadamard_fixed_seed44/attempt_001/metrics/run_summary.json
content/bbbc022_x16_hadamard_fixed_seed44,content,bbbc022_x16_hadamard_fixed,44,final_val_mse,0.0006903920788317919,jobs/content/bbbc022_x16_hadamard_fixed_seed44/attempt_001/metrics/run_summary.json
content/bbbc022_x16_learnable_frequency_seed44,content,bbbc022_x16_learnable_frequency,44,test_mse,0.0006192514090798795,jobs/content/bbbc022_x16_learnable_frequency_seed44/attempt_001/metrics/run_summary.json
content/bbbc022_x16_learnable_frequency_seed44,content,bbbc022_x16_learnable_frequency,44,test_ssim,0.930686108271281,jobs/content/bbbc022_x16_learnable_frequency_seed44/attempt_001/metrics/run_summary.json
content/bbbc022_x16_learnable_frequency_seed44,content,bbbc022_x16_learnable_frequency,44,sharpened_test_mse,0.0006170136427196363,jobs/content/bbbc022_x16_learnable_frequency_seed44/attempt_001/metrics/run_summary.json
content/bbbc022_x16_learnable_frequency_seed44,content,bbbc022_x16_learnable_frequency,44,sharpened_test_ssim,0.9307644009590149,jobs/content/bbbc022_x16_learnable_frequency_seed44/attempt_001/metrics/run_summary.json
content/bbbc022_x16_learnable_frequency_seed44,content,bbbc022_x16_learnable_frequency,44,thresholded_test_mse,0.0007226201783244808,jobs/content/bbbc022_x16_learnable_frequency_seed44/attempt_001/metrics/run_summary.json
content/bbbc022_x16_learnable_frequency_seed44,content,bbbc022_x16_learnable_frequency,44,thresholded_test_ssim,0.9257810592651368,jobs/content/bbbc022_x16_learnable_frequency_seed44/attempt_001/metrics/run_summary.json
content/bbbc022_x16_learnable_frequency_seed44,content,bbbc022_x16_learnable_frequency,44,best_val_mse,0.0005956379056442529,jobs/content/bbbc022_x16_learnable_frequency_seed44/attempt_001/metrics/run_summary.json
content/bbbc022_x64_uniform_all_ones_seed44,content,bbbc022_x64_uniform_all_ones,44,test_mse,0.005803619356205066,jobs/content/bbbc022_x64_uniform_all_ones_seed44/attempt_001/metrics/run_summary.json
content/bbbc022_x64_uniform_all_ones_seed44,content,bbbc022_x64_uniform_all_ones,44,test_ssim,0.8035715619723002,jobs/content/bbbc022_x64_uniform_all_ones_seed44/attempt_001/metrics/run_summary.json
content/bbbc022_x64_uniform_all_ones_seed44,content,bbbc022_x64_uniform_all_ones,44,best_val_mse,0.005363706313073635,jobs/content/bbbc022_x64_uniform_all_ones_seed44/attempt_001/metrics/run_summary.json
content/bbbc022_x64_uniform_all_ones_seed44,content,bbbc022_x64_uniform_all_ones,44,final_val_mse,0.005471774842590094,jobs/content/bbbc022_x64_uniform_all_ones_seed44/attempt_001/metrics/run_summary.json
content/bbbc022_x64_random_fixed_seed44,content,bbbc022_x64_random_fixed,44,test_mse,0.002851268850887815,jobs/content/bbbc022_x64_random_fixed_seed44/attempt_001/metrics/run_summary.json
content/bbbc022_x64_random_fixed_seed44,content,bbbc022_x64_random_fixed,44,test_ssim,0.8562431613604228,jobs/content/bbbc022_x64_random_fixed_seed44/attempt_001/metrics/run_summary.json
content/bbbc022_x64_random_fixed_seed44,content,bbbc022_x64_random_fixed,44,best_val_mse,0.0025806304067373274,jobs/content/bbbc022_x64_random_fixed_seed44/attempt_001/metrics/run_summary.json
content/bbbc022_x64_random_fixed_seed44,content,bbbc022_x64_random_fixed,44,final_val_mse,0.0026744669303297997,jobs/content/bbbc022_x64_random_fixed_seed44/attempt_001/metrics/run_summary.json
content/bbbc022_x64_hadamard_fixed_seed44,content,bbbc022_x64_hadamard_fixed,44,test_mse,0.003698876593261957,jobs/content/bbbc022_x64_hadamard_fixed_seed44/attempt_001/metrics/run_summary.json
content/bbbc022_x64_hadamard_fixed_seed44,content,bbbc022_x64_hadamard_fixed,44,test_ssim,0.8429647246996562,jobs/content/bbbc022_x64_hadamard_fixed_seed44/attempt_001/metrics/run_summary.json
content/bbbc022_x64_hadamard_fixed_seed44,content,bbbc022_x64_hadamard_fixed,44,best_val_mse,0.0032415959984064104,jobs/content/bbbc022_x64_hadamard_fixed_seed44/attempt_001/metrics/run_summary.json
content/bbbc022_x64_hadamard_fixed_seed44,content,bbbc022_x64_hadamard_fixed,44,final_val_mse,0.003280190657824278,jobs/content/bbbc022_x64_hadamard_fixed_seed44/attempt_001/metrics/run_summary.json
content/bbbc022_x64_learnable_frequency_seed44,content,bbbc022_x64_learnable_frequency,44,test_mse,0.001141454721800983,jobs/content/bbbc022_x64_learnable_frequency_seed44/attempt_001/metrics/run_summary.json
content/bbbc022_x64_learnable_frequency_seed44,content,bbbc022_x64_learnable_frequency,44,test_ssim,0.9059364755948385,jobs/content/bbbc022_x64_learnable_frequency_seed44/attempt_001/metrics/run_summary.json
content/bbbc022_x64_learnable_frequency_seed44,content,bbbc022_x64_learnable_frequency,44,sharpened_test_mse,0.0011334871019547184,jobs/content/bbbc022_x64_learnable_frequency_seed44/attempt_001/metrics/run_summary.json
content/bbbc022_x64_learnable_frequency_seed44,content,bbbc022_x64_learnable_frequency,44,sharpened_test_ssim,0.9061637441317241,jobs/content/bbbc022_x64_learnable_frequency_seed44/attempt_001/metrics/run_summary.json
content/bbbc022_x64_learnable_frequency_seed44,content,bbbc022_x64_learnable_frequency,44,thresholded_test_mse,0.0012586026452481747,jobs/content/bbbc022_x64_learnable_frequency_seed44/attempt_001/metrics/run_summary.json
content/bbbc022_x64_learnable_frequency_seed44,content,bbbc022_x64_learnable_frequency,44,thresholded_test_ssim,0.9020346721013387,jobs/content/bbbc022_x64_learnable_frequency_seed44/attempt_001/metrics/run_summary.json
content/bbbc022_x64_learnable_frequency_seed44,content,bbbc022_x64_learnable_frequency,44,best_val_mse,0.0010600095381960272,jobs/content/bbbc022_x64_learnable_frequency_seed44/attempt_001/metrics/run_summary.json
content/bbbc022_x256_uniform_all_ones_seed44,content,bbbc022_x256_uniform_all_ones,44,test_mse,0.02406683824956417,jobs/content/bbbc022_x256_uniform_all_ones_seed44/attempt_001/metrics/run_summary.json
content/bbbc022_x256_uniform_all_ones_seed44,content,bbbc022_x256_uniform_all_ones,44,test_ssim,0.6154605110486349,jobs/content/bbbc022_x256_uniform_all_ones_seed44/attempt_001/metrics/run_summary.json
content/bbbc022_x256_uniform_all_ones_seed44,content,bbbc022_x256_uniform_all_ones,44,best_val_mse,0.022840161621570588,jobs/content/bbbc022_x256_uniform_all_ones_seed44/attempt_001/metrics/run_summary.json
content/bbbc022_x256_uniform_all_ones_seed44,content,bbbc022_x256_uniform_all_ones,44,final_val_mse,0.02382630966603756,jobs/content/bbbc022_x256_uniform_all_ones_seed44/attempt_001/metrics/run_summary.json
content/bbbc022_x256_random_fixed_seed44,content,bbbc022_x256_random_fixed,44,test_mse,0.013374384865164757,jobs/content/bbbc022_x256_random_fixed_seed44/attempt_001/metrics/run_summary.json
content/bbbc022_x256_random_fixed_seed44,content,bbbc022_x256_random_fixed,44,test_ssim,0.6911940813064575,jobs/content/bbbc022_x256_random_fixed_seed44/attempt_001/metrics/run_summary.json
content/bbbc022_x256_random_fixed_seed44,content,bbbc022_x256_random_fixed,44,best_val_mse,0.012450574338436127,jobs/content/bbbc022_x256_random_fixed_seed44/attempt_001/metrics/run_summary.json
content/bbbc022_x256_random_fixed_seed44,content,bbbc022_x256_random_fixed,44,final_val_mse,0.012878407165408135,jobs/content/bbbc022_x256_random_fixed_seed44/attempt_001/metrics/run_summary.json
content/bbbc022_x256_hadamard_fixed_seed44,content,bbbc022_x256_hadamard_fixed,44,test_mse,0.01736592488984267,jobs/content/bbbc022_x256_hadamard_fixed_seed44/attempt_001/metrics/run_summary.json
content/bbbc022_x256_hadamard_fixed_seed44,content,bbbc022_x256_hadamard_fixed,44,test_ssim,0.6588174859682719,jobs/content/bbbc022_x256_hadamard_fixed_seed44/attempt_001/metrics/run_summary.json
content/bbbc022_x256_hadamard_fixed_seed44,content,bbbc022_x256_hadamard_fixed,44,best_val_mse,0.01633706297725439,jobs/content/bbbc022_x256_hadamard_fixed_seed44/attempt_001/metrics/run_summary.json
content/bbbc022_x256_hadamard_fixed_seed44,content,bbbc022_x256_hadamard_fixed,44,final_val_mse,0.016730643436312677,jobs/content/bbbc022_x256_hadamard_fixed_seed44/attempt_001/metrics/run_summary.json
content/bbbc022_x256_learnable_frequency_seed44,content,bbbc022_x256_learnable_frequency,44,test_mse,0.004675843225171169,jobs/content/bbbc022_x256_learnable_frequency_seed44/attempt_001/metrics/run_summary.json
content/bbbc022_x256_learnable_frequency_seed44,content,bbbc022_x256_learnable_frequency,44,test_ssim,0.8201764941215515,jobs/content/bbbc022_x256_learnable_frequency_seed44/attempt_001/metrics/run_summary.json
content/bbbc022_x256_learnable_frequency_seed44,content,bbbc022_x256_learnable_frequency,44,sharpened_test_mse,0.004652090805272261,jobs/content/bbbc022_x256_learnable_frequency_seed44/attempt_001/metrics/run_summary.json
content/bbbc022_x256_learnable_frequency_seed44,content,bbbc022_x256_learnable_frequency,44,sharpened_test_ssim,0.8205162088076273,jobs/content/bbbc022_x256_learnable_frequency_seed44/attempt_001/metrics/run_summary.json
content/bbbc022_x256_learnable_frequency_seed44,content,bbbc022_x256_learnable_frequency,44,thresholded_test_mse,0.004704675854494174,jobs/content/bbbc022_x256_learnable_frequency_seed44/attempt_001/metrics/run_summary.json
content/bbbc022_x256_learnable_frequency_seed44,content,bbbc022_x256_learnable_frequency,44,thresholded_test_ssim,0.819346030553182,jobs/content/bbbc022_x256_learnable_frequency_seed44/attempt_001/metrics/run_summary.json
content/bbbc022_x256_learnable_frequency_seed44,content,bbbc022_x256_learnable_frequency,44,best_val_mse,0.004437535908073187,jobs/content/bbbc022_x256_learnable_frequency_seed44/attempt_001/metrics/run_summary.json
content/bbbc022_x1024_uniform_all_ones_seed44,content,bbbc022_x1024_uniform_all_ones,44,test_mse,0.04080899879336357,jobs/content/bbbc022_x1024_uniform_all_ones_seed44/attempt_001/metrics/run_summary.json
content/bbbc022_x1024_uniform_all_ones_seed44,content,bbbc022_x1024_uniform_all_ones,44,test_ssim,0.5952680826187133,jobs/content/bbbc022_x1024_uniform_all_ones_seed44/attempt_001/metrics/run_summary.json
content/bbbc022_x1024_uniform_all_ones_seed44,content,bbbc022_x1024_uniform_all_ones,44,best_val_mse,0.0380865216255188,jobs/content/bbbc022_x1024_uniform_all_ones_seed44/attempt_001/metrics/run_summary.json
content/bbbc022_x1024_uniform_all_ones_seed44,content,bbbc022_x1024_uniform_all_ones,44,final_val_mse,0.03855337649583816,jobs/content/bbbc022_x1024_uniform_all_ones_seed44/attempt_001/metrics/run_summary.json
content/bbbc022_x1024_random_fixed_seed44,content,bbbc022_x1024_random_fixed,44,test_mse,0.03871849005421003,jobs/content/bbbc022_x1024_random_fixed_seed44/attempt_001/metrics/run_summary.json
content/bbbc022_x1024_random_fixed_seed44,content,bbbc022_x1024_random_fixed,44,test_ssim,0.5960996985435486,jobs/content/bbbc022_x1024_random_fixed_seed44/attempt_001/metrics/run_summary.json
content/bbbc022_x1024_random_fixed_seed44,content,bbbc022_x1024_random_fixed,44,best_val_mse,0.036595790088176726,jobs/content/bbbc022_x1024_random_fixed_seed44/attempt_001/metrics/run_summary.json
content/bbbc022_x1024_random_fixed_seed44,content,bbbc022_x1024_random_fixed,44,final_val_mse,0.03801807314157486,jobs/content/bbbc022_x1024_random_fixed_seed44/attempt_001/metrics/run_summary.json
content/bbbc022_x1024_hadamard_fixed_seed44,content,bbbc022_x1024_hadamard_fixed,44,test_mse,0.03953070839246114,jobs/content/bbbc022_x1024_hadamard_fixed_seed44/attempt_001/metrics/run_summary.json
content/bbbc022_x1024_hadamard_fixed_seed44,content,bbbc022_x1024_hadamard_fixed,44,test_ssim,0.6038652976353963,jobs/content/bbbc022_x1024_hadamard_fixed_seed44/attempt_001/metrics/run_summary.json
content/bbbc022_x1024_hadamard_fixed_seed44,content,bbbc022_x1024_hadamard_fixed,44,best_val_mse,0.037315544486045835,jobs/content/bbbc022_x1024_hadamard_fixed_seed44/attempt_001/metrics/run_summary.json
content/bbbc022_x1024_hadamard_fixed_seed44,content,bbbc022_x1024_hadamard_fixed,44,final_val_mse,0.040273284912109374,jobs/content/bbbc022_x1024_hadamard_fixed_seed44/attempt_001/metrics/run_summary.json
content/bbbc022_x1024_learnable_frequency_seed44,content,bbbc022_x1024_learnable_frequency,44,test_mse,0.0235830203940471,jobs/content/bbbc022_x1024_learnable_frequency_seed44/attempt_001/metrics/run_summary.json
content/bbbc022_x1024_learnable_frequency_seed44,content,bbbc022_x1024_learnable_frequency,44,test_ssim,0.6583900332450867,jobs/content/bbbc022_x1024_learnable_frequency_seed44/attempt_001/metrics/run_summary.json
content/bbbc022_x1024_learnable_frequency_seed44,content,bbbc022_x1024_learnable_frequency,44,sharpened_test_mse,0.023489610602458317,jobs/content/bbbc022_x1024_learnable_frequency_seed44/attempt_001/metrics/run_summary.json
content/bbbc022_x1024_learnable_frequency_seed44,content,bbbc022_x1024_learnable_frequency,44,sharpened_test_ssim,0.6580779155095419,jobs/content/bbbc022_x1024_learnable_frequency_seed44/attempt_001/metrics/run_summary.json
content/bbbc022_x1024_learnable_frequency_seed44,content,bbbc022_x1024_learnable_frequency,44,thresholded_test_mse,0.02344138137996197,jobs/content/bbbc022_x1024_learnable_frequency_seed44/attempt_001/metrics/run_summary.json
content/bbbc022_x1024_learnable_frequency_seed44,content,bbbc022_x1024_learnable_frequency,44,thresholded_test_ssim,0.6564676403999329,jobs/content/bbbc022_x1024_learnable_frequency_seed44/attempt_001/metrics/run_summary.json
content/bbbc022_x1024_learnable_frequency_seed44,content,bbbc022_x1024_learnable_frequency,44,best_val_mse,0.021359915286302565,jobs/content/bbbc022_x1024_learnable_frequency_seed44/attempt_001/metrics/run_summary.json
content_swinir/x16_random_fixed_seed42,content_swinir,x16_random_fixed,42,best_val_ssim,0.9143381372094155,jobs/content_swinir/x16_random_fixed_seed42/attempt_001/x16/random_fixed/metrics.json
content_swinir/x16_random_fixed_seed42,content_swinir,x16_random_fixed,42,best_val_mse,0.0007178846975875785,jobs/content_swinir/x16_random_fixed_seed42/attempt_001/x16/random_fixed/metrics.json
content_swinir/x16_random_fixed_seed42,content_swinir,x16_random_fixed,42,base_val_ssim,0.9210620805621147,jobs/content_swinir/x16_random_fixed_seed42/attempt_001/x16/random_fixed/metrics.json
content_swinir/x16_random_fixed_seed42,content_swinir,x16_random_fixed,42,base_val_mse,0.0008245707402238622,jobs/content_swinir/x16_random_fixed_seed42/attempt_001/x16/random_fixed/metrics.json
content_swinir/x16_random_fixed_seed42,content_swinir,x16_random_fixed,42,test.base_mse,0.0008769076499447692,jobs/content_swinir/x16_random_fixed_seed42/attempt_001/x16/random_fixed/metrics.json
content_swinir/x16_random_fixed_seed42,content_swinir,x16_random_fixed,42,test.base_ssim,0.9174875358740489,jobs/content_swinir/x16_random_fixed_seed42/attempt_001/x16/random_fixed/metrics.json
content_swinir/x16_random_fixed_seed42,content_swinir,x16_random_fixed,42,test.base_psnr,31.0548038482666,jobs/content_swinir/x16_random_fixed_seed42/attempt_001/x16/random_fixed/metrics.json
content_swinir/x16_random_fixed_seed42,content_swinir,x16_random_fixed,42,test.ref_mse,0.0007550535643531475,jobs/content_swinir/x16_random_fixed_seed42/attempt_001/x16/random_fixed/metrics.json
content_swinir/x16_random_fixed_seed42,content_swinir,x16_random_fixed,42,test.ref_ssim,0.9116300046443939,jobs/content_swinir/x16_random_fixed_seed42/attempt_001/x16/random_fixed/metrics.json
content_swinir/x16_random_fixed_seed42,content_swinir,x16_random_fixed,42,test.ref_psnr,31.666174093882244,jobs/content_swinir/x16_random_fixed_seed42/attempt_001/x16/random_fixed/metrics.json
content_swinir/x16_random_fixed_seed42,content_swinir,x16_random_fixed,42,delta_test_ssim,-0.005857531229654933,jobs/content_swinir/x16_random_fixed_seed42/attempt_001/x16/random_fixed/metrics.json
content_swinir/x16_random_fixed_seed42,content_swinir,x16_random_fixed,42,delta_test_mse,-0.0001218540855916217,jobs/content_swinir/x16_random_fixed_seed42/attempt_001/x16/random_fixed/metrics.json
content_swinir/x16_learnable_frequency_seed42,content_swinir,x16_learnable_frequency,42,best_val_ssim,0.9195978760719299,jobs/content_swinir/x16_learnable_frequency_seed42/attempt_001/x16/learnable_frequency/metrics.json
content_swinir/x16_learnable_frequency_seed42,content_swinir,x16_learnable_frequency,42,best_val_mse,0.0006080710485548479,jobs/content_swinir/x16_learnable_frequency_seed42/attempt_001/x16/learnable_frequency/metrics.json
content_swinir/x16_learnable_frequency_seed42,content_swinir,x16_learnable_frequency,42,base_val_ssim,0.9281171783804893,jobs/content_swinir/x16_learnable_frequency_seed42/attempt_001/x16/learnable_frequency/metrics.json
content_swinir/x16_learnable_frequency_seed42,content_swinir,x16_learnable_frequency,42,base_val_mse,0.0006574148104846244,jobs/content_swinir/x16_learnable_frequency_seed42/attempt_001/x16/learnable_frequency/metrics.json
content_swinir/x16_learnable_frequency_seed42,content_swinir,x16_learnable_frequency,42,test.base_mse,0.0006937726346222916,jobs/content_swinir/x16_learnable_frequency_seed42/attempt_001/x16/learnable_frequency/metrics.json
content_swinir/x16_learnable_frequency_seed42,content_swinir,x16_learnable_frequency,42,test.base_ssim,0.9252308706442515,jobs/content_swinir/x16_learnable_frequency_seed42/attempt_001/x16/learnable_frequency/metrics.json
content_swinir/x16_learnable_frequency_seed42,content_swinir,x16_learnable_frequency,42,test.base_psnr,32.070671780904135,jobs/content_swinir/x16_learnable_frequency_seed42/attempt_001/x16/learnable_frequency/metrics.json
content_swinir/x16_learnable_frequency_seed42,content_swinir,x16_learnable_frequency,42,test.ref_mse,0.0006343064102111384,jobs/content_swinir/x16_learnable_frequency_seed42/attempt_001/x16/learnable_frequency/metrics.json
content_swinir/x16_learnable_frequency_seed42,content_swinir,x16_learnable_frequency,42,test.ref_ssim,0.9174983302752177,jobs/content_swinir/x16_learnable_frequency_seed42/attempt_001/x16/learnable_frequency/metrics.json
content_swinir/x16_learnable_frequency_seed42,content_swinir,x16_learnable_frequency,42,test.ref_psnr,32.37793703079224,jobs/content_swinir/x16_learnable_frequency_seed42/attempt_001/x16/learnable_frequency/metrics.json
content_swinir/x16_learnable_frequency_seed42,content_swinir,x16_learnable_frequency,42,delta_test_ssim,-0.0077325403690338135,jobs/content_swinir/x16_learnable_frequency_seed42/attempt_001/x16/learnable_frequency/metrics.json
content_swinir/x16_learnable_frequency_seed42,content_swinir,x16_learnable_frequency,42,delta_test_mse,-5.946622441115317e-05,jobs/content_swinir/x16_learnable_frequency_seed42/attempt_001/x16/learnable_frequency/metrics.json
content_swinir/x64_random_fixed_seed42,content_swinir,x64_random_fixed,42,best_val_ssim,0.8774329975247384,jobs/content_swinir/x64_random_fixed_seed42/attempt_001/x64/random_fixed/metrics.json
content_swinir/x64_random_fixed_seed42,content_swinir,x64_random_fixed,42,best_val_mse,0.001950742815824924,jobs/content_swinir/x64_random_fixed_seed42/attempt_001/x64/random_fixed/metrics.json
content_swinir/x64_random_fixed_seed42,content_swinir,x64_random_fixed,42,base_val_ssim,0.8634616211056709,jobs/content_swinir/x64_random_fixed_seed42/attempt_001/x64/random_fixed/metrics.json
content_swinir/x64_random_fixed_seed42,content_swinir,x64_random_fixed,42,base_val_mse,0.0026806736968865152,jobs/content_swinir/x64_random_fixed_seed42/attempt_001/x64/random_fixed/metrics.json
content_swinir/x64_random_fixed_seed42,content_swinir,x64_random_fixed,42,test.base_mse,0.0028895722988333244,jobs/content_swinir/x64_random_fixed_seed42/attempt_001/x64/random_fixed/metrics.json
content_swinir/x64_random_fixed_seed42,content_swinir,x64_random_fixed,42,test.base_ssim,0.8550310065348943,jobs/content_swinir/x64_random_fixed_seed42/attempt_001/x64/random_fixed/metrics.json
content_swinir/x64_random_fixed_seed42,content_swinir,x64_random_fixed,42,test.base_psnr,25.87946523030599,jobs/content_swinir/x64_random_fixed_seed42/attempt_001/x64/random_fixed/metrics.json
content_swinir/x64_random_fixed_seed42,content_swinir,x64_random_fixed,42,test.ref_mse,0.002127064191154204,jobs/content_swinir/x64_random_fixed_seed42/attempt_001/x64/random_fixed/metrics.json
content_swinir/x64_random_fixed_seed42,content_swinir,x64_random_fixed,42,test.ref_ssim,0.871452271938324,jobs/content_swinir/x64_random_fixed_seed42/attempt_001/x64/random_fixed/metrics.json
content_swinir/x64_random_fixed_seed42,content_swinir,x64_random_fixed,42,test.ref_psnr,27.306291135152183,jobs/content_swinir/x64_random_fixed_seed42/attempt_001/x64/random_fixed/metrics.json
content_swinir/x64_random_fixed_seed42,content_swinir,x64_random_fixed,42,delta_test_ssim,0.016421265403429697,jobs/content_swinir/x64_random_fixed_seed42/attempt_001/x64/random_fixed/metrics.json
content_swinir/x64_random_fixed_seed42,content_swinir,x64_random_fixed,42,delta_test_mse,-0.0007625081076791202,jobs/content_swinir/x64_random_fixed_seed42/attempt_001/x64/random_fixed/metrics.json
content_swinir/x64_learnable_frequency_seed42,content_swinir,x64_learnable_frequency,42,best_val_ssim,0.9052366614341736,jobs/content_swinir/x64_learnable_frequency_seed42/attempt_001/x64/learnable_frequency/metrics.json
content_swinir/x64_learnable_frequency_seed42,content_swinir,x64_learnable_frequency,42,best_val_mse,0.0009497485923930071,jobs/content_swinir/x64_learnable_frequency_seed42/attempt_001/x64/learnable_frequency/metrics.json
content_swinir/x64_learnable_frequency_seed42,content_swinir,x64_learnable_frequency,42,base_val_ssim,0.907838499546051,jobs/content_swinir/x64_learnable_frequency_seed42/attempt_001/x64/learnable_frequency/metrics.json
content_swinir/x64_learnable_frequency_seed42,content_swinir,x64_learnable_frequency,42,base_val_mse,0.0011440627444244456,jobs/content_swinir/x64_learnable_frequency_seed42/attempt_001/x64/learnable_frequency/metrics.json
content_swinir/x64_learnable_frequency_seed42,content_swinir,x64_learnable_frequency,42,test.base_mse,0.0012165307891943181,jobs/content_swinir/x64_learnable_frequency_seed42/attempt_001/x64/learnable_frequency/metrics.json
content_swinir/x64_learnable_frequency_seed42,content_swinir,x64_learnable_frequency,42,test.base_ssim,0.9032477527856827,jobs/content_swinir/x64_learnable_frequency_seed42/attempt_001/x64/learnable_frequency/metrics.json
content_swinir/x64_learnable_frequency_seed42,content_swinir,x64_learnable_frequency,42,test.base_psnr,29.64946791330973,jobs/content_swinir/x64_learnable_frequency_seed42/attempt_001/x64/learnable_frequency/metrics.json
content_swinir/x64_learnable_frequency_seed42,content_swinir,x64_learnable_frequency,42,test.ref_mse,0.0010068596178219498,jobs/content_swinir/x64_learnable_frequency_seed42/attempt_001/x64/learnable_frequency/metrics.json
content_swinir/x64_learnable_frequency_seed42,content_swinir,x64_learnable_frequency,42,test.ref_ssim,0.9023255566755931,jobs/content_swinir/x64_learnable_frequency_seed42/attempt_001/x64/learnable_frequency/metrics.json
content_swinir/x64_learnable_frequency_seed42,content_swinir,x64_learnable_frequency,42,test.ref_psnr,30.446531168619792,jobs/content_swinir/x64_learnable_frequency_seed42/attempt_001/x64/learnable_frequency/metrics.json
content_swinir/x64_learnable_frequency_seed42,content_swinir,x64_learnable_frequency,42,delta_test_ssim,-0.0009221961100895903,jobs/content_swinir/x64_learnable_frequency_seed42/attempt_001/x64/learnable_frequency/metrics.json
content_swinir/x64_learnable_frequency_seed42,content_swinir,x64_learnable_frequency,42,delta_test_mse,-0.00020967117137236837,jobs/content_swinir/x64_learnable_frequency_seed42/attempt_001/x64/learnable_frequency/metrics.json
content_swinir/x256_random_fixed_seed42,content_swinir,x256_random_fixed,42,best_val_ssim,0.7689721643924713,jobs/content_swinir/x256_random_fixed_seed42/attempt_001/x256/random_fixed/metrics.json
content_swinir/x256_random_fixed_seed42,content_swinir,x256_random_fixed,42,best_val_mse,0.010437482123961672,jobs/content_swinir/x256_random_fixed_seed42/attempt_001/x256/random_fixed/metrics.json
content_swinir/x256_random_fixed_seed42,content_swinir,x256_random_fixed,42,base_val_ssim,0.718297290802002,jobs/content_swinir/x256_random_fixed_seed42/attempt_001/x256/random_fixed/metrics.json
content_swinir/x256_random_fixed_seed42,content_swinir,x256_random_fixed,42,base_val_mse,0.01180573811288923,jobs/content_swinir/x256_random_fixed_seed42/attempt_001/x256/random_fixed/metrics.json
content_swinir/x256_random_fixed_seed42,content_swinir,x256_random_fixed,42,test.base_mse,0.012466733244946227,jobs/content_swinir/x256_random_fixed_seed42/attempt_001/x256/random_fixed/metrics.json
content_swinir/x256_random_fixed_seed42,content_swinir,x256_random_fixed,42,test.base_ssim,0.7013294180234273,jobs/content_swinir/x256_random_fixed_seed42/attempt_001/x256/random_fixed/metrics.json
content_swinir/x256_random_fixed_seed42,content_swinir,x256_random_fixed,42,test.base_psnr,19.533784039815266,jobs/content_swinir/x256_random_fixed_seed42/attempt_001/x256/random_fixed/metrics.json
content_swinir/x256_random_fixed_seed42,content_swinir,x256_random_fixed,42,test.ref_mse,0.010921779939477953,jobs/content_swinir/x256_random_fixed_seed42/attempt_001/x256/random_fixed/metrics.json
content_swinir/x256_random_fixed_seed42,content_swinir,x256_random_fixed,42,test.ref_ssim,0.756386058529218,jobs/content_swinir/x256_random_fixed_seed42/attempt_001/x256/random_fixed/metrics.json
content_swinir/x256_random_fixed_seed42,content_swinir,x256_random_fixed,42,test.ref_psnr,20.18127857844035,jobs/content_swinir/x256_random_fixed_seed42/attempt_001/x256/random_fixed/metrics.json
content_swinir/x256_random_fixed_seed42,content_swinir,x256_random_fixed,42,delta_test_ssim,0.05505664050579073,jobs/content_swinir/x256_random_fixed_seed42/attempt_001/x256/random_fixed/metrics.json
content_swinir/x256_random_fixed_seed42,content_swinir,x256_random_fixed,42,delta_test_mse,-0.0015449533054682739,jobs/content_swinir/x256_random_fixed_seed42/attempt_001/x256/random_fixed/metrics.json
content_swinir/x256_learnable_frequency_seed42,content_swinir,x256_learnable_frequency,42,best_val_ssim,0.8514840856194497,jobs/content_swinir/x256_learnable_frequency_seed42/attempt_001/x256/learnable_frequency/metrics.json
content_swinir/x256_learnable_frequency_seed42,content_swinir,x256_learnable_frequency,42,best_val_mse,0.003379370279435534,jobs/content_swinir/x256_learnable_frequency_seed42/attempt_001/x256/learnable_frequency/metrics.json
content_swinir/x256_learnable_frequency_seed42,content_swinir,x256_learnable_frequency,42,base_val_ssim,0.8304909437894821,jobs/content_swinir/x256_learnable_frequency_seed42/attempt_001/x256/learnable_frequency/metrics.json
content_swinir/x256_learnable_frequency_seed42,content_swinir,x256_learnable_frequency,42,base_val_mse,0.00448588100989582,jobs/content_swinir/x256_learnable_frequency_seed42/attempt_001/x256/learnable_frequency/metrics.json
content_swinir/x256_learnable_frequency_seed42,content_swinir,x256_learnable_frequency,42,test.base_mse,0.004728181799388646,jobs/content_swinir/x256_learnable_frequency_seed42/attempt_001/x256/learnable_frequency/metrics.json
content_swinir/x256_learnable_frequency_seed42,content_swinir,x256_learnable_frequency,42,test.base_ssim,0.8197676668564479,jobs/content_swinir/x256_learnable_frequency_seed42/attempt_001/x256/learnable_frequency/metrics.json
content_swinir/x256_learnable_frequency_seed42,content_swinir,x256_learnable_frequency,42,test.base_psnr,23.84780035018921,jobs/content_swinir/x256_learnable_frequency_seed42/attempt_001/x256/learnable_frequency/metrics.json
content_swinir/x256_learnable_frequency_seed42,content_swinir,x256_learnable_frequency,42,test.ref_mse,0.0036395584126391136,jobs/content_swinir/x256_learnable_frequency_seed42/attempt_001/x256/learnable_frequency/metrics.json
content_swinir/x256_learnable_frequency_seed42,content_swinir,x256_learnable_frequency,42,test.ref_ssim,0.8428065727154413,jobs/content_swinir/x256_learnable_frequency_seed42/attempt_001/x256/learnable_frequency/metrics.json
content_swinir/x256_learnable_frequency_seed42,content_swinir,x256_learnable_frequency,42,test.ref_psnr,25.059096908569337,jobs/content_swinir/x256_learnable_frequency_seed42/attempt_001/x256/learnable_frequency/metrics.json
content_swinir/x256_learnable_frequency_seed42,content_swinir,x256_learnable_frequency,42,delta_test_ssim,0.023038905858993486,jobs/content_swinir/x256_learnable_frequency_seed42/attempt_001/x256/learnable_frequency/metrics.json
content_swinir/x256_learnable_frequency_seed42,content_swinir,x256_learnable_frequency,42,delta_test_mse,-0.0010886233867495325,jobs/content_swinir/x256_learnable_frequency_seed42/attempt_001/x256/learnable_frequency/metrics.json
content_swinir/x1024_random_fixed_seed42,content_swinir,x1024_random_fixed,42,best_val_ssim,0.6598208412528038,jobs/content_swinir/x1024_random_fixed_seed42/attempt_001/x1024/random_fixed/metrics.json
content_swinir/x1024_random_fixed_seed42,content_swinir,x1024_random_fixed,42,best_val_mse,0.042466106521897015,jobs/content_swinir/x1024_random_fixed_seed42/attempt_001/x1024/random_fixed/metrics.json
content_swinir/x1024_random_fixed_seed42,content_swinir,x1024_random_fixed,42,base_val_ssim,0.6194277800619602,jobs/content_swinir/x1024_random_fixed_seed42/attempt_001/x1024/random_fixed/metrics.json
content_swinir/x1024_random_fixed_seed42,content_swinir,x1024_random_fixed,42,base_val_mse,0.03673429493792355,jobs/content_swinir/x1024_random_fixed_seed42/attempt_001/x1024/random_fixed/metrics.json
content_swinir/x1024_random_fixed_seed42,content_swinir,x1024_random_fixed,42,test.base_mse,0.038979773068179686,jobs/content_swinir/x1024_random_fixed_seed42/attempt_001/x1024/random_fixed/metrics.json
content_swinir/x1024_random_fixed_seed42,content_swinir,x1024_random_fixed,42,test.base_ssim,0.5953976755340894,jobs/content_swinir/x1024_random_fixed_seed42/attempt_001/x1024/random_fixed/metrics.json
content_swinir/x1024_random_fixed_seed42,content_swinir,x1024_random_fixed,42,test.base_psnr,14.412541755040486,jobs/content_swinir/x1024_random_fixed_seed42/attempt_001/x1024/random_fixed/metrics.json
content_swinir/x1024_random_fixed_seed42,content_swinir,x1024_random_fixed,42,test.ref_mse,0.04579960877696673,jobs/content_swinir/x1024_random_fixed_seed42/attempt_001/x1024/random_fixed/metrics.json
content_swinir/x1024_random_fixed_seed42,content_swinir,x1024_random_fixed,42,test.ref_ssim,0.6399663041035334,jobs/content_swinir/x1024_random_fixed_seed42/attempt_001/x1024/random_fixed/metrics.json
content_swinir/x1024_random_fixed_seed42,content_swinir,x1024_random_fixed,42,test.ref_psnr,13.820451402664185,jobs/content_swinir/x1024_random_fixed_seed42/attempt_001/x1024/random_fixed/metrics.json
content_swinir/x1024_random_fixed_seed42,content_swinir,x1024_random_fixed,42,delta_test_ssim,0.04456862856944399,jobs/content_swinir/x1024_random_fixed_seed42/attempt_001/x1024/random_fixed/metrics.json
content_swinir/x1024_random_fixed_seed42,content_swinir,x1024_random_fixed,42,delta_test_mse,0.006819835708787046,jobs/content_swinir/x1024_random_fixed_seed42/attempt_001/x1024/random_fixed/metrics.json
content_swinir/x1024_learnable_frequency_seed42,content_swinir,x1024_learnable_frequency,42,best_val_ssim,0.689971174299717,jobs/content_swinir/x1024_learnable_frequency_seed42/attempt_001/x1024/learnable_frequency/metrics.json
content_swinir/x1024_learnable_frequency_seed42,content_swinir,x1024_learnable_frequency,42,best_val_mse,0.027582500874996186,jobs/content_swinir/x1024_learnable_frequency_seed42/attempt_001/x1024/learnable_frequency/metrics.json
content_swinir/x1024_learnable_frequency_seed42,content_swinir,x1024_learnable_frequency,42,base_val_ssim,0.6646082639694214,jobs/content_swinir/x1024_learnable_frequency_seed42/attempt_001/x1024/learnable_frequency/metrics.json
content_swinir/x1024_learnable_frequency_seed42,content_swinir,x1024_learnable_frequency,42,base_val_mse,0.024175414256751536,jobs/content_swinir/x1024_learnable_frequency_seed42/attempt_001/x1024/learnable_frequency/metrics.json
content_swinir/x1024_learnable_frequency_seed42,content_swinir,x1024_learnable_frequency,42,test.base_mse,0.026253395418946942,jobs/content_swinir/x1024_learnable_frequency_seed42/attempt_001/x1024/learnable_frequency/metrics.json
content_swinir/x1024_learnable_frequency_seed42,content_swinir,x1024_learnable_frequency,42,test.base_ssim,0.6369469662507375,jobs/content_swinir/x1024_learnable_frequency_seed42/attempt_001/x1024/learnable_frequency/metrics.json
content_swinir/x1024_learnable_frequency_seed42,content_swinir,x1024_learnable_frequency,42,test.base_psnr,16.17630556424459,jobs/content_swinir/x1024_learnable_frequency_seed42/attempt_001/x1024/learnable_frequency/metrics.json
content_swinir/x1024_learnable_frequency_seed42,content_swinir,x1024_learnable_frequency,42,test.ref_mse,0.029646849810766675,jobs/content_swinir/x1024_learnable_frequency_seed42/attempt_001/x1024/learnable_frequency/metrics.json
content_swinir/x1024_learnable_frequency_seed42,content_swinir,x1024_learnable_frequency,42,test.ref_ssim,0.6656907752156258,jobs/content_swinir/x1024_learnable_frequency_seed42/attempt_001/x1024/learnable_frequency/metrics.json
content_swinir/x1024_learnable_frequency_seed42,content_swinir,x1024_learnable_frequency,42,test.ref_psnr,15.644857343037923,jobs/content_swinir/x1024_learnable_frequency_seed42/attempt_001/x1024/learnable_frequency/metrics.json
content_swinir/x1024_learnable_frequency_seed42,content_swinir,x1024_learnable_frequency,42,delta_test_ssim,0.028743808964888262,jobs/content_swinir/x1024_learnable_frequency_seed42/attempt_001/x1024/learnable_frequency/metrics.json
content_swinir/x1024_learnable_frequency_seed42,content_swinir,x1024_learnable_frequency,42,delta_test_mse,0.0033934543918197335,jobs/content_swinir/x1024_learnable_frequency_seed42/attempt_001/x1024/learnable_frequency/metrics.json
content_swinir/x16_random_fixed_seed43,content_swinir,x16_random_fixed,43,best_val_ssim,0.915905338525772,jobs/content_swinir/x16_random_fixed_seed43/attempt_001/x16/random_fixed/metrics.json
content_swinir/x16_random_fixed_seed43,content_swinir,x16_random_fixed,43,best_val_mse,0.0007253401079651666,jobs/content_swinir/x16_random_fixed_seed43/attempt_001/x16/random_fixed/metrics.json
content_swinir/x16_random_fixed_seed43,content_swinir,x16_random_fixed,43,base_val_ssim,0.9249328434467315,jobs/content_swinir/x16_random_fixed_seed43/attempt_001/x16/random_fixed/metrics.json
content_swinir/x16_random_fixed_seed43,content_swinir,x16_random_fixed,43,base_val_mse,0.0007428890679875621,jobs/content_swinir/x16_random_fixed_seed43/attempt_001/x16/random_fixed/metrics.json
content_swinir/x16_random_fixed_seed43,content_swinir,x16_random_fixed,43,test.base_mse,0.0007824665546650067,jobs/content_swinir/x16_random_fixed_seed43/attempt_001/x16/random_fixed/metrics.json
content_swinir/x16_random_fixed_seed43,content_swinir,x16_random_fixed,43,test.base_ssim,0.9218418409427007,jobs/content_swinir/x16_random_fixed_seed43/attempt_001/x16/random_fixed/metrics.json
content_swinir/x16_random_fixed_seed43,content_swinir,x16_random_fixed,43,test.base_psnr,31.5637788772583,jobs/content_swinir/x16_random_fixed_seed43/attempt_001/x16/random_fixed/metrics.json
content_swinir/x16_random_fixed_seed43,content_swinir,x16_random_fixed,43,test.ref_mse,0.0007554752109475278,jobs/content_swinir/x16_random_fixed_seed43/attempt_001/x16/random_fixed/metrics.json
content_swinir/x16_random_fixed_seed43,content_swinir,x16_random_fixed,43,test.ref_ssim,0.913429178794225,jobs/content_swinir/x16_random_fixed_seed43/attempt_001/x16/random_fixed/metrics.json
content_swinir/x16_random_fixed_seed43,content_swinir,x16_random_fixed,43,test.ref_psnr,31.625550333658854,jobs/content_swinir/x16_random_fixed_seed43/attempt_001/x16/random_fixed/metrics.json
content_swinir/x16_random_fixed_seed43,content_swinir,x16_random_fixed,43,delta_test_ssim,-0.008412662148475691,jobs/content_swinir/x16_random_fixed_seed43/attempt_001/x16/random_fixed/metrics.json
content_swinir/x16_random_fixed_seed43,content_swinir,x16_random_fixed,43,delta_test_mse,-2.699134371747893e-05,jobs/content_swinir/x16_random_fixed_seed43/attempt_001/x16/random_fixed/metrics.json
content_swinir/x16_learnable_frequency_seed43,content_swinir,x16_learnable_frequency,43,best_val_ssim,0.9140772640705108,jobs/content_swinir/x16_learnable_frequency_seed43/attempt_001/x16/learnable_frequency/metrics.json
content_swinir/x16_learnable_frequency_seed43,content_swinir,x16_learnable_frequency,43,best_val_mse,0.0007574949428089895,jobs/content_swinir/x16_learnable_frequency_seed43/attempt_001/x16/learnable_frequency/metrics.json
content_swinir/x16_learnable_frequency_seed43,content_swinir,x16_learnable_frequency,43,base_val_ssim,0.9191681280732155,jobs/content_swinir/x16_learnable_frequency_seed43/attempt_001/x16/learnable_frequency/metrics.json
content_swinir/x16_learnable_frequency_seed43,content_swinir,x16_learnable_frequency,43,base_val_mse,0.0008805345845757983,jobs/content_swinir/x16_learnable_frequency_seed43/attempt_001/x16/learnable_frequency/metrics.json
content_swinir/x16_learnable_frequency_seed43,content_swinir,x16_learnable_frequency,43,test.base_mse,0.0009453184965726298,jobs/content_swinir/x16_learnable_frequency_seed43/attempt_001/x16/learnable_frequency/metrics.json
content_swinir/x16_learnable_frequency_seed43,content_swinir,x16_learnable_frequency,43,test.base_ssim,0.915180132786433,jobs/content_swinir/x16_learnable_frequency_seed43/attempt_001/x16/learnable_frequency/metrics.json
content_swinir/x16_learnable_frequency_seed43,content_swinir,x16_learnable_frequency,43,test.base_psnr,30.78421926498413,jobs/content_swinir/x16_learnable_frequency_seed43/attempt_001/x16/learnable_frequency/metrics.json
content_swinir/x16_learnable_frequency_seed43,content_swinir,x16_learnable_frequency,43,test.ref_mse,0.0007984482862714988,jobs/content_swinir/x16_learnable_frequency_seed43/attempt_001/x16/learnable_frequency/metrics.json
content_swinir/x16_learnable_frequency_seed43,content_swinir,x16_learnable_frequency,43,test.ref_ssim,0.9113992045323054,jobs/content_swinir/x16_learnable_frequency_seed43/attempt_001/x16/learnable_frequency/metrics.json
content_swinir/x16_learnable_frequency_seed43,content_swinir,x16_learnable_frequency,43,test.ref_psnr,31.39521188735962,jobs/content_swinir/x16_learnable_frequency_seed43/attempt_001/x16/learnable_frequency/metrics.json
content_swinir/x16_learnable_frequency_seed43,content_swinir,x16_learnable_frequency,43,delta_test_ssim,-0.003780928254127569,jobs/content_swinir/x16_learnable_frequency_seed43/attempt_001/x16/learnable_frequency/metrics.json
content_swinir/x16_learnable_frequency_seed43,content_swinir,x16_learnable_frequency,43,delta_test_mse,-0.000146870210301131,jobs/content_swinir/x16_learnable_frequency_seed43/attempt_001/x16/learnable_frequency/metrics.json
content_swinir/x64_random_fixed_seed43,content_swinir,x64_random_fixed,43,best_val_ssim,0.8785245880484581,jobs/content_swinir/x64_random_fixed_seed43/attempt_001/x64/random_fixed/metrics.json
content_swinir/x64_random_fixed_seed43,content_swinir,x64_random_fixed,43,best_val_mse,0.002027885357529158,jobs/content_swinir/x64_random_fixed_seed43/attempt_001/x64/random_fixed/metrics.json
content_swinir/x64_random_fixed_seed43,content_swinir,x64_random_fixed,43,base_val_ssim,0.8628852665424347,jobs/content_swinir/x64_random_fixed_seed43/attempt_001/x64/random_fixed/metrics.json
content_swinir/x64_random_fixed_seed43,content_swinir,x64_random_fixed,43,base_val_mse,0.002685862343059853,jobs/content_swinir/x64_random_fixed_seed43/attempt_001/x64/random_fixed/metrics.json
content_swinir/x64_random_fixed_seed43,content_swinir,x64_random_fixed,43,test.base_mse,0.002881215871699775,jobs/content_swinir/x64_random_fixed_seed43/attempt_001/x64/random_fixed/metrics.json
content_swinir/x64_random_fixed_seed43,content_swinir,x64_random_fixed,43,test.base_ssim,0.8543419082959492,jobs/content_swinir/x64_random_fixed_seed43/attempt_001/x64/random_fixed/metrics.json
content_swinir/x64_random_fixed_seed43,content_swinir,x64_random_fixed,43,test.base_psnr,25.924148718516033,jobs/content_swinir/x64_random_fixed_seed43/attempt_001/x64/random_fixed/metrics.json
content_swinir/x64_random_fixed_seed43,content_swinir,x64_random_fixed,43,test.ref_mse,0.002185880925389938,jobs/content_swinir/x64_random_fixed_seed43/attempt_001/x64/random_fixed/metrics.json
content_swinir/x64_random_fixed_seed43,content_swinir,x64_random_fixed,43,test.ref_ssim,0.8733038574457168,jobs/content_swinir/x64_random_fixed_seed43/attempt_001/x64/random_fixed/metrics.json
content_swinir/x64_random_fixed_seed43,content_swinir,x64_random_fixed,43,test.ref_psnr,27.194062932332358,jobs/content_swinir/x64_random_fixed_seed43/attempt_001/x64/random_fixed/metrics.json
content_swinir/x64_random_fixed_seed43,content_swinir,x64_random_fixed,43,delta_test_ssim,0.018961949149767565,jobs/content_swinir/x64_random_fixed_seed43/attempt_001/x64/random_fixed/metrics.json
content_swinir/x64_random_fixed_seed43,content_swinir,x64_random_fixed,43,delta_test_mse,-0.0006953349463098371,jobs/content_swinir/x64_random_fixed_seed43/attempt_001/x64/random_fixed/metrics.json
