OK    bbbc022: 3456 w1 images, 384 wells; sample TIFFs decoded
OK    mcf7: 13200 tubulin images, 60 well groups
OK    sr: HR train={'DIV2K': 800, 'Flickr2K': 2650}; all five test-set counts verified
OK    swinir: 6545850fbf8df298df73d81f3e8cba638787c8bd
OK    vgg: /home/leonidas/.cache/torch/hub/checkpoints/vgg19-dcbb9e9d.pth
OK    device: cuda:0
[1/48] starting segmentation/x64_random_fixed_seed42 (attempt 1)
Log: /home/leonidas/workspace/differentiable_micoscopy_replication/microscopy-clean/runs/paper_gpu0/jobs/segmentation/x64_random_fixed_seed42/attempt_001/console.log
  running segmentation/x64_random_fixed_seed42 — 22:25:42; log: /home/leonidas/workspace/differentiable_micoscopy_replication/microscopy-clean/runs/paper_gpu0/jobs/segmentation/x64_random_fixed_seed42/attempt_001/console.log
  running segmentation/x64_random_fixed_seed42 — 22:26:12; log: /home/leonidas/workspace/differentiable_micoscopy_replication/microscopy-clean/runs/paper_gpu0/jobs/segmentation/x64_random_fixed_seed42/attempt_001/console.log
  running segmentation/x64_random_fixed_seed42 — 22:26:42; log: /home/leonidas/workspace/differentiable_micoscopy_replication/microscopy-clean/runs/paper_gpu0/jobs/segmentation/x64_random_fixed_seed42/attempt_001/console.log
  running segmentation/x64_random_fixed_seed42 — 22:27:12; log: /home/leonidas/workspace/differentiable_micoscopy_replication/microscopy-clean/runs/paper_gpu0/jobs/segmentation/x64_random_fixed_seed42/attempt_001/console.log
  running segmentation/x64_random_fixed_seed42 — 22:27:42; log: /home/leonidas/workspace/differentiable_micoscopy_replication/microscopy-clean/runs/paper_gpu0/jobs/segmentation/x64_random_fixed_seed42/attempt_001/console.log
  running segmentation/x64_random_fixed_seed42 — 22:28:12; log: /home/leonidas/workspace/differentiable_micoscopy_replication/microscopy-clean/runs/paper_gpu0/jobs/segmentation/x64_random_fixed_seed42/attempt_001/console.log
  running segmentation/x64_random_fixed_seed42 — 22:28:42; log: /home/leonidas/workspace/differentiable_micoscopy_replication/microscopy-clean/runs/paper_gpu0/jobs/segmentation/x64_random_fixed_seed42/attempt_001/console.log
  running segmentation/x64_random_fixed_seed42 — 22:29:12; log: /home/leonidas/workspace/differentiable_micoscopy_replication/microscopy-clean/runs/paper_gpu0/jobs/segmentation/x64_random_fixed_seed42/attempt_001/console.log
  running segmentation/x64_random_fixed_seed42 — 22:29:42; log: /home/leonidas/workspace/differentiable_micoscopy_replication/microscopy-clean/runs/paper_gpu0/jobs/segmentation/x64_random_fixed_seed42/attempt_001/console.log
  running segmentation/x64_random_fixed_seed42 — 22:30:12; log: /home/leonidas/workspace/differentiable_micoscopy_replication/microscopy-clean/runs/paper_gpu0/jobs/segmentation/x64_random_fixed_seed42/attempt_001/console.log
  running segmentation/x64_random_fixed_seed42 — 22:30:42; log: /home/leonidas/workspace/differentiable_micoscopy_replication/microscopy-clean/runs/paper_gpu0/jobs/segmentation/x64_random_fixed_seed42/attempt_001/console.log
  running segmentation/x64_random_fixed_seed42 — 22:31:12; log: /home/leonidas/workspace/differentiable_micoscopy_replication/microscopy-clean/runs/paper_gpu0/jobs/segmentation/x64_random_fixed_seed42/attempt_001/console.log
  running segmentation/x64_random_fixed_seed42 — 22:31:42; log: /home/leonidas/workspace/differentiable_micoscopy_replication/microscopy-clean/runs/paper_gpu0/jobs/segmentation/x64_random_fixed_seed42/attempt_001/console.log
  running segmentation/x64_random_fixed_seed42 — 22:32:12; log: /home/leonidas/workspace/differentiable_micoscopy_replication/microscopy-clean/runs/paper_gpu0/jobs/segmentation/x64_random_fixed_seed42/attempt_001/console.log
  running segmentation/x64_random_fixed_seed42 — 22:32:42; log: /home/leonidas/workspace/differentiable_micoscopy_replication/microscopy-clean/runs/paper_gpu0/jobs/segmentation/x64_random_fixed_seed42/attempt_001/console.log
  running segmentation/x64_random_fixed_seed42 — 22:33:12; log: /home/leonidas/workspace/differentiable_micoscopy_replication/microscopy-clean/runs/paper_gpu0/jobs/segmentation/x64_random_fixed_seed42/attempt_001/console.log
  running segmentation/x64_random_fixed_seed42 — 22:33:42; log: /home/leonidas/workspace/differentiable_micoscopy_replication/microscopy-clean/runs/paper_gpu0/jobs/segmentation/x64_random_fixed_seed42/attempt_001/console.log
  running segmentation/x64_random_fixed_seed42 — 22:34:12; log: /home/leonidas/workspace/differentiable_micoscopy_replication/microscopy-clean/runs/paper_gpu0/jobs/segmentation/x64_random_fixed_seed42/attempt_001/console.log
  running segmentation/x64_random_fixed_seed42 — 22:34:42; log: /home/leonidas/workspace/differentiable_micoscopy_replication/microscopy-clean/runs/paper_gpu0/jobs/segmentation/x64_random_fixed_seed42/attempt_001/console.log
  running segmentation/x64_random_fixed_seed42 — 22:35:12; log: /home/leonidas/workspace/differentiable_micoscopy_replication/microscopy-clean/runs/paper_gpu0/jobs/segmentation/x64_random_fixed_seed42/attempt_001/console.log
  running segmentation/x64_random_fixed_seed42 — 22:35:42; log: /home/leonidas/workspace/differentiable_micoscopy_replication/microscopy-clean/runs/paper_gpu0/jobs/segmentation/x64_random_fixed_seed42/attempt_001/console.log
  running segmentation/x64_random_fixed_seed42 — 22:36:12; log: /home/leonidas/workspace/differentiable_micoscopy_replication/microscopy-clean/runs/paper_gpu0/jobs/segmentation/x64_random_fixed_seed42/attempt_001/console.log
  running segmentation/x64_random_fixed_seed42 — 22:36:42; log: /home/leonidas/workspace/differentiable_micoscopy_replication/microscopy-clean/runs/paper_gpu0/jobs/segmentation/x64_random_fixed_seed42/attempt_001/console.log
  running segmentation/x64_random_fixed_seed42 — 22:37:12; log: /home/leonidas/workspace/differentiable_micoscopy_replication/microscopy-clean/runs/paper_gpu0/jobs/segmentation/x64_random_fixed_seed42/attempt_001/console.log
  running segmentation/x64_random_fixed_seed42 — 22:37:42; log: /home/leonidas/workspace/differentiable_micoscopy_replication/microscopy-clean/runs/paper_gpu0/jobs/segmentation/x64_random_fixed_seed42/attempt_001/console.log
  running segmentation/x64_random_fixed_seed42 — 22:38:12; log: /home/leonidas/workspace/differentiable_micoscopy_replication/microscopy-clean/runs/paper_gpu0/jobs/segmentation/x64_random_fixed_seed42/attempt_001/console.log
  running segmentation/x64_random_fixed_seed42 — 22:38:42; log: /home/leonidas/workspace/differentiable_micoscopy_replication/microscopy-clean/runs/paper_gpu0/jobs/segmentation/x64_random_fixed_seed42/attempt_001/console.log
  running segmentation/x64_random_fixed_seed42 — 22:39:12; log: /home/leonidas/workspace/differentiable_micoscopy_replication/microscopy-clean/runs/paper_gpu0/jobs/segmentation/x64_random_fixed_seed42/attempt_001/console.log
  running segmentation/x64_random_fixed_seed42 — 22:39:42; log: /home/leonidas/workspace/differentiable_micoscopy_replication/microscopy-clean/runs/paper_gpu0/jobs/segmentation/x64_random_fixed_seed42/attempt_001/console.log
  completed segmentation/x64_random_fixed_seed42
[2/48] starting segmentation/x64_learnable_frequency_seed42 (attempt 1)
Log: /home/leonidas/workspace/differentiable_micoscopy_replication/microscopy-clean/runs/paper_gpu0/jobs/segmentation/x64_learnable_frequency_seed42/attempt_001/console.log
  running segmentation/x64_learnable_frequency_seed42 — 22:40:35; log: /home/leonidas/workspace/differentiable_micoscopy_replication/microscopy-clean/runs/paper_gpu0/jobs/segmentation/x64_learnable_frequency_seed42/attempt_001/console.log
  running segmentation/x64_learnable_frequency_seed42 — 22:41:05; log: /home/leonidas/workspace/differentiable_micoscopy_replication/microscopy-clean/runs/paper_gpu0/jobs/segmentation/x64_learnable_frequency_seed42/attempt_001/console.log
  running segmentation/x64_learnable_frequency_seed42 — 22:41:35; log: /home/leonidas/workspace/differentiable_micoscopy_replication/microscopy-clean/runs/paper_gpu0/jobs/segmentation/x64_learnable_frequency_seed42/attempt_001/console.log
  running segmentation/x64_learnable_frequency_seed42 — 22:42:05; log: /home/leonidas/workspace/differentiable_micoscopy_replication/microscopy-clean/runs/paper_gpu0/jobs/segmentation/x64_learnable_frequency_seed42/attempt_001/console.log
  running segmentation/x64_learnable_frequency_seed42 — 22:42:35; log: /home/leonidas/workspace/differentiable_micoscopy_replication/microscopy-clean/runs/paper_gpu0/jobs/segmentation/x64_learnable_frequency_seed42/attempt_001/console.log
  running segmentation/x64_learnable_frequency_seed42 — 22:43:05; log: /home/leonidas/workspace/differentiable_micoscopy_replication/microscopy-clean/runs/paper_gpu0/jobs/segmentation/x64_learnable_frequency_seed42/attempt_001/console.log
  running segmentation/x64_learnable_frequency_seed42 — 22:43:35; log: /home/leonidas/workspace/differentiable_micoscopy_replication/microscopy-clean/runs/paper_gpu0/jobs/segmentation/x64_learnable_frequency_seed42/attempt_001/console.log
  running segmentation/x64_learnable_frequency_seed42 — 22:44:05; log: /home/leonidas/workspace/differentiable_micoscopy_replication/microscopy-clean/runs/paper_gpu0/jobs/segmentation/x64_learnable_frequency_seed42/attempt_001/console.log
  running segmentation/x64_learnable_frequency_seed42 — 22:44:35; log: /home/leonidas/workspace/differentiable_micoscopy_replication/microscopy-clean/runs/paper_gpu0/jobs/segmentation/x64_learnable_frequency_seed42/attempt_001/console.log
  running segmentation/x64_learnable_frequency_seed42 — 22:45:05; log: /home/leonidas/workspace/differentiable_micoscopy_replication/microscopy-clean/runs/paper_gpu0/jobs/segmentation/x64_learnable_frequency_seed42/attempt_001/console.log
  running segmentation/x64_learnable_frequency_seed42 — 22:45:35; log: /home/leonidas/workspace/differentiable_micoscopy_replication/microscopy-clean/runs/paper_gpu0/jobs/segmentation/x64_learnable_frequency_seed42/attempt_001/console.log
  running segmentation/x64_learnable_frequency_seed42 — 22:46:05; log: /home/leonidas/workspace/differentiable_micoscopy_replication/microscopy-clean/runs/paper_gpu0/jobs/segmentation/x64_learnable_frequency_seed42/attempt_001/console.log
  running segmentation/x64_learnable_frequency_seed42 — 22:46:35; log: /home/leonidas/workspace/differentiable_micoscopy_replication/microscopy-clean/runs/paper_gpu0/jobs/segmentation/x64_learnable_frequency_seed42/attempt_001/console.log
  running segmentation/x64_learnable_frequency_seed42 — 22:47:05; log: /home/leonidas/workspace/differentiable_micoscopy_replication/microscopy-clean/runs/paper_gpu0/jobs/segmentation/x64_learnable_frequency_seed42/attempt_001/console.log
  running segmentation/x64_learnable_frequency_seed42 — 22:47:35; log: /home/leonidas/workspace/differentiable_micoscopy_replication/microscopy-clean/runs/paper_gpu0/jobs/segmentation/x64_learnable_frequency_seed42/attempt_001/console.log
  running segmentation/x64_learnable_frequency_seed42 — 22:48:05; log: /home/leonidas/workspace/differentiable_micoscopy_replication/microscopy-clean/runs/paper_gpu0/jobs/segmentation/x64_learnable_frequency_seed42/attempt_001/console.log
  running segmentation/x64_learnable_frequency_seed42 — 22:48:35; log: /home/leonidas/workspace/differentiable_micoscopy_replication/microscopy-clean/runs/paper_gpu0/jobs/segmentation/x64_learnable_frequency_seed42/attempt_001/console.log
  running segmentation/x64_learnable_frequency_seed42 — 22:49:05; log: /home/leonidas/workspace/differentiable_micoscopy_replication/microscopy-clean/runs/paper_gpu0/jobs/segmentation/x64_learnable_frequency_seed42/attempt_001/console.log
  running segmentation/x64_learnable_frequency_seed42 — 22:49:35; log: /home/leonidas/workspace/differentiable_micoscopy_replication/microscopy-clean/runs/paper_gpu0/jobs/segmentation/x64_learnable_frequency_seed42/attempt_001/console.log
  running segmentation/x64_learnable_frequency_seed42 — 22:50:05; log: /home/leonidas/workspace/differentiable_micoscopy_replication/microscopy-clean/runs/paper_gpu0/jobs/segmentation/x64_learnable_frequency_seed42/attempt_001/console.log
  running segmentation/x64_learnable_frequency_seed42 — 22:50:35; log: /home/leonidas/workspace/differentiable_micoscopy_replication/microscopy-clean/runs/paper_gpu0/jobs/segmentation/x64_learnable_frequency_seed42/attempt_001/console.log
  running segmentation/x64_learnable_frequency_seed42 — 22:51:05; log: /home/leonidas/workspace/differentiable_micoscopy_replication/microscopy-clean/runs/paper_gpu0/jobs/segmentation/x64_learnable_frequency_seed42/attempt_001/console.log
  running segmentation/x64_learnable_frequency_seed42 — 22:51:35; log: /home/leonidas/workspace/differentiable_micoscopy_replication/microscopy-clean/runs/paper_gpu0/jobs/segmentation/x64_learnable_frequency_seed42/attempt_001/console.log
  running segmentation/x64_learnable_frequency_seed42 — 22:52:05; log: /home/leonidas/workspace/differentiable_micoscopy_replication/microscopy-clean/runs/paper_gpu0/jobs/segmentation/x64_learnable_frequency_seed42/attempt_001/console.log
  running segmentation/x64_learnable_frequency_seed42 — 22:52:35; log: /home/leonidas/workspace/differentiable_micoscopy_replication/microscopy-clean/runs/paper_gpu0/jobs/segmentation/x64_learnable_frequency_seed42/attempt_001/console.log
  running segmentation/x64_learnable_frequency_seed42 — 22:53:05; log: /home/leonidas/workspace/differentiable_micoscopy_replication/microscopy-clean/runs/paper_gpu0/jobs/segmentation/x64_learnable_frequency_seed42/attempt_001/console.log
  running segmentation/x64_learnable_frequency_seed42 — 22:53:35; log: /home/leonidas/workspace/differentiable_micoscopy_replication/microscopy-clean/runs/paper_gpu0/jobs/segmentation/x64_learnable_frequency_seed42/attempt_001/console.log
  running segmentation/x64_learnable_frequency_seed42 — 22:54:05; log: /home/leonidas/workspace/differentiable_micoscopy_replication/microscopy-clean/runs/paper_gpu0/jobs/segmentation/x64_learnable_frequency_seed42/attempt_001/console.log
  running segmentation/x64_learnable_frequency_seed42 — 22:54:35; log: /home/leonidas/workspace/differentiable_micoscopy_replication/microscopy-clean/runs/paper_gpu0/jobs/segmentation/x64_learnable_frequency_seed42/attempt_001/console.log
  completed segmentation/x64_learnable_frequency_seed42
[3/48] starting segmentation/x256_random_fixed_seed42 (attempt 1)
Log: /home/leonidas/workspace/differentiable_micoscopy_replication/microscopy-clean/runs/paper_gpu0/jobs/segmentation/x256_random_fixed_seed42/attempt_001/console.log
  running segmentation/x256_random_fixed_seed42 — 22:55:35; log: /home/leonidas/workspace/differentiable_micoscopy_replication/microscopy-clean/runs/paper_gpu0/jobs/segmentation/x256_random_fixed_seed42/attempt_001/console.log
  running segmentation/x256_random_fixed_seed42 — 22:56:05; log: /home/leonidas/workspace/differentiable_micoscopy_replication/microscopy-clean/runs/paper_gpu0/jobs/segmentation/x256_random_fixed_seed42/attempt_001/console.log
  running segmentation/x256_random_fixed_seed42 — 22:56:35; log: /home/leonidas/workspace/differentiable_micoscopy_replication/microscopy-clean/runs/paper_gpu0/jobs/segmentation/x256_random_fixed_seed42/attempt_001/console.log
  running segmentation/x256_random_fixed_seed42 — 22:57:05; log: /home/leonidas/workspace/differentiable_micoscopy_replication/microscopy-clean/runs/paper_gpu0/jobs/segmentation/x256_random_fixed_seed42/attempt_001/console.log
  running segmentation/x256_random_fixed_seed42 — 22:57:35; log: /home/leonidas/workspace/differentiable_micoscopy_replication/microscopy-clean/runs/paper_gpu0/jobs/segmentation/x256_random_fixed_seed42/attempt_001/console.log
  running segmentation/x256_random_fixed_seed42 — 22:58:05; log: /home/leonidas/workspace/differentiable_micoscopy_replication/microscopy-clean/runs/paper_gpu0/jobs/segmentation/x256_random_fixed_seed42/attempt_001/console.log
  running segmentation/x256_random_fixed_seed42 — 22:58:35; log: /home/leonidas/workspace/differentiable_micoscopy_replication/microscopy-clean/runs/paper_gpu0/jobs/segmentation/x256_random_fixed_seed42/attempt_001/console.log
  running segmentation/x256_random_fixed_seed42 — 22:59:05; log: /home/leonidas/workspace/differentiable_micoscopy_replication/microscopy-clean/runs/paper_gpu0/jobs/segmentation/x256_random_fixed_seed42/attempt_001/console.log
  running segmentation/x256_random_fixed_seed42 — 22:59:35; log: /home/leonidas/workspace/differentiable_micoscopy_replication/microscopy-clean/runs/paper_gpu0/jobs/segmentation/x256_random_fixed_seed42/attempt_001/console.log
  running segmentation/x256_random_fixed_seed42 — 23:00:05; log: /home/leonidas/workspace/differentiable_micoscopy_replication/microscopy-clean/runs/paper_gpu0/jobs/segmentation/x256_random_fixed_seed42/attempt_001/console.log
  running segmentation/x256_random_fixed_seed42 — 23:00:35; log: /home/leonidas/workspace/differentiable_micoscopy_replication/microscopy-clean/runs/paper_gpu0/jobs/segmentation/x256_random_fixed_seed42/attempt_001/console.log
  running segmentation/x256_random_fixed_seed42 — 23:01:05; log: /home/leonidas/workspace/differentiable_micoscopy_replication/microscopy-clean/runs/paper_gpu0/jobs/segmentation/x256_random_fixed_seed42/attempt_001/console.log
  running segmentation/x256_random_fixed_seed42 — 23:01:35; log: /home/leonidas/workspace/differentiable_micoscopy_replication/microscopy-clean/runs/paper_gpu0/jobs/segmentation/x256_random_fixed_seed42/attempt_001/console.log
  running segmentation/x256_random_fixed_seed42 — 23:02:05; log: /home/leonidas/workspace/differentiable_micoscopy_replication/microscopy-clean/runs/paper_gpu0/jobs/segmentation/x256_random_fixed_seed42/attempt_001/console.log
  running segmentation/x256_random_fixed_seed42 — 23:02:35; log: /home/leonidas/workspace/differentiable_micoscopy_replication/microscopy-clean/runs/paper_gpu0/jobs/segmentation/x256_random_fixed_seed42/attempt_001/console.log
  running segmentation/x256_random_fixed_seed42 — 23:03:05; log: /home/leonidas/workspace/differentiable_micoscopy_replication/microscopy-clean/runs/paper_gpu0/jobs/segmentation/x256_random_fixed_seed42/attempt_001/console.log
  running segmentation/x256_random_fixed_seed42 — 23:03:35; log: /home/leonidas/workspace/differentiable_micoscopy_replication/microscopy-clean/runs/paper_gpu0/jobs/segmentation/x256_random_fixed_seed42/attempt_001/console.log
  running segmentation/x256_random_fixed_seed42 — 23:04:05; log: /home/leonidas/workspace/differentiable_micoscopy_replication/microscopy-clean/runs/paper_gpu0/jobs/segmentation/x256_random_fixed_seed42/attempt_001/console.log
  running segmentation/x256_random_fixed_seed42 — 23:04:35; log: /home/leonidas/workspace/differentiable_micoscopy_replication/microscopy-clean/runs/paper_gpu0/jobs/segmentation/x256_random_fixed_seed42/attempt_001/console.log
  running segmentation/x256_random_fixed_seed42 — 23:05:05; log: /home/leonidas/workspace/differentiable_micoscopy_replication/microscopy-clean/runs/paper_gpu0/jobs/segmentation/x256_random_fixed_seed42/attempt_001/console.log
  running segmentation/x256_random_fixed_seed42 — 23:05:35; log: /home/leonidas/workspace/differentiable_micoscopy_replication/microscopy-clean/runs/paper_gpu0/jobs/segmentation/x256_random_fixed_seed42/attempt_001/console.log
  running segmentation/x256_random_fixed_seed42 — 23:06:05; log: /home/leonidas/workspace/differentiable_micoscopy_replication/microscopy-clean/runs/paper_gpu0/jobs/segmentation/x256_random_fixed_seed42/attempt_001/console.log
  running segmentation/x256_random_fixed_seed42 — 23:06:35; log: /home/leonidas/workspace/differentiable_micoscopy_replication/microscopy-clean/runs/paper_gpu0/jobs/segmentation/x256_random_fixed_seed42/attempt_001/console.log
  running segmentation/x256_random_fixed_seed42 — 23:07:05; log: /home/leonidas/workspace/differentiable_micoscopy_replication/microscopy-clean/runs/paper_gpu0/jobs/segmentation/x256_random_fixed_seed42/attempt_001/console.log
  running segmentation/x256_random_fixed_seed42 — 23:07:35; log: /home/leonidas/workspace/differentiable_micoscopy_replication/microscopy-clean/runs/paper_gpu0/jobs/segmentation/x256_random_fixed_seed42/attempt_001/console.log
  running segmentation/x256_random_fixed_seed42 — 23:08:05; log: /home/leonidas/workspace/differentiable_micoscopy_replication/microscopy-clean/runs/paper_gpu0/jobs/segmentation/x256_random_fixed_seed42/attempt_001/console.log
  running segmentation/x256_random_fixed_seed42 — 23:08:35; log: /home/leonidas/workspace/differentiable_micoscopy_replication/microscopy-clean/runs/paper_gpu0/jobs/segmentation/x256_random_fixed_seed42/attempt_001/console.log
  running segmentation/x256_random_fixed_seed42 — 23:09:05; log: /home/leonidas/workspace/differentiable_micoscopy_replication/microscopy-clean/runs/paper_gpu0/jobs/segmentation/x256_random_fixed_seed42/attempt_001/console.log
  running segmentation/x256_random_fixed_seed42 — 23:09:35; log: /home/leonidas/workspace/differentiable_micoscopy_replication/microscopy-clean/runs/paper_gpu0/jobs/segmentation/x256_random_fixed_seed42/attempt_001/console.log
  completed segmentation/x256_random_fixed_seed42
[4/48] starting segmentation/x256_learnable_frequency_seed42 (attempt 1)
Log: /home/leonidas/workspace/differentiable_micoscopy_replication/microscopy-clean/runs/paper_gpu0/jobs/segmentation/x256_learnable_frequency_seed42/attempt_001/console.log
  running segmentation/x256_learnable_frequency_seed42 — 23:10:29; log: /home/leonidas/workspace/differentiable_micoscopy_replication/microscopy-clean/runs/paper_gpu0/jobs/segmentation/x256_learnable_frequency_seed42/attempt_001/console.log
  running segmentation/x256_learnable_frequency_seed42 — 23:10:59; log: /home/leonidas/workspace/differentiable_micoscopy_replication/microscopy-clean/runs/paper_gpu0/jobs/segmentation/x256_learnable_frequency_seed42/attempt_001/console.log
  running segmentation/x256_learnable_frequency_seed42 — 23:11:29; log: /home/leonidas/workspace/differentiable_micoscopy_replication/microscopy-clean/runs/paper_gpu0/jobs/segmentation/x256_learnable_frequency_seed42/attempt_001/console.log
  running segmentation/x256_learnable_frequency_seed42 — 23:11:59; log: /home/leonidas/workspace/differentiable_micoscopy_replication/microscopy-clean/runs/paper_gpu0/jobs/segmentation/x256_learnable_frequency_seed42/attempt_001/console.log
  running segmentation/x256_learnable_frequency_seed42 — 23:12:29; log: /home/leonidas/workspace/differentiable_micoscopy_replication/microscopy-clean/runs/paper_gpu0/jobs/segmentation/x256_learnable_frequency_seed42/attempt_001/console.log
  running segmentation/x256_learnable_frequency_seed42 — 23:12:59; log: /home/leonidas/workspace/differentiable_micoscopy_replication/microscopy-clean/runs/paper_gpu0/jobs/segmentation/x256_learnable_frequency_seed42/attempt_001/console.log
  running segmentation/x256_learnable_frequency_seed42 — 23:13:29; log: /home/leonidas/workspace/differentiable_micoscopy_replication/microscopy-clean/runs/paper_gpu0/jobs/segmentation/x256_learnable_frequency_seed42/attempt_001/console.log
  running segmentation/x256_learnable_frequency_seed42 — 23:13:59; log: /home/leonidas/workspace/differentiable_micoscopy_replication/microscopy-clean/runs/paper_gpu0/jobs/segmentation/x256_learnable_frequency_seed42/attempt_001/console.log
  running segmentation/x256_learnable_frequency_seed42 — 23:14:29; log: /home/leonidas/workspace/differentiable_micoscopy_replication/microscopy-clean/runs/paper_gpu0/jobs/segmentation/x256_learnable_frequency_seed42/attempt_001/console.log
  running segmentation/x256_learnable_frequency_seed42 — 23:14:59; log: /home/leonidas/workspace/differentiable_micoscopy_replication/microscopy-clean/runs/paper_gpu0/jobs/segmentation/x256_learnable_frequency_seed42/attempt_001/console.log
  running segmentation/x256_learnable_frequency_seed42 — 23:15:29; log: /home/leonidas/workspace/differentiable_micoscopy_replication/microscopy-clean/runs/paper_gpu0/jobs/segmentation/x256_learnable_frequency_seed42/attempt_001/console.log
  running segmentation/x256_learnable_frequency_seed42 — 23:15:59; log: /home/leonidas/workspace/differentiable_micoscopy_replication/microscopy-clean/runs/paper_gpu0/jobs/segmentation/x256_learnable_frequency_seed42/attempt_001/console.log
  running segmentation/x256_learnable_frequency_seed42 — 23:16:29; log: /home/leonidas/workspace/differentiable_micoscopy_replication/microscopy-clean/runs/paper_gpu0/jobs/segmentation/x256_learnable_frequency_seed42/attempt_001/console.log
  running segmentation/x256_learnable_frequency_seed42 — 23:16:59; log: /home/leonidas/workspace/differentiable_micoscopy_replication/microscopy-clean/runs/paper_gpu0/jobs/segmentation/x256_learnable_frequency_seed42/attempt_001/console.log
  running segmentation/x256_learnable_frequency_seed42 — 23:17:29; log: /home/leonidas/workspace/differentiable_micoscopy_replication/microscopy-clean/runs/paper_gpu0/jobs/segmentation/x256_learnable_frequency_seed42/attempt_001/console.log
  running segmentation/x256_learnable_frequency_seed42 — 23:17:59; log: /home/leonidas/workspace/differentiable_micoscopy_replication/microscopy-clean/runs/paper_gpu0/jobs/segmentation/x256_learnable_frequency_seed42/attempt_001/console.log
  running segmentation/x256_learnable_frequency_seed42 — 23:18:29; log: /home/leonidas/workspace/differentiable_micoscopy_replication/microscopy-clean/runs/paper_gpu0/jobs/segmentation/x256_learnable_frequency_seed42/attempt_001/console.log
  running segmentation/x256_learnable_frequency_seed42 — 23:18:59; log: /home/leonidas/workspace/differentiable_micoscopy_replication/microscopy-clean/runs/paper_gpu0/jobs/segmentation/x256_learnable_frequency_seed42/attempt_001/console.log
  running segmentation/x256_learnable_frequency_seed42 — 23:19:29; log: /home/leonidas/workspace/differentiable_micoscopy_replication/microscopy-clean/runs/paper_gpu0/jobs/segmentation/x256_learnable_frequency_seed42/attempt_001/console.log
  running segmentation/x256_learnable_frequency_seed42 — 23:19:59; log: /home/leonidas/workspace/differentiable_micoscopy_replication/microscopy-clean/runs/paper_gpu0/jobs/segmentation/x256_learnable_frequency_seed42/attempt_001/console.log
  running segmentation/x256_learnable_frequency_seed42 — 23:20:29; log: /home/leonidas/workspace/differentiable_micoscopy_replication/microscopy-clean/runs/paper_gpu0/jobs/segmentation/x256_learnable_frequency_seed42/attempt_001/console.log
  running segmentation/x256_learnable_frequency_seed42 — 23:20:59; log: /home/leonidas/workspace/differentiable_micoscopy_replication/microscopy-clean/runs/paper_gpu0/jobs/segmentation/x256_learnable_frequency_seed42/attempt_001/console.log
  running segmentation/x256_learnable_frequency_seed42 — 23:21:29; log: /home/leonidas/workspace/differentiable_micoscopy_replication/microscopy-clean/runs/paper_gpu0/jobs/segmentation/x256_learnable_frequency_seed42/attempt_001/console.log
  running segmentation/x256_learnable_frequency_seed42 — 23:21:59; log: /home/leonidas/workspace/differentiable_micoscopy_replication/microscopy-clean/runs/paper_gpu0/jobs/segmentation/x256_learnable_frequency_seed42/attempt_001/console.log
  running segmentation/x256_learnable_frequency_seed42 — 23:22:29; log: /home/leonidas/workspace/differentiable_micoscopy_replication/microscopy-clean/runs/paper_gpu0/jobs/segmentation/x256_learnable_frequency_seed42/attempt_001/console.log
  running segmentation/x256_learnable_frequency_seed42 — 23:22:59; log: /home/leonidas/workspace/differentiable_micoscopy_replication/microscopy-clean/runs/paper_gpu0/jobs/segmentation/x256_learnable_frequency_seed42/attempt_001/console.log
  running segmentation/x256_learnable_frequency_seed42 — 23:23:29; log: /home/leonidas/workspace/differentiable_micoscopy_replication/microscopy-clean/runs/paper_gpu0/jobs/segmentation/x256_learnable_frequency_seed42/attempt_001/console.log
  running segmentation/x256_learnable_frequency_seed42 — 23:23:59; log: /home/leonidas/workspace/differentiable_micoscopy_replication/microscopy-clean/runs/paper_gpu0/jobs/segmentation/x256_learnable_frequency_seed42/attempt_001/console.log
  running segmentation/x256_learnable_frequency_seed42 — 23:24:29; log: /home/leonidas/workspace/differentiable_micoscopy_replication/microscopy-clean/runs/paper_gpu0/jobs/segmentation/x256_learnable_frequency_seed42/attempt_001/console.log
  running segmentation/x256_learnable_frequency_seed42 — 23:24:59; log: /home/leonidas/workspace/differentiable_micoscopy_replication/microscopy-clean/runs/paper_gpu0/jobs/segmentation/x256_learnable_frequency_seed42/attempt_001/console.log
  completed segmentation/x256_learnable_frequency_seed42
[5/48] starting segmentation/x1024_random_fixed_seed42 (attempt 1)
Log: /home/leonidas/workspace/differentiable_micoscopy_replication/microscopy-clean/runs/paper_gpu0/jobs/segmentation/x1024_random_fixed_seed42/attempt_001/console.log
  running segmentation/x1024_random_fixed_seed42 — 23:25:35; log: /home/leonidas/workspace/differentiable_micoscopy_replication/microscopy-clean/runs/paper_gpu0/jobs/segmentation/x1024_random_fixed_seed42/attempt_001/console.log
  running segmentation/x1024_random_fixed_seed42 — 23:26:05; log: /home/leonidas/workspace/differentiable_micoscopy_replication/microscopy-clean/runs/paper_gpu0/jobs/segmentation/x1024_random_fixed_seed42/attempt_001/console.log
  running segmentation/x1024_random_fixed_seed42 — 23:26:35; log: /home/leonidas/workspace/differentiable_micoscopy_replication/microscopy-clean/runs/paper_gpu0/jobs/segmentation/x1024_random_fixed_seed42/attempt_001/console.log
  running segmentation/x1024_random_fixed_seed42 — 23:27:05; log: /home/leonidas/workspace/differentiable_micoscopy_replication/microscopy-clean/runs/paper_gpu0/jobs/segmentation/x1024_random_fixed_seed42/attempt_001/console.log
  running segmentation/x1024_random_fixed_seed42 — 23:27:35; log: /home/leonidas/workspace/differentiable_micoscopy_replication/microscopy-clean/runs/paper_gpu0/jobs/segmentation/x1024_random_fixed_seed42/attempt_001/console.log
  running segmentation/x1024_random_fixed_seed42 — 23:28:05; log: /home/leonidas/workspace/differentiable_micoscopy_replication/microscopy-clean/runs/paper_gpu0/jobs/segmentation/x1024_random_fixed_seed42/attempt_001/console.log
  running segmentation/x1024_random_fixed_seed42 — 23:28:35; log: /home/leonidas/workspace/differentiable_micoscopy_replication/microscopy-clean/runs/paper_gpu0/jobs/segmentation/x1024_random_fixed_seed42/attempt_001/console.log
  running segmentation/x1024_random_fixed_seed42 — 23:29:05; log: /home/leonidas/workspace/differentiable_micoscopy_replication/microscopy-clean/runs/paper_gpu0/jobs/segmentation/x1024_random_fixed_seed42/attempt_001/console.log
  running segmentation/x1024_random_fixed_seed42 — 23:29:35; log: /home/leonidas/workspace/differentiable_micoscopy_replication/microscopy-clean/runs/paper_gpu0/jobs/segmentation/x1024_random_fixed_seed42/attempt_001/console.log
  running segmentation/x1024_random_fixed_seed42 — 23:30:05; log: /home/leonidas/workspace/differentiable_micoscopy_replication/microscopy-clean/runs/paper_gpu0/jobs/segmentation/x1024_random_fixed_seed42/attempt_001/console.log
  running segmentation/x1024_random_fixed_seed42 — 23:30:35; log: /home/leonidas/workspace/differentiable_micoscopy_replication/microscopy-clean/runs/paper_gpu0/jobs/segmentation/x1024_random_fixed_seed42/attempt_001/console.log
  running segmentation/x1024_random_fixed_seed42 — 23:31:05; log: /home/leonidas/workspace/differentiable_micoscopy_replication/microscopy-clean/runs/paper_gpu0/jobs/segmentation/x1024_random_fixed_seed42/attempt_001/console.log
  running segmentation/x1024_random_fixed_seed42 — 23:31:35; log: /home/leonidas/workspace/differentiable_micoscopy_replication/microscopy-clean/runs/paper_gpu0/jobs/segmentation/x1024_random_fixed_seed42/attempt_001/console.log
  running segmentation/x1024_random_fixed_seed42 — 23:32:05; log: /home/leonidas/workspace/differentiable_micoscopy_replication/microscopy-clean/runs/paper_gpu0/jobs/segmentation/x1024_random_fixed_seed42/attempt_001/console.log
  running segmentation/x1024_random_fixed_seed42 — 23:32:35; log: /home/leonidas/workspace/differentiable_micoscopy_replication/microscopy-clean/runs/paper_gpu0/jobs/segmentation/x1024_random_fixed_seed42/attempt_001/console.log
  running segmentation/x1024_random_fixed_seed42 — 23:33:05; log: /home/leonidas/workspace/differentiable_micoscopy_replication/microscopy-clean/runs/paper_gpu0/jobs/segmentation/x1024_random_fixed_seed42/attempt_001/console.log
  running segmentation/x1024_random_fixed_seed42 — 23:33:35; log: /home/leonidas/workspace/differentiable_micoscopy_replication/microscopy-clean/runs/paper_gpu0/jobs/segmentation/x1024_random_fixed_seed42/attempt_001/console.log
  running segmentation/x1024_random_fixed_seed42 — 23:34:05; log: /home/leonidas/workspace/differentiable_micoscopy_replication/microscopy-clean/runs/paper_gpu0/jobs/segmentation/x1024_random_fixed_seed42/attempt_001/console.log
  running segmentation/x1024_random_fixed_seed42 — 23:34:35; log: /home/leonidas/workspace/differentiable_micoscopy_replication/microscopy-clean/runs/paper_gpu0/jobs/segmentation/x1024_random_fixed_seed42/attempt_001/console.log
  running segmentation/x1024_random_fixed_seed42 — 23:35:05; log: /home/leonidas/workspace/differentiable_micoscopy_replication/microscopy-clean/runs/paper_gpu0/jobs/segmentation/x1024_random_fixed_seed42/attempt_001/console.log
  running segmentation/x1024_random_fixed_seed42 — 23:35:35; log: /home/leonidas/workspace/differentiable_micoscopy_replication/microscopy-clean/runs/paper_gpu0/jobs/segmentation/x1024_random_fixed_seed42/attempt_001/console.log
  running segmentation/x1024_random_fixed_seed42 — 23:36:05; log: /home/leonidas/workspace/differentiable_micoscopy_replication/microscopy-clean/runs/paper_gpu0/jobs/segmentation/x1024_random_fixed_seed42/attempt_001/console.log
  running segmentation/x1024_random_fixed_seed42 — 23:36:35; log: /home/leonidas/workspace/differentiable_micoscopy_replication/microscopy-clean/runs/paper_gpu0/jobs/segmentation/x1024_random_fixed_seed42/attempt_001/console.log
  running segmentation/x1024_random_fixed_seed42 — 23:37:05; log: /home/leonidas/workspace/differentiable_micoscopy_replication/microscopy-clean/runs/paper_gpu0/jobs/segmentation/x1024_random_fixed_seed42/attempt_001/console.log
  running segmentation/x1024_random_fixed_seed42 — 23:37:35; log: /home/leonidas/workspace/differentiable_micoscopy_replication/microscopy-clean/runs/paper_gpu0/jobs/segmentation/x1024_random_fixed_seed42/attempt_001/console.log
  running segmentation/x1024_random_fixed_seed42 — 23:38:05; log: /home/leonidas/workspace/differentiable_micoscopy_replication/microscopy-clean/runs/paper_gpu0/jobs/segmentation/x1024_random_fixed_seed42/attempt_001/console.log
  running segmentation/x1024_random_fixed_seed42 — 23:38:35; log: /home/leonidas/workspace/differentiable_micoscopy_replication/microscopy-clean/runs/paper_gpu0/jobs/segmentation/x1024_random_fixed_seed42/attempt_001/console.log
  running segmentation/x1024_random_fixed_seed42 — 23:39:05; log: /home/leonidas/workspace/differentiable_micoscopy_replication/microscopy-clean/runs/paper_gpu0/jobs/segmentation/x1024_random_fixed_seed42/attempt_001/console.log
  running segmentation/x1024_random_fixed_seed42 — 23:39:35; log: /home/leonidas/workspace/differentiable_micoscopy_replication/microscopy-clean/runs/paper_gpu0/jobs/segmentation/x1024_random_fixed_seed42/attempt_001/console.log
  running segmentation/x1024_random_fixed_seed42 — 23:40:05; log: /home/leonidas/workspace/differentiable_micoscopy_replication/microscopy-clean/runs/paper_gpu0/jobs/segmentation/x1024_random_fixed_seed42/attempt_001/console.log
  completed segmentation/x1024_random_fixed_seed42
[6/48] starting segmentation/x1024_learnable_frequency_seed42 (attempt 1)
Log: /home/leonidas/workspace/differentiable_micoscopy_replication/microscopy-clean/runs/paper_gpu0/jobs/segmentation/x1024_learnable_frequency_seed42/attempt_001/console.log
  running segmentation/x1024_learnable_frequency_seed42 — 23:40:48; log: /home/leonidas/workspace/differentiable_micoscopy_replication/microscopy-clean/runs/paper_gpu0/jobs/segmentation/x1024_learnable_frequency_seed42/attempt_001/console.log
  running segmentation/x1024_learnable_frequency_seed42 — 23:41:18; log: /home/leonidas/workspace/differentiable_micoscopy_replication/microscopy-clean/runs/paper_gpu0/jobs/segmentation/x1024_learnable_frequency_seed42/attempt_001/console.log
  running segmentation/x1024_learnable_frequency_seed42 — 23:41:48; log: /home/leonidas/workspace/differentiable_micoscopy_replication/microscopy-clean/runs/paper_gpu0/jobs/segmentation/x1024_learnable_frequency_seed42/attempt_001/console.log
  running segmentation/x1024_learnable_frequency_seed42 — 23:42:18; log: /home/leonidas/workspace/differentiable_micoscopy_replication/microscopy-clean/runs/paper_gpu0/jobs/segmentation/x1024_learnable_frequency_seed42/attempt_001/console.log
  running segmentation/x1024_learnable_frequency_seed42 — 23:42:48; log: /home/leonidas/workspace/differentiable_micoscopy_replication/microscopy-clean/runs/paper_gpu0/jobs/segmentation/x1024_learnable_frequency_seed42/attempt_001/console.log
  running segmentation/x1024_learnable_frequency_seed42 — 23:43:18; log: /home/leonidas/workspace/differentiable_micoscopy_replication/microscopy-clean/runs/paper_gpu0/jobs/segmentation/x1024_learnable_frequency_seed42/attempt_001/console.log
  running segmentation/x1024_learnable_frequency_seed42 — 23:43:48; log: /home/leonidas/workspace/differentiable_micoscopy_replication/microscopy-clean/runs/paper_gpu0/jobs/segmentation/x1024_learnable_frequency_seed42/attempt_001/console.log
  running segmentation/x1024_learnable_frequency_seed42 — 23:44:18; log: /home/leonidas/workspace/differentiable_micoscopy_replication/microscopy-clean/runs/paper_gpu0/jobs/segmentation/x1024_learnable_frequency_seed42/attempt_001/console.log
  running segmentation/x1024_learnable_frequency_seed42 — 23:44:48; log: /home/leonidas/workspace/differentiable_micoscopy_replication/microscopy-clean/runs/paper_gpu0/jobs/segmentation/x1024_learnable_frequency_seed42/attempt_001/console.log
  running segmentation/x1024_learnable_frequency_seed42 — 23:45:18; log: /home/leonidas/workspace/differentiable_micoscopy_replication/microscopy-clean/runs/paper_gpu0/jobs/segmentation/x1024_learnable_frequency_seed42/attempt_001/console.log
  running segmentation/x1024_learnable_frequency_seed42 — 23:45:48; log: /home/leonidas/workspace/differentiable_micoscopy_replication/microscopy-clean/runs/paper_gpu0/jobs/segmentation/x1024_learnable_frequency_seed42/attempt_001/console.log
  running segmentation/x1024_learnable_frequency_seed42 — 23:46:18; log: /home/leonidas/workspace/differentiable_micoscopy_replication/microscopy-clean/runs/paper_gpu0/jobs/segmentation/x1024_learnable_frequency_seed42/attempt_001/console.log
  running segmentation/x1024_learnable_frequency_seed42 — 23:46:48; log: /home/leonidas/workspace/differentiable_micoscopy_replication/microscopy-clean/runs/paper_gpu0/jobs/segmentation/x1024_learnable_frequency_seed42/attempt_001/console.log
  running segmentation/x1024_learnable_frequency_seed42 — 23:47:18; log: /home/leonidas/workspace/differentiable_micoscopy_replication/microscopy-clean/runs/paper_gpu0/jobs/segmentation/x1024_learnable_frequency_seed42/attempt_001/console.log
  running segmentation/x1024_learnable_frequency_seed42 — 23:47:48; log: /home/leonidas/workspace/differentiable_micoscopy_replication/microscopy-clean/runs/paper_gpu0/jobs/segmentation/x1024_learnable_frequency_seed42/attempt_001/console.log
  running segmentation/x1024_learnable_frequency_seed42 — 23:48:18; log: /home/leonidas/workspace/differentiable_micoscopy_replication/microscopy-clean/runs/paper_gpu0/jobs/segmentation/x1024_learnable_frequency_seed42/attempt_001/console.log
  running segmentation/x1024_learnable_frequency_seed42 — 23:48:48; log: /home/leonidas/workspace/differentiable_micoscopy_replication/microscopy-clean/runs/paper_gpu0/jobs/segmentation/x1024_learnable_frequency_seed42/attempt_001/console.log
  running segmentation/x1024_learnable_frequency_seed42 — 23:49:18; log: /home/leonidas/workspace/differentiable_micoscopy_replication/microscopy-clean/runs/paper_gpu0/jobs/segmentation/x1024_learnable_frequency_seed42/attempt_001/console.log
  running segmentation/x1024_learnable_frequency_seed42 — 23:49:48; log: /home/leonidas/workspace/differentiable_micoscopy_replication/microscopy-clean/runs/paper_gpu0/jobs/segmentation/x1024_learnable_frequency_seed42/attempt_001/console.log
  running segmentation/x1024_learnable_frequency_seed42 — 23:50:18; log: /home/leonidas/workspace/differentiable_micoscopy_replication/microscopy-clean/runs/paper_gpu0/jobs/segmentation/x1024_learnable_frequency_seed42/attempt_001/console.log
  running segmentation/x1024_learnable_frequency_seed42 — 23:50:48; log: /home/leonidas/workspace/differentiable_micoscopy_replication/microscopy-clean/runs/paper_gpu0/jobs/segmentation/x1024_learnable_frequency_seed42/attempt_001/console.log
  running segmentation/x1024_learnable_frequency_seed42 — 23:51:18; log: /home/leonidas/workspace/differentiable_micoscopy_replication/microscopy-clean/runs/paper_gpu0/jobs/segmentation/x1024_learnable_frequency_seed42/attempt_001/console.log
  running segmentation/x1024_learnable_frequency_seed42 — 23:51:48; log: /home/leonidas/workspace/differentiable_micoscopy_replication/microscopy-clean/runs/paper_gpu0/jobs/segmentation/x1024_learnable_frequency_seed42/attempt_001/console.log
  running segmentation/x1024_learnable_frequency_seed42 — 23:52:18; log: /home/leonidas/workspace/differentiable_micoscopy_replication/microscopy-clean/runs/paper_gpu0/jobs/segmentation/x1024_learnable_frequency_seed42/attempt_001/console.log
  running segmentation/x1024_learnable_frequency_seed42 — 23:52:48; log: /home/leonidas/workspace/differentiable_micoscopy_replication/microscopy-clean/runs/paper_gpu0/jobs/segmentation/x1024_learnable_frequency_seed42/attempt_001/console.log
  running segmentation/x1024_learnable_frequency_seed42 — 23:53:18; log: /home/leonidas/workspace/differentiable_micoscopy_replication/microscopy-clean/runs/paper_gpu0/jobs/segmentation/x1024_learnable_frequency_seed42/attempt_001/console.log
  running segmentation/x1024_learnable_frequency_seed42 — 23:53:48; log: /home/leonidas/workspace/differentiable_micoscopy_replication/microscopy-clean/runs/paper_gpu0/jobs/segmentation/x1024_learnable_frequency_seed42/attempt_001/console.log
  running segmentation/x1024_learnable_frequency_seed42 — 23:54:18; log: /home/leonidas/workspace/differentiable_micoscopy_replication/microscopy-clean/runs/paper_gpu0/jobs/segmentation/x1024_learnable_frequency_seed42/attempt_001/console.log
  running segmentation/x1024_learnable_frequency_seed42 — 23:54:48; log: /home/leonidas/workspace/differentiable_micoscopy_replication/microscopy-clean/runs/paper_gpu0/jobs/segmentation/x1024_learnable_frequency_seed42/attempt_001/console.log
  running segmentation/x1024_learnable_frequency_seed42 — 23:55:18; log: /home/leonidas/workspace/differentiable_micoscopy_replication/microscopy-clean/runs/paper_gpu0/jobs/segmentation/x1024_learnable_frequency_seed42/attempt_001/console.log
  completed segmentation/x1024_learnable_frequency_seed42
[7/48] starting segmentation/x64_random_fixed_seed43 (attempt 1)
Log: /home/leonidas/workspace/differentiable_micoscopy_replication/microscopy-clean/runs/paper_gpu0/jobs/segmentation/x64_random_fixed_seed43/attempt_001/console.log
  running segmentation/x64_random_fixed_seed43 — 23:56:08; log: /home/leonidas/workspace/differentiable_micoscopy_replication/microscopy-clean/runs/paper_gpu0/jobs/segmentation/x64_random_fixed_seed43/attempt_001/console.log
  running segmentation/x64_random_fixed_seed43 — 23:56:38; log: /home/leonidas/workspace/differentiable_micoscopy_replication/microscopy-clean/runs/paper_gpu0/jobs/segmentation/x64_random_fixed_seed43/attempt_001/console.log
  running segmentation/x64_random_fixed_seed43 — 23:57:08; log: /home/leonidas/workspace/differentiable_micoscopy_replication/microscopy-clean/runs/paper_gpu0/jobs/segmentation/x64_random_fixed_seed43/attempt_001/console.log
  running segmentation/x64_random_fixed_seed43 — 23:57:38; log: /home/leonidas/workspace/differentiable_micoscopy_replication/microscopy-clean/runs/paper_gpu0/jobs/segmentation/x64_random_fixed_seed43/attempt_001/console.log
  running segmentation/x64_random_fixed_seed43 — 23:58:08; log: /home/leonidas/workspace/differentiable_micoscopy_replication/microscopy-clean/runs/paper_gpu0/jobs/segmentation/x64_random_fixed_seed43/attempt_001/console.log
  running segmentation/x64_random_fixed_seed43 — 23:58:38; log: /home/leonidas/workspace/differentiable_micoscopy_replication/microscopy-clean/runs/paper_gpu0/jobs/segmentation/x64_random_fixed_seed43/attempt_001/console.log
  running segmentation/x64_random_fixed_seed43 — 23:59:08; log: /home/leonidas/workspace/differentiable_micoscopy_replication/microscopy-clean/runs/paper_gpu0/jobs/segmentation/x64_random_fixed_seed43/attempt_001/console.log
  running segmentation/x64_random_fixed_seed43 — 23:59:38; log: /home/leonidas/workspace/differentiable_micoscopy_replication/microscopy-clean/runs/paper_gpu0/jobs/segmentation/x64_random_fixed_seed43/attempt_001/console.log
  running segmentation/x64_random_fixed_seed43 — 00:00:08; log: /home/leonidas/workspace/differentiable_micoscopy_replication/microscopy-clean/runs/paper_gpu0/jobs/segmentation/x64_random_fixed_seed43/attempt_001/console.log
  running segmentation/x64_random_fixed_seed43 — 00:00:38; log: /home/leonidas/workspace/differentiable_micoscopy_replication/microscopy-clean/runs/paper_gpu0/jobs/segmentation/x64_random_fixed_seed43/attempt_001/console.log
  running segmentation/x64_random_fixed_seed43 — 00:01:08; log: /home/leonidas/workspace/differentiable_micoscopy_replication/microscopy-clean/runs/paper_gpu0/jobs/segmentation/x64_random_fixed_seed43/attempt_001/console.log
  running segmentation/x64_random_fixed_seed43 — 00:01:38; log: /home/leonidas/workspace/differentiable_micoscopy_replication/microscopy-clean/runs/paper_gpu0/jobs/segmentation/x64_random_fixed_seed43/attempt_001/console.log
  running segmentation/x64_random_fixed_seed43 — 00:02:08; log: /home/leonidas/workspace/differentiable_micoscopy_replication/microscopy-clean/runs/paper_gpu0/jobs/segmentation/x64_random_fixed_seed43/attempt_001/console.log
  running segmentation/x64_random_fixed_seed43 — 00:02:38; log: /home/leonidas/workspace/differentiable_micoscopy_replication/microscopy-clean/runs/paper_gpu0/jobs/segmentation/x64_random_fixed_seed43/attempt_001/console.log
  running segmentation/x64_random_fixed_seed43 — 00:03:08; log: /home/leonidas/workspace/differentiable_micoscopy_replication/microscopy-clean/runs/paper_gpu0/jobs/segmentation/x64_random_fixed_seed43/attempt_001/console.log
  running segmentation/x64_random_fixed_seed43 — 00:03:38; log: /home/leonidas/workspace/differentiable_micoscopy_replication/microscopy-clean/runs/paper_gpu0/jobs/segmentation/x64_random_fixed_seed43/attempt_001/console.log
  running segmentation/x64_random_fixed_seed43 — 00:04:08; log: /home/leonidas/workspace/differentiable_micoscopy_replication/microscopy-clean/runs/paper_gpu0/jobs/segmentation/x64_random_fixed_seed43/attempt_001/console.log
  running segmentation/x64_random_fixed_seed43 — 00:04:38; log: /home/leonidas/workspace/differentiable_micoscopy_replication/microscopy-clean/runs/paper_gpu0/jobs/segmentation/x64_random_fixed_seed43/attempt_001/console.log
  running segmentation/x64_random_fixed_seed43 — 00:05:08; log: /home/leonidas/workspace/differentiable_micoscopy_replication/microscopy-clean/runs/paper_gpu0/jobs/segmentation/x64_random_fixed_seed43/attempt_001/console.log
  running segmentation/x64_random_fixed_seed43 — 00:05:38; log: /home/leonidas/workspace/differentiable_micoscopy_replication/microscopy-clean/runs/paper_gpu0/jobs/segmentation/x64_random_fixed_seed43/attempt_001/console.log
  running segmentation/x64_random_fixed_seed43 — 00:06:08; log: /home/leonidas/workspace/differentiable_micoscopy_replication/microscopy-clean/runs/paper_gpu0/jobs/segmentation/x64_random_fixed_seed43/attempt_001/console.log
  running segmentation/x64_random_fixed_seed43 — 00:06:38; log: /home/leonidas/workspace/differentiable_micoscopy_replication/microscopy-clean/runs/paper_gpu0/jobs/segmentation/x64_random_fixed_seed43/attempt_001/console.log
  running segmentation/x64_random_fixed_seed43 — 00:07:08; log: /home/leonidas/workspace/differentiable_micoscopy_replication/microscopy-clean/runs/paper_gpu0/jobs/segmentation/x64_random_fixed_seed43/attempt_001/console.log
  running segmentation/x64_random_fixed_seed43 — 00:07:38; log: /home/leonidas/workspace/differentiable_micoscopy_replication/microscopy-clean/runs/paper_gpu0/jobs/segmentation/x64_random_fixed_seed43/attempt_001/console.log
  running segmentation/x64_random_fixed_seed43 — 00:08:08; log: /home/leonidas/workspace/differentiable_micoscopy_replication/microscopy-clean/runs/paper_gpu0/jobs/segmentation/x64_random_fixed_seed43/attempt_001/console.log
  running segmentation/x64_random_fixed_seed43 — 00:08:38; log: /home/leonidas/workspace/differentiable_micoscopy_replication/microscopy-clean/runs/paper_gpu0/jobs/segmentation/x64_random_fixed_seed43/attempt_001/console.log
  running segmentation/x64_random_fixed_seed43 — 00:09:08; log: /home/leonidas/workspace/differentiable_micoscopy_replication/microscopy-clean/runs/paper_gpu0/jobs/segmentation/x64_random_fixed_seed43/attempt_001/console.log
  running segmentation/x64_random_fixed_seed43 — 00:09:38; log: /home/leonidas/workspace/differentiable_micoscopy_replication/microscopy-clean/runs/paper_gpu0/jobs/segmentation/x64_random_fixed_seed43/attempt_001/console.log
  running segmentation/x64_random_fixed_seed43 — 00:10:08; log: /home/leonidas/workspace/differentiable_micoscopy_replication/microscopy-clean/runs/paper_gpu0/jobs/segmentation/x64_random_fixed_seed43/attempt_001/console.log
  completed segmentation/x64_random_fixed_seed43
[8/48] starting segmentation/x64_learnable_frequency_seed43 (attempt 1)
Log: /home/leonidas/workspace/differentiable_micoscopy_replication/microscopy-clean/runs/paper_gpu0/jobs/segmentation/x64_learnable_frequency_seed43/attempt_001/console.log
  running segmentation/x64_learnable_frequency_seed43 — 00:11:03; log: /home/leonidas/workspace/differentiable_micoscopy_replication/microscopy-clean/runs/paper_gpu0/jobs/segmentation/x64_learnable_frequency_seed43/attempt_001/console.log
  running segmentation/x64_learnable_frequency_seed43 — 00:11:33; log: /home/leonidas/workspace/differentiable_micoscopy_replication/microscopy-clean/runs/paper_gpu0/jobs/segmentation/x64_learnable_frequency_seed43/attempt_001/console.log
  running segmentation/x64_learnable_frequency_seed43 — 00:12:03; log: /home/leonidas/workspace/differentiable_micoscopy_replication/microscopy-clean/runs/paper_gpu0/jobs/segmentation/x64_learnable_frequency_seed43/attempt_001/console.log
  running segmentation/x64_learnable_frequency_seed43 — 00:12:33; log: /home/leonidas/workspace/differentiable_micoscopy_replication/microscopy-clean/runs/paper_gpu0/jobs/segmentation/x64_learnable_frequency_seed43/attempt_001/console.log
  running segmentation/x64_learnable_frequency_seed43 — 00:13:03; log: /home/leonidas/workspace/differentiable_micoscopy_replication/microscopy-clean/runs/paper_gpu0/jobs/segmentation/x64_learnable_frequency_seed43/attempt_001/console.log
  running segmentation/x64_learnable_frequency_seed43 — 00:13:33; log: /home/leonidas/workspace/differentiable_micoscopy_replication/microscopy-clean/runs/paper_gpu0/jobs/segmentation/x64_learnable_frequency_seed43/attempt_001/console.log
  running segmentation/x64_learnable_frequency_seed43 — 00:14:03; log: /home/leonidas/workspace/differentiable_micoscopy_replication/microscopy-clean/runs/paper_gpu0/jobs/segmentation/x64_learnable_frequency_seed43/attempt_001/console.log
  running segmentation/x64_learnable_frequency_seed43 — 00:14:33; log: /home/leonidas/workspace/differentiable_micoscopy_replication/microscopy-clean/runs/paper_gpu0/jobs/segmentation/x64_learnable_frequency_seed43/attempt_001/console.log
  running segmentation/x64_learnable_frequency_seed43 — 00:15:03; log: /home/leonidas/workspace/differentiable_micoscopy_replication/microscopy-clean/runs/paper_gpu0/jobs/segmentation/x64_learnable_frequency_seed43/attempt_001/console.log
  running segmentation/x64_learnable_frequency_seed43 — 00:15:33; log: /home/leonidas/workspace/differentiable_micoscopy_replication/microscopy-clean/runs/paper_gpu0/jobs/segmentation/x64_learnable_frequency_seed43/attempt_001/console.log
  running segmentation/x64_learnable_frequency_seed43 — 00:16:03; log: /home/leonidas/workspace/differentiable_micoscopy_replication/microscopy-clean/runs/paper_gpu0/jobs/segmentation/x64_learnable_frequency_seed43/attempt_001/console.log
  running segmentation/x64_learnable_frequency_seed43 — 00:16:33; log: /home/leonidas/workspace/differentiable_micoscopy_replication/microscopy-clean/runs/paper_gpu0/jobs/segmentation/x64_learnable_frequency_seed43/attempt_001/console.log
  running segmentation/x64_learnable_frequency_seed43 — 00:17:03; log: /home/leonidas/workspace/differentiable_micoscopy_replication/microscopy-clean/runs/paper_gpu0/jobs/segmentation/x64_learnable_frequency_seed43/attempt_001/console.log
  running segmentation/x64_learnable_frequency_seed43 — 00:17:33; log: /home/leonidas/workspace/differentiable_micoscopy_replication/microscopy-clean/runs/paper_gpu0/jobs/segmentation/x64_learnable_frequency_seed43/attempt_001/console.log
  running segmentation/x64_learnable_frequency_seed43 — 00:18:03; log: /home/leonidas/workspace/differentiable_micoscopy_replication/microscopy-clean/runs/paper_gpu0/jobs/segmentation/x64_learnable_frequency_seed43/attempt_001/console.log
  running segmentation/x64_learnable_frequency_seed43 — 00:18:33; log: /home/leonidas/workspace/differentiable_micoscopy_replication/microscopy-clean/runs/paper_gpu0/jobs/segmentation/x64_learnable_frequency_seed43/attempt_001/console.log
  running segmentation/x64_learnable_frequency_seed43 — 00:19:03; log: /home/leonidas/workspace/differentiable_micoscopy_replication/microscopy-clean/runs/paper_gpu0/jobs/segmentation/x64_learnable_frequency_seed43/attempt_001/console.log
  running segmentation/x64_learnable_frequency_seed43 — 00:19:33; log: /home/leonidas/workspace/differentiable_micoscopy_replication/microscopy-clean/runs/paper_gpu0/jobs/segmentation/x64_learnable_frequency_seed43/attempt_001/console.log
  running segmentation/x64_learnable_frequency_seed43 — 00:20:03; log: /home/leonidas/workspace/differentiable_micoscopy_replication/microscopy-clean/runs/paper_gpu0/jobs/segmentation/x64_learnable_frequency_seed43/attempt_001/console.log
  running segmentation/x64_learnable_frequency_seed43 — 00:20:33; log: /home/leonidas/workspace/differentiable_micoscopy_replication/microscopy-clean/runs/paper_gpu0/jobs/segmentation/x64_learnable_frequency_seed43/attempt_001/console.log
  running segmentation/x64_learnable_frequency_seed43 — 00:21:03; log: /home/leonidas/workspace/differentiable_micoscopy_replication/microscopy-clean/runs/paper_gpu0/jobs/segmentation/x64_learnable_frequency_seed43/attempt_001/console.log
  running segmentation/x64_learnable_frequency_seed43 — 00:21:33; log: /home/leonidas/workspace/differentiable_micoscopy_replication/microscopy-clean/runs/paper_gpu0/jobs/segmentation/x64_learnable_frequency_seed43/attempt_001/console.log
  running segmentation/x64_learnable_frequency_seed43 — 00:22:03; log: /home/leonidas/workspace/differentiable_micoscopy_replication/microscopy-clean/runs/paper_gpu0/jobs/segmentation/x64_learnable_frequency_seed43/attempt_001/console.log
  running segmentation/x64_learnable_frequency_seed43 — 00:22:33; log: /home/leonidas/workspace/differentiable_micoscopy_replication/microscopy-clean/runs/paper_gpu0/jobs/segmentation/x64_learnable_frequency_seed43/attempt_001/console.log
  running segmentation/x64_learnable_frequency_seed43 — 00:23:03; log: /home/leonidas/workspace/differentiable_micoscopy_replication/microscopy-clean/runs/paper_gpu0/jobs/segmentation/x64_learnable_frequency_seed43/attempt_001/console.log
  running segmentation/x64_learnable_frequency_seed43 — 00:23:33; log: /home/leonidas/workspace/differentiable_micoscopy_replication/microscopy-clean/runs/paper_gpu0/jobs/segmentation/x64_learnable_frequency_seed43/attempt_001/console.log
  running segmentation/x64_learnable_frequency_seed43 — 00:24:03; log: /home/leonidas/workspace/differentiable_micoscopy_replication/microscopy-clean/runs/paper_gpu0/jobs/segmentation/x64_learnable_frequency_seed43/attempt_001/console.log
  running segmentation/x64_learnable_frequency_seed43 — 00:24:33; log: /home/leonidas/workspace/differentiable_micoscopy_replication/microscopy-clean/runs/paper_gpu0/jobs/segmentation/x64_learnable_frequency_seed43/attempt_001/console.log
  running segmentation/x64_learnable_frequency_seed43 — 00:25:03; log: /home/leonidas/workspace/differentiable_micoscopy_replication/microscopy-clean/runs/paper_gpu0/jobs/segmentation/x64_learnable_frequency_seed43/attempt_001/console.log
  running segmentation/x64_learnable_frequency_seed43 — 00:25:33; log: /home/leonidas/workspace/differentiable_micoscopy_replication/microscopy-clean/runs/paper_gpu0/jobs/segmentation/x64_learnable_frequency_seed43/attempt_001/console.log
  completed segmentation/x64_learnable_frequency_seed43
[9/48] starting segmentation/x256_random_fixed_seed43 (attempt 1)
Log: /home/leonidas/workspace/differentiable_micoscopy_replication/microscopy-clean/runs/paper_gpu0/jobs/segmentation/x256_random_fixed_seed43/attempt_001/console.log
  running segmentation/x256_random_fixed_seed43 — 00:26:05; log: /home/leonidas/workspace/differentiable_micoscopy_replication/microscopy-clean/runs/paper_gpu0/jobs/segmentation/x256_random_fixed_seed43/attempt_001/console.log
  running segmentation/x256_random_fixed_seed43 — 00:26:35; log: /home/leonidas/workspace/differentiable_micoscopy_replication/microscopy-clean/runs/paper_gpu0/jobs/segmentation/x256_random_fixed_seed43/attempt_001/console.log
  running segmentation/x256_random_fixed_seed43 — 00:27:05; log: /home/leonidas/workspace/differentiable_micoscopy_replication/microscopy-clean/runs/paper_gpu0/jobs/segmentation/x256_random_fixed_seed43/attempt_001/console.log
  running segmentation/x256_random_fixed_seed43 — 00:27:35; log: /home/leonidas/workspace/differentiable_micoscopy_replication/microscopy-clean/runs/paper_gpu0/jobs/segmentation/x256_random_fixed_seed43/attempt_001/console.log
  running segmentation/x256_random_fixed_seed43 — 00:28:05; log: /home/leonidas/workspace/differentiable_micoscopy_replication/microscopy-clean/runs/paper_gpu0/jobs/segmentation/x256_random_fixed_seed43/attempt_001/console.log
  running segmentation/x256_random_fixed_seed43 — 00:28:35; log: /home/leonidas/workspace/differentiable_micoscopy_replication/microscopy-clean/runs/paper_gpu0/jobs/segmentation/x256_random_fixed_seed43/attempt_001/console.log
  running segmentation/x256_random_fixed_seed43 — 00:29:05; log: /home/leonidas/workspace/differentiable_micoscopy_replication/microscopy-clean/runs/paper_gpu0/jobs/segmentation/x256_random_fixed_seed43/attempt_001/console.log
  running segmentation/x256_random_fixed_seed43 — 00:29:35; log: /home/leonidas/workspace/differentiable_micoscopy_replication/microscopy-clean/runs/paper_gpu0/jobs/segmentation/x256_random_fixed_seed43/attempt_001/console.log
  running segmentation/x256_random_fixed_seed43 — 00:30:05; log: /home/leonidas/workspace/differentiable_micoscopy_replication/microscopy-clean/runs/paper_gpu0/jobs/segmentation/x256_random_fixed_seed43/attempt_001/console.log
  running segmentation/x256_random_fixed_seed43 — 00:30:35; log: /home/leonidas/workspace/differentiable_micoscopy_replication/microscopy-clean/runs/paper_gpu0/jobs/segmentation/x256_random_fixed_seed43/attempt_001/console.log
  running segmentation/x256_random_fixed_seed43 — 00:31:05; log: /home/leonidas/workspace/differentiable_micoscopy_replication/microscopy-clean/runs/paper_gpu0/jobs/segmentation/x256_random_fixed_seed43/attempt_001/console.log
  running segmentation/x256_random_fixed_seed43 — 00:31:35; log: /home/leonidas/workspace/differentiable_micoscopy_replication/microscopy-clean/runs/paper_gpu0/jobs/segmentation/x256_random_fixed_seed43/attempt_001/console.log
  running segmentation/x256_random_fixed_seed43 — 00:32:05; log: /home/leonidas/workspace/differentiable_micoscopy_replication/microscopy-clean/runs/paper_gpu0/jobs/segmentation/x256_random_fixed_seed43/attempt_001/console.log
  running segmentation/x256_random_fixed_seed43 — 00:32:35; log: /home/leonidas/workspace/differentiable_micoscopy_replication/microscopy-clean/runs/paper_gpu0/jobs/segmentation/x256_random_fixed_seed43/attempt_001/console.log
  running segmentation/x256_random_fixed_seed43 — 00:33:05; log: /home/leonidas/workspace/differentiable_micoscopy_replication/microscopy-clean/runs/paper_gpu0/jobs/segmentation/x256_random_fixed_seed43/attempt_001/console.log
  running segmentation/x256_random_fixed_seed43 — 00:33:35; log: /home/leonidas/workspace/differentiable_micoscopy_replication/microscopy-clean/runs/paper_gpu0/jobs/segmentation/x256_random_fixed_seed43/attempt_001/console.log
  running segmentation/x256_random_fixed_seed43 — 00:34:05; log: /home/leonidas/workspace/differentiable_micoscopy_replication/microscopy-clean/runs/paper_gpu0/jobs/segmentation/x256_random_fixed_seed43/attempt_001/console.log
  running segmentation/x256_random_fixed_seed43 — 00:34:35; log: /home/leonidas/workspace/differentiable_micoscopy_replication/microscopy-clean/runs/paper_gpu0/jobs/segmentation/x256_random_fixed_seed43/attempt_001/console.log
  running segmentation/x256_random_fixed_seed43 — 00:35:05; log: /home/leonidas/workspace/differentiable_micoscopy_replication/microscopy-clean/runs/paper_gpu0/jobs/segmentation/x256_random_fixed_seed43/attempt_001/console.log
  running segmentation/x256_random_fixed_seed43 — 00:35:35; log: /home/leonidas/workspace/differentiable_micoscopy_replication/microscopy-clean/runs/paper_gpu0/jobs/segmentation/x256_random_fixed_seed43/attempt_001/console.log
  running segmentation/x256_random_fixed_seed43 — 00:36:05; log: /home/leonidas/workspace/differentiable_micoscopy_replication/microscopy-clean/runs/paper_gpu0/jobs/segmentation/x256_random_fixed_seed43/attempt_001/console.log
  running segmentation/x256_random_fixed_seed43 — 00:36:35; log: /home/leonidas/workspace/differentiable_micoscopy_replication/microscopy-clean/runs/paper_gpu0/jobs/segmentation/x256_random_fixed_seed43/attempt_001/console.log
  running segmentation/x256_random_fixed_seed43 — 00:37:05; log: /home/leonidas/workspace/differentiable_micoscopy_replication/microscopy-clean/runs/paper_gpu0/jobs/segmentation/x256_random_fixed_seed43/attempt_001/console.log
  running segmentation/x256_random_fixed_seed43 — 00:37:35; log: /home/leonidas/workspace/differentiable_micoscopy_replication/microscopy-clean/runs/paper_gpu0/jobs/segmentation/x256_random_fixed_seed43/attempt_001/console.log
  running segmentation/x256_random_fixed_seed43 — 00:38:05; log: /home/leonidas/workspace/differentiable_micoscopy_replication/microscopy-clean/runs/paper_gpu0/jobs/segmentation/x256_random_fixed_seed43/attempt_001/console.log
  running segmentation/x256_random_fixed_seed43 — 00:38:35; log: /home/leonidas/workspace/differentiable_micoscopy_replication/microscopy-clean/runs/paper_gpu0/jobs/segmentation/x256_random_fixed_seed43/attempt_001/console.log
  running segmentation/x256_random_fixed_seed43 — 00:39:05; log: /home/leonidas/workspace/differentiable_micoscopy_replication/microscopy-clean/runs/paper_gpu0/jobs/segmentation/x256_random_fixed_seed43/attempt_001/console.log
  running segmentation/x256_random_fixed_seed43 — 00:39:35; log: /home/leonidas/workspace/differentiable_micoscopy_replication/microscopy-clean/runs/paper_gpu0/jobs/segmentation/x256_random_fixed_seed43/attempt_001/console.log
  running segmentation/x256_random_fixed_seed43 — 00:40:05; log: /home/leonidas/workspace/differentiable_micoscopy_replication/microscopy-clean/runs/paper_gpu0/jobs/segmentation/x256_random_fixed_seed43/attempt_001/console.log
  running segmentation/x256_random_fixed_seed43 — 00:40:35; log: /home/leonidas/workspace/differentiable_micoscopy_replication/microscopy-clean/runs/paper_gpu0/jobs/segmentation/x256_random_fixed_seed43/attempt_001/console.log
  completed segmentation/x256_random_fixed_seed43
[10/48] starting segmentation/x256_learnable_frequency_seed43 (attempt 1)
Log: /home/leonidas/workspace/differentiable_micoscopy_replication/microscopy-clean/runs/paper_gpu0/jobs/segmentation/x256_learnable_frequency_seed43/attempt_001/console.log
  running segmentation/x256_learnable_frequency_seed43 — 00:41:07; log: /home/leonidas/workspace/differentiable_micoscopy_replication/microscopy-clean/runs/paper_gpu0/jobs/segmentation/x256_learnable_frequency_seed43/attempt_001/console.log
  running segmentation/x256_learnable_frequency_seed43 — 00:41:37; log: /home/leonidas/workspace/differentiable_micoscopy_replication/microscopy-clean/runs/paper_gpu0/jobs/segmentation/x256_learnable_frequency_seed43/attempt_001/console.log
  running segmentation/x256_learnable_frequency_seed43 — 00:42:07; log: /home/leonidas/workspace/differentiable_micoscopy_replication/microscopy-clean/runs/paper_gpu0/jobs/segmentation/x256_learnable_frequency_seed43/attempt_001/console.log
  running segmentation/x256_learnable_frequency_seed43 — 00:42:37; log: /home/leonidas/workspace/differentiable_micoscopy_replication/microscopy-clean/runs/paper_gpu0/jobs/segmentation/x256_learnable_frequency_seed43/attempt_001/console.log
  running segmentation/x256_learnable_frequency_seed43 — 00:43:07; log: /home/leonidas/workspace/differentiable_micoscopy_replication/microscopy-clean/runs/paper_gpu0/jobs/segmentation/x256_learnable_frequency_seed43/attempt_001/console.log
  running segmentation/x256_learnable_frequency_seed43 — 00:43:37; log: /home/leonidas/workspace/differentiable_micoscopy_replication/microscopy-clean/runs/paper_gpu0/jobs/segmentation/x256_learnable_frequency_seed43/attempt_001/console.log
  running segmentation/x256_learnable_frequency_seed43 — 00:44:07; log: /home/leonidas/workspace/differentiable_micoscopy_replication/microscopy-clean/runs/paper_gpu0/jobs/segmentation/x256_learnable_frequency_seed43/attempt_001/console.log
  running segmentation/x256_learnable_frequency_seed43 — 00:44:37; log: /home/leonidas/workspace/differentiable_micoscopy_replication/microscopy-clean/runs/paper_gpu0/jobs/segmentation/x256_learnable_frequency_seed43/attempt_001/console.log
  running segmentation/x256_learnable_frequency_seed43 — 00:45:07; log: /home/leonidas/workspace/differentiable_micoscopy_replication/microscopy-clean/runs/paper_gpu0/jobs/segmentation/x256_learnable_frequency_seed43/attempt_001/console.log
  running segmentation/x256_learnable_frequency_seed43 — 00:45:37; log: /home/leonidas/workspace/differentiable_micoscopy_replication/microscopy-clean/runs/paper_gpu0/jobs/segmentation/x256_learnable_frequency_seed43/attempt_001/console.log
  running segmentation/x256_learnable_frequency_seed43 — 00:46:07; log: /home/leonidas/workspace/differentiable_micoscopy_replication/microscopy-clean/runs/paper_gpu0/jobs/segmentation/x256_learnable_frequency_seed43/attempt_001/console.log
  running segmentation/x256_learnable_frequency_seed43 — 00:46:37; log: /home/leonidas/workspace/differentiable_micoscopy_replication/microscopy-clean/runs/paper_gpu0/jobs/segmentation/x256_learnable_frequency_seed43/attempt_001/console.log
  running segmentation/x256_learnable_frequency_seed43 — 00:47:07; log: /home/leonidas/workspace/differentiable_micoscopy_replication/microscopy-clean/runs/paper_gpu0/jobs/segmentation/x256_learnable_frequency_seed43/attempt_001/console.log
  running segmentation/x256_learnable_frequency_seed43 — 00:47:37; log: /home/leonidas/workspace/differentiable_micoscopy_replication/microscopy-clean/runs/paper_gpu0/jobs/segmentation/x256_learnable_frequency_seed43/attempt_001/console.log
  running segmentation/x256_learnable_frequency_seed43 — 00:48:07; log: /home/leonidas/workspace/differentiable_micoscopy_replication/microscopy-clean/runs/paper_gpu0/jobs/segmentation/x256_learnable_frequency_seed43/attempt_001/console.log
  running segmentation/x256_learnable_frequency_seed43 — 00:48:37; log: /home/leonidas/workspace/differentiable_micoscopy_replication/microscopy-clean/runs/paper_gpu0/jobs/segmentation/x256_learnable_frequency_seed43/attempt_001/console.log
  running segmentation/x256_learnable_frequency_seed43 — 00:49:07; log: /home/leonidas/workspace/differentiable_micoscopy_replication/microscopy-clean/runs/paper_gpu0/jobs/segmentation/x256_learnable_frequency_seed43/attempt_001/console.log
  running segmentation/x256_learnable_frequency_seed43 — 00:49:37; log: /home/leonidas/workspace/differentiable_micoscopy_replication/microscopy-clean/runs/paper_gpu0/jobs/segmentation/x256_learnable_frequency_seed43/attempt_001/console.log
  running segmentation/x256_learnable_frequency_seed43 — 00:50:07; log: /home/leonidas/workspace/differentiable_micoscopy_replication/microscopy-clean/runs/paper_gpu0/jobs/segmentation/x256_learnable_frequency_seed43/attempt_001/console.log
  running segmentation/x256_learnable_frequency_seed43 — 00:50:37; log: /home/leonidas/workspace/differentiable_micoscopy_replication/microscopy-clean/runs/paper_gpu0/jobs/segmentation/x256_learnable_frequency_seed43/attempt_001/console.log
  running segmentation/x256_learnable_frequency_seed43 — 00:51:07; log: /home/leonidas/workspace/differentiable_micoscopy_replication/microscopy-clean/runs/paper_gpu0/jobs/segmentation/x256_learnable_frequency_seed43/attempt_001/console.log
  running segmentation/x256_learnable_frequency_seed43 — 00:51:37; log: /home/leonidas/workspace/differentiable_micoscopy_replication/microscopy-clean/runs/paper_gpu0/jobs/segmentation/x256_learnable_frequency_seed43/attempt_001/console.log
  running segmentation/x256_learnable_frequency_seed43 — 00:52:07; log: /home/leonidas/workspace/differentiable_micoscopy_replication/microscopy-clean/runs/paper_gpu0/jobs/segmentation/x256_learnable_frequency_seed43/attempt_001/console.log
  running segmentation/x256_learnable_frequency_seed43 — 00:52:37; log: /home/leonidas/workspace/differentiable_micoscopy_replication/microscopy-clean/runs/paper_gpu0/jobs/segmentation/x256_learnable_frequency_seed43/attempt_001/console.log
  running segmentation/x256_learnable_frequency_seed43 — 00:53:07; log: /home/leonidas/workspace/differentiable_micoscopy_replication/microscopy-clean/runs/paper_gpu0/jobs/segmentation/x256_learnable_frequency_seed43/attempt_001/console.log
  running segmentation/x256_learnable_frequency_seed43 — 00:53:37; log: /home/leonidas/workspace/differentiable_micoscopy_replication/microscopy-clean/runs/paper_gpu0/jobs/segmentation/x256_learnable_frequency_seed43/attempt_001/console.log
  running segmentation/x256_learnable_frequency_seed43 — 00:54:07; log: /home/leonidas/workspace/differentiable_micoscopy_replication/microscopy-clean/runs/paper_gpu0/jobs/segmentation/x256_learnable_frequency_seed43/attempt_001/console.log
  running segmentation/x256_learnable_frequency_seed43 — 00:54:37; log: /home/leonidas/workspace/differentiable_micoscopy_replication/microscopy-clean/runs/paper_gpu0/jobs/segmentation/x256_learnable_frequency_seed43/attempt_001/console.log
  running segmentation/x256_learnable_frequency_seed43 — 00:55:07; log: /home/leonidas/workspace/differentiable_micoscopy_replication/microscopy-clean/runs/paper_gpu0/jobs/segmentation/x256_learnable_frequency_seed43/attempt_001/console.log
  running segmentation/x256_learnable_frequency_seed43 — 00:55:37; log: /home/leonidas/workspace/differentiable_micoscopy_replication/microscopy-clean/runs/paper_gpu0/jobs/segmentation/x256_learnable_frequency_seed43/attempt_001/console.log
  completed segmentation/x256_learnable_frequency_seed43
[11/48] starting segmentation/x1024_random_fixed_seed43 (attempt 1)
Log: /home/leonidas/workspace/differentiable_micoscopy_replication/microscopy-clean/runs/paper_gpu0/jobs/segmentation/x1024_random_fixed_seed43/attempt_001/console.log
  running segmentation/x1024_random_fixed_seed43 — 00:56:10; log: /home/leonidas/workspace/differentiable_micoscopy_replication/microscopy-clean/runs/paper_gpu0/jobs/segmentation/x1024_random_fixed_seed43/attempt_001/console.log
  running segmentation/x1024_random_fixed_seed43 — 00:56:40; log: /home/leonidas/workspace/differentiable_micoscopy_replication/microscopy-clean/runs/paper_gpu0/jobs/segmentation/x1024_random_fixed_seed43/attempt_001/console.log
  running segmentation/x1024_random_fixed_seed43 — 00:57:10; log: /home/leonidas/workspace/differentiable_micoscopy_replication/microscopy-clean/runs/paper_gpu0/jobs/segmentation/x1024_random_fixed_seed43/attempt_001/console.log
  running segmentation/x1024_random_fixed_seed43 — 00:57:40; log: /home/leonidas/workspace/differentiable_micoscopy_replication/microscopy-clean/runs/paper_gpu0/jobs/segmentation/x1024_random_fixed_seed43/attempt_001/console.log
  running segmentation/x1024_random_fixed_seed43 — 00:58:10; log: /home/leonidas/workspace/differentiable_micoscopy_replication/microscopy-clean/runs/paper_gpu0/jobs/segmentation/x1024_random_fixed_seed43/attempt_001/console.log
  running segmentation/x1024_random_fixed_seed43 — 00:58:40; log: /home/leonidas/workspace/differentiable_micoscopy_replication/microscopy-clean/runs/paper_gpu0/jobs/segmentation/x1024_random_fixed_seed43/attempt_001/console.log
  running segmentation/x1024_random_fixed_seed43 — 00:59:10; log: /home/leonidas/workspace/differentiable_micoscopy_replication/microscopy-clean/runs/paper_gpu0/jobs/segmentation/x1024_random_fixed_seed43/attempt_001/console.log
  running segmentation/x1024_random_fixed_seed43 — 00:59:40; log: /home/leonidas/workspace/differentiable_micoscopy_replication/microscopy-clean/runs/paper_gpu0/jobs/segmentation/x1024_random_fixed_seed43/attempt_001/console.log
  running segmentation/x1024_random_fixed_seed43 — 01:00:10; log: /home/leonidas/workspace/differentiable_micoscopy_replication/microscopy-clean/runs/paper_gpu0/jobs/segmentation/x1024_random_fixed_seed43/attempt_001/console.log
  running segmentation/x1024_random_fixed_seed43 — 01:00:40; log: /home/leonidas/workspace/differentiable_micoscopy_replication/microscopy-clean/runs/paper_gpu0/jobs/segmentation/x1024_random_fixed_seed43/attempt_001/console.log
  running segmentation/x1024_random_fixed_seed43 — 01:01:10; log: /home/leonidas/workspace/differentiable_micoscopy_replication/microscopy-clean/runs/paper_gpu0/jobs/segmentation/x1024_random_fixed_seed43/attempt_001/console.log
  running segmentation/x1024_random_fixed_seed43 — 01:01:40; log: /home/leonidas/workspace/differentiable_micoscopy_replication/microscopy-clean/runs/paper_gpu0/jobs/segmentation/x1024_random_fixed_seed43/attempt_001/console.log
  running segmentation/x1024_random_fixed_seed43 — 01:02:10; log: /home/leonidas/workspace/differentiable_micoscopy_replication/microscopy-clean/runs/paper_gpu0/jobs/segmentation/x1024_random_fixed_seed43/attempt_001/console.log
  running segmentation/x1024_random_fixed_seed43 — 01:02:40; log: /home/leonidas/workspace/differentiable_micoscopy_replication/microscopy-clean/runs/paper_gpu0/jobs/segmentation/x1024_random_fixed_seed43/attempt_001/console.log
  running segmentation/x1024_random_fixed_seed43 — 01:03:10; log: /home/leonidas/workspace/differentiable_micoscopy_replication/microscopy-clean/runs/paper_gpu0/jobs/segmentation/x1024_random_fixed_seed43/attempt_001/console.log
  running segmentation/x1024_random_fixed_seed43 — 01:03:40; log: /home/leonidas/workspace/differentiable_micoscopy_replication/microscopy-clean/runs/paper_gpu0/jobs/segmentation/x1024_random_fixed_seed43/attempt_001/console.log
  running segmentation/x1024_random_fixed_seed43 — 01:04:10; log: /home/leonidas/workspace/differentiable_micoscopy_replication/microscopy-clean/runs/paper_gpu0/jobs/segmentation/x1024_random_fixed_seed43/attempt_001/console.log
  running segmentation/x1024_random_fixed_seed43 — 01:04:40; log: /home/leonidas/workspace/differentiable_micoscopy_replication/microscopy-clean/runs/paper_gpu0/jobs/segmentation/x1024_random_fixed_seed43/attempt_001/console.log
  running segmentation/x1024_random_fixed_seed43 — 01:05:10; log: /home/leonidas/workspace/differentiable_micoscopy_replication/microscopy-clean/runs/paper_gpu0/jobs/segmentation/x1024_random_fixed_seed43/attempt_001/console.log
  running segmentation/x1024_random_fixed_seed43 — 01:05:40; log: /home/leonidas/workspace/differentiable_micoscopy_replication/microscopy-clean/runs/paper_gpu0/jobs/segmentation/x1024_random_fixed_seed43/attempt_001/console.log
  running segmentation/x1024_random_fixed_seed43 — 01:06:10; log: /home/leonidas/workspace/differentiable_micoscopy_replication/microscopy-clean/runs/paper_gpu0/jobs/segmentation/x1024_random_fixed_seed43/attempt_001/console.log
  running segmentation/x1024_random_fixed_seed43 — 01:06:40; log: /home/leonidas/workspace/differentiable_micoscopy_replication/microscopy-clean/runs/paper_gpu0/jobs/segmentation/x1024_random_fixed_seed43/attempt_001/console.log
  running segmentation/x1024_random_fixed_seed43 — 01:07:10; log: /home/leonidas/workspace/differentiable_micoscopy_replication/microscopy-clean/runs/paper_gpu0/jobs/segmentation/x1024_random_fixed_seed43/attempt_001/console.log
  running segmentation/x1024_random_fixed_seed43 — 01:07:40; log: /home/leonidas/workspace/differentiable_micoscopy_replication/microscopy-clean/runs/paper_gpu0/jobs/segmentation/x1024_random_fixed_seed43/attempt_001/console.log
  running segmentation/x1024_random_fixed_seed43 — 01:08:10; log: /home/leonidas/workspace/differentiable_micoscopy_replication/microscopy-clean/runs/paper_gpu0/jobs/segmentation/x1024_random_fixed_seed43/attempt_001/console.log
  running segmentation/x1024_random_fixed_seed43 — 01:08:40; log: /home/leonidas/workspace/differentiable_micoscopy_replication/microscopy-clean/runs/paper_gpu0/jobs/segmentation/x1024_random_fixed_seed43/attempt_001/console.log
  running segmentation/x1024_random_fixed_seed43 — 01:09:10; log: /home/leonidas/workspace/differentiable_micoscopy_replication/microscopy-clean/runs/paper_gpu0/jobs/segmentation/x1024_random_fixed_seed43/attempt_001/console.log
  running segmentation/x1024_random_fixed_seed43 — 01:09:40; log: /home/leonidas/workspace/differentiable_micoscopy_replication/microscopy-clean/runs/paper_gpu0/jobs/segmentation/x1024_random_fixed_seed43/attempt_001/console.log
  running segmentation/x1024_random_fixed_seed43 — 01:10:10; log: /home/leonidas/workspace/differentiable_micoscopy_replication/microscopy-clean/runs/paper_gpu0/jobs/segmentation/x1024_random_fixed_seed43/attempt_001/console.log
  running segmentation/x1024_random_fixed_seed43 — 01:10:40; log: /home/leonidas/workspace/differentiable_micoscopy_replication/microscopy-clean/runs/paper_gpu0/jobs/segmentation/x1024_random_fixed_seed43/attempt_001/console.log
  completed segmentation/x1024_random_fixed_seed43
[12/48] starting segmentation/x1024_learnable_frequency_seed43 (attempt 1)
Log: /home/leonidas/workspace/differentiable_micoscopy_replication/microscopy-clean/runs/paper_gpu0/jobs/segmentation/x1024_learnable_frequency_seed43/attempt_001/console.log
  running segmentation/x1024_learnable_frequency_seed43 — 01:11:23; log: /home/leonidas/workspace/differentiable_micoscopy_replication/microscopy-clean/runs/paper_gpu0/jobs/segmentation/x1024_learnable_frequency_seed43/attempt_001/console.log
  running segmentation/x1024_learnable_frequency_seed43 — 01:11:53; log: /home/leonidas/workspace/differentiable_micoscopy_replication/microscopy-clean/runs/paper_gpu0/jobs/segmentation/x1024_learnable_frequency_seed43/attempt_001/console.log
  running segmentation/x1024_learnable_frequency_seed43 — 01:12:23; log: /home/leonidas/workspace/differentiable_micoscopy_replication/microscopy-clean/runs/paper_gpu0/jobs/segmentation/x1024_learnable_frequency_seed43/attempt_001/console.log
  running segmentation/x1024_learnable_frequency_seed43 — 01:12:53; log: /home/leonidas/workspace/differentiable_micoscopy_replication/microscopy-clean/runs/paper_gpu0/jobs/segmentation/x1024_learnable_frequency_seed43/attempt_001/console.log
  running segmentation/x1024_learnable_frequency_seed43 — 01:13:23; log: /home/leonidas/workspace/differentiable_micoscopy_replication/microscopy-clean/runs/paper_gpu0/jobs/segmentation/x1024_learnable_frequency_seed43/attempt_001/console.log
  running segmentation/x1024_learnable_frequency_seed43 — 01:13:53; log: /home/leonidas/workspace/differentiable_micoscopy_replication/microscopy-clean/runs/paper_gpu0/jobs/segmentation/x1024_learnable_frequency_seed43/attempt_001/console.log
  running segmentation/x1024_learnable_frequency_seed43 — 01:14:23; log: /home/leonidas/workspace/differentiable_micoscopy_replication/microscopy-clean/runs/paper_gpu0/jobs/segmentation/x1024_learnable_frequency_seed43/attempt_001/console.log
  running segmentation/x1024_learnable_frequency_seed43 — 01:14:53; log: /home/leonidas/workspace/differentiable_micoscopy_replication/microscopy-clean/runs/paper_gpu0/jobs/segmentation/x1024_learnable_frequency_seed43/attempt_001/console.log
  running segmentation/x1024_learnable_frequency_seed43 — 01:15:23; log: /home/leonidas/workspace/differentiable_micoscopy_replication/microscopy-clean/runs/paper_gpu0/jobs/segmentation/x1024_learnable_frequency_seed43/attempt_001/console.log
  running segmentation/x1024_learnable_frequency_seed43 — 01:15:53; log: /home/leonidas/workspace/differentiable_micoscopy_replication/microscopy-clean/runs/paper_gpu0/jobs/segmentation/x1024_learnable_frequency_seed43/attempt_001/console.log
  running segmentation/x1024_learnable_frequency_seed43 — 01:16:23; log: /home/leonidas/workspace/differentiable_micoscopy_replication/microscopy-clean/runs/paper_gpu0/jobs/segmentation/x1024_learnable_frequency_seed43/attempt_001/console.log
  running segmentation/x1024_learnable_frequency_seed43 — 01:16:53; log: /home/leonidas/workspace/differentiable_micoscopy_replication/microscopy-clean/runs/paper_gpu0/jobs/segmentation/x1024_learnable_frequency_seed43/attempt_001/console.log
  running segmentation/x1024_learnable_frequency_seed43 — 01:17:23; log: /home/leonidas/workspace/differentiable_micoscopy_replication/microscopy-clean/runs/paper_gpu0/jobs/segmentation/x1024_learnable_frequency_seed43/attempt_001/console.log
  running segmentation/x1024_learnable_frequency_seed43 — 01:17:53; log: /home/leonidas/workspace/differentiable_micoscopy_replication/microscopy-clean/runs/paper_gpu0/jobs/segmentation/x1024_learnable_frequency_seed43/attempt_001/console.log
  running segmentation/x1024_learnable_frequency_seed43 — 01:18:23; log: /home/leonidas/workspace/differentiable_micoscopy_replication/microscopy-clean/runs/paper_gpu0/jobs/segmentation/x1024_learnable_frequency_seed43/attempt_001/console.log
  running segmentation/x1024_learnable_frequency_seed43 — 01:18:53; log: /home/leonidas/workspace/differentiable_micoscopy_replication/microscopy-clean/runs/paper_gpu0/jobs/segmentation/x1024_learnable_frequency_seed43/attempt_001/console.log
  running segmentation/x1024_learnable_frequency_seed43 — 01:19:23; log: /home/leonidas/workspace/differentiable_micoscopy_replication/microscopy-clean/runs/paper_gpu0/jobs/segmentation/x1024_learnable_frequency_seed43/attempt_001/console.log
  running segmentation/x1024_learnable_frequency_seed43 — 01:19:53; log: /home/leonidas/workspace/differentiable_micoscopy_replication/microscopy-clean/runs/paper_gpu0/jobs/segmentation/x1024_learnable_frequency_seed43/attempt_001/console.log
  running segmentation/x1024_learnable_frequency_seed43 — 01:20:23; log: /home/leonidas/workspace/differentiable_micoscopy_replication/microscopy-clean/runs/paper_gpu0/jobs/segmentation/x1024_learnable_frequency_seed43/attempt_001/console.log
  running segmentation/x1024_learnable_frequency_seed43 — 01:20:53; log: /home/leonidas/workspace/differentiable_micoscopy_replication/microscopy-clean/runs/paper_gpu0/jobs/segmentation/x1024_learnable_frequency_seed43/attempt_001/console.log
  running segmentation/x1024_learnable_frequency_seed43 — 01:21:23; log: /home/leonidas/workspace/differentiable_micoscopy_replication/microscopy-clean/runs/paper_gpu0/jobs/segmentation/x1024_learnable_frequency_seed43/attempt_001/console.log
  running segmentation/x1024_learnable_frequency_seed43 — 01:21:53; log: /home/leonidas/workspace/differentiable_micoscopy_replication/microscopy-clean/runs/paper_gpu0/jobs/segmentation/x1024_learnable_frequency_seed43/attempt_001/console.log
  running segmentation/x1024_learnable_frequency_seed43 — 01:22:23; log: /home/leonidas/workspace/differentiable_micoscopy_replication/microscopy-clean/runs/paper_gpu0/jobs/segmentation/x1024_learnable_frequency_seed43/attempt_001/console.log
  running segmentation/x1024_learnable_frequency_seed43 — 01:22:53; log: /home/leonidas/workspace/differentiable_micoscopy_replication/microscopy-clean/runs/paper_gpu0/jobs/segmentation/x1024_learnable_frequency_seed43/attempt_001/console.log
  running segmentation/x1024_learnable_frequency_seed43 — 01:23:23; log: /home/leonidas/workspace/differentiable_micoscopy_replication/microscopy-clean/runs/paper_gpu0/jobs/segmentation/x1024_learnable_frequency_seed43/attempt_001/console.log
  running segmentation/x1024_learnable_frequency_seed43 — 01:23:53; log: /home/leonidas/workspace/differentiable_micoscopy_replication/microscopy-clean/runs/paper_gpu0/jobs/segmentation/x1024_learnable_frequency_seed43/attempt_001/console.log
  running segmentation/x1024_learnable_frequency_seed43 — 01:24:23; log: /home/leonidas/workspace/differentiable_micoscopy_replication/microscopy-clean/runs/paper_gpu0/jobs/segmentation/x1024_learnable_frequency_seed43/attempt_001/console.log
  running segmentation/x1024_learnable_frequency_seed43 — 01:24:53; log: /home/leonidas/workspace/differentiable_micoscopy_replication/microscopy-clean/runs/paper_gpu0/jobs/segmentation/x1024_learnable_frequency_seed43/attempt_001/console.log
  running segmentation/x1024_learnable_frequency_seed43 — 01:25:23; log: /home/leonidas/workspace/differentiable_micoscopy_replication/microscopy-clean/runs/paper_gpu0/jobs/segmentation/x1024_learnable_frequency_seed43/attempt_001/console.log
  running segmentation/x1024_learnable_frequency_seed43 — 01:25:53; log: /home/leonidas/workspace/differentiable_micoscopy_replication/microscopy-clean/runs/paper_gpu0/jobs/segmentation/x1024_learnable_frequency_seed43/attempt_001/console.log
  completed segmentation/x1024_learnable_frequency_seed43
[13/48] starting segmentation/x64_random_fixed_seed44 (attempt 1)
Log: /home/leonidas/workspace/differentiable_micoscopy_replication/microscopy-clean/runs/paper_gpu0/jobs/segmentation/x64_random_fixed_seed44/attempt_001/console.log
  running segmentation/x64_random_fixed_seed44 — 01:26:40; log: /home/leonidas/workspace/differentiable_micoscopy_replication/microscopy-clean/runs/paper_gpu0/jobs/segmentation/x64_random_fixed_seed44/attempt_001/console.log
  running segmentation/x64_random_fixed_seed44 — 01:27:10; log: /home/leonidas/workspace/differentiable_micoscopy_replication/microscopy-clean/runs/paper_gpu0/jobs/segmentation/x64_random_fixed_seed44/attempt_001/console.log
  running segmentation/x64_random_fixed_seed44 — 01:27:40; log: /home/leonidas/workspace/differentiable_micoscopy_replication/microscopy-clean/runs/paper_gpu0/jobs/segmentation/x64_random_fixed_seed44/attempt_001/console.log
  running segmentation/x64_random_fixed_seed44 — 01:28:10; log: /home/leonidas/workspace/differentiable_micoscopy_replication/microscopy-clean/runs/paper_gpu0/jobs/segmentation/x64_random_fixed_seed44/attempt_001/console.log
  running segmentation/x64_random_fixed_seed44 — 01:28:40; log: /home/leonidas/workspace/differentiable_micoscopy_replication/microscopy-clean/runs/paper_gpu0/jobs/segmentation/x64_random_fixed_seed44/attempt_001/console.log
  running segmentation/x64_random_fixed_seed44 — 01:29:10; log: /home/leonidas/workspace/differentiable_micoscopy_replication/microscopy-clean/runs/paper_gpu0/jobs/segmentation/x64_random_fixed_seed44/attempt_001/console.log
  running segmentation/x64_random_fixed_seed44 — 01:29:40; log: /home/leonidas/workspace/differentiable_micoscopy_replication/microscopy-clean/runs/paper_gpu0/jobs/segmentation/x64_random_fixed_seed44/attempt_001/console.log
  running segmentation/x64_random_fixed_seed44 — 01:30:10; log: /home/leonidas/workspace/differentiable_micoscopy_replication/microscopy-clean/runs/paper_gpu0/jobs/segmentation/x64_random_fixed_seed44/attempt_001/console.log
  running segmentation/x64_random_fixed_seed44 — 01:30:40; log: /home/leonidas/workspace/differentiable_micoscopy_replication/microscopy-clean/runs/paper_gpu0/jobs/segmentation/x64_random_fixed_seed44/attempt_001/console.log
  running segmentation/x64_random_fixed_seed44 — 01:31:10; log: /home/leonidas/workspace/differentiable_micoscopy_replication/microscopy-clean/runs/paper_gpu0/jobs/segmentation/x64_random_fixed_seed44/attempt_001/console.log
  running segmentation/x64_random_fixed_seed44 — 01:31:40; log: /home/leonidas/workspace/differentiable_micoscopy_replication/microscopy-clean/runs/paper_gpu0/jobs/segmentation/x64_random_fixed_seed44/attempt_001/console.log
  running segmentation/x64_random_fixed_seed44 — 01:32:10; log: /home/leonidas/workspace/differentiable_micoscopy_replication/microscopy-clean/runs/paper_gpu0/jobs/segmentation/x64_random_fixed_seed44/attempt_001/console.log
  running segmentation/x64_random_fixed_seed44 — 01:32:40; log: /home/leonidas/workspace/differentiable_micoscopy_replication/microscopy-clean/runs/paper_gpu0/jobs/segmentation/x64_random_fixed_seed44/attempt_001/console.log
  running segmentation/x64_random_fixed_seed44 — 01:33:10; log: /home/leonidas/workspace/differentiable_micoscopy_replication/microscopy-clean/runs/paper_gpu0/jobs/segmentation/x64_random_fixed_seed44/attempt_001/console.log
  running segmentation/x64_random_fixed_seed44 — 01:33:40; log: /home/leonidas/workspace/differentiable_micoscopy_replication/microscopy-clean/runs/paper_gpu0/jobs/segmentation/x64_random_fixed_seed44/attempt_001/console.log
  running segmentation/x64_random_fixed_seed44 — 01:34:10; log: /home/leonidas/workspace/differentiable_micoscopy_replication/microscopy-clean/runs/paper_gpu0/jobs/segmentation/x64_random_fixed_seed44/attempt_001/console.log
  running segmentation/x64_random_fixed_seed44 — 01:34:40; log: /home/leonidas/workspace/differentiable_micoscopy_replication/microscopy-clean/runs/paper_gpu0/jobs/segmentation/x64_random_fixed_seed44/attempt_001/console.log
  running segmentation/x64_random_fixed_seed44 — 01:35:10; log: /home/leonidas/workspace/differentiable_micoscopy_replication/microscopy-clean/runs/paper_gpu0/jobs/segmentation/x64_random_fixed_seed44/attempt_001/console.log
  running segmentation/x64_random_fixed_seed44 — 01:35:40; log: /home/leonidas/workspace/differentiable_micoscopy_replication/microscopy-clean/runs/paper_gpu0/jobs/segmentation/x64_random_fixed_seed44/attempt_001/console.log
  running segmentation/x64_random_fixed_seed44 — 01:36:10; log: /home/leonidas/workspace/differentiable_micoscopy_replication/microscopy-clean/runs/paper_gpu0/jobs/segmentation/x64_random_fixed_seed44/attempt_001/console.log
  running segmentation/x64_random_fixed_seed44 — 01:36:40; log: /home/leonidas/workspace/differentiable_micoscopy_replication/microscopy-clean/runs/paper_gpu0/jobs/segmentation/x64_random_fixed_seed44/attempt_001/console.log
  running segmentation/x64_random_fixed_seed44 — 01:37:10; log: /home/leonidas/workspace/differentiable_micoscopy_replication/microscopy-clean/runs/paper_gpu0/jobs/segmentation/x64_random_fixed_seed44/attempt_001/console.log
  running segmentation/x64_random_fixed_seed44 — 01:37:40; log: /home/leonidas/workspace/differentiable_micoscopy_replication/microscopy-clean/runs/paper_gpu0/jobs/segmentation/x64_random_fixed_seed44/attempt_001/console.log
  running segmentation/x64_random_fixed_seed44 — 01:38:10; log: /home/leonidas/workspace/differentiable_micoscopy_replication/microscopy-clean/runs/paper_gpu0/jobs/segmentation/x64_random_fixed_seed44/attempt_001/console.log
  running segmentation/x64_random_fixed_seed44 — 01:38:40; log: /home/leonidas/workspace/differentiable_micoscopy_replication/microscopy-clean/runs/paper_gpu0/jobs/segmentation/x64_random_fixed_seed44/attempt_001/console.log
  running segmentation/x64_random_fixed_seed44 — 01:39:10; log: /home/leonidas/workspace/differentiable_micoscopy_replication/microscopy-clean/runs/paper_gpu0/jobs/segmentation/x64_random_fixed_seed44/attempt_001/console.log
  running segmentation/x64_random_fixed_seed44 — 01:39:40; log: /home/leonidas/workspace/differentiable_micoscopy_replication/microscopy-clean/runs/paper_gpu0/jobs/segmentation/x64_random_fixed_seed44/attempt_001/console.log
  running segmentation/x64_random_fixed_seed44 — 01:40:10; log: /home/leonidas/workspace/differentiable_micoscopy_replication/microscopy-clean/runs/paper_gpu0/jobs/segmentation/x64_random_fixed_seed44/attempt_001/console.log
  running segmentation/x64_random_fixed_seed44 — 01:40:40; log: /home/leonidas/workspace/differentiable_micoscopy_replication/microscopy-clean/runs/paper_gpu0/jobs/segmentation/x64_random_fixed_seed44/attempt_001/console.log
  completed segmentation/x64_random_fixed_seed44
[14/48] starting segmentation/x64_learnable_frequency_seed44 (attempt 1)
Log: /home/leonidas/workspace/differentiable_micoscopy_replication/microscopy-clean/runs/paper_gpu0/jobs/segmentation/x64_learnable_frequency_seed44/attempt_001/console.log
  running segmentation/x64_learnable_frequency_seed44 — 01:41:30; log: /home/leonidas/workspace/differentiable_micoscopy_replication/microscopy-clean/runs/paper_gpu0/jobs/segmentation/x64_learnable_frequency_seed44/attempt_001/console.log
  running segmentation/x64_learnable_frequency_seed44 — 01:42:00; log: /home/leonidas/workspace/differentiable_micoscopy_replication/microscopy-clean/runs/paper_gpu0/jobs/segmentation/x64_learnable_frequency_seed44/attempt_001/console.log
  running segmentation/x64_learnable_frequency_seed44 — 01:42:30; log: /home/leonidas/workspace/differentiable_micoscopy_replication/microscopy-clean/runs/paper_gpu0/jobs/segmentation/x64_learnable_frequency_seed44/attempt_001/console.log
  running segmentation/x64_learnable_frequency_seed44 — 01:43:00; log: /home/leonidas/workspace/differentiable_micoscopy_replication/microscopy-clean/runs/paper_gpu0/jobs/segmentation/x64_learnable_frequency_seed44/attempt_001/console.log
  running segmentation/x64_learnable_frequency_seed44 — 01:43:30; log: /home/leonidas/workspace/differentiable_micoscopy_replication/microscopy-clean/runs/paper_gpu0/jobs/segmentation/x64_learnable_frequency_seed44/attempt_001/console.log
  running segmentation/x64_learnable_frequency_seed44 — 01:44:00; log: /home/leonidas/workspace/differentiable_micoscopy_replication/microscopy-clean/runs/paper_gpu0/jobs/segmentation/x64_learnable_frequency_seed44/attempt_001/console.log
  running segmentation/x64_learnable_frequency_seed44 — 01:44:30; log: /home/leonidas/workspace/differentiable_micoscopy_replication/microscopy-clean/runs/paper_gpu0/jobs/segmentation/x64_learnable_frequency_seed44/attempt_001/console.log
  running segmentation/x64_learnable_frequency_seed44 — 01:45:00; log: /home/leonidas/workspace/differentiable_micoscopy_replication/microscopy-clean/runs/paper_gpu0/jobs/segmentation/x64_learnable_frequency_seed44/attempt_001/console.log
  running segmentation/x64_learnable_frequency_seed44 — 01:45:30; log: /home/leonidas/workspace/differentiable_micoscopy_replication/microscopy-clean/runs/paper_gpu0/jobs/segmentation/x64_learnable_frequency_seed44/attempt_001/console.log
  running segmentation/x64_learnable_frequency_seed44 — 01:46:00; log: /home/leonidas/workspace/differentiable_micoscopy_replication/microscopy-clean/runs/paper_gpu0/jobs/segmentation/x64_learnable_frequency_seed44/attempt_001/console.log
  running segmentation/x64_learnable_frequency_seed44 — 01:46:30; log: /home/leonidas/workspace/differentiable_micoscopy_replication/microscopy-clean/runs/paper_gpu0/jobs/segmentation/x64_learnable_frequency_seed44/attempt_001/console.log
  running segmentation/x64_learnable_frequency_seed44 — 01:47:00; log: /home/leonidas/workspace/differentiable_micoscopy_replication/microscopy-clean/runs/paper_gpu0/jobs/segmentation/x64_learnable_frequency_seed44/attempt_001/console.log
  running segmentation/x64_learnable_frequency_seed44 — 01:47:30; log: /home/leonidas/workspace/differentiable_micoscopy_replication/microscopy-clean/runs/paper_gpu0/jobs/segmentation/x64_learnable_frequency_seed44/attempt_001/console.log
  running segmentation/x64_learnable_frequency_seed44 — 01:48:00; log: /home/leonidas/workspace/differentiable_micoscopy_replication/microscopy-clean/runs/paper_gpu0/jobs/segmentation/x64_learnable_frequency_seed44/attempt_001/console.log
  running segmentation/x64_learnable_frequency_seed44 — 01:48:30; log: /home/leonidas/workspace/differentiable_micoscopy_replication/microscopy-clean/runs/paper_gpu0/jobs/segmentation/x64_learnable_frequency_seed44/attempt_001/console.log
  running segmentation/x64_learnable_frequency_seed44 — 01:49:00; log: /home/leonidas/workspace/differentiable_micoscopy_replication/microscopy-clean/runs/paper_gpu0/jobs/segmentation/x64_learnable_frequency_seed44/attempt_001/console.log
  running segmentation/x64_learnable_frequency_seed44 — 01:49:30; log: /home/leonidas/workspace/differentiable_micoscopy_replication/microscopy-clean/runs/paper_gpu0/jobs/segmentation/x64_learnable_frequency_seed44/attempt_001/console.log
  running segmentation/x64_learnable_frequency_seed44 — 01:50:00; log: /home/leonidas/workspace/differentiable_micoscopy_replication/microscopy-clean/runs/paper_gpu0/jobs/segmentation/x64_learnable_frequency_seed44/attempt_001/console.log
  running segmentation/x64_learnable_frequency_seed44 — 01:50:30; log: /home/leonidas/workspace/differentiable_micoscopy_replication/microscopy-clean/runs/paper_gpu0/jobs/segmentation/x64_learnable_frequency_seed44/attempt_001/console.log
  running segmentation/x64_learnable_frequency_seed44 — 01:51:00; log: /home/leonidas/workspace/differentiable_micoscopy_replication/microscopy-clean/runs/paper_gpu0/jobs/segmentation/x64_learnable_frequency_seed44/attempt_001/console.log
  running segmentation/x64_learnable_frequency_seed44 — 01:51:30; log: /home/leonidas/workspace/differentiable_micoscopy_replication/microscopy-clean/runs/paper_gpu0/jobs/segmentation/x64_learnable_frequency_seed44/attempt_001/console.log
  running segmentation/x64_learnable_frequency_seed44 — 01:52:00; log: /home/leonidas/workspace/differentiable_micoscopy_replication/microscopy-clean/runs/paper_gpu0/jobs/segmentation/x64_learnable_frequency_seed44/attempt_001/console.log
  running segmentation/x64_learnable_frequency_seed44 — 01:52:30; log: /home/leonidas/workspace/differentiable_micoscopy_replication/microscopy-clean/runs/paper_gpu0/jobs/segmentation/x64_learnable_frequency_seed44/attempt_001/console.log
  running segmentation/x64_learnable_frequency_seed44 — 01:53:00; log: /home/leonidas/workspace/differentiable_micoscopy_replication/microscopy-clean/runs/paper_gpu0/jobs/segmentation/x64_learnable_frequency_seed44/attempt_001/console.log
  running segmentation/x64_learnable_frequency_seed44 — 01:53:30; log: /home/leonidas/workspace/differentiable_micoscopy_replication/microscopy-clean/runs/paper_gpu0/jobs/segmentation/x64_learnable_frequency_seed44/attempt_001/console.log
  running segmentation/x64_learnable_frequency_seed44 — 01:54:00; log: /home/leonidas/workspace/differentiable_micoscopy_replication/microscopy-clean/runs/paper_gpu0/jobs/segmentation/x64_learnable_frequency_seed44/attempt_001/console.log
  running segmentation/x64_learnable_frequency_seed44 — 01:54:30; log: /home/leonidas/workspace/differentiable_micoscopy_replication/microscopy-clean/runs/paper_gpu0/jobs/segmentation/x64_learnable_frequency_seed44/attempt_001/console.log
  running segmentation/x64_learnable_frequency_seed44 — 01:55:00; log: /home/leonidas/workspace/differentiable_micoscopy_replication/microscopy-clean/runs/paper_gpu0/jobs/segmentation/x64_learnable_frequency_seed44/attempt_001/console.log
  running segmentation/x64_learnable_frequency_seed44 — 01:55:30; log: /home/leonidas/workspace/differentiable_micoscopy_replication/microscopy-clean/runs/paper_gpu0/jobs/segmentation/x64_learnable_frequency_seed44/attempt_001/console.log
  completed segmentation/x64_learnable_frequency_seed44
[15/48] starting segmentation/x256_random_fixed_seed44 (attempt 1)
Log: /home/leonidas/workspace/differentiable_micoscopy_replication/microscopy-clean/runs/paper_gpu0/jobs/segmentation/x256_random_fixed_seed44/attempt_001/console.log
  running segmentation/x256_random_fixed_seed44 — 01:56:27; log: /home/leonidas/workspace/differentiable_micoscopy_replication/microscopy-clean/runs/paper_gpu0/jobs/segmentation/x256_random_fixed_seed44/attempt_001/console.log
  running segmentation/x256_random_fixed_seed44 — 01:56:57; log: /home/leonidas/workspace/differentiable_micoscopy_replication/microscopy-clean/runs/paper_gpu0/jobs/segmentation/x256_random_fixed_seed44/attempt_001/console.log
  running segmentation/x256_random_fixed_seed44 — 01:57:27; log: /home/leonidas/workspace/differentiable_micoscopy_replication/microscopy-clean/runs/paper_gpu0/jobs/segmentation/x256_random_fixed_seed44/attempt_001/console.log
  running segmentation/x256_random_fixed_seed44 — 01:57:57; log: /home/leonidas/workspace/differentiable_micoscopy_replication/microscopy-clean/runs/paper_gpu0/jobs/segmentation/x256_random_fixed_seed44/attempt_001/console.log
  running segmentation/x256_random_fixed_seed44 — 01:58:27; log: /home/leonidas/workspace/differentiable_micoscopy_replication/microscopy-clean/runs/paper_gpu0/jobs/segmentation/x256_random_fixed_seed44/attempt_001/console.log
  running segmentation/x256_random_fixed_seed44 — 01:58:57; log: /home/leonidas/workspace/differentiable_micoscopy_replication/microscopy-clean/runs/paper_gpu0/jobs/segmentation/x256_random_fixed_seed44/attempt_001/console.log
  running segmentation/x256_random_fixed_seed44 — 01:59:27; log: /home/leonidas/workspace/differentiable_micoscopy_replication/microscopy-clean/runs/paper_gpu0/jobs/segmentation/x256_random_fixed_seed44/attempt_001/console.log
  running segmentation/x256_random_fixed_seed44 — 01:59:57; log: /home/leonidas/workspace/differentiable_micoscopy_replication/microscopy-clean/runs/paper_gpu0/jobs/segmentation/x256_random_fixed_seed44/attempt_001/console.log
  running segmentation/x256_random_fixed_seed44 — 02:00:27; log: /home/leonidas/workspace/differentiable_micoscopy_replication/microscopy-clean/runs/paper_gpu0/jobs/segmentation/x256_random_fixed_seed44/attempt_001/console.log
  running segmentation/x256_random_fixed_seed44 — 02:00:57; log: /home/leonidas/workspace/differentiable_micoscopy_replication/microscopy-clean/runs/paper_gpu0/jobs/segmentation/x256_random_fixed_seed44/attempt_001/console.log
  running segmentation/x256_random_fixed_seed44 — 02:01:27; log: /home/leonidas/workspace/differentiable_micoscopy_replication/microscopy-clean/runs/paper_gpu0/jobs/segmentation/x256_random_fixed_seed44/attempt_001/console.log
  running segmentation/x256_random_fixed_seed44 — 02:01:57; log: /home/leonidas/workspace/differentiable_micoscopy_replication/microscopy-clean/runs/paper_gpu0/jobs/segmentation/x256_random_fixed_seed44/attempt_001/console.log
  running segmentation/x256_random_fixed_seed44 — 02:02:27; log: /home/leonidas/workspace/differentiable_micoscopy_replication/microscopy-clean/runs/paper_gpu0/jobs/segmentation/x256_random_fixed_seed44/attempt_001/console.log
  running segmentation/x256_random_fixed_seed44 — 02:02:57; log: /home/leonidas/workspace/differentiable_micoscopy_replication/microscopy-clean/runs/paper_gpu0/jobs/segmentation/x256_random_fixed_seed44/attempt_001/console.log
  running segmentation/x256_random_fixed_seed44 — 02:03:27; log: /home/leonidas/workspace/differentiable_micoscopy_replication/microscopy-clean/runs/paper_gpu0/jobs/segmentation/x256_random_fixed_seed44/attempt_001/console.log
  running segmentation/x256_random_fixed_seed44 — 02:03:57; log: /home/leonidas/workspace/differentiable_micoscopy_replication/microscopy-clean/runs/paper_gpu0/jobs/segmentation/x256_random_fixed_seed44/attempt_001/console.log
  running segmentation/x256_random_fixed_seed44 — 02:04:27; log: /home/leonidas/workspace/differentiable_micoscopy_replication/microscopy-clean/runs/paper_gpu0/jobs/segmentation/x256_random_fixed_seed44/attempt_001/console.log
  running segmentation/x256_random_fixed_seed44 — 02:04:57; log: /home/leonidas/workspace/differentiable_micoscopy_replication/microscopy-clean/runs/paper_gpu0/jobs/segmentation/x256_random_fixed_seed44/attempt_001/console.log
  running segmentation/x256_random_fixed_seed44 — 02:05:27; log: /home/leonidas/workspace/differentiable_micoscopy_replication/microscopy-clean/runs/paper_gpu0/jobs/segmentation/x256_random_fixed_seed44/attempt_001/console.log
  running segmentation/x256_random_fixed_seed44 — 02:05:57; log: /home/leonidas/workspace/differentiable_micoscopy_replication/microscopy-clean/runs/paper_gpu0/jobs/segmentation/x256_random_fixed_seed44/attempt_001/console.log
  running segmentation/x256_random_fixed_seed44 — 02:06:27; log: /home/leonidas/workspace/differentiable_micoscopy_replication/microscopy-clean/runs/paper_gpu0/jobs/segmentation/x256_random_fixed_seed44/attempt_001/console.log
  running segmentation/x256_random_fixed_seed44 — 02:06:57; log: /home/leonidas/workspace/differentiable_micoscopy_replication/microscopy-clean/runs/paper_gpu0/jobs/segmentation/x256_random_fixed_seed44/attempt_001/console.log
  running segmentation/x256_random_fixed_seed44 — 02:07:27; log: /home/leonidas/workspace/differentiable_micoscopy_replication/microscopy-clean/runs/paper_gpu0/jobs/segmentation/x256_random_fixed_seed44/attempt_001/console.log
  running segmentation/x256_random_fixed_seed44 — 02:07:57; log: /home/leonidas/workspace/differentiable_micoscopy_replication/microscopy-clean/runs/paper_gpu0/jobs/segmentation/x256_random_fixed_seed44/attempt_001/console.log
  running segmentation/x256_random_fixed_seed44 — 02:08:27; log: /home/leonidas/workspace/differentiable_micoscopy_replication/microscopy-clean/runs/paper_gpu0/jobs/segmentation/x256_random_fixed_seed44/attempt_001/console.log
  running segmentation/x256_random_fixed_seed44 — 02:08:57; log: /home/leonidas/workspace/differentiable_micoscopy_replication/microscopy-clean/runs/paper_gpu0/jobs/segmentation/x256_random_fixed_seed44/attempt_001/console.log
  running segmentation/x256_random_fixed_seed44 — 02:09:27; log: /home/leonidas/workspace/differentiable_micoscopy_replication/microscopy-clean/runs/paper_gpu0/jobs/segmentation/x256_random_fixed_seed44/attempt_001/console.log
  running segmentation/x256_random_fixed_seed44 — 02:09:57; log: /home/leonidas/workspace/differentiable_micoscopy_replication/microscopy-clean/runs/paper_gpu0/jobs/segmentation/x256_random_fixed_seed44/attempt_001/console.log
  running segmentation/x256_random_fixed_seed44 — 02:10:27; log: /home/leonidas/workspace/differentiable_micoscopy_replication/microscopy-clean/runs/paper_gpu0/jobs/segmentation/x256_random_fixed_seed44/attempt_001/console.log
  completed segmentation/x256_random_fixed_seed44
[16/48] starting segmentation/x256_learnable_frequency_seed44 (attempt 1)
Log: /home/leonidas/workspace/differentiable_micoscopy_replication/microscopy-clean/runs/paper_gpu0/jobs/segmentation/x256_learnable_frequency_seed44/attempt_001/console.log
  running segmentation/x256_learnable_frequency_seed44 — 02:11:21; log: /home/leonidas/workspace/differentiable_micoscopy_replication/microscopy-clean/runs/paper_gpu0/jobs/segmentation/x256_learnable_frequency_seed44/attempt_001/console.log
  running segmentation/x256_learnable_frequency_seed44 — 02:11:51; log: /home/leonidas/workspace/differentiable_micoscopy_replication/microscopy-clean/runs/paper_gpu0/jobs/segmentation/x256_learnable_frequency_seed44/attempt_001/console.log
  running segmentation/x256_learnable_frequency_seed44 — 02:12:21; log: /home/leonidas/workspace/differentiable_micoscopy_replication/microscopy-clean/runs/paper_gpu0/jobs/segmentation/x256_learnable_frequency_seed44/attempt_001/console.log
  running segmentation/x256_learnable_frequency_seed44 — 02:12:51; log: /home/leonidas/workspace/differentiable_micoscopy_replication/microscopy-clean/runs/paper_gpu0/jobs/segmentation/x256_learnable_frequency_seed44/attempt_001/console.log
  running segmentation/x256_learnable_frequency_seed44 — 02:13:21; log: /home/leonidas/workspace/differentiable_micoscopy_replication/microscopy-clean/runs/paper_gpu0/jobs/segmentation/x256_learnable_frequency_seed44/attempt_001/console.log
  running segmentation/x256_learnable_frequency_seed44 — 02:13:51; log: /home/leonidas/workspace/differentiable_micoscopy_replication/microscopy-clean/runs/paper_gpu0/jobs/segmentation/x256_learnable_frequency_seed44/attempt_001/console.log
  running segmentation/x256_learnable_frequency_seed44 — 02:14:21; log: /home/leonidas/workspace/differentiable_micoscopy_replication/microscopy-clean/runs/paper_gpu0/jobs/segmentation/x256_learnable_frequency_seed44/attempt_001/console.log
  running segmentation/x256_learnable_frequency_seed44 — 02:14:51; log: /home/leonidas/workspace/differentiable_micoscopy_replication/microscopy-clean/runs/paper_gpu0/jobs/segmentation/x256_learnable_frequency_seed44/attempt_001/console.log
  running segmentation/x256_learnable_frequency_seed44 — 02:15:21; log: /home/leonidas/workspace/differentiable_micoscopy_replication/microscopy-clean/runs/paper_gpu0/jobs/segmentation/x256_learnable_frequency_seed44/attempt_001/console.log
  running segmentation/x256_learnable_frequency_seed44 — 02:15:51; log: /home/leonidas/workspace/differentiable_micoscopy_replication/microscopy-clean/runs/paper_gpu0/jobs/segmentation/x256_learnable_frequency_seed44/attempt_001/console.log
  running segmentation/x256_learnable_frequency_seed44 — 02:16:21; log: /home/leonidas/workspace/differentiable_micoscopy_replication/microscopy-clean/runs/paper_gpu0/jobs/segmentation/x256_learnable_frequency_seed44/attempt_001/console.log
  running segmentation/x256_learnable_frequency_seed44 — 02:16:51; log: /home/leonidas/workspace/differentiable_micoscopy_replication/microscopy-clean/runs/paper_gpu0/jobs/segmentation/x256_learnable_frequency_seed44/attempt_001/console.log
  running segmentation/x256_learnable_frequency_seed44 — 02:17:21; log: /home/leonidas/workspace/differentiable_micoscopy_replication/microscopy-clean/runs/paper_gpu0/jobs/segmentation/x256_learnable_frequency_seed44/attempt_001/console.log
  running segmentation/x256_learnable_frequency_seed44 — 02:17:51; log: /home/leonidas/workspace/differentiable_micoscopy_replication/microscopy-clean/runs/paper_gpu0/jobs/segmentation/x256_learnable_frequency_seed44/attempt_001/console.log
  running segmentation/x256_learnable_frequency_seed44 — 02:18:21; log: /home/leonidas/workspace/differentiable_micoscopy_replication/microscopy-clean/runs/paper_gpu0/jobs/segmentation/x256_learnable_frequency_seed44/attempt_001/console.log
  running segmentation/x256_learnable_frequency_seed44 — 02:18:51; log: /home/leonidas/workspace/differentiable_micoscopy_replication/microscopy-clean/runs/paper_gpu0/jobs/segmentation/x256_learnable_frequency_seed44/attempt_001/console.log
  running segmentation/x256_learnable_frequency_seed44 — 02:19:21; log: /home/leonidas/workspace/differentiable_micoscopy_replication/microscopy-clean/runs/paper_gpu0/jobs/segmentation/x256_learnable_frequency_seed44/attempt_001/console.log
  running segmentation/x256_learnable_frequency_seed44 — 02:19:51; log: /home/leonidas/workspace/differentiable_micoscopy_replication/microscopy-clean/runs/paper_gpu0/jobs/segmentation/x256_learnable_frequency_seed44/attempt_001/console.log
  running segmentation/x256_learnable_frequency_seed44 — 02:20:21; log: /home/leonidas/workspace/differentiable_micoscopy_replication/microscopy-clean/runs/paper_gpu0/jobs/segmentation/x256_learnable_frequency_seed44/attempt_001/console.log
  running segmentation/x256_learnable_frequency_seed44 — 02:20:51; log: /home/leonidas/workspace/differentiable_micoscopy_replication/microscopy-clean/runs/paper_gpu0/jobs/segmentation/x256_learnable_frequency_seed44/attempt_001/console.log
  running segmentation/x256_learnable_frequency_seed44 — 02:21:21; log: /home/leonidas/workspace/differentiable_micoscopy_replication/microscopy-clean/runs/paper_gpu0/jobs/segmentation/x256_learnable_frequency_seed44/attempt_001/console.log
  running segmentation/x256_learnable_frequency_seed44 — 02:21:51; log: /home/leonidas/workspace/differentiable_micoscopy_replication/microscopy-clean/runs/paper_gpu0/jobs/segmentation/x256_learnable_frequency_seed44/attempt_001/console.log
  running segmentation/x256_learnable_frequency_seed44 — 02:22:21; log: /home/leonidas/workspace/differentiable_micoscopy_replication/microscopy-clean/runs/paper_gpu0/jobs/segmentation/x256_learnable_frequency_seed44/attempt_001/console.log
  running segmentation/x256_learnable_frequency_seed44 — 02:22:51; log: /home/leonidas/workspace/differentiable_micoscopy_replication/microscopy-clean/runs/paper_gpu0/jobs/segmentation/x256_learnable_frequency_seed44/attempt_001/console.log
  running segmentation/x256_learnable_frequency_seed44 — 02:23:21; log: /home/leonidas/workspace/differentiable_micoscopy_replication/microscopy-clean/runs/paper_gpu0/jobs/segmentation/x256_learnable_frequency_seed44/attempt_001/console.log
  running segmentation/x256_learnable_frequency_seed44 — 02:23:51; log: /home/leonidas/workspace/differentiable_micoscopy_replication/microscopy-clean/runs/paper_gpu0/jobs/segmentation/x256_learnable_frequency_seed44/attempt_001/console.log
  running segmentation/x256_learnable_frequency_seed44 — 02:24:21; log: /home/leonidas/workspace/differentiable_micoscopy_replication/microscopy-clean/runs/paper_gpu0/jobs/segmentation/x256_learnable_frequency_seed44/attempt_001/console.log
  running segmentation/x256_learnable_frequency_seed44 — 02:24:51; log: /home/leonidas/workspace/differentiable_micoscopy_replication/microscopy-clean/runs/paper_gpu0/jobs/segmentation/x256_learnable_frequency_seed44/attempt_001/console.log
  running segmentation/x256_learnable_frequency_seed44 — 02:25:21; log: /home/leonidas/workspace/differentiable_micoscopy_replication/microscopy-clean/runs/paper_gpu0/jobs/segmentation/x256_learnable_frequency_seed44/attempt_001/console.log
  running segmentation/x256_learnable_frequency_seed44 — 02:25:51; log: /home/leonidas/workspace/differentiable_micoscopy_replication/microscopy-clean/runs/paper_gpu0/jobs/segmentation/x256_learnable_frequency_seed44/attempt_001/console.log
  completed segmentation/x256_learnable_frequency_seed44
[17/48] starting segmentation/x1024_random_fixed_seed44 (attempt 1)
Log: /home/leonidas/workspace/differentiable_micoscopy_replication/microscopy-clean/runs/paper_gpu0/jobs/segmentation/x1024_random_fixed_seed44/attempt_001/console.log
  running segmentation/x1024_random_fixed_seed44 — 02:26:24; log: /home/leonidas/workspace/differentiable_micoscopy_replication/microscopy-clean/runs/paper_gpu0/jobs/segmentation/x1024_random_fixed_seed44/attempt_001/console.log
  running segmentation/x1024_random_fixed_seed44 — 02:26:54; log: /home/leonidas/workspace/differentiable_micoscopy_replication/microscopy-clean/runs/paper_gpu0/jobs/segmentation/x1024_random_fixed_seed44/attempt_001/console.log
  running segmentation/x1024_random_fixed_seed44 — 02:27:24; log: /home/leonidas/workspace/differentiable_micoscopy_replication/microscopy-clean/runs/paper_gpu0/jobs/segmentation/x1024_random_fixed_seed44/attempt_001/console.log
  running segmentation/x1024_random_fixed_seed44 — 02:27:54; log: /home/leonidas/workspace/differentiable_micoscopy_replication/microscopy-clean/runs/paper_gpu0/jobs/segmentation/x1024_random_fixed_seed44/attempt_001/console.log
  running segmentation/x1024_random_fixed_seed44 — 02:28:24; log: /home/leonidas/workspace/differentiable_micoscopy_replication/microscopy-clean/runs/paper_gpu0/jobs/segmentation/x1024_random_fixed_seed44/attempt_001/console.log
  running segmentation/x1024_random_fixed_seed44 — 02:28:54; log: /home/leonidas/workspace/differentiable_micoscopy_replication/microscopy-clean/runs/paper_gpu0/jobs/segmentation/x1024_random_fixed_seed44/attempt_001/console.log
  running segmentation/x1024_random_fixed_seed44 — 02:29:24; log: /home/leonidas/workspace/differentiable_micoscopy_replication/microscopy-clean/runs/paper_gpu0/jobs/segmentation/x1024_random_fixed_seed44/attempt_001/console.log
  running segmentation/x1024_random_fixed_seed44 — 02:29:54; log: /home/leonidas/workspace/differentiable_micoscopy_replication/microscopy-clean/runs/paper_gpu0/jobs/segmentation/x1024_random_fixed_seed44/attempt_001/console.log
  running segmentation/x1024_random_fixed_seed44 — 02:30:24; log: /home/leonidas/workspace/differentiable_micoscopy_replication/microscopy-clean/runs/paper_gpu0/jobs/segmentation/x1024_random_fixed_seed44/attempt_001/console.log
  running segmentation/x1024_random_fixed_seed44 — 02:30:54; log: /home/leonidas/workspace/differentiable_micoscopy_replication/microscopy-clean/runs/paper_gpu0/jobs/segmentation/x1024_random_fixed_seed44/attempt_001/console.log
  running segmentation/x1024_random_fixed_seed44 — 02:31:24; log: /home/leonidas/workspace/differentiable_micoscopy_replication/microscopy-clean/runs/paper_gpu0/jobs/segmentation/x1024_random_fixed_seed44/attempt_001/console.log
  running segmentation/x1024_random_fixed_seed44 — 02:31:54; log: /home/leonidas/workspace/differentiable_micoscopy_replication/microscopy-clean/runs/paper_gpu0/jobs/segmentation/x1024_random_fixed_seed44/attempt_001/console.log
  running segmentation/x1024_random_fixed_seed44 — 02:32:24; log: /home/leonidas/workspace/differentiable_micoscopy_replication/microscopy-clean/runs/paper_gpu0/jobs/segmentation/x1024_random_fixed_seed44/attempt_001/console.log
  running segmentation/x1024_random_fixed_seed44 — 02:32:54; log: /home/leonidas/workspace/differentiable_micoscopy_replication/microscopy-clean/runs/paper_gpu0/jobs/segmentation/x1024_random_fixed_seed44/attempt_001/console.log
  running segmentation/x1024_random_fixed_seed44 — 02:33:24; log: /home/leonidas/workspace/differentiable_micoscopy_replication/microscopy-clean/runs/paper_gpu0/jobs/segmentation/x1024_random_fixed_seed44/attempt_001/console.log
  running segmentation/x1024_random_fixed_seed44 — 02:33:54; log: /home/leonidas/workspace/differentiable_micoscopy_replication/microscopy-clean/runs/paper_gpu0/jobs/segmentation/x1024_random_fixed_seed44/attempt_001/console.log
  running segmentation/x1024_random_fixed_seed44 — 02:34:24; log: /home/leonidas/workspace/differentiable_micoscopy_replication/microscopy-clean/runs/paper_gpu0/jobs/segmentation/x1024_random_fixed_seed44/attempt_001/console.log
  running segmentation/x1024_random_fixed_seed44 — 02:34:54; log: /home/leonidas/workspace/differentiable_micoscopy_replication/microscopy-clean/runs/paper_gpu0/jobs/segmentation/x1024_random_fixed_seed44/attempt_001/console.log
  running segmentation/x1024_random_fixed_seed44 — 02:35:24; log: /home/leonidas/workspace/differentiable_micoscopy_replication/microscopy-clean/runs/paper_gpu0/jobs/segmentation/x1024_random_fixed_seed44/attempt_001/console.log
  running segmentation/x1024_random_fixed_seed44 — 02:35:54; log: /home/leonidas/workspace/differentiable_micoscopy_replication/microscopy-clean/runs/paper_gpu0/jobs/segmentation/x1024_random_fixed_seed44/attempt_001/console.log
  running segmentation/x1024_random_fixed_seed44 — 02:36:24; log: /home/leonidas/workspace/differentiable_micoscopy_replication/microscopy-clean/runs/paper_gpu0/jobs/segmentation/x1024_random_fixed_seed44/attempt_001/console.log
  running segmentation/x1024_random_fixed_seed44 — 02:36:54; log: /home/leonidas/workspace/differentiable_micoscopy_replication/microscopy-clean/runs/paper_gpu0/jobs/segmentation/x1024_random_fixed_seed44/attempt_001/console.log
  running segmentation/x1024_random_fixed_seed44 — 02:37:24; log: /home/leonidas/workspace/differentiable_micoscopy_replication/microscopy-clean/runs/paper_gpu0/jobs/segmentation/x1024_random_fixed_seed44/attempt_001/console.log
  running segmentation/x1024_random_fixed_seed44 — 02:37:54; log: /home/leonidas/workspace/differentiable_micoscopy_replication/microscopy-clean/runs/paper_gpu0/jobs/segmentation/x1024_random_fixed_seed44/attempt_001/console.log
  running segmentation/x1024_random_fixed_seed44 — 02:38:24; log: /home/leonidas/workspace/differentiable_micoscopy_replication/microscopy-clean/runs/paper_gpu0/jobs/segmentation/x1024_random_fixed_seed44/attempt_001/console.log
  running segmentation/x1024_random_fixed_seed44 — 02:38:54; log: /home/leonidas/workspace/differentiable_micoscopy_replication/microscopy-clean/runs/paper_gpu0/jobs/segmentation/x1024_random_fixed_seed44/attempt_001/console.log
  running segmentation/x1024_random_fixed_seed44 — 02:39:24; log: /home/leonidas/workspace/differentiable_micoscopy_replication/microscopy-clean/runs/paper_gpu0/jobs/segmentation/x1024_random_fixed_seed44/attempt_001/console.log
  running segmentation/x1024_random_fixed_seed44 — 02:39:54; log: /home/leonidas/workspace/differentiable_micoscopy_replication/microscopy-clean/runs/paper_gpu0/jobs/segmentation/x1024_random_fixed_seed44/attempt_001/console.log
  running segmentation/x1024_random_fixed_seed44 — 02:40:24; log: /home/leonidas/workspace/differentiable_micoscopy_replication/microscopy-clean/runs/paper_gpu0/jobs/segmentation/x1024_random_fixed_seed44/attempt_001/console.log
  running segmentation/x1024_random_fixed_seed44 — 02:40:54; log: /home/leonidas/workspace/differentiable_micoscopy_replication/microscopy-clean/runs/paper_gpu0/jobs/segmentation/x1024_random_fixed_seed44/attempt_001/console.log
  completed segmentation/x1024_random_fixed_seed44
[18/48] starting segmentation/x1024_learnable_frequency_seed44 (attempt 1)
Log: /home/leonidas/workspace/differentiable_micoscopy_replication/microscopy-clean/runs/paper_gpu0/jobs/segmentation/x1024_learnable_frequency_seed44/attempt_001/console.log
  running segmentation/x1024_learnable_frequency_seed44 — 02:41:31; log: /home/leonidas/workspace/differentiable_micoscopy_replication/microscopy-clean/runs/paper_gpu0/jobs/segmentation/x1024_learnable_frequency_seed44/attempt_001/console.log
  running segmentation/x1024_learnable_frequency_seed44 — 02:42:01; log: /home/leonidas/workspace/differentiable_micoscopy_replication/microscopy-clean/runs/paper_gpu0/jobs/segmentation/x1024_learnable_frequency_seed44/attempt_001/console.log
  running segmentation/x1024_learnable_frequency_seed44 — 02:42:31; log: /home/leonidas/workspace/differentiable_micoscopy_replication/microscopy-clean/runs/paper_gpu0/jobs/segmentation/x1024_learnable_frequency_seed44/attempt_001/console.log
  running segmentation/x1024_learnable_frequency_seed44 — 02:43:01; log: /home/leonidas/workspace/differentiable_micoscopy_replication/microscopy-clean/runs/paper_gpu0/jobs/segmentation/x1024_learnable_frequency_seed44/attempt_001/console.log
  running segmentation/x1024_learnable_frequency_seed44 — 02:43:31; log: /home/leonidas/workspace/differentiable_micoscopy_replication/microscopy-clean/runs/paper_gpu0/jobs/segmentation/x1024_learnable_frequency_seed44/attempt_001/console.log
  running segmentation/x1024_learnable_frequency_seed44 — 02:44:01; log: /home/leonidas/workspace/differentiable_micoscopy_replication/microscopy-clean/runs/paper_gpu0/jobs/segmentation/x1024_learnable_frequency_seed44/attempt_001/console.log
  running segmentation/x1024_learnable_frequency_seed44 — 02:44:31; log: /home/leonidas/workspace/differentiable_micoscopy_replication/microscopy-clean/runs/paper_gpu0/jobs/segmentation/x1024_learnable_frequency_seed44/attempt_001/console.log
  running segmentation/x1024_learnable_frequency_seed44 — 02:45:01; log: /home/leonidas/workspace/differentiable_micoscopy_replication/microscopy-clean/runs/paper_gpu0/jobs/segmentation/x1024_learnable_frequency_seed44/attempt_001/console.log
  running segmentation/x1024_learnable_frequency_seed44 — 02:45:31; log: /home/leonidas/workspace/differentiable_micoscopy_replication/microscopy-clean/runs/paper_gpu0/jobs/segmentation/x1024_learnable_frequency_seed44/attempt_001/console.log
  running segmentation/x1024_learnable_frequency_seed44 — 02:46:01; log: /home/leonidas/workspace/differentiable_micoscopy_replication/microscopy-clean/runs/paper_gpu0/jobs/segmentation/x1024_learnable_frequency_seed44/attempt_001/console.log
  running segmentation/x1024_learnable_frequency_seed44 — 02:46:31; log: /home/leonidas/workspace/differentiable_micoscopy_replication/microscopy-clean/runs/paper_gpu0/jobs/segmentation/x1024_learnable_frequency_seed44/attempt_001/console.log
  running segmentation/x1024_learnable_frequency_seed44 — 02:47:01; log: /home/leonidas/workspace/differentiable_micoscopy_replication/microscopy-clean/runs/paper_gpu0/jobs/segmentation/x1024_learnable_frequency_seed44/attempt_001/console.log
  running segmentation/x1024_learnable_frequency_seed44 — 02:47:31; log: /home/leonidas/workspace/differentiable_micoscopy_replication/microscopy-clean/runs/paper_gpu0/jobs/segmentation/x1024_learnable_frequency_seed44/attempt_001/console.log
  running segmentation/x1024_learnable_frequency_seed44 — 02:48:01; log: /home/leonidas/workspace/differentiable_micoscopy_replication/microscopy-clean/runs/paper_gpu0/jobs/segmentation/x1024_learnable_frequency_seed44/attempt_001/console.log
  running segmentation/x1024_learnable_frequency_seed44 — 02:48:31; log: /home/leonidas/workspace/differentiable_micoscopy_replication/microscopy-clean/runs/paper_gpu0/jobs/segmentation/x1024_learnable_frequency_seed44/attempt_001/console.log
  running segmentation/x1024_learnable_frequency_seed44 — 02:49:01; log: /home/leonidas/workspace/differentiable_micoscopy_replication/microscopy-clean/runs/paper_gpu0/jobs/segmentation/x1024_learnable_frequency_seed44/attempt_001/console.log
  running segmentation/x1024_learnable_frequency_seed44 — 02:49:31; log: /home/leonidas/workspace/differentiable_micoscopy_replication/microscopy-clean/runs/paper_gpu0/jobs/segmentation/x1024_learnable_frequency_seed44/attempt_001/console.log
  running segmentation/x1024_learnable_frequency_seed44 — 02:50:01; log: /home/leonidas/workspace/differentiable_micoscopy_replication/microscopy-clean/runs/paper_gpu0/jobs/segmentation/x1024_learnable_frequency_seed44/attempt_001/console.log
  running segmentation/x1024_learnable_frequency_seed44 — 02:50:31; log: /home/leonidas/workspace/differentiable_micoscopy_replication/microscopy-clean/runs/paper_gpu0/jobs/segmentation/x1024_learnable_frequency_seed44/attempt_001/console.log
  running segmentation/x1024_learnable_frequency_seed44 — 02:51:01; log: /home/leonidas/workspace/differentiable_micoscopy_replication/microscopy-clean/runs/paper_gpu0/jobs/segmentation/x1024_learnable_frequency_seed44/attempt_001/console.log
  running segmentation/x1024_learnable_frequency_seed44 — 02:51:31; log: /home/leonidas/workspace/differentiable_micoscopy_replication/microscopy-clean/runs/paper_gpu0/jobs/segmentation/x1024_learnable_frequency_seed44/attempt_001/console.log
  running segmentation/x1024_learnable_frequency_seed44 — 02:52:01; log: /home/leonidas/workspace/differentiable_micoscopy_replication/microscopy-clean/runs/paper_gpu0/jobs/segmentation/x1024_learnable_frequency_seed44/attempt_001/console.log
  running segmentation/x1024_learnable_frequency_seed44 — 02:52:31; log: /home/leonidas/workspace/differentiable_micoscopy_replication/microscopy-clean/runs/paper_gpu0/jobs/segmentation/x1024_learnable_frequency_seed44/attempt_001/console.log
  running segmentation/x1024_learnable_frequency_seed44 — 02:53:01; log: /home/leonidas/workspace/differentiable_micoscopy_replication/microscopy-clean/runs/paper_gpu0/jobs/segmentation/x1024_learnable_frequency_seed44/attempt_001/console.log
  running segmentation/x1024_learnable_frequency_seed44 — 02:53:31; log: /home/leonidas/workspace/differentiable_micoscopy_replication/microscopy-clean/runs/paper_gpu0/jobs/segmentation/x1024_learnable_frequency_seed44/attempt_001/console.log
  running segmentation/x1024_learnable_frequency_seed44 — 02:54:01; log: /home/leonidas/workspace/differentiable_micoscopy_replication/microscopy-clean/runs/paper_gpu0/jobs/segmentation/x1024_learnable_frequency_seed44/attempt_001/console.log
  running segmentation/x1024_learnable_frequency_seed44 — 02:54:31; log: /home/leonidas/workspace/differentiable_micoscopy_replication/microscopy-clean/runs/paper_gpu0/jobs/segmentation/x1024_learnable_frequency_seed44/attempt_001/console.log
  running segmentation/x1024_learnable_frequency_seed44 — 02:55:01; log: /home/leonidas/workspace/differentiable_micoscopy_replication/microscopy-clean/runs/paper_gpu0/jobs/segmentation/x1024_learnable_frequency_seed44/attempt_001/console.log
  running segmentation/x1024_learnable_frequency_seed44 — 02:55:31; log: /home/leonidas/workspace/differentiable_micoscopy_replication/microscopy-clean/runs/paper_gpu0/jobs/segmentation/x1024_learnable_frequency_seed44/attempt_001/console.log
  running segmentation/x1024_learnable_frequency_seed44 — 02:56:01; log: /home/leonidas/workspace/differentiable_micoscopy_replication/microscopy-clean/runs/paper_gpu0/jobs/segmentation/x1024_learnable_frequency_seed44/attempt_001/console.log
  completed segmentation/x1024_learnable_frequency_seed44
[19/48] starting sr/swinir_wo_li_seed42 (attempt 1)
Log: /home/leonidas/workspace/differentiable_micoscopy_replication/microscopy-clean/runs/paper_gpu0/jobs/sr/swinir_wo_li_seed42/attempt_001/console.log
  running sr/swinir_wo_li_seed42 — 02:56:48; log: /home/leonidas/workspace/differentiable_micoscopy_replication/microscopy-clean/runs/paper_gpu0/jobs/sr/swinir_wo_li_seed42/attempt_001/console.log
  running sr/swinir_wo_li_seed42 — 02:57:18; log: /home/leonidas/workspace/differentiable_micoscopy_replication/microscopy-clean/runs/paper_gpu0/jobs/sr/swinir_wo_li_seed42/attempt_001/console.log
  running sr/swinir_wo_li_seed42 — 02:57:48; log: /home/leonidas/workspace/differentiable_micoscopy_replication/microscopy-clean/runs/paper_gpu0/jobs/sr/swinir_wo_li_seed42/attempt_001/console.log
  running sr/swinir_wo_li_seed42 — 02:58:18; log: /home/leonidas/workspace/differentiable_micoscopy_replication/microscopy-clean/runs/paper_gpu0/jobs/sr/swinir_wo_li_seed42/attempt_001/console.log
  running sr/swinir_wo_li_seed42 — 02:58:48; log: /home/leonidas/workspace/differentiable_micoscopy_replication/microscopy-clean/runs/paper_gpu0/jobs/sr/swinir_wo_li_seed42/attempt_001/console.log
  running sr/swinir_wo_li_seed42 — 02:59:18; log: /home/leonidas/workspace/differentiable_micoscopy_replication/microscopy-clean/runs/paper_gpu0/jobs/sr/swinir_wo_li_seed42/attempt_001/console.log
  running sr/swinir_wo_li_seed42 — 02:59:48; log: /home/leonidas/workspace/differentiable_micoscopy_replication/microscopy-clean/runs/paper_gpu0/jobs/sr/swinir_wo_li_seed42/attempt_001/console.log
  running sr/swinir_wo_li_seed42 — 03:00:18; log: /home/leonidas/workspace/differentiable_micoscopy_replication/microscopy-clean/runs/paper_gpu0/jobs/sr/swinir_wo_li_seed42/attempt_001/console.log
  running sr/swinir_wo_li_seed42 — 03:00:48; log: /home/leonidas/workspace/differentiable_micoscopy_replication/microscopy-clean/runs/paper_gpu0/jobs/sr/swinir_wo_li_seed42/attempt_001/console.log
  running sr/swinir_wo_li_seed42 — 03:01:18; log: /home/leonidas/workspace/differentiable_micoscopy_replication/microscopy-clean/runs/paper_gpu0/jobs/sr/swinir_wo_li_seed42/attempt_001/console.log
  running sr/swinir_wo_li_seed42 — 03:01:48; log: /home/leonidas/workspace/differentiable_micoscopy_replication/microscopy-clean/runs/paper_gpu0/jobs/sr/swinir_wo_li_seed42/attempt_001/console.log
  running sr/swinir_wo_li_seed42 — 03:02:18; log: /home/leonidas/workspace/differentiable_micoscopy_replication/microscopy-clean/runs/paper_gpu0/jobs/sr/swinir_wo_li_seed42/attempt_001/console.log
  running sr/swinir_wo_li_seed42 — 03:02:48; log: /home/leonidas/workspace/differentiable_micoscopy_replication/microscopy-clean/runs/paper_gpu0/jobs/sr/swinir_wo_li_seed42/attempt_001/console.log
  running sr/swinir_wo_li_seed42 — 03:03:18; log: /home/leonidas/workspace/differentiable_micoscopy_replication/microscopy-clean/runs/paper_gpu0/jobs/sr/swinir_wo_li_seed42/attempt_001/console.log
  running sr/swinir_wo_li_seed42 — 03:03:48; log: /home/leonidas/workspace/differentiable_micoscopy_replication/microscopy-clean/runs/paper_gpu0/jobs/sr/swinir_wo_li_seed42/attempt_001/console.log
  running sr/swinir_wo_li_seed42 — 03:04:18; log: /home/leonidas/workspace/differentiable_micoscopy_replication/microscopy-clean/runs/paper_gpu0/jobs/sr/swinir_wo_li_seed42/attempt_001/console.log
  running sr/swinir_wo_li_seed42 — 03:04:48; log: /home/leonidas/workspace/differentiable_micoscopy_replication/microscopy-clean/runs/paper_gpu0/jobs/sr/swinir_wo_li_seed42/attempt_001/console.log
  running sr/swinir_wo_li_seed42 — 03:05:18; log: /home/leonidas/workspace/differentiable_micoscopy_replication/microscopy-clean/runs/paper_gpu0/jobs/sr/swinir_wo_li_seed42/attempt_001/console.log
  running sr/swinir_wo_li_seed42 — 03:05:48; log: /home/leonidas/workspace/differentiable_micoscopy_replication/microscopy-clean/runs/paper_gpu0/jobs/sr/swinir_wo_li_seed42/attempt_001/console.log
  running sr/swinir_wo_li_seed42 — 03:06:18; log: /home/leonidas/workspace/differentiable_micoscopy_replication/microscopy-clean/runs/paper_gpu0/jobs/sr/swinir_wo_li_seed42/attempt_001/console.log
  running sr/swinir_wo_li_seed42 — 03:06:48; log: /home/leonidas/workspace/differentiable_micoscopy_replication/microscopy-clean/runs/paper_gpu0/jobs/sr/swinir_wo_li_seed42/attempt_001/console.log
  running sr/swinir_wo_li_seed42 — 03:07:18; log: /home/leonidas/workspace/differentiable_micoscopy_replication/microscopy-clean/runs/paper_gpu0/jobs/sr/swinir_wo_li_seed42/attempt_001/console.log
  running sr/swinir_wo_li_seed42 — 03:07:48; log: /home/leonidas/workspace/differentiable_micoscopy_replication/microscopy-clean/runs/paper_gpu0/jobs/sr/swinir_wo_li_seed42/attempt_001/console.log
  running sr/swinir_wo_li_seed42 — 03:08:18; log: /home/leonidas/workspace/differentiable_micoscopy_replication/microscopy-clean/runs/paper_gpu0/jobs/sr/swinir_wo_li_seed42/attempt_001/console.log
  running sr/swinir_wo_li_seed42 — 03:08:48; log: /home/leonidas/workspace/differentiable_micoscopy_replication/microscopy-clean/runs/paper_gpu0/jobs/sr/swinir_wo_li_seed42/attempt_001/console.log
  running sr/swinir_wo_li_seed42 — 03:09:18; log: /home/leonidas/workspace/differentiable_micoscopy_replication/microscopy-clean/runs/paper_gpu0/jobs/sr/swinir_wo_li_seed42/attempt_001/console.log
  running sr/swinir_wo_li_seed42 — 03:09:48; log: /home/leonidas/workspace/differentiable_micoscopy_replication/microscopy-clean/runs/paper_gpu0/jobs/sr/swinir_wo_li_seed42/attempt_001/console.log
  running sr/swinir_wo_li_seed42 — 03:10:18; log: /home/leonidas/workspace/differentiable_micoscopy_replication/microscopy-clean/runs/paper_gpu0/jobs/sr/swinir_wo_li_seed42/attempt_001/console.log
  running sr/swinir_wo_li_seed42 — 03:10:48; log: /home/leonidas/workspace/differentiable_micoscopy_replication/microscopy-clean/runs/paper_gpu0/jobs/sr/swinir_wo_li_seed42/attempt_001/console.log
  running sr/swinir_wo_li_seed42 — 03:11:18; log: /home/leonidas/workspace/differentiable_micoscopy_replication/microscopy-clean/runs/paper_gpu0/jobs/sr/swinir_wo_li_seed42/attempt_001/console.log
  running sr/swinir_wo_li_seed42 — 03:11:48; log: /home/leonidas/workspace/differentiable_micoscopy_replication/microscopy-clean/runs/paper_gpu0/jobs/sr/swinir_wo_li_seed42/attempt_001/console.log
  running sr/swinir_wo_li_seed42 — 03:12:18; log: /home/leonidas/workspace/differentiable_micoscopy_replication/microscopy-clean/runs/paper_gpu0/jobs/sr/swinir_wo_li_seed42/attempt_001/console.log
  running sr/swinir_wo_li_seed42 — 03:12:48; log: /home/leonidas/workspace/differentiable_micoscopy_replication/microscopy-clean/runs/paper_gpu0/jobs/sr/swinir_wo_li_seed42/attempt_001/console.log
  running sr/swinir_wo_li_seed42 — 03:13:18; log: /home/leonidas/workspace/differentiable_micoscopy_replication/microscopy-clean/runs/paper_gpu0/jobs/sr/swinir_wo_li_seed42/attempt_001/console.log
  running sr/swinir_wo_li_seed42 — 03:13:48; log: /home/leonidas/workspace/differentiable_micoscopy_replication/microscopy-clean/runs/paper_gpu0/jobs/sr/swinir_wo_li_seed42/attempt_001/console.log
  running sr/swinir_wo_li_seed42 — 03:14:18; log: /home/leonidas/workspace/differentiable_micoscopy_replication/microscopy-clean/runs/paper_gpu0/jobs/sr/swinir_wo_li_seed42/attempt_001/console.log
  running sr/swinir_wo_li_seed42 — 03:14:48; log: /home/leonidas/workspace/differentiable_micoscopy_replication/microscopy-clean/runs/paper_gpu0/jobs/sr/swinir_wo_li_seed42/attempt_001/console.log
  running sr/swinir_wo_li_seed42 — 03:15:18; log: /home/leonidas/workspace/differentiable_micoscopy_replication/microscopy-clean/runs/paper_gpu0/jobs/sr/swinir_wo_li_seed42/attempt_001/console.log
  running sr/swinir_wo_li_seed42 — 03:15:48; log: /home/leonidas/workspace/differentiable_micoscopy_replication/microscopy-clean/runs/paper_gpu0/jobs/sr/swinir_wo_li_seed42/attempt_001/console.log
  running sr/swinir_wo_li_seed42 — 03:16:18; log: /home/leonidas/workspace/differentiable_micoscopy_replication/microscopy-clean/runs/paper_gpu0/jobs/sr/swinir_wo_li_seed42/attempt_001/console.log
  running sr/swinir_wo_li_seed42 — 03:16:48; log: /home/leonidas/workspace/differentiable_micoscopy_replication/microscopy-clean/runs/paper_gpu0/jobs/sr/swinir_wo_li_seed42/attempt_001/console.log
  running sr/swinir_wo_li_seed42 — 03:17:18; log: /home/leonidas/workspace/differentiable_micoscopy_replication/microscopy-clean/runs/paper_gpu0/jobs/sr/swinir_wo_li_seed42/attempt_001/console.log
  running sr/swinir_wo_li_seed42 — 03:17:48; log: /home/leonidas/workspace/differentiable_micoscopy_replication/microscopy-clean/runs/paper_gpu0/jobs/sr/swinir_wo_li_seed42/attempt_001/console.log
  running sr/swinir_wo_li_seed42 — 03:18:18; log: /home/leonidas/workspace/differentiable_micoscopy_replication/microscopy-clean/runs/paper_gpu0/jobs/sr/swinir_wo_li_seed42/attempt_001/console.log
  running sr/swinir_wo_li_seed42 — 03:18:48; log: /home/leonidas/workspace/differentiable_micoscopy_replication/microscopy-clean/runs/paper_gpu0/jobs/sr/swinir_wo_li_seed42/attempt_001/console.log
  running sr/swinir_wo_li_seed42 — 03:19:18; log: /home/leonidas/workspace/differentiable_micoscopy_replication/microscopy-clean/runs/paper_gpu0/jobs/sr/swinir_wo_li_seed42/attempt_001/console.log
  running sr/swinir_wo_li_seed42 — 03:19:48; log: /home/leonidas/workspace/differentiable_micoscopy_replication/microscopy-clean/runs/paper_gpu0/jobs/sr/swinir_wo_li_seed42/attempt_001/console.log
  running sr/swinir_wo_li_seed42 — 03:20:18; log: /home/leonidas/workspace/differentiable_micoscopy_replication/microscopy-clean/runs/paper_gpu0/jobs/sr/swinir_wo_li_seed42/attempt_001/console.log
  running sr/swinir_wo_li_seed42 — 03:20:48; log: /home/leonidas/workspace/differentiable_micoscopy_replication/microscopy-clean/runs/paper_gpu0/jobs/sr/swinir_wo_li_seed42/attempt_001/console.log
  running sr/swinir_wo_li_seed42 — 03:21:18; log: /home/leonidas/workspace/differentiable_micoscopy_replication/microscopy-clean/runs/paper_gpu0/jobs/sr/swinir_wo_li_seed42/attempt_001/console.log
  running sr/swinir_wo_li_seed42 — 03:21:48; log: /home/leonidas/workspace/differentiable_micoscopy_replication/microscopy-clean/runs/paper_gpu0/jobs/sr/swinir_wo_li_seed42/attempt_001/console.log
  running sr/swinir_wo_li_seed42 — 03:22:18; log: /home/leonidas/workspace/differentiable_micoscopy_replication/microscopy-clean/runs/paper_gpu0/jobs/sr/swinir_wo_li_seed42/attempt_001/console.log
  running sr/swinir_wo_li_seed42 — 03:22:48; log: /home/leonidas/workspace/differentiable_micoscopy_replication/microscopy-clean/runs/paper_gpu0/jobs/sr/swinir_wo_li_seed42/attempt_001/console.log
  running sr/swinir_wo_li_seed42 — 03:23:18; log: /home/leonidas/workspace/differentiable_micoscopy_replication/microscopy-clean/runs/paper_gpu0/jobs/sr/swinir_wo_li_seed42/attempt_001/console.log
  running sr/swinir_wo_li_seed42 — 03:23:48; log: /home/leonidas/workspace/differentiable_micoscopy_replication/microscopy-clean/runs/paper_gpu0/jobs/sr/swinir_wo_li_seed42/attempt_001/console.log
  running sr/swinir_wo_li_seed42 — 03:24:18; log: /home/leonidas/workspace/differentiable_micoscopy_replication/microscopy-clean/runs/paper_gpu0/jobs/sr/swinir_wo_li_seed42/attempt_001/console.log
  running sr/swinir_wo_li_seed42 — 03:24:48; log: /home/leonidas/workspace/differentiable_micoscopy_replication/microscopy-clean/runs/paper_gpu0/jobs/sr/swinir_wo_li_seed42/attempt_001/console.log
  running sr/swinir_wo_li_seed42 — 03:25:18; log: /home/leonidas/workspace/differentiable_micoscopy_replication/microscopy-clean/runs/paper_gpu0/jobs/sr/swinir_wo_li_seed42/attempt_001/console.log
  running sr/swinir_wo_li_seed42 — 03:25:48; log: /home/leonidas/workspace/differentiable_micoscopy_replication/microscopy-clean/runs/paper_gpu0/jobs/sr/swinir_wo_li_seed42/attempt_001/console.log
  running sr/swinir_wo_li_seed42 — 03:26:18; log: /home/leonidas/workspace/differentiable_micoscopy_replication/microscopy-clean/runs/paper_gpu0/jobs/sr/swinir_wo_li_seed42/attempt_001/console.log
  running sr/swinir_wo_li_seed42 — 03:26:48; log: /home/leonidas/workspace/differentiable_micoscopy_replication/microscopy-clean/runs/paper_gpu0/jobs/sr/swinir_wo_li_seed42/attempt_001/console.log
  running sr/swinir_wo_li_seed42 — 03:27:18; log: /home/leonidas/workspace/differentiable_micoscopy_replication/microscopy-clean/runs/paper_gpu0/jobs/sr/swinir_wo_li_seed42/attempt_001/console.log
  running sr/swinir_wo_li_seed42 — 03:27:48; log: /home/leonidas/workspace/differentiable_micoscopy_replication/microscopy-clean/runs/paper_gpu0/jobs/sr/swinir_wo_li_seed42/attempt_001/console.log
  running sr/swinir_wo_li_seed42 — 03:28:18; log: /home/leonidas/workspace/differentiable_micoscopy_replication/microscopy-clean/runs/paper_gpu0/jobs/sr/swinir_wo_li_seed42/attempt_001/console.log
  running sr/swinir_wo_li_seed42 — 03:28:48; log: /home/leonidas/workspace/differentiable_micoscopy_replication/microscopy-clean/runs/paper_gpu0/jobs/sr/swinir_wo_li_seed42/attempt_001/console.log
  running sr/swinir_wo_li_seed42 — 03:29:18; log: /home/leonidas/workspace/differentiable_micoscopy_replication/microscopy-clean/runs/paper_gpu0/jobs/sr/swinir_wo_li_seed42/attempt_001/console.log
  running sr/swinir_wo_li_seed42 — 03:29:48; log: /home/leonidas/workspace/differentiable_micoscopy_replication/microscopy-clean/runs/paper_gpu0/jobs/sr/swinir_wo_li_seed42/attempt_001/console.log
  running sr/swinir_wo_li_seed42 — 03:30:18; log: /home/leonidas/workspace/differentiable_micoscopy_replication/microscopy-clean/runs/paper_gpu0/jobs/sr/swinir_wo_li_seed42/attempt_001/console.log
  running sr/swinir_wo_li_seed42 — 03:30:48; log: /home/leonidas/workspace/differentiable_micoscopy_replication/microscopy-clean/runs/paper_gpu0/jobs/sr/swinir_wo_li_seed42/attempt_001/console.log
  running sr/swinir_wo_li_seed42 — 03:31:18; log: /home/leonidas/workspace/differentiable_micoscopy_replication/microscopy-clean/runs/paper_gpu0/jobs/sr/swinir_wo_li_seed42/attempt_001/console.log
  running sr/swinir_wo_li_seed42 — 03:31:48; log: /home/leonidas/workspace/differentiable_micoscopy_replication/microscopy-clean/runs/paper_gpu0/jobs/sr/swinir_wo_li_seed42/attempt_001/console.log
  running sr/swinir_wo_li_seed42 — 03:32:18; log: /home/leonidas/workspace/differentiable_micoscopy_replication/microscopy-clean/runs/paper_gpu0/jobs/sr/swinir_wo_li_seed42/attempt_001/console.log
  running sr/swinir_wo_li_seed42 — 03:32:48; log: /home/leonidas/workspace/differentiable_micoscopy_replication/microscopy-clean/runs/paper_gpu0/jobs/sr/swinir_wo_li_seed42/attempt_001/console.log
  running sr/swinir_wo_li_seed42 — 03:33:18; log: /home/leonidas/workspace/differentiable_micoscopy_replication/microscopy-clean/runs/paper_gpu0/jobs/sr/swinir_wo_li_seed42/attempt_001/console.log
  running sr/swinir_wo_li_seed42 — 03:33:48; log: /home/leonidas/workspace/differentiable_micoscopy_replication/microscopy-clean/runs/paper_gpu0/jobs/sr/swinir_wo_li_seed42/attempt_001/console.log
  running sr/swinir_wo_li_seed42 — 03:34:18; log: /home/leonidas/workspace/differentiable_micoscopy_replication/microscopy-clean/runs/paper_gpu0/jobs/sr/swinir_wo_li_seed42/attempt_001/console.log
  running sr/swinir_wo_li_seed42 — 03:34:48; log: /home/leonidas/workspace/differentiable_micoscopy_replication/microscopy-clean/runs/paper_gpu0/jobs/sr/swinir_wo_li_seed42/attempt_001/console.log
  running sr/swinir_wo_li_seed42 — 03:35:18; log: /home/leonidas/workspace/differentiable_micoscopy_replication/microscopy-clean/runs/paper_gpu0/jobs/sr/swinir_wo_li_seed42/attempt_001/console.log
  running sr/swinir_wo_li_seed42 — 03:35:48; log: /home/leonidas/workspace/differentiable_micoscopy_replication/microscopy-clean/runs/paper_gpu0/jobs/sr/swinir_wo_li_seed42/attempt_001/console.log
  running sr/swinir_wo_li_seed42 — 03:36:18; log: /home/leonidas/workspace/differentiable_micoscopy_replication/microscopy-clean/runs/paper_gpu0/jobs/sr/swinir_wo_li_seed42/attempt_001/console.log
  running sr/swinir_wo_li_seed42 — 03:36:48; log: /home/leonidas/workspace/differentiable_micoscopy_replication/microscopy-clean/runs/paper_gpu0/jobs/sr/swinir_wo_li_seed42/attempt_001/console.log
  running sr/swinir_wo_li_seed42 — 03:37:18; log: /home/leonidas/workspace/differentiable_micoscopy_replication/microscopy-clean/runs/paper_gpu0/jobs/sr/swinir_wo_li_seed42/attempt_001/console.log
  running sr/swinir_wo_li_seed42 — 03:37:48; log: /home/leonidas/workspace/differentiable_micoscopy_replication/microscopy-clean/runs/paper_gpu0/jobs/sr/swinir_wo_li_seed42/attempt_001/console.log
  running sr/swinir_wo_li_seed42 — 03:38:18; log: /home/leonidas/workspace/differentiable_micoscopy_replication/microscopy-clean/runs/paper_gpu0/jobs/sr/swinir_wo_li_seed42/attempt_001/console.log
  running sr/swinir_wo_li_seed42 — 03:38:48; log: /home/leonidas/workspace/differentiable_micoscopy_replication/microscopy-clean/runs/paper_gpu0/jobs/sr/swinir_wo_li_seed42/attempt_001/console.log
  running sr/swinir_wo_li_seed42 — 03:39:18; log: /home/leonidas/workspace/differentiable_micoscopy_replication/microscopy-clean/runs/paper_gpu0/jobs/sr/swinir_wo_li_seed42/attempt_001/console.log
  running sr/swinir_wo_li_seed42 — 03:39:48; log: /home/leonidas/workspace/differentiable_micoscopy_replication/microscopy-clean/runs/paper_gpu0/jobs/sr/swinir_wo_li_seed42/attempt_001/console.log
  running sr/swinir_wo_li_seed42 — 03:40:18; log: /home/leonidas/workspace/differentiable_micoscopy_replication/microscopy-clean/runs/paper_gpu0/jobs/sr/swinir_wo_li_seed42/attempt_001/console.log
  running sr/swinir_wo_li_seed42 — 03:40:48; log: /home/leonidas/workspace/differentiable_micoscopy_replication/microscopy-clean/runs/paper_gpu0/jobs/sr/swinir_wo_li_seed42/attempt_001/console.log
  running sr/swinir_wo_li_seed42 — 03:41:18; log: /home/leonidas/workspace/differentiable_micoscopy_replication/microscopy-clean/runs/paper_gpu0/jobs/sr/swinir_wo_li_seed42/attempt_001/console.log
  running sr/swinir_wo_li_seed42 — 03:41:48; log: /home/leonidas/workspace/differentiable_micoscopy_replication/microscopy-clean/runs/paper_gpu0/jobs/sr/swinir_wo_li_seed42/attempt_001/console.log
  running sr/swinir_wo_li_seed42 — 03:42:18; log: /home/leonidas/workspace/differentiable_micoscopy_replication/microscopy-clean/runs/paper_gpu0/jobs/sr/swinir_wo_li_seed42/attempt_001/console.log
  running sr/swinir_wo_li_seed42 — 03:42:48; log: /home/leonidas/workspace/differentiable_micoscopy_replication/microscopy-clean/runs/paper_gpu0/jobs/sr/swinir_wo_li_seed42/attempt_001/console.log
  running sr/swinir_wo_li_seed42 — 03:43:18; log: /home/leonidas/workspace/differentiable_micoscopy_replication/microscopy-clean/runs/paper_gpu0/jobs/sr/swinir_wo_li_seed42/attempt_001/console.log
  running sr/swinir_wo_li_seed42 — 03:43:48; log: /home/leonidas/workspace/differentiable_micoscopy_replication/microscopy-clean/runs/paper_gpu0/jobs/sr/swinir_wo_li_seed42/attempt_001/console.log
  running sr/swinir_wo_li_seed42 — 03:44:18; log: /home/leonidas/workspace/differentiable_micoscopy_replication/microscopy-clean/runs/paper_gpu0/jobs/sr/swinir_wo_li_seed42/attempt_001/console.log
  running sr/swinir_wo_li_seed42 — 03:44:48; log: /home/leonidas/workspace/differentiable_micoscopy_replication/microscopy-clean/runs/paper_gpu0/jobs/sr/swinir_wo_li_seed42/attempt_001/console.log
  running sr/swinir_wo_li_seed42 — 03:45:18; log: /home/leonidas/workspace/differentiable_micoscopy_replication/microscopy-clean/runs/paper_gpu0/jobs/sr/swinir_wo_li_seed42/attempt_001/console.log
  running sr/swinir_wo_li_seed42 — 03:45:48; log: /home/leonidas/workspace/differentiable_micoscopy_replication/microscopy-clean/runs/paper_gpu0/jobs/sr/swinir_wo_li_seed42/attempt_001/console.log
  running sr/swinir_wo_li_seed42 — 03:46:18; log: /home/leonidas/workspace/differentiable_micoscopy_replication/microscopy-clean/runs/paper_gpu0/jobs/sr/swinir_wo_li_seed42/attempt_001/console.log
  running sr/swinir_wo_li_seed42 — 03:46:48; log: /home/leonidas/workspace/differentiable_micoscopy_replication/microscopy-clean/runs/paper_gpu0/jobs/sr/swinir_wo_li_seed42/attempt_001/console.log
  running sr/swinir_wo_li_seed42 — 03:47:18; log: /home/leonidas/workspace/differentiable_micoscopy_replication/microscopy-clean/runs/paper_gpu0/jobs/sr/swinir_wo_li_seed42/attempt_001/console.log
  running sr/swinir_wo_li_seed42 — 03:47:48; log: /home/leonidas/workspace/differentiable_micoscopy_replication/microscopy-clean/runs/paper_gpu0/jobs/sr/swinir_wo_li_seed42/attempt_001/console.log
  running sr/swinir_wo_li_seed42 — 03:48:18; log: /home/leonidas/workspace/differentiable_micoscopy_replication/microscopy-clean/runs/paper_gpu0/jobs/sr/swinir_wo_li_seed42/attempt_001/console.log
  running sr/swinir_wo_li_seed42 — 03:48:48; log: /home/leonidas/workspace/differentiable_micoscopy_replication/microscopy-clean/runs/paper_gpu0/jobs/sr/swinir_wo_li_seed42/attempt_001/console.log
  running sr/swinir_wo_li_seed42 — 03:49:18; log: /home/leonidas/workspace/differentiable_micoscopy_replication/microscopy-clean/runs/paper_gpu0/jobs/sr/swinir_wo_li_seed42/attempt_001/console.log
  running sr/swinir_wo_li_seed42 — 03:49:48; log: /home/leonidas/workspace/differentiable_micoscopy_replication/microscopy-clean/runs/paper_gpu0/jobs/sr/swinir_wo_li_seed42/attempt_001/console.log
  running sr/swinir_wo_li_seed42 — 03:50:18; log: /home/leonidas/workspace/differentiable_micoscopy_replication/microscopy-clean/runs/paper_gpu0/jobs/sr/swinir_wo_li_seed42/attempt_001/console.log
  running sr/swinir_wo_li_seed42 — 03:50:48; log: /home/leonidas/workspace/differentiable_micoscopy_replication/microscopy-clean/runs/paper_gpu0/jobs/sr/swinir_wo_li_seed42/attempt_001/console.log
  running sr/swinir_wo_li_seed42 — 03:51:18; log: /home/leonidas/workspace/differentiable_micoscopy_replication/microscopy-clean/runs/paper_gpu0/jobs/sr/swinir_wo_li_seed42/attempt_001/console.log
  running sr/swinir_wo_li_seed42 — 03:51:48; log: /home/leonidas/workspace/differentiable_micoscopy_replication/microscopy-clean/runs/paper_gpu0/jobs/sr/swinir_wo_li_seed42/attempt_001/console.log
  running sr/swinir_wo_li_seed42 — 03:52:18; log: /home/leonidas/workspace/differentiable_micoscopy_replication/microscopy-clean/runs/paper_gpu0/jobs/sr/swinir_wo_li_seed42/attempt_001/console.log
  running sr/swinir_wo_li_seed42 — 03:52:48; log: /home/leonidas/workspace/differentiable_micoscopy_replication/microscopy-clean/runs/paper_gpu0/jobs/sr/swinir_wo_li_seed42/attempt_001/console.log
  running sr/swinir_wo_li_seed42 — 03:53:18; log: /home/leonidas/workspace/differentiable_micoscopy_replication/microscopy-clean/runs/paper_gpu0/jobs/sr/swinir_wo_li_seed42/attempt_001/console.log
  running sr/swinir_wo_li_seed42 — 03:53:48; log: /home/leonidas/workspace/differentiable_micoscopy_replication/microscopy-clean/runs/paper_gpu0/jobs/sr/swinir_wo_li_seed42/attempt_001/console.log
  running sr/swinir_wo_li_seed42 — 03:54:18; log: /home/leonidas/workspace/differentiable_micoscopy_replication/microscopy-clean/runs/paper_gpu0/jobs/sr/swinir_wo_li_seed42/attempt_001/console.log
  running sr/swinir_wo_li_seed42 — 03:54:48; log: /home/leonidas/workspace/differentiable_micoscopy_replication/microscopy-clean/runs/paper_gpu0/jobs/sr/swinir_wo_li_seed42/attempt_001/console.log
  running sr/swinir_wo_li_seed42 — 03:55:18; log: /home/leonidas/workspace/differentiable_micoscopy_replication/microscopy-clean/runs/paper_gpu0/jobs/sr/swinir_wo_li_seed42/attempt_001/console.log
  running sr/swinir_wo_li_seed42 — 03:55:48; log: /home/leonidas/workspace/differentiable_micoscopy_replication/microscopy-clean/runs/paper_gpu0/jobs/sr/swinir_wo_li_seed42/attempt_001/console.log
  running sr/swinir_wo_li_seed42 — 03:56:18; log: /home/leonidas/workspace/differentiable_micoscopy_replication/microscopy-clean/runs/paper_gpu0/jobs/sr/swinir_wo_li_seed42/attempt_001/console.log
  running sr/swinir_wo_li_seed42 — 03:56:48; log: /home/leonidas/workspace/differentiable_micoscopy_replication/microscopy-clean/runs/paper_gpu0/jobs/sr/swinir_wo_li_seed42/attempt_001/console.log
  running sr/swinir_wo_li_seed42 — 03:57:18; log: /home/leonidas/workspace/differentiable_micoscopy_replication/microscopy-clean/runs/paper_gpu0/jobs/sr/swinir_wo_li_seed42/attempt_001/console.log
  running sr/swinir_wo_li_seed42 — 03:57:48; log: /home/leonidas/workspace/differentiable_micoscopy_replication/microscopy-clean/runs/paper_gpu0/jobs/sr/swinir_wo_li_seed42/attempt_001/console.log
  running sr/swinir_wo_li_seed42 — 03:58:18; log: /home/leonidas/workspace/differentiable_micoscopy_replication/microscopy-clean/runs/paper_gpu0/jobs/sr/swinir_wo_li_seed42/attempt_001/console.log
  running sr/swinir_wo_li_seed42 — 03:58:48; log: /home/leonidas/workspace/differentiable_micoscopy_replication/microscopy-clean/runs/paper_gpu0/jobs/sr/swinir_wo_li_seed42/attempt_001/console.log
  running sr/swinir_wo_li_seed42 — 03:59:18; log: /home/leonidas/workspace/differentiable_micoscopy_replication/microscopy-clean/runs/paper_gpu0/jobs/sr/swinir_wo_li_seed42/attempt_001/console.log
  running sr/swinir_wo_li_seed42 — 03:59:48; log: /home/leonidas/workspace/differentiable_micoscopy_replication/microscopy-clean/runs/paper_gpu0/jobs/sr/swinir_wo_li_seed42/attempt_001/console.log
  running sr/swinir_wo_li_seed42 — 04:00:18; log: /home/leonidas/workspace/differentiable_micoscopy_replication/microscopy-clean/runs/paper_gpu0/jobs/sr/swinir_wo_li_seed42/attempt_001/console.log
  running sr/swinir_wo_li_seed42 — 04:00:48; log: /home/leonidas/workspace/differentiable_micoscopy_replication/microscopy-clean/runs/paper_gpu0/jobs/sr/swinir_wo_li_seed42/attempt_001/console.log
  running sr/swinir_wo_li_seed42 — 04:01:18; log: /home/leonidas/workspace/differentiable_micoscopy_replication/microscopy-clean/runs/paper_gpu0/jobs/sr/swinir_wo_li_seed42/attempt_001/console.log
  running sr/swinir_wo_li_seed42 — 04:01:48; log: /home/leonidas/workspace/differentiable_micoscopy_replication/microscopy-clean/runs/paper_gpu0/jobs/sr/swinir_wo_li_seed42/attempt_001/console.log
  running sr/swinir_wo_li_seed42 — 04:02:18; log: /home/leonidas/workspace/differentiable_micoscopy_replication/microscopy-clean/runs/paper_gpu0/jobs/sr/swinir_wo_li_seed42/attempt_001/console.log
  running sr/swinir_wo_li_seed42 — 04:02:48; log: /home/leonidas/workspace/differentiable_micoscopy_replication/microscopy-clean/runs/paper_gpu0/jobs/sr/swinir_wo_li_seed42/attempt_001/console.log
  running sr/swinir_wo_li_seed42 — 04:03:18; log: /home/leonidas/workspace/differentiable_micoscopy_replication/microscopy-clean/runs/paper_gpu0/jobs/sr/swinir_wo_li_seed42/attempt_001/console.log
  running sr/swinir_wo_li_seed42 — 04:03:48; log: /home/leonidas/workspace/differentiable_micoscopy_replication/microscopy-clean/runs/paper_gpu0/jobs/sr/swinir_wo_li_seed42/attempt_001/console.log
  running sr/swinir_wo_li_seed42 — 04:04:18; log: /home/leonidas/workspace/differentiable_micoscopy_replication/microscopy-clean/runs/paper_gpu0/jobs/sr/swinir_wo_li_seed42/attempt_001/console.log
  running sr/swinir_wo_li_seed42 — 04:04:48; log: /home/leonidas/workspace/differentiable_micoscopy_replication/microscopy-clean/runs/paper_gpu0/jobs/sr/swinir_wo_li_seed42/attempt_001/console.log
  running sr/swinir_wo_li_seed42 — 04:05:18; log: /home/leonidas/workspace/differentiable_micoscopy_replication/microscopy-clean/runs/paper_gpu0/jobs/sr/swinir_wo_li_seed42/attempt_001/console.log
  running sr/swinir_wo_li_seed42 — 04:05:48; log: /home/leonidas/workspace/differentiable_micoscopy_replication/microscopy-clean/runs/paper_gpu0/jobs/sr/swinir_wo_li_seed42/attempt_001/console.log
  running sr/swinir_wo_li_seed42 — 04:06:18; log: /home/leonidas/workspace/differentiable_micoscopy_replication/microscopy-clean/runs/paper_gpu0/jobs/sr/swinir_wo_li_seed42/attempt_001/console.log
  running sr/swinir_wo_li_seed42 — 04:06:48; log: /home/leonidas/workspace/differentiable_micoscopy_replication/microscopy-clean/runs/paper_gpu0/jobs/sr/swinir_wo_li_seed42/attempt_001/console.log
  running sr/swinir_wo_li_seed42 — 04:07:18; log: /home/leonidas/workspace/differentiable_micoscopy_replication/microscopy-clean/runs/paper_gpu0/jobs/sr/swinir_wo_li_seed42/attempt_001/console.log
  running sr/swinir_wo_li_seed42 — 04:07:48; log: /home/leonidas/workspace/differentiable_micoscopy_replication/microscopy-clean/runs/paper_gpu0/jobs/sr/swinir_wo_li_seed42/attempt_001/console.log
  running sr/swinir_wo_li_seed42 — 04:08:18; log: /home/leonidas/workspace/differentiable_micoscopy_replication/microscopy-clean/runs/paper_gpu0/jobs/sr/swinir_wo_li_seed42/attempt_001/console.log
  running sr/swinir_wo_li_seed42 — 04:08:48; log: /home/leonidas/workspace/differentiable_micoscopy_replication/microscopy-clean/runs/paper_gpu0/jobs/sr/swinir_wo_li_seed42/attempt_001/console.log
  running sr/swinir_wo_li_seed42 — 04:09:18; log: /home/leonidas/workspace/differentiable_micoscopy_replication/microscopy-clean/runs/paper_gpu0/jobs/sr/swinir_wo_li_seed42/attempt_001/console.log
  running sr/swinir_wo_li_seed42 — 04:09:48; log: /home/leonidas/workspace/differentiable_micoscopy_replication/microscopy-clean/runs/paper_gpu0/jobs/sr/swinir_wo_li_seed42/attempt_001/console.log
  running sr/swinir_wo_li_seed42 — 04:10:18; log: /home/leonidas/workspace/differentiable_micoscopy_replication/microscopy-clean/runs/paper_gpu0/jobs/sr/swinir_wo_li_seed42/attempt_001/console.log
  running sr/swinir_wo_li_seed42 — 04:10:48; log: /home/leonidas/workspace/differentiable_micoscopy_replication/microscopy-clean/runs/paper_gpu0/jobs/sr/swinir_wo_li_seed42/attempt_001/console.log
  running sr/swinir_wo_li_seed42 — 04:11:18; log: /home/leonidas/workspace/differentiable_micoscopy_replication/microscopy-clean/runs/paper_gpu0/jobs/sr/swinir_wo_li_seed42/attempt_001/console.log
  running sr/swinir_wo_li_seed42 — 04:11:48; log: /home/leonidas/workspace/differentiable_micoscopy_replication/microscopy-clean/runs/paper_gpu0/jobs/sr/swinir_wo_li_seed42/attempt_001/console.log
  running sr/swinir_wo_li_seed42 — 04:12:18; log: /home/leonidas/workspace/differentiable_micoscopy_replication/microscopy-clean/runs/paper_gpu0/jobs/sr/swinir_wo_li_seed42/attempt_001/console.log
  running sr/swinir_wo_li_seed42 — 04:12:48; log: /home/leonidas/workspace/differentiable_micoscopy_replication/microscopy-clean/runs/paper_gpu0/jobs/sr/swinir_wo_li_seed42/attempt_001/console.log
  running sr/swinir_wo_li_seed42 — 04:13:18; log: /home/leonidas/workspace/differentiable_micoscopy_replication/microscopy-clean/runs/paper_gpu0/jobs/sr/swinir_wo_li_seed42/attempt_001/console.log
  running sr/swinir_wo_li_seed42 — 04:13:48; log: /home/leonidas/workspace/differentiable_micoscopy_replication/microscopy-clean/runs/paper_gpu0/jobs/sr/swinir_wo_li_seed42/attempt_001/console.log
  running sr/swinir_wo_li_seed42 — 04:14:18; log: /home/leonidas/workspace/differentiable_micoscopy_replication/microscopy-clean/runs/paper_gpu0/jobs/sr/swinir_wo_li_seed42/attempt_001/console.log
  running sr/swinir_wo_li_seed42 — 04:14:48; log: /home/leonidas/workspace/differentiable_micoscopy_replication/microscopy-clean/runs/paper_gpu0/jobs/sr/swinir_wo_li_seed42/attempt_001/console.log
  running sr/swinir_wo_li_seed42 — 04:15:18; log: /home/leonidas/workspace/differentiable_micoscopy_replication/microscopy-clean/runs/paper_gpu0/jobs/sr/swinir_wo_li_seed42/attempt_001/console.log
  running sr/swinir_wo_li_seed42 — 04:15:48; log: /home/leonidas/workspace/differentiable_micoscopy_replication/microscopy-clean/runs/paper_gpu0/jobs/sr/swinir_wo_li_seed42/attempt_001/console.log
  running sr/swinir_wo_li_seed42 — 04:16:18; log: /home/leonidas/workspace/differentiable_micoscopy_replication/microscopy-clean/runs/paper_gpu0/jobs/sr/swinir_wo_li_seed42/attempt_001/console.log
  running sr/swinir_wo_li_seed42 — 04:16:48; log: /home/leonidas/workspace/differentiable_micoscopy_replication/microscopy-clean/runs/paper_gpu0/jobs/sr/swinir_wo_li_seed42/attempt_001/console.log
  running sr/swinir_wo_li_seed42 — 04:17:18; log: /home/leonidas/workspace/differentiable_micoscopy_replication/microscopy-clean/runs/paper_gpu0/jobs/sr/swinir_wo_li_seed42/attempt_001/console.log
  running sr/swinir_wo_li_seed42 — 04:17:48; log: /home/leonidas/workspace/differentiable_micoscopy_replication/microscopy-clean/runs/paper_gpu0/jobs/sr/swinir_wo_li_seed42/attempt_001/console.log
  running sr/swinir_wo_li_seed42 — 04:18:18; log: /home/leonidas/workspace/differentiable_micoscopy_replication/microscopy-clean/runs/paper_gpu0/jobs/sr/swinir_wo_li_seed42/attempt_001/console.log
  running sr/swinir_wo_li_seed42 — 04:18:48; log: /home/leonidas/workspace/differentiable_micoscopy_replication/microscopy-clean/runs/paper_gpu0/jobs/sr/swinir_wo_li_seed42/attempt_001/console.log
  running sr/swinir_wo_li_seed42 — 04:19:18; log: /home/leonidas/workspace/differentiable_micoscopy_replication/microscopy-clean/runs/paper_gpu0/jobs/sr/swinir_wo_li_seed42/attempt_001/console.log
  running sr/swinir_wo_li_seed42 — 04:19:48; log: /home/leonidas/workspace/differentiable_micoscopy_replication/microscopy-clean/runs/paper_gpu0/jobs/sr/swinir_wo_li_seed42/attempt_001/console.log
  running sr/swinir_wo_li_seed42 — 04:20:18; log: /home/leonidas/workspace/differentiable_micoscopy_replication/microscopy-clean/runs/paper_gpu0/jobs/sr/swinir_wo_li_seed42/attempt_001/console.log
  running sr/swinir_wo_li_seed42 — 04:20:48; log: /home/leonidas/workspace/differentiable_micoscopy_replication/microscopy-clean/runs/paper_gpu0/jobs/sr/swinir_wo_li_seed42/attempt_001/console.log
  running sr/swinir_wo_li_seed42 — 04:21:18; log: /home/leonidas/workspace/differentiable_micoscopy_replication/microscopy-clean/runs/paper_gpu0/jobs/sr/swinir_wo_li_seed42/attempt_001/console.log
  running sr/swinir_wo_li_seed42 — 04:21:48; log: /home/leonidas/workspace/differentiable_micoscopy_replication/microscopy-clean/runs/paper_gpu0/jobs/sr/swinir_wo_li_seed42/attempt_001/console.log
  running sr/swinir_wo_li_seed42 — 04:22:18; log: /home/leonidas/workspace/differentiable_micoscopy_replication/microscopy-clean/runs/paper_gpu0/jobs/sr/swinir_wo_li_seed42/attempt_001/console.log
  running sr/swinir_wo_li_seed42 — 04:22:48; log: /home/leonidas/workspace/differentiable_micoscopy_replication/microscopy-clean/runs/paper_gpu0/jobs/sr/swinir_wo_li_seed42/attempt_001/console.log
  running sr/swinir_wo_li_seed42 — 04:23:18; log: /home/leonidas/workspace/differentiable_micoscopy_replication/microscopy-clean/runs/paper_gpu0/jobs/sr/swinir_wo_li_seed42/attempt_001/console.log
  running sr/swinir_wo_li_seed42 — 04:23:48; log: /home/leonidas/workspace/differentiable_micoscopy_replication/microscopy-clean/runs/paper_gpu0/jobs/sr/swinir_wo_li_seed42/attempt_001/console.log
  running sr/swinir_wo_li_seed42 — 04:24:18; log: /home/leonidas/workspace/differentiable_micoscopy_replication/microscopy-clean/runs/paper_gpu0/jobs/sr/swinir_wo_li_seed42/attempt_001/console.log
  running sr/swinir_wo_li_seed42 — 04:24:48; log: /home/leonidas/workspace/differentiable_micoscopy_replication/microscopy-clean/runs/paper_gpu0/jobs/sr/swinir_wo_li_seed42/attempt_001/console.log
  running sr/swinir_wo_li_seed42 — 04:25:18; log: /home/leonidas/workspace/differentiable_micoscopy_replication/microscopy-clean/runs/paper_gpu0/jobs/sr/swinir_wo_li_seed42/attempt_001/console.log
  running sr/swinir_wo_li_seed42 — 04:25:48; log: /home/leonidas/workspace/differentiable_micoscopy_replication/microscopy-clean/runs/paper_gpu0/jobs/sr/swinir_wo_li_seed42/attempt_001/console.log
  running sr/swinir_wo_li_seed42 — 04:26:18; log: /home/leonidas/workspace/differentiable_micoscopy_replication/microscopy-clean/runs/paper_gpu0/jobs/sr/swinir_wo_li_seed42/attempt_001/console.log
  running sr/swinir_wo_li_seed42 — 04:26:48; log: /home/leonidas/workspace/differentiable_micoscopy_replication/microscopy-clean/runs/paper_gpu0/jobs/sr/swinir_wo_li_seed42/attempt_001/console.log
  running sr/swinir_wo_li_seed42 — 04:27:18; log: /home/leonidas/workspace/differentiable_micoscopy_replication/microscopy-clean/runs/paper_gpu0/jobs/sr/swinir_wo_li_seed42/attempt_001/console.log
  running sr/swinir_wo_li_seed42 — 04:27:48; log: /home/leonidas/workspace/differentiable_micoscopy_replication/microscopy-clean/runs/paper_gpu0/jobs/sr/swinir_wo_li_seed42/attempt_001/console.log
  running sr/swinir_wo_li_seed42 — 04:28:18; log: /home/leonidas/workspace/differentiable_micoscopy_replication/microscopy-clean/runs/paper_gpu0/jobs/sr/swinir_wo_li_seed42/attempt_001/console.log
  running sr/swinir_wo_li_seed42 — 04:28:48; log: /home/leonidas/workspace/differentiable_micoscopy_replication/microscopy-clean/runs/paper_gpu0/jobs/sr/swinir_wo_li_seed42/attempt_001/console.log
  running sr/swinir_wo_li_seed42 — 04:29:18; log: /home/leonidas/workspace/differentiable_micoscopy_replication/microscopy-clean/runs/paper_gpu0/jobs/sr/swinir_wo_li_seed42/attempt_001/console.log
  running sr/swinir_wo_li_seed42 — 04:29:48; log: /home/leonidas/workspace/differentiable_micoscopy_replication/microscopy-clean/runs/paper_gpu0/jobs/sr/swinir_wo_li_seed42/attempt_001/console.log
  running sr/swinir_wo_li_seed42 — 04:30:18; log: /home/leonidas/workspace/differentiable_micoscopy_replication/microscopy-clean/runs/paper_gpu0/jobs/sr/swinir_wo_li_seed42/attempt_001/console.log
  running sr/swinir_wo_li_seed42 — 04:30:48; log: /home/leonidas/workspace/differentiable_micoscopy_replication/microscopy-clean/runs/paper_gpu0/jobs/sr/swinir_wo_li_seed42/attempt_001/console.log
  running sr/swinir_wo_li_seed42 — 04:31:18; log: /home/leonidas/workspace/differentiable_micoscopy_replication/microscopy-clean/runs/paper_gpu0/jobs/sr/swinir_wo_li_seed42/attempt_001/console.log
  running sr/swinir_wo_li_seed42 — 04:31:48; log: /home/leonidas/workspace/differentiable_micoscopy_replication/microscopy-clean/runs/paper_gpu0/jobs/sr/swinir_wo_li_seed42/attempt_001/console.log
  running sr/swinir_wo_li_seed42 — 04:32:18; log: /home/leonidas/workspace/differentiable_micoscopy_replication/microscopy-clean/runs/paper_gpu0/jobs/sr/swinir_wo_li_seed42/attempt_001/console.log
  running sr/swinir_wo_li_seed42 — 04:32:48; log: /home/leonidas/workspace/differentiable_micoscopy_replication/microscopy-clean/runs/paper_gpu0/jobs/sr/swinir_wo_li_seed42/attempt_001/console.log
  running sr/swinir_wo_li_seed42 — 04:33:18; log: /home/leonidas/workspace/differentiable_micoscopy_replication/microscopy-clean/runs/paper_gpu0/jobs/sr/swinir_wo_li_seed42/attempt_001/console.log
  running sr/swinir_wo_li_seed42 — 04:33:48; log: /home/leonidas/workspace/differentiable_micoscopy_replication/microscopy-clean/runs/paper_gpu0/jobs/sr/swinir_wo_li_seed42/attempt_001/console.log
  running sr/swinir_wo_li_seed42 — 04:34:18; log: /home/leonidas/workspace/differentiable_micoscopy_replication/microscopy-clean/runs/paper_gpu0/jobs/sr/swinir_wo_li_seed42/attempt_001/console.log
  running sr/swinir_wo_li_seed42 — 04:34:48; log: /home/leonidas/workspace/differentiable_micoscopy_replication/microscopy-clean/runs/paper_gpu0/jobs/sr/swinir_wo_li_seed42/attempt_001/console.log
  running sr/swinir_wo_li_seed42 — 04:35:18; log: /home/leonidas/workspace/differentiable_micoscopy_replication/microscopy-clean/runs/paper_gpu0/jobs/sr/swinir_wo_li_seed42/attempt_001/console.log
  running sr/swinir_wo_li_seed42 — 04:35:48; log: /home/leonidas/workspace/differentiable_micoscopy_replication/microscopy-clean/runs/paper_gpu0/jobs/sr/swinir_wo_li_seed42/attempt_001/console.log
  running sr/swinir_wo_li_seed42 — 04:36:18; log: /home/leonidas/workspace/differentiable_micoscopy_replication/microscopy-clean/runs/paper_gpu0/jobs/sr/swinir_wo_li_seed42/attempt_001/console.log
  running sr/swinir_wo_li_seed42 — 04:36:48; log: /home/leonidas/workspace/differentiable_micoscopy_replication/microscopy-clean/runs/paper_gpu0/jobs/sr/swinir_wo_li_seed42/attempt_001/console.log
  running sr/swinir_wo_li_seed42 — 04:37:18; log: /home/leonidas/workspace/differentiable_micoscopy_replication/microscopy-clean/runs/paper_gpu0/jobs/sr/swinir_wo_li_seed42/attempt_001/console.log
  running sr/swinir_wo_li_seed42 — 04:37:48; log: /home/leonidas/workspace/differentiable_micoscopy_replication/microscopy-clean/runs/paper_gpu0/jobs/sr/swinir_wo_li_seed42/attempt_001/console.log
  running sr/swinir_wo_li_seed42 — 04:38:18; log: /home/leonidas/workspace/differentiable_micoscopy_replication/microscopy-clean/runs/paper_gpu0/jobs/sr/swinir_wo_li_seed42/attempt_001/console.log
  running sr/swinir_wo_li_seed42 — 04:38:48; log: /home/leonidas/workspace/differentiable_micoscopy_replication/microscopy-clean/runs/paper_gpu0/jobs/sr/swinir_wo_li_seed42/attempt_001/console.log
  running sr/swinir_wo_li_seed42 — 04:39:18; log: /home/leonidas/workspace/differentiable_micoscopy_replication/microscopy-clean/runs/paper_gpu0/jobs/sr/swinir_wo_li_seed42/attempt_001/console.log
  running sr/swinir_wo_li_seed42 — 04:39:48; log: /home/leonidas/workspace/differentiable_micoscopy_replication/microscopy-clean/runs/paper_gpu0/jobs/sr/swinir_wo_li_seed42/attempt_001/console.log
  running sr/swinir_wo_li_seed42 — 04:40:18; log: /home/leonidas/workspace/differentiable_micoscopy_replication/microscopy-clean/runs/paper_gpu0/jobs/sr/swinir_wo_li_seed42/attempt_001/console.log
  running sr/swinir_wo_li_seed42 — 04:40:48; log: /home/leonidas/workspace/differentiable_micoscopy_replication/microscopy-clean/runs/paper_gpu0/jobs/sr/swinir_wo_li_seed42/attempt_001/console.log
  running sr/swinir_wo_li_seed42 — 04:41:18; log: /home/leonidas/workspace/differentiable_micoscopy_replication/microscopy-clean/runs/paper_gpu0/jobs/sr/swinir_wo_li_seed42/attempt_001/console.log
  running sr/swinir_wo_li_seed42 — 04:41:48; log: /home/leonidas/workspace/differentiable_micoscopy_replication/microscopy-clean/runs/paper_gpu0/jobs/sr/swinir_wo_li_seed42/attempt_001/console.log
  running sr/swinir_wo_li_seed42 — 04:42:18; log: /home/leonidas/workspace/differentiable_micoscopy_replication/microscopy-clean/runs/paper_gpu0/jobs/sr/swinir_wo_li_seed42/attempt_001/console.log
  running sr/swinir_wo_li_seed42 — 04:42:48; log: /home/leonidas/workspace/differentiable_micoscopy_replication/microscopy-clean/runs/paper_gpu0/jobs/sr/swinir_wo_li_seed42/attempt_001/console.log
  running sr/swinir_wo_li_seed42 — 04:43:18; log: /home/leonidas/workspace/differentiable_micoscopy_replication/microscopy-clean/runs/paper_gpu0/jobs/sr/swinir_wo_li_seed42/attempt_001/console.log
  running sr/swinir_wo_li_seed42 — 04:43:48; log: /home/leonidas/workspace/differentiable_micoscopy_replication/microscopy-clean/runs/paper_gpu0/jobs/sr/swinir_wo_li_seed42/attempt_001/console.log
  running sr/swinir_wo_li_seed42 — 04:44:18; log: /home/leonidas/workspace/differentiable_micoscopy_replication/microscopy-clean/runs/paper_gpu0/jobs/sr/swinir_wo_li_seed42/attempt_001/console.log
  running sr/swinir_wo_li_seed42 — 04:44:48; log: /home/leonidas/workspace/differentiable_micoscopy_replication/microscopy-clean/runs/paper_gpu0/jobs/sr/swinir_wo_li_seed42/attempt_001/console.log
  running sr/swinir_wo_li_seed42 — 04:45:18; log: /home/leonidas/workspace/differentiable_micoscopy_replication/microscopy-clean/runs/paper_gpu0/jobs/sr/swinir_wo_li_seed42/attempt_001/console.log
  running sr/swinir_wo_li_seed42 — 04:45:48; log: /home/leonidas/workspace/differentiable_micoscopy_replication/microscopy-clean/runs/paper_gpu0/jobs/sr/swinir_wo_li_seed42/attempt_001/console.log
  running sr/swinir_wo_li_seed42 — 04:46:18; log: /home/leonidas/workspace/differentiable_micoscopy_replication/microscopy-clean/runs/paper_gpu0/jobs/sr/swinir_wo_li_seed42/attempt_001/console.log
  running sr/swinir_wo_li_seed42 — 04:46:48; log: /home/leonidas/workspace/differentiable_micoscopy_replication/microscopy-clean/runs/paper_gpu0/jobs/sr/swinir_wo_li_seed42/attempt_001/console.log
  running sr/swinir_wo_li_seed42 — 04:47:18; log: /home/leonidas/workspace/differentiable_micoscopy_replication/microscopy-clean/runs/paper_gpu0/jobs/sr/swinir_wo_li_seed42/attempt_001/console.log
  running sr/swinir_wo_li_seed42 — 04:47:48; log: /home/leonidas/workspace/differentiable_micoscopy_replication/microscopy-clean/runs/paper_gpu0/jobs/sr/swinir_wo_li_seed42/attempt_001/console.log
  running sr/swinir_wo_li_seed42 — 04:48:18; log: /home/leonidas/workspace/differentiable_micoscopy_replication/microscopy-clean/runs/paper_gpu0/jobs/sr/swinir_wo_li_seed42/attempt_001/console.log
  running sr/swinir_wo_li_seed42 — 04:48:48; log: /home/leonidas/workspace/differentiable_micoscopy_replication/microscopy-clean/runs/paper_gpu0/jobs/sr/swinir_wo_li_seed42/attempt_001/console.log
  running sr/swinir_wo_li_seed42 — 04:49:18; log: /home/leonidas/workspace/differentiable_micoscopy_replication/microscopy-clean/runs/paper_gpu0/jobs/sr/swinir_wo_li_seed42/attempt_001/console.log
  running sr/swinir_wo_li_seed42 — 04:49:48; log: /home/leonidas/workspace/differentiable_micoscopy_replication/microscopy-clean/runs/paper_gpu0/jobs/sr/swinir_wo_li_seed42/attempt_001/console.log
  running sr/swinir_wo_li_seed42 — 04:50:18; log: /home/leonidas/workspace/differentiable_micoscopy_replication/microscopy-clean/runs/paper_gpu0/jobs/sr/swinir_wo_li_seed42/attempt_001/console.log
  running sr/swinir_wo_li_seed42 — 04:50:48; log: /home/leonidas/workspace/differentiable_micoscopy_replication/microscopy-clean/runs/paper_gpu0/jobs/sr/swinir_wo_li_seed42/attempt_001/console.log
  running sr/swinir_wo_li_seed42 — 04:51:18; log: /home/leonidas/workspace/differentiable_micoscopy_replication/microscopy-clean/runs/paper_gpu0/jobs/sr/swinir_wo_li_seed42/attempt_001/console.log
  running sr/swinir_wo_li_seed42 — 04:51:48; log: /home/leonidas/workspace/differentiable_micoscopy_replication/microscopy-clean/runs/paper_gpu0/jobs/sr/swinir_wo_li_seed42/attempt_001/console.log
  running sr/swinir_wo_li_seed42 — 04:52:18; log: /home/leonidas/workspace/differentiable_micoscopy_replication/microscopy-clean/runs/paper_gpu0/jobs/sr/swinir_wo_li_seed42/attempt_001/console.log
  running sr/swinir_wo_li_seed42 — 04:52:48; log: /home/leonidas/workspace/differentiable_micoscopy_replication/microscopy-clean/runs/paper_gpu0/jobs/sr/swinir_wo_li_seed42/attempt_001/console.log
  running sr/swinir_wo_li_seed42 — 04:53:18; log: /home/leonidas/workspace/differentiable_micoscopy_replication/microscopy-clean/runs/paper_gpu0/jobs/sr/swinir_wo_li_seed42/attempt_001/console.log
  running sr/swinir_wo_li_seed42 — 04:53:48; log: /home/leonidas/workspace/differentiable_micoscopy_replication/microscopy-clean/runs/paper_gpu0/jobs/sr/swinir_wo_li_seed42/attempt_001/console.log
  running sr/swinir_wo_li_seed42 — 04:54:18; log: /home/leonidas/workspace/differentiable_micoscopy_replication/microscopy-clean/runs/paper_gpu0/jobs/sr/swinir_wo_li_seed42/attempt_001/console.log
  running sr/swinir_wo_li_seed42 — 04:54:48; log: /home/leonidas/workspace/differentiable_micoscopy_replication/microscopy-clean/runs/paper_gpu0/jobs/sr/swinir_wo_li_seed42/attempt_001/console.log
  running sr/swinir_wo_li_seed42 — 04:55:18; log: /home/leonidas/workspace/differentiable_micoscopy_replication/microscopy-clean/runs/paper_gpu0/jobs/sr/swinir_wo_li_seed42/attempt_001/console.log
  running sr/swinir_wo_li_seed42 — 04:55:48; log: /home/leonidas/workspace/differentiable_micoscopy_replication/microscopy-clean/runs/paper_gpu0/jobs/sr/swinir_wo_li_seed42/attempt_001/console.log
  running sr/swinir_wo_li_seed42 — 04:56:18; log: /home/leonidas/workspace/differentiable_micoscopy_replication/microscopy-clean/runs/paper_gpu0/jobs/sr/swinir_wo_li_seed42/attempt_001/console.log
  running sr/swinir_wo_li_seed42 — 04:56:48; log: /home/leonidas/workspace/differentiable_micoscopy_replication/microscopy-clean/runs/paper_gpu0/jobs/sr/swinir_wo_li_seed42/attempt_001/console.log
  running sr/swinir_wo_li_seed42 — 04:57:18; log: /home/leonidas/workspace/differentiable_micoscopy_replication/microscopy-clean/runs/paper_gpu0/jobs/sr/swinir_wo_li_seed42/attempt_001/console.log
  running sr/swinir_wo_li_seed42 — 04:57:48; log: /home/leonidas/workspace/differentiable_micoscopy_replication/microscopy-clean/runs/paper_gpu0/jobs/sr/swinir_wo_li_seed42/attempt_001/console.log
  running sr/swinir_wo_li_seed42 — 04:58:18; log: /home/leonidas/workspace/differentiable_micoscopy_replication/microscopy-clean/runs/paper_gpu0/jobs/sr/swinir_wo_li_seed42/attempt_001/console.log
  running sr/swinir_wo_li_seed42 — 04:58:48; log: /home/leonidas/workspace/differentiable_micoscopy_replication/microscopy-clean/runs/paper_gpu0/jobs/sr/swinir_wo_li_seed42/attempt_001/console.log
  running sr/swinir_wo_li_seed42 — 04:59:18; log: /home/leonidas/workspace/differentiable_micoscopy_replication/microscopy-clean/runs/paper_gpu0/jobs/sr/swinir_wo_li_seed42/attempt_001/console.log
  running sr/swinir_wo_li_seed42 — 04:59:48; log: /home/leonidas/workspace/differentiable_micoscopy_replication/microscopy-clean/runs/paper_gpu0/jobs/sr/swinir_wo_li_seed42/attempt_001/console.log
  running sr/swinir_wo_li_seed42 — 05:00:18; log: /home/leonidas/workspace/differentiable_micoscopy_replication/microscopy-clean/runs/paper_gpu0/jobs/sr/swinir_wo_li_seed42/attempt_001/console.log
  running sr/swinir_wo_li_seed42 — 05:00:48; log: /home/leonidas/workspace/differentiable_micoscopy_replication/microscopy-clean/runs/paper_gpu0/jobs/sr/swinir_wo_li_seed42/attempt_001/console.log
  running sr/swinir_wo_li_seed42 — 05:01:18; log: /home/leonidas/workspace/differentiable_micoscopy_replication/microscopy-clean/runs/paper_gpu0/jobs/sr/swinir_wo_li_seed42/attempt_001/console.log
  running sr/swinir_wo_li_seed42 — 05:01:48; log: /home/leonidas/workspace/differentiable_micoscopy_replication/microscopy-clean/runs/paper_gpu0/jobs/sr/swinir_wo_li_seed42/attempt_001/console.log
  running sr/swinir_wo_li_seed42 — 05:02:18; log: /home/leonidas/workspace/differentiable_micoscopy_replication/microscopy-clean/runs/paper_gpu0/jobs/sr/swinir_wo_li_seed42/attempt_001/console.log
  running sr/swinir_wo_li_seed42 — 05:02:48; log: /home/leonidas/workspace/differentiable_micoscopy_replication/microscopy-clean/runs/paper_gpu0/jobs/sr/swinir_wo_li_seed42/attempt_001/console.log
  running sr/swinir_wo_li_seed42 — 05:03:18; log: /home/leonidas/workspace/differentiable_micoscopy_replication/microscopy-clean/runs/paper_gpu0/jobs/sr/swinir_wo_li_seed42/attempt_001/console.log
  running sr/swinir_wo_li_seed42 — 05:03:48; log: /home/leonidas/workspace/differentiable_micoscopy_replication/microscopy-clean/runs/paper_gpu0/jobs/sr/swinir_wo_li_seed42/attempt_001/console.log
  running sr/swinir_wo_li_seed42 — 05:04:18; log: /home/leonidas/workspace/differentiable_micoscopy_replication/microscopy-clean/runs/paper_gpu0/jobs/sr/swinir_wo_li_seed42/attempt_001/console.log
  running sr/swinir_wo_li_seed42 — 05:04:48; log: /home/leonidas/workspace/differentiable_micoscopy_replication/microscopy-clean/runs/paper_gpu0/jobs/sr/swinir_wo_li_seed42/attempt_001/console.log
  running sr/swinir_wo_li_seed42 — 05:05:18; log: /home/leonidas/workspace/differentiable_micoscopy_replication/microscopy-clean/runs/paper_gpu0/jobs/sr/swinir_wo_li_seed42/attempt_001/console.log
  running sr/swinir_wo_li_seed42 — 05:05:48; log: /home/leonidas/workspace/differentiable_micoscopy_replication/microscopy-clean/runs/paper_gpu0/jobs/sr/swinir_wo_li_seed42/attempt_001/console.log
  running sr/swinir_wo_li_seed42 — 05:06:18; log: /home/leonidas/workspace/differentiable_micoscopy_replication/microscopy-clean/runs/paper_gpu0/jobs/sr/swinir_wo_li_seed42/attempt_001/console.log
  running sr/swinir_wo_li_seed42 — 05:06:48; log: /home/leonidas/workspace/differentiable_micoscopy_replication/microscopy-clean/runs/paper_gpu0/jobs/sr/swinir_wo_li_seed42/attempt_001/console.log
  running sr/swinir_wo_li_seed42 — 05:07:18; log: /home/leonidas/workspace/differentiable_micoscopy_replication/microscopy-clean/runs/paper_gpu0/jobs/sr/swinir_wo_li_seed42/attempt_001/console.log
  running sr/swinir_wo_li_seed42 — 05:07:48; log: /home/leonidas/workspace/differentiable_micoscopy_replication/microscopy-clean/runs/paper_gpu0/jobs/sr/swinir_wo_li_seed42/attempt_001/console.log
  running sr/swinir_wo_li_seed42 — 05:08:18; log: /home/leonidas/workspace/differentiable_micoscopy_replication/microscopy-clean/runs/paper_gpu0/jobs/sr/swinir_wo_li_seed42/attempt_001/console.log
  running sr/swinir_wo_li_seed42 — 05:08:48; log: /home/leonidas/workspace/differentiable_micoscopy_replication/microscopy-clean/runs/paper_gpu0/jobs/sr/swinir_wo_li_seed42/attempt_001/console.log
  running sr/swinir_wo_li_seed42 — 05:09:18; log: /home/leonidas/workspace/differentiable_micoscopy_replication/microscopy-clean/runs/paper_gpu0/jobs/sr/swinir_wo_li_seed42/attempt_001/console.log
  running sr/swinir_wo_li_seed42 — 05:09:48; log: /home/leonidas/workspace/differentiable_micoscopy_replication/microscopy-clean/runs/paper_gpu0/jobs/sr/swinir_wo_li_seed42/attempt_001/console.log
  running sr/swinir_wo_li_seed42 — 05:10:18; log: /home/leonidas/workspace/differentiable_micoscopy_replication/microscopy-clean/runs/paper_gpu0/jobs/sr/swinir_wo_li_seed42/attempt_001/console.log
  running sr/swinir_wo_li_seed42 — 05:10:48; log: /home/leonidas/workspace/differentiable_micoscopy_replication/microscopy-clean/runs/paper_gpu0/jobs/sr/swinir_wo_li_seed42/attempt_001/console.log
  running sr/swinir_wo_li_seed42 — 05:11:18; log: /home/leonidas/workspace/differentiable_micoscopy_replication/microscopy-clean/runs/paper_gpu0/jobs/sr/swinir_wo_li_seed42/attempt_001/console.log
  running sr/swinir_wo_li_seed42 — 05:11:48; log: /home/leonidas/workspace/differentiable_micoscopy_replication/microscopy-clean/runs/paper_gpu0/jobs/sr/swinir_wo_li_seed42/attempt_001/console.log
  running sr/swinir_wo_li_seed42 — 05:12:18; log: /home/leonidas/workspace/differentiable_micoscopy_replication/microscopy-clean/runs/paper_gpu0/jobs/sr/swinir_wo_li_seed42/attempt_001/console.log
  running sr/swinir_wo_li_seed42 — 05:12:48; log: /home/leonidas/workspace/differentiable_micoscopy_replication/microscopy-clean/runs/paper_gpu0/jobs/sr/swinir_wo_li_seed42/attempt_001/console.log
  running sr/swinir_wo_li_seed42 — 05:13:18; log: /home/leonidas/workspace/differentiable_micoscopy_replication/microscopy-clean/runs/paper_gpu0/jobs/sr/swinir_wo_li_seed42/attempt_001/console.log
  running sr/swinir_wo_li_seed42 — 05:13:48; log: /home/leonidas/workspace/differentiable_micoscopy_replication/microscopy-clean/runs/paper_gpu0/jobs/sr/swinir_wo_li_seed42/attempt_001/console.log
  running sr/swinir_wo_li_seed42 — 05:14:18; log: /home/leonidas/workspace/differentiable_micoscopy_replication/microscopy-clean/runs/paper_gpu0/jobs/sr/swinir_wo_li_seed42/attempt_001/console.log
  running sr/swinir_wo_li_seed42 — 05:14:48; log: /home/leonidas/workspace/differentiable_micoscopy_replication/microscopy-clean/runs/paper_gpu0/jobs/sr/swinir_wo_li_seed42/attempt_001/console.log
  running sr/swinir_wo_li_seed42 — 05:15:18; log: /home/leonidas/workspace/differentiable_micoscopy_replication/microscopy-clean/runs/paper_gpu0/jobs/sr/swinir_wo_li_seed42/attempt_001/console.log
  running sr/swinir_wo_li_seed42 — 05:15:48; log: /home/leonidas/workspace/differentiable_micoscopy_replication/microscopy-clean/runs/paper_gpu0/jobs/sr/swinir_wo_li_seed42/attempt_001/console.log
  running sr/swinir_wo_li_seed42 — 05:16:18; log: /home/leonidas/workspace/differentiable_micoscopy_replication/microscopy-clean/runs/paper_gpu0/jobs/sr/swinir_wo_li_seed42/attempt_001/console.log
  running sr/swinir_wo_li_seed42 — 05:16:48; log: /home/leonidas/workspace/differentiable_micoscopy_replication/microscopy-clean/runs/paper_gpu0/jobs/sr/swinir_wo_li_seed42/attempt_001/console.log
  running sr/swinir_wo_li_seed42 — 05:17:18; log: /home/leonidas/workspace/differentiable_micoscopy_replication/microscopy-clean/runs/paper_gpu0/jobs/sr/swinir_wo_li_seed42/attempt_001/console.log
  running sr/swinir_wo_li_seed42 — 05:17:48; log: /home/leonidas/workspace/differentiable_micoscopy_replication/microscopy-clean/runs/paper_gpu0/jobs/sr/swinir_wo_li_seed42/attempt_001/console.log
  running sr/swinir_wo_li_seed42 — 05:18:18; log: /home/leonidas/workspace/differentiable_micoscopy_replication/microscopy-clean/runs/paper_gpu0/jobs/sr/swinir_wo_li_seed42/attempt_001/console.log
  running sr/swinir_wo_li_seed42 — 05:18:48; log: /home/leonidas/workspace/differentiable_micoscopy_replication/microscopy-clean/runs/paper_gpu0/jobs/sr/swinir_wo_li_seed42/attempt_001/console.log
  running sr/swinir_wo_li_seed42 — 05:19:18; log: /home/leonidas/workspace/differentiable_micoscopy_replication/microscopy-clean/runs/paper_gpu0/jobs/sr/swinir_wo_li_seed42/attempt_001/console.log
  running sr/swinir_wo_li_seed42 — 05:19:48; log: /home/leonidas/workspace/differentiable_micoscopy_replication/microscopy-clean/runs/paper_gpu0/jobs/sr/swinir_wo_li_seed42/attempt_001/console.log
  running sr/swinir_wo_li_seed42 — 05:20:18; log: /home/leonidas/workspace/differentiable_micoscopy_replication/microscopy-clean/runs/paper_gpu0/jobs/sr/swinir_wo_li_seed42/attempt_001/console.log
  running sr/swinir_wo_li_seed42 — 05:20:48; log: /home/leonidas/workspace/differentiable_micoscopy_replication/microscopy-clean/runs/paper_gpu0/jobs/sr/swinir_wo_li_seed42/attempt_001/console.log
  running sr/swinir_wo_li_seed42 — 05:21:18; log: /home/leonidas/workspace/differentiable_micoscopy_replication/microscopy-clean/runs/paper_gpu0/jobs/sr/swinir_wo_li_seed42/attempt_001/console.log
  running sr/swinir_wo_li_seed42 — 05:21:48; log: /home/leonidas/workspace/differentiable_micoscopy_replication/microscopy-clean/runs/paper_gpu0/jobs/sr/swinir_wo_li_seed42/attempt_001/console.log
  running sr/swinir_wo_li_seed42 — 05:22:18; log: /home/leonidas/workspace/differentiable_micoscopy_replication/microscopy-clean/runs/paper_gpu0/jobs/sr/swinir_wo_li_seed42/attempt_001/console.log
  running sr/swinir_wo_li_seed42 — 05:22:48; log: /home/leonidas/workspace/differentiable_micoscopy_replication/microscopy-clean/runs/paper_gpu0/jobs/sr/swinir_wo_li_seed42/attempt_001/console.log
  running sr/swinir_wo_li_seed42 — 05:23:18; log: /home/leonidas/workspace/differentiable_micoscopy_replication/microscopy-clean/runs/paper_gpu0/jobs/sr/swinir_wo_li_seed42/attempt_001/console.log
  running sr/swinir_wo_li_seed42 — 05:23:48; log: /home/leonidas/workspace/differentiable_micoscopy_replication/microscopy-clean/runs/paper_gpu0/jobs/sr/swinir_wo_li_seed42/attempt_001/console.log
  running sr/swinir_wo_li_seed42 — 05:24:18; log: /home/leonidas/workspace/differentiable_micoscopy_replication/microscopy-clean/runs/paper_gpu0/jobs/sr/swinir_wo_li_seed42/attempt_001/console.log
  running sr/swinir_wo_li_seed42 — 05:24:48; log: /home/leonidas/workspace/differentiable_micoscopy_replication/microscopy-clean/runs/paper_gpu0/jobs/sr/swinir_wo_li_seed42/attempt_001/console.log
  running sr/swinir_wo_li_seed42 — 05:25:18; log: /home/leonidas/workspace/differentiable_micoscopy_replication/microscopy-clean/runs/paper_gpu0/jobs/sr/swinir_wo_li_seed42/attempt_001/console.log
  running sr/swinir_wo_li_seed42 — 05:25:48; log: /home/leonidas/workspace/differentiable_micoscopy_replication/microscopy-clean/runs/paper_gpu0/jobs/sr/swinir_wo_li_seed42/attempt_001/console.log
  running sr/swinir_wo_li_seed42 — 05:26:18; log: /home/leonidas/workspace/differentiable_micoscopy_replication/microscopy-clean/runs/paper_gpu0/jobs/sr/swinir_wo_li_seed42/attempt_001/console.log
  running sr/swinir_wo_li_seed42 — 05:26:48; log: /home/leonidas/workspace/differentiable_micoscopy_replication/microscopy-clean/runs/paper_gpu0/jobs/sr/swinir_wo_li_seed42/attempt_001/console.log
  running sr/swinir_wo_li_seed42 — 05:27:18; log: /home/leonidas/workspace/differentiable_micoscopy_replication/microscopy-clean/runs/paper_gpu0/jobs/sr/swinir_wo_li_seed42/attempt_001/console.log
  running sr/swinir_wo_li_seed42 — 05:27:48; log: /home/leonidas/workspace/differentiable_micoscopy_replication/microscopy-clean/runs/paper_gpu0/jobs/sr/swinir_wo_li_seed42/attempt_001/console.log
  running sr/swinir_wo_li_seed42 — 05:28:18; log: /home/leonidas/workspace/differentiable_micoscopy_replication/microscopy-clean/runs/paper_gpu0/jobs/sr/swinir_wo_li_seed42/attempt_001/console.log
  running sr/swinir_wo_li_seed42 — 05:28:48; log: /home/leonidas/workspace/differentiable_micoscopy_replication/microscopy-clean/runs/paper_gpu0/jobs/sr/swinir_wo_li_seed42/attempt_001/console.log
  running sr/swinir_wo_li_seed42 — 05:29:18; log: /home/leonidas/workspace/differentiable_micoscopy_replication/microscopy-clean/runs/paper_gpu0/jobs/sr/swinir_wo_li_seed42/attempt_001/console.log
  running sr/swinir_wo_li_seed42 — 05:29:48; log: /home/leonidas/workspace/differentiable_micoscopy_replication/microscopy-clean/runs/paper_gpu0/jobs/sr/swinir_wo_li_seed42/attempt_001/console.log
  running sr/swinir_wo_li_seed42 — 05:30:18; log: /home/leonidas/workspace/differentiable_micoscopy_replication/microscopy-clean/runs/paper_gpu0/jobs/sr/swinir_wo_li_seed42/attempt_001/console.log
  running sr/swinir_wo_li_seed42 — 05:30:48; log: /home/leonidas/workspace/differentiable_micoscopy_replication/microscopy-clean/runs/paper_gpu0/jobs/sr/swinir_wo_li_seed42/attempt_001/console.log
  running sr/swinir_wo_li_seed42 — 05:31:18; log: /home/leonidas/workspace/differentiable_micoscopy_replication/microscopy-clean/runs/paper_gpu0/jobs/sr/swinir_wo_li_seed42/attempt_001/console.log
  running sr/swinir_wo_li_seed42 — 05:31:48; log: /home/leonidas/workspace/differentiable_micoscopy_replication/microscopy-clean/runs/paper_gpu0/jobs/sr/swinir_wo_li_seed42/attempt_001/console.log
  running sr/swinir_wo_li_seed42 — 05:32:18; log: /home/leonidas/workspace/differentiable_micoscopy_replication/microscopy-clean/runs/paper_gpu0/jobs/sr/swinir_wo_li_seed42/attempt_001/console.log
  running sr/swinir_wo_li_seed42 — 05:32:48; log: /home/leonidas/workspace/differentiable_micoscopy_replication/microscopy-clean/runs/paper_gpu0/jobs/sr/swinir_wo_li_seed42/attempt_001/console.log
  running sr/swinir_wo_li_seed42 — 05:33:18; log: /home/leonidas/workspace/differentiable_micoscopy_replication/microscopy-clean/runs/paper_gpu0/jobs/sr/swinir_wo_li_seed42/attempt_001/console.log
  running sr/swinir_wo_li_seed42 — 05:33:48; log: /home/leonidas/workspace/differentiable_micoscopy_replication/microscopy-clean/runs/paper_gpu0/jobs/sr/swinir_wo_li_seed42/attempt_001/console.log
  running sr/swinir_wo_li_seed42 — 05:34:18; log: /home/leonidas/workspace/differentiable_micoscopy_replication/microscopy-clean/runs/paper_gpu0/jobs/sr/swinir_wo_li_seed42/attempt_001/console.log
  running sr/swinir_wo_li_seed42 — 05:34:48; log: /home/leonidas/workspace/differentiable_micoscopy_replication/microscopy-clean/runs/paper_gpu0/jobs/sr/swinir_wo_li_seed42/attempt_001/console.log
  running sr/swinir_wo_li_seed42 — 05:35:18; log: /home/leonidas/workspace/differentiable_micoscopy_replication/microscopy-clean/runs/paper_gpu0/jobs/sr/swinir_wo_li_seed42/attempt_001/console.log
  running sr/swinir_wo_li_seed42 — 05:35:48; log: /home/leonidas/workspace/differentiable_micoscopy_replication/microscopy-clean/runs/paper_gpu0/jobs/sr/swinir_wo_li_seed42/attempt_001/console.log
  running sr/swinir_wo_li_seed42 — 05:36:18; log: /home/leonidas/workspace/differentiable_micoscopy_replication/microscopy-clean/runs/paper_gpu0/jobs/sr/swinir_wo_li_seed42/attempt_001/console.log
  running sr/swinir_wo_li_seed42 — 05:36:48; log: /home/leonidas/workspace/differentiable_micoscopy_replication/microscopy-clean/runs/paper_gpu0/jobs/sr/swinir_wo_li_seed42/attempt_001/console.log
  running sr/swinir_wo_li_seed42 — 05:37:18; log: /home/leonidas/workspace/differentiable_micoscopy_replication/microscopy-clean/runs/paper_gpu0/jobs/sr/swinir_wo_li_seed42/attempt_001/console.log
  running sr/swinir_wo_li_seed42 — 05:37:48; log: /home/leonidas/workspace/differentiable_micoscopy_replication/microscopy-clean/runs/paper_gpu0/jobs/sr/swinir_wo_li_seed42/attempt_001/console.log
  running sr/swinir_wo_li_seed42 — 05:38:18; log: /home/leonidas/workspace/differentiable_micoscopy_replication/microscopy-clean/runs/paper_gpu0/jobs/sr/swinir_wo_li_seed42/attempt_001/console.log
  running sr/swinir_wo_li_seed42 — 05:38:48; log: /home/leonidas/workspace/differentiable_micoscopy_replication/microscopy-clean/runs/paper_gpu0/jobs/sr/swinir_wo_li_seed42/attempt_001/console.log
  running sr/swinir_wo_li_seed42 — 05:39:18; log: /home/leonidas/workspace/differentiable_micoscopy_replication/microscopy-clean/runs/paper_gpu0/jobs/sr/swinir_wo_li_seed42/attempt_001/console.log
  running sr/swinir_wo_li_seed42 — 05:39:48; log: /home/leonidas/workspace/differentiable_micoscopy_replication/microscopy-clean/runs/paper_gpu0/jobs/sr/swinir_wo_li_seed42/attempt_001/console.log
  running sr/swinir_wo_li_seed42 — 05:40:18; log: /home/leonidas/workspace/differentiable_micoscopy_replication/microscopy-clean/runs/paper_gpu0/jobs/sr/swinir_wo_li_seed42/attempt_001/console.log
  running sr/swinir_wo_li_seed42 — 05:40:48; log: /home/leonidas/workspace/differentiable_micoscopy_replication/microscopy-clean/runs/paper_gpu0/jobs/sr/swinir_wo_li_seed42/attempt_001/console.log
  running sr/swinir_wo_li_seed42 — 05:41:18; log: /home/leonidas/workspace/differentiable_micoscopy_replication/microscopy-clean/runs/paper_gpu0/jobs/sr/swinir_wo_li_seed42/attempt_001/console.log
  running sr/swinir_wo_li_seed42 — 05:41:48; log: /home/leonidas/workspace/differentiable_micoscopy_replication/microscopy-clean/runs/paper_gpu0/jobs/sr/swinir_wo_li_seed42/attempt_001/console.log
  running sr/swinir_wo_li_seed42 — 05:42:18; log: /home/leonidas/workspace/differentiable_micoscopy_replication/microscopy-clean/runs/paper_gpu0/jobs/sr/swinir_wo_li_seed42/attempt_001/console.log
  running sr/swinir_wo_li_seed42 — 05:42:48; log: /home/leonidas/workspace/differentiable_micoscopy_replication/microscopy-clean/runs/paper_gpu0/jobs/sr/swinir_wo_li_seed42/attempt_001/console.log
  running sr/swinir_wo_li_seed42 — 05:43:18; log: /home/leonidas/workspace/differentiable_micoscopy_replication/microscopy-clean/runs/paper_gpu0/jobs/sr/swinir_wo_li_seed42/attempt_001/console.log
  running sr/swinir_wo_li_seed42 — 05:43:48; log: /home/leonidas/workspace/differentiable_micoscopy_replication/microscopy-clean/runs/paper_gpu0/jobs/sr/swinir_wo_li_seed42/attempt_001/console.log
  running sr/swinir_wo_li_seed42 — 05:44:18; log: /home/leonidas/workspace/differentiable_micoscopy_replication/microscopy-clean/runs/paper_gpu0/jobs/sr/swinir_wo_li_seed42/attempt_001/console.log
  running sr/swinir_wo_li_seed42 — 05:44:48; log: /home/leonidas/workspace/differentiable_micoscopy_replication/microscopy-clean/runs/paper_gpu0/jobs/sr/swinir_wo_li_seed42/attempt_001/console.log
  running sr/swinir_wo_li_seed42 — 05:45:18; log: /home/leonidas/workspace/differentiable_micoscopy_replication/microscopy-clean/runs/paper_gpu0/jobs/sr/swinir_wo_li_seed42/attempt_001/console.log
  running sr/swinir_wo_li_seed42 — 05:45:48; log: /home/leonidas/workspace/differentiable_micoscopy_replication/microscopy-clean/runs/paper_gpu0/jobs/sr/swinir_wo_li_seed42/attempt_001/console.log
  running sr/swinir_wo_li_seed42 — 05:46:18; log: /home/leonidas/workspace/differentiable_micoscopy_replication/microscopy-clean/runs/paper_gpu0/jobs/sr/swinir_wo_li_seed42/attempt_001/console.log
  running sr/swinir_wo_li_seed42 — 05:46:48; log: /home/leonidas/workspace/differentiable_micoscopy_replication/microscopy-clean/runs/paper_gpu0/jobs/sr/swinir_wo_li_seed42/attempt_001/console.log
  running sr/swinir_wo_li_seed42 — 05:47:18; log: /home/leonidas/workspace/differentiable_micoscopy_replication/microscopy-clean/runs/paper_gpu0/jobs/sr/swinir_wo_li_seed42/attempt_001/console.log
  running sr/swinir_wo_li_seed42 — 05:47:48; log: /home/leonidas/workspace/differentiable_micoscopy_replication/microscopy-clean/runs/paper_gpu0/jobs/sr/swinir_wo_li_seed42/attempt_001/console.log
  running sr/swinir_wo_li_seed42 — 05:48:18; log: /home/leonidas/workspace/differentiable_micoscopy_replication/microscopy-clean/runs/paper_gpu0/jobs/sr/swinir_wo_li_seed42/attempt_001/console.log
  running sr/swinir_wo_li_seed42 — 05:48:48; log: /home/leonidas/workspace/differentiable_micoscopy_replication/microscopy-clean/runs/paper_gpu0/jobs/sr/swinir_wo_li_seed42/attempt_001/console.log
  running sr/swinir_wo_li_seed42 — 05:49:18; log: /home/leonidas/workspace/differentiable_micoscopy_replication/microscopy-clean/runs/paper_gpu0/jobs/sr/swinir_wo_li_seed42/attempt_001/console.log
  running sr/swinir_wo_li_seed42 — 05:49:48; log: /home/leonidas/workspace/differentiable_micoscopy_replication/microscopy-clean/runs/paper_gpu0/jobs/sr/swinir_wo_li_seed42/attempt_001/console.log
  running sr/swinir_wo_li_seed42 — 05:50:18; log: /home/leonidas/workspace/differentiable_micoscopy_replication/microscopy-clean/runs/paper_gpu0/jobs/sr/swinir_wo_li_seed42/attempt_001/console.log
  running sr/swinir_wo_li_seed42 — 05:50:48; log: /home/leonidas/workspace/differentiable_micoscopy_replication/microscopy-clean/runs/paper_gpu0/jobs/sr/swinir_wo_li_seed42/attempt_001/console.log
  running sr/swinir_wo_li_seed42 — 05:51:18; log: /home/leonidas/workspace/differentiable_micoscopy_replication/microscopy-clean/runs/paper_gpu0/jobs/sr/swinir_wo_li_seed42/attempt_001/console.log
  running sr/swinir_wo_li_seed42 — 05:51:48; log: /home/leonidas/workspace/differentiable_micoscopy_replication/microscopy-clean/runs/paper_gpu0/jobs/sr/swinir_wo_li_seed42/attempt_001/console.log
  running sr/swinir_wo_li_seed42 — 05:52:18; log: /home/leonidas/workspace/differentiable_micoscopy_replication/microscopy-clean/runs/paper_gpu0/jobs/sr/swinir_wo_li_seed42/attempt_001/console.log
  running sr/swinir_wo_li_seed42 — 05:52:48; log: /home/leonidas/workspace/differentiable_micoscopy_replication/microscopy-clean/runs/paper_gpu0/jobs/sr/swinir_wo_li_seed42/attempt_001/console.log
  running sr/swinir_wo_li_seed42 — 05:53:18; log: /home/leonidas/workspace/differentiable_micoscopy_replication/microscopy-clean/runs/paper_gpu0/jobs/sr/swinir_wo_li_seed42/attempt_001/console.log
  running sr/swinir_wo_li_seed42 — 05:53:48; log: /home/leonidas/workspace/differentiable_micoscopy_replication/microscopy-clean/runs/paper_gpu0/jobs/sr/swinir_wo_li_seed42/attempt_001/console.log
  running sr/swinir_wo_li_seed42 — 05:54:18; log: /home/leonidas/workspace/differentiable_micoscopy_replication/microscopy-clean/runs/paper_gpu0/jobs/sr/swinir_wo_li_seed42/attempt_001/console.log
  running sr/swinir_wo_li_seed42 — 05:54:48; log: /home/leonidas/workspace/differentiable_micoscopy_replication/microscopy-clean/runs/paper_gpu0/jobs/sr/swinir_wo_li_seed42/attempt_001/console.log
  running sr/swinir_wo_li_seed42 — 05:55:18; log: /home/leonidas/workspace/differentiable_micoscopy_replication/microscopy-clean/runs/paper_gpu0/jobs/sr/swinir_wo_li_seed42/attempt_001/console.log
  running sr/swinir_wo_li_seed42 — 05:55:48; log: /home/leonidas/workspace/differentiable_micoscopy_replication/microscopy-clean/runs/paper_gpu0/jobs/sr/swinir_wo_li_seed42/attempt_001/console.log
  running sr/swinir_wo_li_seed42 — 05:56:18; log: /home/leonidas/workspace/differentiable_micoscopy_replication/microscopy-clean/runs/paper_gpu0/jobs/sr/swinir_wo_li_seed42/attempt_001/console.log
  running sr/swinir_wo_li_seed42 — 05:56:48; log: /home/leonidas/workspace/differentiable_micoscopy_replication/microscopy-clean/runs/paper_gpu0/jobs/sr/swinir_wo_li_seed42/attempt_001/console.log
  running sr/swinir_wo_li_seed42 — 05:57:18; log: /home/leonidas/workspace/differentiable_micoscopy_replication/microscopy-clean/runs/paper_gpu0/jobs/sr/swinir_wo_li_seed42/attempt_001/console.log
  running sr/swinir_wo_li_seed42 — 05:57:48; log: /home/leonidas/workspace/differentiable_micoscopy_replication/microscopy-clean/runs/paper_gpu0/jobs/sr/swinir_wo_li_seed42/attempt_001/console.log
  running sr/swinir_wo_li_seed42 — 05:58:18; log: /home/leonidas/workspace/differentiable_micoscopy_replication/microscopy-clean/runs/paper_gpu0/jobs/sr/swinir_wo_li_seed42/attempt_001/console.log
  running sr/swinir_wo_li_seed42 — 05:58:48; log: /home/leonidas/workspace/differentiable_micoscopy_replication/microscopy-clean/runs/paper_gpu0/jobs/sr/swinir_wo_li_seed42/attempt_001/console.log
  running sr/swinir_wo_li_seed42 — 05:59:18; log: /home/leonidas/workspace/differentiable_micoscopy_replication/microscopy-clean/runs/paper_gpu0/jobs/sr/swinir_wo_li_seed42/attempt_001/console.log
  running sr/swinir_wo_li_seed42 — 05:59:48; log: /home/leonidas/workspace/differentiable_micoscopy_replication/microscopy-clean/runs/paper_gpu0/jobs/sr/swinir_wo_li_seed42/attempt_001/console.log
  running sr/swinir_wo_li_seed42 — 06:00:18; log: /home/leonidas/workspace/differentiable_micoscopy_replication/microscopy-clean/runs/paper_gpu0/jobs/sr/swinir_wo_li_seed42/attempt_001/console.log
  running sr/swinir_wo_li_seed42 — 06:00:48; log: /home/leonidas/workspace/differentiable_micoscopy_replication/microscopy-clean/runs/paper_gpu0/jobs/sr/swinir_wo_li_seed42/attempt_001/console.log
  running sr/swinir_wo_li_seed42 — 06:01:18; log: /home/leonidas/workspace/differentiable_micoscopy_replication/microscopy-clean/runs/paper_gpu0/jobs/sr/swinir_wo_li_seed42/attempt_001/console.log
  running sr/swinir_wo_li_seed42 — 06:01:48; log: /home/leonidas/workspace/differentiable_micoscopy_replication/microscopy-clean/runs/paper_gpu0/jobs/sr/swinir_wo_li_seed42/attempt_001/console.log
  running sr/swinir_wo_li_seed42 — 06:02:18; log: /home/leonidas/workspace/differentiable_micoscopy_replication/microscopy-clean/runs/paper_gpu0/jobs/sr/swinir_wo_li_seed42/attempt_001/console.log
  running sr/swinir_wo_li_seed42 — 06:02:48; log: /home/leonidas/workspace/differentiable_micoscopy_replication/microscopy-clean/runs/paper_gpu0/jobs/sr/swinir_wo_li_seed42/attempt_001/console.log
  running sr/swinir_wo_li_seed42 — 06:03:18; log: /home/leonidas/workspace/differentiable_micoscopy_replication/microscopy-clean/runs/paper_gpu0/jobs/sr/swinir_wo_li_seed42/attempt_001/console.log
  running sr/swinir_wo_li_seed42 — 06:03:48; log: /home/leonidas/workspace/differentiable_micoscopy_replication/microscopy-clean/runs/paper_gpu0/jobs/sr/swinir_wo_li_seed42/attempt_001/console.log
  running sr/swinir_wo_li_seed42 — 06:04:18; log: /home/leonidas/workspace/differentiable_micoscopy_replication/microscopy-clean/runs/paper_gpu0/jobs/sr/swinir_wo_li_seed42/attempt_001/console.log
  running sr/swinir_wo_li_seed42 — 06:04:48; log: /home/leonidas/workspace/differentiable_micoscopy_replication/microscopy-clean/runs/paper_gpu0/jobs/sr/swinir_wo_li_seed42/attempt_001/console.log
  running sr/swinir_wo_li_seed42 — 06:05:18; log: /home/leonidas/workspace/differentiable_micoscopy_replication/microscopy-clean/runs/paper_gpu0/jobs/sr/swinir_wo_li_seed42/attempt_001/console.log
  running sr/swinir_wo_li_seed42 — 06:05:48; log: /home/leonidas/workspace/differentiable_micoscopy_replication/microscopy-clean/runs/paper_gpu0/jobs/sr/swinir_wo_li_seed42/attempt_001/console.log
  running sr/swinir_wo_li_seed42 — 06:06:18; log: /home/leonidas/workspace/differentiable_micoscopy_replication/microscopy-clean/runs/paper_gpu0/jobs/sr/swinir_wo_li_seed42/attempt_001/console.log
  running sr/swinir_wo_li_seed42 — 06:06:48; log: /home/leonidas/workspace/differentiable_micoscopy_replication/microscopy-clean/runs/paper_gpu0/jobs/sr/swinir_wo_li_seed42/attempt_001/console.log
  running sr/swinir_wo_li_seed42 — 06:07:18; log: /home/leonidas/workspace/differentiable_micoscopy_replication/microscopy-clean/runs/paper_gpu0/jobs/sr/swinir_wo_li_seed42/attempt_001/console.log
  completed sr/swinir_wo_li_seed42
[20/48] starting sr/swinir_with_li_seed42 (attempt 1)
Log: /home/leonidas/workspace/differentiable_micoscopy_replication/microscopy-clean/runs/paper_gpu0/jobs/sr/swinir_with_li_seed42/attempt_001/console.log
  running sr/swinir_with_li_seed42 — 06:08:05; log: /home/leonidas/workspace/differentiable_micoscopy_replication/microscopy-clean/runs/paper_gpu0/jobs/sr/swinir_with_li_seed42/attempt_001/console.log
  running sr/swinir_with_li_seed42 — 06:08:35; log: /home/leonidas/workspace/differentiable_micoscopy_replication/microscopy-clean/runs/paper_gpu0/jobs/sr/swinir_with_li_seed42/attempt_001/console.log
  running sr/swinir_with_li_seed42 — 06:09:05; log: /home/leonidas/workspace/differentiable_micoscopy_replication/microscopy-clean/runs/paper_gpu0/jobs/sr/swinir_with_li_seed42/attempt_001/console.log
  running sr/swinir_with_li_seed42 — 06:09:35; log: /home/leonidas/workspace/differentiable_micoscopy_replication/microscopy-clean/runs/paper_gpu0/jobs/sr/swinir_with_li_seed42/attempt_001/console.log
  running sr/swinir_with_li_seed42 — 06:10:05; log: /home/leonidas/workspace/differentiable_micoscopy_replication/microscopy-clean/runs/paper_gpu0/jobs/sr/swinir_with_li_seed42/attempt_001/console.log
  running sr/swinir_with_li_seed42 — 06:10:35; log: /home/leonidas/workspace/differentiable_micoscopy_replication/microscopy-clean/runs/paper_gpu0/jobs/sr/swinir_with_li_seed42/attempt_001/console.log
  running sr/swinir_with_li_seed42 — 06:11:05; log: /home/leonidas/workspace/differentiable_micoscopy_replication/microscopy-clean/runs/paper_gpu0/jobs/sr/swinir_with_li_seed42/attempt_001/console.log
  running sr/swinir_with_li_seed42 — 06:11:35; log: /home/leonidas/workspace/differentiable_micoscopy_replication/microscopy-clean/runs/paper_gpu0/jobs/sr/swinir_with_li_seed42/attempt_001/console.log
  running sr/swinir_with_li_seed42 — 06:12:05; log: /home/leonidas/workspace/differentiable_micoscopy_replication/microscopy-clean/runs/paper_gpu0/jobs/sr/swinir_with_li_seed42/attempt_001/console.log
  running sr/swinir_with_li_seed42 — 06:12:35; log: /home/leonidas/workspace/differentiable_micoscopy_replication/microscopy-clean/runs/paper_gpu0/jobs/sr/swinir_with_li_seed42/attempt_001/console.log
  running sr/swinir_with_li_seed42 — 06:13:05; log: /home/leonidas/workspace/differentiable_micoscopy_replication/microscopy-clean/runs/paper_gpu0/jobs/sr/swinir_with_li_seed42/attempt_001/console.log
  running sr/swinir_with_li_seed42 — 06:13:35; log: /home/leonidas/workspace/differentiable_micoscopy_replication/microscopy-clean/runs/paper_gpu0/jobs/sr/swinir_with_li_seed42/attempt_001/console.log
  running sr/swinir_with_li_seed42 — 06:14:05; log: /home/leonidas/workspace/differentiable_micoscopy_replication/microscopy-clean/runs/paper_gpu0/jobs/sr/swinir_with_li_seed42/attempt_001/console.log
  running sr/swinir_with_li_seed42 — 06:14:35; log: /home/leonidas/workspace/differentiable_micoscopy_replication/microscopy-clean/runs/paper_gpu0/jobs/sr/swinir_with_li_seed42/attempt_001/console.log
  running sr/swinir_with_li_seed42 — 06:15:05; log: /home/leonidas/workspace/differentiable_micoscopy_replication/microscopy-clean/runs/paper_gpu0/jobs/sr/swinir_with_li_seed42/attempt_001/console.log
  running sr/swinir_with_li_seed42 — 06:15:35; log: /home/leonidas/workspace/differentiable_micoscopy_replication/microscopy-clean/runs/paper_gpu0/jobs/sr/swinir_with_li_seed42/attempt_001/console.log
  running sr/swinir_with_li_seed42 — 06:16:05; log: /home/leonidas/workspace/differentiable_micoscopy_replication/microscopy-clean/runs/paper_gpu0/jobs/sr/swinir_with_li_seed42/attempt_001/console.log
  running sr/swinir_with_li_seed42 — 06:16:35; log: /home/leonidas/workspace/differentiable_micoscopy_replication/microscopy-clean/runs/paper_gpu0/jobs/sr/swinir_with_li_seed42/attempt_001/console.log
  running sr/swinir_with_li_seed42 — 06:17:05; log: /home/leonidas/workspace/differentiable_micoscopy_replication/microscopy-clean/runs/paper_gpu0/jobs/sr/swinir_with_li_seed42/attempt_001/console.log
  running sr/swinir_with_li_seed42 — 06:17:35; log: /home/leonidas/workspace/differentiable_micoscopy_replication/microscopy-clean/runs/paper_gpu0/jobs/sr/swinir_with_li_seed42/attempt_001/console.log
  running sr/swinir_with_li_seed42 — 06:18:05; log: /home/leonidas/workspace/differentiable_micoscopy_replication/microscopy-clean/runs/paper_gpu0/jobs/sr/swinir_with_li_seed42/attempt_001/console.log
  running sr/swinir_with_li_seed42 — 06:18:35; log: /home/leonidas/workspace/differentiable_micoscopy_replication/microscopy-clean/runs/paper_gpu0/jobs/sr/swinir_with_li_seed42/attempt_001/console.log
  running sr/swinir_with_li_seed42 — 06:19:05; log: /home/leonidas/workspace/differentiable_micoscopy_replication/microscopy-clean/runs/paper_gpu0/jobs/sr/swinir_with_li_seed42/attempt_001/console.log
  running sr/swinir_with_li_seed42 — 06:19:35; log: /home/leonidas/workspace/differentiable_micoscopy_replication/microscopy-clean/runs/paper_gpu0/jobs/sr/swinir_with_li_seed42/attempt_001/console.log
  running sr/swinir_with_li_seed42 — 06:20:05; log: /home/leonidas/workspace/differentiable_micoscopy_replication/microscopy-clean/runs/paper_gpu0/jobs/sr/swinir_with_li_seed42/attempt_001/console.log
  running sr/swinir_with_li_seed42 — 06:20:35; log: /home/leonidas/workspace/differentiable_micoscopy_replication/microscopy-clean/runs/paper_gpu0/jobs/sr/swinir_with_li_seed42/attempt_001/console.log
  running sr/swinir_with_li_seed42 — 06:21:05; log: /home/leonidas/workspace/differentiable_micoscopy_replication/microscopy-clean/runs/paper_gpu0/jobs/sr/swinir_with_li_seed42/attempt_001/console.log
  running sr/swinir_with_li_seed42 — 06:21:35; log: /home/leonidas/workspace/differentiable_micoscopy_replication/microscopy-clean/runs/paper_gpu0/jobs/sr/swinir_with_li_seed42/attempt_001/console.log
  running sr/swinir_with_li_seed42 — 06:22:05; log: /home/leonidas/workspace/differentiable_micoscopy_replication/microscopy-clean/runs/paper_gpu0/jobs/sr/swinir_with_li_seed42/attempt_001/console.log
  running sr/swinir_with_li_seed42 — 06:22:35; log: /home/leonidas/workspace/differentiable_micoscopy_replication/microscopy-clean/runs/paper_gpu0/jobs/sr/swinir_with_li_seed42/attempt_001/console.log
  running sr/swinir_with_li_seed42 — 06:23:05; log: /home/leonidas/workspace/differentiable_micoscopy_replication/microscopy-clean/runs/paper_gpu0/jobs/sr/swinir_with_li_seed42/attempt_001/console.log
  running sr/swinir_with_li_seed42 — 06:23:35; log: /home/leonidas/workspace/differentiable_micoscopy_replication/microscopy-clean/runs/paper_gpu0/jobs/sr/swinir_with_li_seed42/attempt_001/console.log
  running sr/swinir_with_li_seed42 — 06:24:05; log: /home/leonidas/workspace/differentiable_micoscopy_replication/microscopy-clean/runs/paper_gpu0/jobs/sr/swinir_with_li_seed42/attempt_001/console.log
  running sr/swinir_with_li_seed42 — 06:24:35; log: /home/leonidas/workspace/differentiable_micoscopy_replication/microscopy-clean/runs/paper_gpu0/jobs/sr/swinir_with_li_seed42/attempt_001/console.log
  running sr/swinir_with_li_seed42 — 06:25:05; log: /home/leonidas/workspace/differentiable_micoscopy_replication/microscopy-clean/runs/paper_gpu0/jobs/sr/swinir_with_li_seed42/attempt_001/console.log
  running sr/swinir_with_li_seed42 — 06:25:35; log: /home/leonidas/workspace/differentiable_micoscopy_replication/microscopy-clean/runs/paper_gpu0/jobs/sr/swinir_with_li_seed42/attempt_001/console.log
  running sr/swinir_with_li_seed42 — 06:26:05; log: /home/leonidas/workspace/differentiable_micoscopy_replication/microscopy-clean/runs/paper_gpu0/jobs/sr/swinir_with_li_seed42/attempt_001/console.log
  running sr/swinir_with_li_seed42 — 06:26:35; log: /home/leonidas/workspace/differentiable_micoscopy_replication/microscopy-clean/runs/paper_gpu0/jobs/sr/swinir_with_li_seed42/attempt_001/console.log
  running sr/swinir_with_li_seed42 — 06:27:05; log: /home/leonidas/workspace/differentiable_micoscopy_replication/microscopy-clean/runs/paper_gpu0/jobs/sr/swinir_with_li_seed42/attempt_001/console.log
  running sr/swinir_with_li_seed42 — 06:27:35; log: /home/leonidas/workspace/differentiable_micoscopy_replication/microscopy-clean/runs/paper_gpu0/jobs/sr/swinir_with_li_seed42/attempt_001/console.log
  running sr/swinir_with_li_seed42 — 06:28:05; log: /home/leonidas/workspace/differentiable_micoscopy_replication/microscopy-clean/runs/paper_gpu0/jobs/sr/swinir_with_li_seed42/attempt_001/console.log
  running sr/swinir_with_li_seed42 — 06:28:35; log: /home/leonidas/workspace/differentiable_micoscopy_replication/microscopy-clean/runs/paper_gpu0/jobs/sr/swinir_with_li_seed42/attempt_001/console.log
  running sr/swinir_with_li_seed42 — 06:29:05; log: /home/leonidas/workspace/differentiable_micoscopy_replication/microscopy-clean/runs/paper_gpu0/jobs/sr/swinir_with_li_seed42/attempt_001/console.log
  running sr/swinir_with_li_seed42 — 06:29:35; log: /home/leonidas/workspace/differentiable_micoscopy_replication/microscopy-clean/runs/paper_gpu0/jobs/sr/swinir_with_li_seed42/attempt_001/console.log
  running sr/swinir_with_li_seed42 — 06:30:05; log: /home/leonidas/workspace/differentiable_micoscopy_replication/microscopy-clean/runs/paper_gpu0/jobs/sr/swinir_with_li_seed42/attempt_001/console.log
  running sr/swinir_with_li_seed42 — 06:30:35; log: /home/leonidas/workspace/differentiable_micoscopy_replication/microscopy-clean/runs/paper_gpu0/jobs/sr/swinir_with_li_seed42/attempt_001/console.log
  running sr/swinir_with_li_seed42 — 06:31:05; log: /home/leonidas/workspace/differentiable_micoscopy_replication/microscopy-clean/runs/paper_gpu0/jobs/sr/swinir_with_li_seed42/attempt_001/console.log
  running sr/swinir_with_li_seed42 — 06:31:35; log: /home/leonidas/workspace/differentiable_micoscopy_replication/microscopy-clean/runs/paper_gpu0/jobs/sr/swinir_with_li_seed42/attempt_001/console.log
  running sr/swinir_with_li_seed42 — 06:32:05; log: /home/leonidas/workspace/differentiable_micoscopy_replication/microscopy-clean/runs/paper_gpu0/jobs/sr/swinir_with_li_seed42/attempt_001/console.log
  running sr/swinir_with_li_seed42 — 06:32:35; log: /home/leonidas/workspace/differentiable_micoscopy_replication/microscopy-clean/runs/paper_gpu0/jobs/sr/swinir_with_li_seed42/attempt_001/console.log
  running sr/swinir_with_li_seed42 — 06:33:05; log: /home/leonidas/workspace/differentiable_micoscopy_replication/microscopy-clean/runs/paper_gpu0/jobs/sr/swinir_with_li_seed42/attempt_001/console.log
  running sr/swinir_with_li_seed42 — 06:33:35; log: /home/leonidas/workspace/differentiable_micoscopy_replication/microscopy-clean/runs/paper_gpu0/jobs/sr/swinir_with_li_seed42/attempt_001/console.log
  running sr/swinir_with_li_seed42 — 06:34:05; log: /home/leonidas/workspace/differentiable_micoscopy_replication/microscopy-clean/runs/paper_gpu0/jobs/sr/swinir_with_li_seed42/attempt_001/console.log
  running sr/swinir_with_li_seed42 — 06:34:35; log: /home/leonidas/workspace/differentiable_micoscopy_replication/microscopy-clean/runs/paper_gpu0/jobs/sr/swinir_with_li_seed42/attempt_001/console.log
  running sr/swinir_with_li_seed42 — 06:35:05; log: /home/leonidas/workspace/differentiable_micoscopy_replication/microscopy-clean/runs/paper_gpu0/jobs/sr/swinir_with_li_seed42/attempt_001/console.log
  running sr/swinir_with_li_seed42 — 06:35:35; log: /home/leonidas/workspace/differentiable_micoscopy_replication/microscopy-clean/runs/paper_gpu0/jobs/sr/swinir_with_li_seed42/attempt_001/console.log
  running sr/swinir_with_li_seed42 — 06:36:05; log: /home/leonidas/workspace/differentiable_micoscopy_replication/microscopy-clean/runs/paper_gpu0/jobs/sr/swinir_with_li_seed42/attempt_001/console.log
  running sr/swinir_with_li_seed42 — 06:36:35; log: /home/leonidas/workspace/differentiable_micoscopy_replication/microscopy-clean/runs/paper_gpu0/jobs/sr/swinir_with_li_seed42/attempt_001/console.log
  running sr/swinir_with_li_seed42 — 06:37:05; log: /home/leonidas/workspace/differentiable_micoscopy_replication/microscopy-clean/runs/paper_gpu0/jobs/sr/swinir_with_li_seed42/attempt_001/console.log
  running sr/swinir_with_li_seed42 — 06:37:35; log: /home/leonidas/workspace/differentiable_micoscopy_replication/microscopy-clean/runs/paper_gpu0/jobs/sr/swinir_with_li_seed42/attempt_001/console.log
  running sr/swinir_with_li_seed42 — 06:38:05; log: /home/leonidas/workspace/differentiable_micoscopy_replication/microscopy-clean/runs/paper_gpu0/jobs/sr/swinir_with_li_seed42/attempt_001/console.log
  running sr/swinir_with_li_seed42 — 06:38:35; log: /home/leonidas/workspace/differentiable_micoscopy_replication/microscopy-clean/runs/paper_gpu0/jobs/sr/swinir_with_li_seed42/attempt_001/console.log
  running sr/swinir_with_li_seed42 — 06:39:05; log: /home/leonidas/workspace/differentiable_micoscopy_replication/microscopy-clean/runs/paper_gpu0/jobs/sr/swinir_with_li_seed42/attempt_001/console.log
  running sr/swinir_with_li_seed42 — 06:39:35; log: /home/leonidas/workspace/differentiable_micoscopy_replication/microscopy-clean/runs/paper_gpu0/jobs/sr/swinir_with_li_seed42/attempt_001/console.log
  running sr/swinir_with_li_seed42 — 06:40:05; log: /home/leonidas/workspace/differentiable_micoscopy_replication/microscopy-clean/runs/paper_gpu0/jobs/sr/swinir_with_li_seed42/attempt_001/console.log
  running sr/swinir_with_li_seed42 — 06:40:35; log: /home/leonidas/workspace/differentiable_micoscopy_replication/microscopy-clean/runs/paper_gpu0/jobs/sr/swinir_with_li_seed42/attempt_001/console.log
  running sr/swinir_with_li_seed42 — 06:41:05; log: /home/leonidas/workspace/differentiable_micoscopy_replication/microscopy-clean/runs/paper_gpu0/jobs/sr/swinir_with_li_seed42/attempt_001/console.log
  running sr/swinir_with_li_seed42 — 06:41:35; log: /home/leonidas/workspace/differentiable_micoscopy_replication/microscopy-clean/runs/paper_gpu0/jobs/sr/swinir_with_li_seed42/attempt_001/console.log
  running sr/swinir_with_li_seed42 — 06:42:05; log: /home/leonidas/workspace/differentiable_micoscopy_replication/microscopy-clean/runs/paper_gpu0/jobs/sr/swinir_with_li_seed42/attempt_001/console.log
  running sr/swinir_with_li_seed42 — 06:42:35; log: /home/leonidas/workspace/differentiable_micoscopy_replication/microscopy-clean/runs/paper_gpu0/jobs/sr/swinir_with_li_seed42/attempt_001/console.log
  running sr/swinir_with_li_seed42 — 06:43:05; log: /home/leonidas/workspace/differentiable_micoscopy_replication/microscopy-clean/runs/paper_gpu0/jobs/sr/swinir_with_li_seed42/attempt_001/console.log
  running sr/swinir_with_li_seed42 — 06:43:35; log: /home/leonidas/workspace/differentiable_micoscopy_replication/microscopy-clean/runs/paper_gpu0/jobs/sr/swinir_with_li_seed42/attempt_001/console.log
  running sr/swinir_with_li_seed42 — 06:44:05; log: /home/leonidas/workspace/differentiable_micoscopy_replication/microscopy-clean/runs/paper_gpu0/jobs/sr/swinir_with_li_seed42/attempt_001/console.log
  running sr/swinir_with_li_seed42 — 06:44:35; log: /home/leonidas/workspace/differentiable_micoscopy_replication/microscopy-clean/runs/paper_gpu0/jobs/sr/swinir_with_li_seed42/attempt_001/console.log
  running sr/swinir_with_li_seed42 — 06:45:05; log: /home/leonidas/workspace/differentiable_micoscopy_replication/microscopy-clean/runs/paper_gpu0/jobs/sr/swinir_with_li_seed42/attempt_001/console.log
  running sr/swinir_with_li_seed42 — 06:45:35; log: /home/leonidas/workspace/differentiable_micoscopy_replication/microscopy-clean/runs/paper_gpu0/jobs/sr/swinir_with_li_seed42/attempt_001/console.log
  running sr/swinir_with_li_seed42 — 06:46:05; log: /home/leonidas/workspace/differentiable_micoscopy_replication/microscopy-clean/runs/paper_gpu0/jobs/sr/swinir_with_li_seed42/attempt_001/console.log
  running sr/swinir_with_li_seed42 — 06:46:35; log: /home/leonidas/workspace/differentiable_micoscopy_replication/microscopy-clean/runs/paper_gpu0/jobs/sr/swinir_with_li_seed42/attempt_001/console.log
  running sr/swinir_with_li_seed42 — 06:47:05; log: /home/leonidas/workspace/differentiable_micoscopy_replication/microscopy-clean/runs/paper_gpu0/jobs/sr/swinir_with_li_seed42/attempt_001/console.log
  running sr/swinir_with_li_seed42 — 06:47:35; log: /home/leonidas/workspace/differentiable_micoscopy_replication/microscopy-clean/runs/paper_gpu0/jobs/sr/swinir_with_li_seed42/attempt_001/console.log
  running sr/swinir_with_li_seed42 — 06:48:05; log: /home/leonidas/workspace/differentiable_micoscopy_replication/microscopy-clean/runs/paper_gpu0/jobs/sr/swinir_with_li_seed42/attempt_001/console.log
  running sr/swinir_with_li_seed42 — 06:48:35; log: /home/leonidas/workspace/differentiable_micoscopy_replication/microscopy-clean/runs/paper_gpu0/jobs/sr/swinir_with_li_seed42/attempt_001/console.log
  running sr/swinir_with_li_seed42 — 06:49:05; log: /home/leonidas/workspace/differentiable_micoscopy_replication/microscopy-clean/runs/paper_gpu0/jobs/sr/swinir_with_li_seed42/attempt_001/console.log
  running sr/swinir_with_li_seed42 — 06:49:35; log: /home/leonidas/workspace/differentiable_micoscopy_replication/microscopy-clean/runs/paper_gpu0/jobs/sr/swinir_with_li_seed42/attempt_001/console.log
  running sr/swinir_with_li_seed42 — 06:50:05; log: /home/leonidas/workspace/differentiable_micoscopy_replication/microscopy-clean/runs/paper_gpu0/jobs/sr/swinir_with_li_seed42/attempt_001/console.log
  running sr/swinir_with_li_seed42 — 06:50:35; log: /home/leonidas/workspace/differentiable_micoscopy_replication/microscopy-clean/runs/paper_gpu0/jobs/sr/swinir_with_li_seed42/attempt_001/console.log
  running sr/swinir_with_li_seed42 — 06:51:05; log: /home/leonidas/workspace/differentiable_micoscopy_replication/microscopy-clean/runs/paper_gpu0/jobs/sr/swinir_with_li_seed42/attempt_001/console.log
  running sr/swinir_with_li_seed42 — 06:51:35; log: /home/leonidas/workspace/differentiable_micoscopy_replication/microscopy-clean/runs/paper_gpu0/jobs/sr/swinir_with_li_seed42/attempt_001/console.log
  running sr/swinir_with_li_seed42 — 06:52:05; log: /home/leonidas/workspace/differentiable_micoscopy_replication/microscopy-clean/runs/paper_gpu0/jobs/sr/swinir_with_li_seed42/attempt_001/console.log
  running sr/swinir_with_li_seed42 — 06:52:35; log: /home/leonidas/workspace/differentiable_micoscopy_replication/microscopy-clean/runs/paper_gpu0/jobs/sr/swinir_with_li_seed42/attempt_001/console.log
  running sr/swinir_with_li_seed42 — 06:53:05; log: /home/leonidas/workspace/differentiable_micoscopy_replication/microscopy-clean/runs/paper_gpu0/jobs/sr/swinir_with_li_seed42/attempt_001/console.log
  running sr/swinir_with_li_seed42 — 06:53:35; log: /home/leonidas/workspace/differentiable_micoscopy_replication/microscopy-clean/runs/paper_gpu0/jobs/sr/swinir_with_li_seed42/attempt_001/console.log
  running sr/swinir_with_li_seed42 — 06:54:05; log: /home/leonidas/workspace/differentiable_micoscopy_replication/microscopy-clean/runs/paper_gpu0/jobs/sr/swinir_with_li_seed42/attempt_001/console.log
  running sr/swinir_with_li_seed42 — 06:54:35; log: /home/leonidas/workspace/differentiable_micoscopy_replication/microscopy-clean/runs/paper_gpu0/jobs/sr/swinir_with_li_seed42/attempt_001/console.log
  running sr/swinir_with_li_seed42 — 06:55:05; log: /home/leonidas/workspace/differentiable_micoscopy_replication/microscopy-clean/runs/paper_gpu0/jobs/sr/swinir_with_li_seed42/attempt_001/console.log
  running sr/swinir_with_li_seed42 — 06:55:35; log: /home/leonidas/workspace/differentiable_micoscopy_replication/microscopy-clean/runs/paper_gpu0/jobs/sr/swinir_with_li_seed42/attempt_001/console.log
  running sr/swinir_with_li_seed42 — 06:56:05; log: /home/leonidas/workspace/differentiable_micoscopy_replication/microscopy-clean/runs/paper_gpu0/jobs/sr/swinir_with_li_seed42/attempt_001/console.log
  running sr/swinir_with_li_seed42 — 06:56:35; log: /home/leonidas/workspace/differentiable_micoscopy_replication/microscopy-clean/runs/paper_gpu0/jobs/sr/swinir_with_li_seed42/attempt_001/console.log
  running sr/swinir_with_li_seed42 — 06:57:05; log: /home/leonidas/workspace/differentiable_micoscopy_replication/microscopy-clean/runs/paper_gpu0/jobs/sr/swinir_with_li_seed42/attempt_001/console.log
  running sr/swinir_with_li_seed42 — 06:57:35; log: /home/leonidas/workspace/differentiable_micoscopy_replication/microscopy-clean/runs/paper_gpu0/jobs/sr/swinir_with_li_seed42/attempt_001/console.log
  running sr/swinir_with_li_seed42 — 06:58:05; log: /home/leonidas/workspace/differentiable_micoscopy_replication/microscopy-clean/runs/paper_gpu0/jobs/sr/swinir_with_li_seed42/attempt_001/console.log
  running sr/swinir_with_li_seed42 — 06:58:35; log: /home/leonidas/workspace/differentiable_micoscopy_replication/microscopy-clean/runs/paper_gpu0/jobs/sr/swinir_with_li_seed42/attempt_001/console.log
  running sr/swinir_with_li_seed42 — 06:59:05; log: /home/leonidas/workspace/differentiable_micoscopy_replication/microscopy-clean/runs/paper_gpu0/jobs/sr/swinir_with_li_seed42/attempt_001/console.log
  running sr/swinir_with_li_seed42 — 06:59:35; log: /home/leonidas/workspace/differentiable_micoscopy_replication/microscopy-clean/runs/paper_gpu0/jobs/sr/swinir_with_li_seed42/attempt_001/console.log
  running sr/swinir_with_li_seed42 — 07:00:05; log: /home/leonidas/workspace/differentiable_micoscopy_replication/microscopy-clean/runs/paper_gpu0/jobs/sr/swinir_with_li_seed42/attempt_001/console.log
  running sr/swinir_with_li_seed42 — 07:00:35; log: /home/leonidas/workspace/differentiable_micoscopy_replication/microscopy-clean/runs/paper_gpu0/jobs/sr/swinir_with_li_seed42/attempt_001/console.log
  running sr/swinir_with_li_seed42 — 07:01:05; log: /home/leonidas/workspace/differentiable_micoscopy_replication/microscopy-clean/runs/paper_gpu0/jobs/sr/swinir_with_li_seed42/attempt_001/console.log
  running sr/swinir_with_li_seed42 — 07:01:35; log: /home/leonidas/workspace/differentiable_micoscopy_replication/microscopy-clean/runs/paper_gpu0/jobs/sr/swinir_with_li_seed42/attempt_001/console.log
  running sr/swinir_with_li_seed42 — 07:02:05; log: /home/leonidas/workspace/differentiable_micoscopy_replication/microscopy-clean/runs/paper_gpu0/jobs/sr/swinir_with_li_seed42/attempt_001/console.log
  running sr/swinir_with_li_seed42 — 07:02:35; log: /home/leonidas/workspace/differentiable_micoscopy_replication/microscopy-clean/runs/paper_gpu0/jobs/sr/swinir_with_li_seed42/attempt_001/console.log
  running sr/swinir_with_li_seed42 — 07:03:05; log: /home/leonidas/workspace/differentiable_micoscopy_replication/microscopy-clean/runs/paper_gpu0/jobs/sr/swinir_with_li_seed42/attempt_001/console.log
  running sr/swinir_with_li_seed42 — 07:03:35; log: /home/leonidas/workspace/differentiable_micoscopy_replication/microscopy-clean/runs/paper_gpu0/jobs/sr/swinir_with_li_seed42/attempt_001/console.log
  running sr/swinir_with_li_seed42 — 07:04:05; log: /home/leonidas/workspace/differentiable_micoscopy_replication/microscopy-clean/runs/paper_gpu0/jobs/sr/swinir_with_li_seed42/attempt_001/console.log
  running sr/swinir_with_li_seed42 — 07:04:35; log: /home/leonidas/workspace/differentiable_micoscopy_replication/microscopy-clean/runs/paper_gpu0/jobs/sr/swinir_with_li_seed42/attempt_001/console.log
  running sr/swinir_with_li_seed42 — 07:05:05; log: /home/leonidas/workspace/differentiable_micoscopy_replication/microscopy-clean/runs/paper_gpu0/jobs/sr/swinir_with_li_seed42/attempt_001/console.log
  running sr/swinir_with_li_seed42 — 07:05:35; log: /home/leonidas/workspace/differentiable_micoscopy_replication/microscopy-clean/runs/paper_gpu0/jobs/sr/swinir_with_li_seed42/attempt_001/console.log
  running sr/swinir_with_li_seed42 — 07:06:05; log: /home/leonidas/workspace/differentiable_micoscopy_replication/microscopy-clean/runs/paper_gpu0/jobs/sr/swinir_with_li_seed42/attempt_001/console.log
  running sr/swinir_with_li_seed42 — 07:06:35; log: /home/leonidas/workspace/differentiable_micoscopy_replication/microscopy-clean/runs/paper_gpu0/jobs/sr/swinir_with_li_seed42/attempt_001/console.log
  running sr/swinir_with_li_seed42 — 07:07:05; log: /home/leonidas/workspace/differentiable_micoscopy_replication/microscopy-clean/runs/paper_gpu0/jobs/sr/swinir_with_li_seed42/attempt_001/console.log
  running sr/swinir_with_li_seed42 — 07:07:35; log: /home/leonidas/workspace/differentiable_micoscopy_replication/microscopy-clean/runs/paper_gpu0/jobs/sr/swinir_with_li_seed42/attempt_001/console.log
  running sr/swinir_with_li_seed42 — 07:08:05; log: /home/leonidas/workspace/differentiable_micoscopy_replication/microscopy-clean/runs/paper_gpu0/jobs/sr/swinir_with_li_seed42/attempt_001/console.log
  running sr/swinir_with_li_seed42 — 07:08:35; log: /home/leonidas/workspace/differentiable_micoscopy_replication/microscopy-clean/runs/paper_gpu0/jobs/sr/swinir_with_li_seed42/attempt_001/console.log
  running sr/swinir_with_li_seed42 — 07:09:05; log: /home/leonidas/workspace/differentiable_micoscopy_replication/microscopy-clean/runs/paper_gpu0/jobs/sr/swinir_with_li_seed42/attempt_001/console.log
  running sr/swinir_with_li_seed42 — 07:09:35; log: /home/leonidas/workspace/differentiable_micoscopy_replication/microscopy-clean/runs/paper_gpu0/jobs/sr/swinir_with_li_seed42/attempt_001/console.log
  running sr/swinir_with_li_seed42 — 07:10:05; log: /home/leonidas/workspace/differentiable_micoscopy_replication/microscopy-clean/runs/paper_gpu0/jobs/sr/swinir_with_li_seed42/attempt_001/console.log
  running sr/swinir_with_li_seed42 — 07:10:35; log: /home/leonidas/workspace/differentiable_micoscopy_replication/microscopy-clean/runs/paper_gpu0/jobs/sr/swinir_with_li_seed42/attempt_001/console.log
  running sr/swinir_with_li_seed42 — 07:11:05; log: /home/leonidas/workspace/differentiable_micoscopy_replication/microscopy-clean/runs/paper_gpu0/jobs/sr/swinir_with_li_seed42/attempt_001/console.log
  running sr/swinir_with_li_seed42 — 07:11:35; log: /home/leonidas/workspace/differentiable_micoscopy_replication/microscopy-clean/runs/paper_gpu0/jobs/sr/swinir_with_li_seed42/attempt_001/console.log
  running sr/swinir_with_li_seed42 — 07:12:05; log: /home/leonidas/workspace/differentiable_micoscopy_replication/microscopy-clean/runs/paper_gpu0/jobs/sr/swinir_with_li_seed42/attempt_001/console.log
  running sr/swinir_with_li_seed42 — 07:12:35; log: /home/leonidas/workspace/differentiable_micoscopy_replication/microscopy-clean/runs/paper_gpu0/jobs/sr/swinir_with_li_seed42/attempt_001/console.log
  running sr/swinir_with_li_seed42 — 07:13:05; log: /home/leonidas/workspace/differentiable_micoscopy_replication/microscopy-clean/runs/paper_gpu0/jobs/sr/swinir_with_li_seed42/attempt_001/console.log
  running sr/swinir_with_li_seed42 — 07:13:35; log: /home/leonidas/workspace/differentiable_micoscopy_replication/microscopy-clean/runs/paper_gpu0/jobs/sr/swinir_with_li_seed42/attempt_001/console.log
  running sr/swinir_with_li_seed42 — 07:14:05; log: /home/leonidas/workspace/differentiable_micoscopy_replication/microscopy-clean/runs/paper_gpu0/jobs/sr/swinir_with_li_seed42/attempt_001/console.log
  running sr/swinir_with_li_seed42 — 07:14:35; log: /home/leonidas/workspace/differentiable_micoscopy_replication/microscopy-clean/runs/paper_gpu0/jobs/sr/swinir_with_li_seed42/attempt_001/console.log
  running sr/swinir_with_li_seed42 — 07:15:05; log: /home/leonidas/workspace/differentiable_micoscopy_replication/microscopy-clean/runs/paper_gpu0/jobs/sr/swinir_with_li_seed42/attempt_001/console.log
  running sr/swinir_with_li_seed42 — 07:15:35; log: /home/leonidas/workspace/differentiable_micoscopy_replication/microscopy-clean/runs/paper_gpu0/jobs/sr/swinir_with_li_seed42/attempt_001/console.log
  running sr/swinir_with_li_seed42 — 07:16:05; log: /home/leonidas/workspace/differentiable_micoscopy_replication/microscopy-clean/runs/paper_gpu0/jobs/sr/swinir_with_li_seed42/attempt_001/console.log
  running sr/swinir_with_li_seed42 — 07:16:35; log: /home/leonidas/workspace/differentiable_micoscopy_replication/microscopy-clean/runs/paper_gpu0/jobs/sr/swinir_with_li_seed42/attempt_001/console.log
  running sr/swinir_with_li_seed42 — 07:17:05; log: /home/leonidas/workspace/differentiable_micoscopy_replication/microscopy-clean/runs/paper_gpu0/jobs/sr/swinir_with_li_seed42/attempt_001/console.log
  running sr/swinir_with_li_seed42 — 07:17:35; log: /home/leonidas/workspace/differentiable_micoscopy_replication/microscopy-clean/runs/paper_gpu0/jobs/sr/swinir_with_li_seed42/attempt_001/console.log
  running sr/swinir_with_li_seed42 — 07:18:05; log: /home/leonidas/workspace/differentiable_micoscopy_replication/microscopy-clean/runs/paper_gpu0/jobs/sr/swinir_with_li_seed42/attempt_001/console.log
  running sr/swinir_with_li_seed42 — 07:18:35; log: /home/leonidas/workspace/differentiable_micoscopy_replication/microscopy-clean/runs/paper_gpu0/jobs/sr/swinir_with_li_seed42/attempt_001/console.log
  running sr/swinir_with_li_seed42 — 07:19:05; log: /home/leonidas/workspace/differentiable_micoscopy_replication/microscopy-clean/runs/paper_gpu0/jobs/sr/swinir_with_li_seed42/attempt_001/console.log
  running sr/swinir_with_li_seed42 — 07:19:35; log: /home/leonidas/workspace/differentiable_micoscopy_replication/microscopy-clean/runs/paper_gpu0/jobs/sr/swinir_with_li_seed42/attempt_001/console.log
  running sr/swinir_with_li_seed42 — 07:20:05; log: /home/leonidas/workspace/differentiable_micoscopy_replication/microscopy-clean/runs/paper_gpu0/jobs/sr/swinir_with_li_seed42/attempt_001/console.log
  running sr/swinir_with_li_seed42 — 07:20:35; log: /home/leonidas/workspace/differentiable_micoscopy_replication/microscopy-clean/runs/paper_gpu0/jobs/sr/swinir_with_li_seed42/attempt_001/console.log
  running sr/swinir_with_li_seed42 — 07:21:05; log: /home/leonidas/workspace/differentiable_micoscopy_replication/microscopy-clean/runs/paper_gpu0/jobs/sr/swinir_with_li_seed42/attempt_001/console.log
  running sr/swinir_with_li_seed42 — 07:21:35; log: /home/leonidas/workspace/differentiable_micoscopy_replication/microscopy-clean/runs/paper_gpu0/jobs/sr/swinir_with_li_seed42/attempt_001/console.log
  running sr/swinir_with_li_seed42 — 07:22:05; log: /home/leonidas/workspace/differentiable_micoscopy_replication/microscopy-clean/runs/paper_gpu0/jobs/sr/swinir_with_li_seed42/attempt_001/console.log
  running sr/swinir_with_li_seed42 — 07:22:35; log: /home/leonidas/workspace/differentiable_micoscopy_replication/microscopy-clean/runs/paper_gpu0/jobs/sr/swinir_with_li_seed42/attempt_001/console.log
  running sr/swinir_with_li_seed42 — 07:23:05; log: /home/leonidas/workspace/differentiable_micoscopy_replication/microscopy-clean/runs/paper_gpu0/jobs/sr/swinir_with_li_seed42/attempt_001/console.log
  running sr/swinir_with_li_seed42 — 07:23:35; log: /home/leonidas/workspace/differentiable_micoscopy_replication/microscopy-clean/runs/paper_gpu0/jobs/sr/swinir_with_li_seed42/attempt_001/console.log
  running sr/swinir_with_li_seed42 — 07:24:05; log: /home/leonidas/workspace/differentiable_micoscopy_replication/microscopy-clean/runs/paper_gpu0/jobs/sr/swinir_with_li_seed42/attempt_001/console.log
  running sr/swinir_with_li_seed42 — 07:24:35; log: /home/leonidas/workspace/differentiable_micoscopy_replication/microscopy-clean/runs/paper_gpu0/jobs/sr/swinir_with_li_seed42/attempt_001/console.log
  running sr/swinir_with_li_seed42 — 07:25:05; log: /home/leonidas/workspace/differentiable_micoscopy_replication/microscopy-clean/runs/paper_gpu0/jobs/sr/swinir_with_li_seed42/attempt_001/console.log
  running sr/swinir_with_li_seed42 — 07:25:35; log: /home/leonidas/workspace/differentiable_micoscopy_replication/microscopy-clean/runs/paper_gpu0/jobs/sr/swinir_with_li_seed42/attempt_001/console.log
  running sr/swinir_with_li_seed42 — 07:26:05; log: /home/leonidas/workspace/differentiable_micoscopy_replication/microscopy-clean/runs/paper_gpu0/jobs/sr/swinir_with_li_seed42/attempt_001/console.log
  running sr/swinir_with_li_seed42 — 07:26:35; log: /home/leonidas/workspace/differentiable_micoscopy_replication/microscopy-clean/runs/paper_gpu0/jobs/sr/swinir_with_li_seed42/attempt_001/console.log
  running sr/swinir_with_li_seed42 — 07:27:05; log: /home/leonidas/workspace/differentiable_micoscopy_replication/microscopy-clean/runs/paper_gpu0/jobs/sr/swinir_with_li_seed42/attempt_001/console.log
  running sr/swinir_with_li_seed42 — 07:27:35; log: /home/leonidas/workspace/differentiable_micoscopy_replication/microscopy-clean/runs/paper_gpu0/jobs/sr/swinir_with_li_seed42/attempt_001/console.log
  running sr/swinir_with_li_seed42 — 07:28:06; log: /home/leonidas/workspace/differentiable_micoscopy_replication/microscopy-clean/runs/paper_gpu0/jobs/sr/swinir_with_li_seed42/attempt_001/console.log
  running sr/swinir_with_li_seed42 — 07:28:36; log: /home/leonidas/workspace/differentiable_micoscopy_replication/microscopy-clean/runs/paper_gpu0/jobs/sr/swinir_with_li_seed42/attempt_001/console.log
  running sr/swinir_with_li_seed42 — 07:29:06; log: /home/leonidas/workspace/differentiable_micoscopy_replication/microscopy-clean/runs/paper_gpu0/jobs/sr/swinir_with_li_seed42/attempt_001/console.log
  running sr/swinir_with_li_seed42 — 07:29:36; log: /home/leonidas/workspace/differentiable_micoscopy_replication/microscopy-clean/runs/paper_gpu0/jobs/sr/swinir_with_li_seed42/attempt_001/console.log
  running sr/swinir_with_li_seed42 — 07:30:06; log: /home/leonidas/workspace/differentiable_micoscopy_replication/microscopy-clean/runs/paper_gpu0/jobs/sr/swinir_with_li_seed42/attempt_001/console.log
  running sr/swinir_with_li_seed42 — 07:30:36; log: /home/leonidas/workspace/differentiable_micoscopy_replication/microscopy-clean/runs/paper_gpu0/jobs/sr/swinir_with_li_seed42/attempt_001/console.log
  running sr/swinir_with_li_seed42 — 07:31:06; log: /home/leonidas/workspace/differentiable_micoscopy_replication/microscopy-clean/runs/paper_gpu0/jobs/sr/swinir_with_li_seed42/attempt_001/console.log
  running sr/swinir_with_li_seed42 — 07:31:36; log: /home/leonidas/workspace/differentiable_micoscopy_replication/microscopy-clean/runs/paper_gpu0/jobs/sr/swinir_with_li_seed42/attempt_001/console.log
  running sr/swinir_with_li_seed42 — 07:32:06; log: /home/leonidas/workspace/differentiable_micoscopy_replication/microscopy-clean/runs/paper_gpu0/jobs/sr/swinir_with_li_seed42/attempt_001/console.log
  running sr/swinir_with_li_seed42 — 07:32:36; log: /home/leonidas/workspace/differentiable_micoscopy_replication/microscopy-clean/runs/paper_gpu0/jobs/sr/swinir_with_li_seed42/attempt_001/console.log
  running sr/swinir_with_li_seed42 — 07:33:06; log: /home/leonidas/workspace/differentiable_micoscopy_replication/microscopy-clean/runs/paper_gpu0/jobs/sr/swinir_with_li_seed42/attempt_001/console.log
  running sr/swinir_with_li_seed42 — 07:33:36; log: /home/leonidas/workspace/differentiable_micoscopy_replication/microscopy-clean/runs/paper_gpu0/jobs/sr/swinir_with_li_seed42/attempt_001/console.log
  running sr/swinir_with_li_seed42 — 07:34:06; log: /home/leonidas/workspace/differentiable_micoscopy_replication/microscopy-clean/runs/paper_gpu0/jobs/sr/swinir_with_li_seed42/attempt_001/console.log
  running sr/swinir_with_li_seed42 — 07:34:36; log: /home/leonidas/workspace/differentiable_micoscopy_replication/microscopy-clean/runs/paper_gpu0/jobs/sr/swinir_with_li_seed42/attempt_001/console.log
  running sr/swinir_with_li_seed42 — 07:35:06; log: /home/leonidas/workspace/differentiable_micoscopy_replication/microscopy-clean/runs/paper_gpu0/jobs/sr/swinir_with_li_seed42/attempt_001/console.log
  running sr/swinir_with_li_seed42 — 07:35:36; log: /home/leonidas/workspace/differentiable_micoscopy_replication/microscopy-clean/runs/paper_gpu0/jobs/sr/swinir_with_li_seed42/attempt_001/console.log
  running sr/swinir_with_li_seed42 — 07:36:06; log: /home/leonidas/workspace/differentiable_micoscopy_replication/microscopy-clean/runs/paper_gpu0/jobs/sr/swinir_with_li_seed42/attempt_001/console.log
  running sr/swinir_with_li_seed42 — 07:36:36; log: /home/leonidas/workspace/differentiable_micoscopy_replication/microscopy-clean/runs/paper_gpu0/jobs/sr/swinir_with_li_seed42/attempt_001/console.log
  running sr/swinir_with_li_seed42 — 07:37:06; log: /home/leonidas/workspace/differentiable_micoscopy_replication/microscopy-clean/runs/paper_gpu0/jobs/sr/swinir_with_li_seed42/attempt_001/console.log
  running sr/swinir_with_li_seed42 — 07:37:36; log: /home/leonidas/workspace/differentiable_micoscopy_replication/microscopy-clean/runs/paper_gpu0/jobs/sr/swinir_with_li_seed42/attempt_001/console.log
  running sr/swinir_with_li_seed42 — 07:38:06; log: /home/leonidas/workspace/differentiable_micoscopy_replication/microscopy-clean/runs/paper_gpu0/jobs/sr/swinir_with_li_seed42/attempt_001/console.log
  running sr/swinir_with_li_seed42 — 07:38:36; log: /home/leonidas/workspace/differentiable_micoscopy_replication/microscopy-clean/runs/paper_gpu0/jobs/sr/swinir_with_li_seed42/attempt_001/console.log
  running sr/swinir_with_li_seed42 — 07:39:06; log: /home/leonidas/workspace/differentiable_micoscopy_replication/microscopy-clean/runs/paper_gpu0/jobs/sr/swinir_with_li_seed42/attempt_001/console.log
  running sr/swinir_with_li_seed42 — 07:39:36; log: /home/leonidas/workspace/differentiable_micoscopy_replication/microscopy-clean/runs/paper_gpu0/jobs/sr/swinir_with_li_seed42/attempt_001/console.log
  running sr/swinir_with_li_seed42 — 07:40:06; log: /home/leonidas/workspace/differentiable_micoscopy_replication/microscopy-clean/runs/paper_gpu0/jobs/sr/swinir_with_li_seed42/attempt_001/console.log
  running sr/swinir_with_li_seed42 — 07:40:36; log: /home/leonidas/workspace/differentiable_micoscopy_replication/microscopy-clean/runs/paper_gpu0/jobs/sr/swinir_with_li_seed42/attempt_001/console.log
  running sr/swinir_with_li_seed42 — 07:41:06; log: /home/leonidas/workspace/differentiable_micoscopy_replication/microscopy-clean/runs/paper_gpu0/jobs/sr/swinir_with_li_seed42/attempt_001/console.log
  running sr/swinir_with_li_seed42 — 07:41:36; log: /home/leonidas/workspace/differentiable_micoscopy_replication/microscopy-clean/runs/paper_gpu0/jobs/sr/swinir_with_li_seed42/attempt_001/console.log
  running sr/swinir_with_li_seed42 — 07:42:06; log: /home/leonidas/workspace/differentiable_micoscopy_replication/microscopy-clean/runs/paper_gpu0/jobs/sr/swinir_with_li_seed42/attempt_001/console.log
  running sr/swinir_with_li_seed42 — 07:42:36; log: /home/leonidas/workspace/differentiable_micoscopy_replication/microscopy-clean/runs/paper_gpu0/jobs/sr/swinir_with_li_seed42/attempt_001/console.log
  running sr/swinir_with_li_seed42 — 07:43:06; log: /home/leonidas/workspace/differentiable_micoscopy_replication/microscopy-clean/runs/paper_gpu0/jobs/sr/swinir_with_li_seed42/attempt_001/console.log
  running sr/swinir_with_li_seed42 — 07:43:36; log: /home/leonidas/workspace/differentiable_micoscopy_replication/microscopy-clean/runs/paper_gpu0/jobs/sr/swinir_with_li_seed42/attempt_001/console.log
  running sr/swinir_with_li_seed42 — 07:44:06; log: /home/leonidas/workspace/differentiable_micoscopy_replication/microscopy-clean/runs/paper_gpu0/jobs/sr/swinir_with_li_seed42/attempt_001/console.log
  running sr/swinir_with_li_seed42 — 07:44:36; log: /home/leonidas/workspace/differentiable_micoscopy_replication/microscopy-clean/runs/paper_gpu0/jobs/sr/swinir_with_li_seed42/attempt_001/console.log
  running sr/swinir_with_li_seed42 — 07:45:06; log: /home/leonidas/workspace/differentiable_micoscopy_replication/microscopy-clean/runs/paper_gpu0/jobs/sr/swinir_with_li_seed42/attempt_001/console.log
  running sr/swinir_with_li_seed42 — 07:45:36; log: /home/leonidas/workspace/differentiable_micoscopy_replication/microscopy-clean/runs/paper_gpu0/jobs/sr/swinir_with_li_seed42/attempt_001/console.log
  running sr/swinir_with_li_seed42 — 07:46:06; log: /home/leonidas/workspace/differentiable_micoscopy_replication/microscopy-clean/runs/paper_gpu0/jobs/sr/swinir_with_li_seed42/attempt_001/console.log
  running sr/swinir_with_li_seed42 — 07:46:36; log: /home/leonidas/workspace/differentiable_micoscopy_replication/microscopy-clean/runs/paper_gpu0/jobs/sr/swinir_with_li_seed42/attempt_001/console.log
  running sr/swinir_with_li_seed42 — 07:47:06; log: /home/leonidas/workspace/differentiable_micoscopy_replication/microscopy-clean/runs/paper_gpu0/jobs/sr/swinir_with_li_seed42/attempt_001/console.log
  running sr/swinir_with_li_seed42 — 07:47:36; log: /home/leonidas/workspace/differentiable_micoscopy_replication/microscopy-clean/runs/paper_gpu0/jobs/sr/swinir_with_li_seed42/attempt_001/console.log
  running sr/swinir_with_li_seed42 — 07:48:06; log: /home/leonidas/workspace/differentiable_micoscopy_replication/microscopy-clean/runs/paper_gpu0/jobs/sr/swinir_with_li_seed42/attempt_001/console.log
  running sr/swinir_with_li_seed42 — 07:48:36; log: /home/leonidas/workspace/differentiable_micoscopy_replication/microscopy-clean/runs/paper_gpu0/jobs/sr/swinir_with_li_seed42/attempt_001/console.log
  running sr/swinir_with_li_seed42 — 07:49:06; log: /home/leonidas/workspace/differentiable_micoscopy_replication/microscopy-clean/runs/paper_gpu0/jobs/sr/swinir_with_li_seed42/attempt_001/console.log
  running sr/swinir_with_li_seed42 — 07:49:36; log: /home/leonidas/workspace/differentiable_micoscopy_replication/microscopy-clean/runs/paper_gpu0/jobs/sr/swinir_with_li_seed42/attempt_001/console.log
  running sr/swinir_with_li_seed42 — 07:50:06; log: /home/leonidas/workspace/differentiable_micoscopy_replication/microscopy-clean/runs/paper_gpu0/jobs/sr/swinir_with_li_seed42/attempt_001/console.log
  running sr/swinir_with_li_seed42 — 07:50:36; log: /home/leonidas/workspace/differentiable_micoscopy_replication/microscopy-clean/runs/paper_gpu0/jobs/sr/swinir_with_li_seed42/attempt_001/console.log
  running sr/swinir_with_li_seed42 — 07:51:06; log: /home/leonidas/workspace/differentiable_micoscopy_replication/microscopy-clean/runs/paper_gpu0/jobs/sr/swinir_with_li_seed42/attempt_001/console.log
  running sr/swinir_with_li_seed42 — 07:51:36; log: /home/leonidas/workspace/differentiable_micoscopy_replication/microscopy-clean/runs/paper_gpu0/jobs/sr/swinir_with_li_seed42/attempt_001/console.log
  running sr/swinir_with_li_seed42 — 07:52:06; log: /home/leonidas/workspace/differentiable_micoscopy_replication/microscopy-clean/runs/paper_gpu0/jobs/sr/swinir_with_li_seed42/attempt_001/console.log
  running sr/swinir_with_li_seed42 — 07:52:36; log: /home/leonidas/workspace/differentiable_micoscopy_replication/microscopy-clean/runs/paper_gpu0/jobs/sr/swinir_with_li_seed42/attempt_001/console.log
  running sr/swinir_with_li_seed42 — 07:53:06; log: /home/leonidas/workspace/differentiable_micoscopy_replication/microscopy-clean/runs/paper_gpu0/jobs/sr/swinir_with_li_seed42/attempt_001/console.log
  running sr/swinir_with_li_seed42 — 07:53:36; log: /home/leonidas/workspace/differentiable_micoscopy_replication/microscopy-clean/runs/paper_gpu0/jobs/sr/swinir_with_li_seed42/attempt_001/console.log
  running sr/swinir_with_li_seed42 — 07:54:06; log: /home/leonidas/workspace/differentiable_micoscopy_replication/microscopy-clean/runs/paper_gpu0/jobs/sr/swinir_with_li_seed42/attempt_001/console.log
  running sr/swinir_with_li_seed42 — 07:54:36; log: /home/leonidas/workspace/differentiable_micoscopy_replication/microscopy-clean/runs/paper_gpu0/jobs/sr/swinir_with_li_seed42/attempt_001/console.log
  running sr/swinir_with_li_seed42 — 07:55:06; log: /home/leonidas/workspace/differentiable_micoscopy_replication/microscopy-clean/runs/paper_gpu0/jobs/sr/swinir_with_li_seed42/attempt_001/console.log
  running sr/swinir_with_li_seed42 — 07:55:36; log: /home/leonidas/workspace/differentiable_micoscopy_replication/microscopy-clean/runs/paper_gpu0/jobs/sr/swinir_with_li_seed42/attempt_001/console.log
  running sr/swinir_with_li_seed42 — 07:56:06; log: /home/leonidas/workspace/differentiable_micoscopy_replication/microscopy-clean/runs/paper_gpu0/jobs/sr/swinir_with_li_seed42/attempt_001/console.log
  running sr/swinir_with_li_seed42 — 07:56:36; log: /home/leonidas/workspace/differentiable_micoscopy_replication/microscopy-clean/runs/paper_gpu0/jobs/sr/swinir_with_li_seed42/attempt_001/console.log
  running sr/swinir_with_li_seed42 — 07:57:06; log: /home/leonidas/workspace/differentiable_micoscopy_replication/microscopy-clean/runs/paper_gpu0/jobs/sr/swinir_with_li_seed42/attempt_001/console.log
  running sr/swinir_with_li_seed42 — 07:57:36; log: /home/leonidas/workspace/differentiable_micoscopy_replication/microscopy-clean/runs/paper_gpu0/jobs/sr/swinir_with_li_seed42/attempt_001/console.log
  running sr/swinir_with_li_seed42 — 07:58:06; log: /home/leonidas/workspace/differentiable_micoscopy_replication/microscopy-clean/runs/paper_gpu0/jobs/sr/swinir_with_li_seed42/attempt_001/console.log
  running sr/swinir_with_li_seed42 — 07:58:36; log: /home/leonidas/workspace/differentiable_micoscopy_replication/microscopy-clean/runs/paper_gpu0/jobs/sr/swinir_with_li_seed42/attempt_001/console.log
  running sr/swinir_with_li_seed42 — 07:59:06; log: /home/leonidas/workspace/differentiable_micoscopy_replication/microscopy-clean/runs/paper_gpu0/jobs/sr/swinir_with_li_seed42/attempt_001/console.log
  running sr/swinir_with_li_seed42 — 07:59:36; log: /home/leonidas/workspace/differentiable_micoscopy_replication/microscopy-clean/runs/paper_gpu0/jobs/sr/swinir_with_li_seed42/attempt_001/console.log
  running sr/swinir_with_li_seed42 — 08:00:06; log: /home/leonidas/workspace/differentiable_micoscopy_replication/microscopy-clean/runs/paper_gpu0/jobs/sr/swinir_with_li_seed42/attempt_001/console.log
  running sr/swinir_with_li_seed42 — 08:00:36; log: /home/leonidas/workspace/differentiable_micoscopy_replication/microscopy-clean/runs/paper_gpu0/jobs/sr/swinir_with_li_seed42/attempt_001/console.log
  running sr/swinir_with_li_seed42 — 08:01:06; log: /home/leonidas/workspace/differentiable_micoscopy_replication/microscopy-clean/runs/paper_gpu0/jobs/sr/swinir_with_li_seed42/attempt_001/console.log
  running sr/swinir_with_li_seed42 — 08:01:36; log: /home/leonidas/workspace/differentiable_micoscopy_replication/microscopy-clean/runs/paper_gpu0/jobs/sr/swinir_with_li_seed42/attempt_001/console.log
  running sr/swinir_with_li_seed42 — 08:02:06; log: /home/leonidas/workspace/differentiable_micoscopy_replication/microscopy-clean/runs/paper_gpu0/jobs/sr/swinir_with_li_seed42/attempt_001/console.log
  running sr/swinir_with_li_seed42 — 08:02:36; log: /home/leonidas/workspace/differentiable_micoscopy_replication/microscopy-clean/runs/paper_gpu0/jobs/sr/swinir_with_li_seed42/attempt_001/console.log
  running sr/swinir_with_li_seed42 — 08:03:06; log: /home/leonidas/workspace/differentiable_micoscopy_replication/microscopy-clean/runs/paper_gpu0/jobs/sr/swinir_with_li_seed42/attempt_001/console.log
  running sr/swinir_with_li_seed42 — 08:03:36; log: /home/leonidas/workspace/differentiable_micoscopy_replication/microscopy-clean/runs/paper_gpu0/jobs/sr/swinir_with_li_seed42/attempt_001/console.log
  running sr/swinir_with_li_seed42 — 08:04:06; log: /home/leonidas/workspace/differentiable_micoscopy_replication/microscopy-clean/runs/paper_gpu0/jobs/sr/swinir_with_li_seed42/attempt_001/console.log
  running sr/swinir_with_li_seed42 — 08:04:36; log: /home/leonidas/workspace/differentiable_micoscopy_replication/microscopy-clean/runs/paper_gpu0/jobs/sr/swinir_with_li_seed42/attempt_001/console.log
  running sr/swinir_with_li_seed42 — 08:05:06; log: /home/leonidas/workspace/differentiable_micoscopy_replication/microscopy-clean/runs/paper_gpu0/jobs/sr/swinir_with_li_seed42/attempt_001/console.log
  running sr/swinir_with_li_seed42 — 08:05:36; log: /home/leonidas/workspace/differentiable_micoscopy_replication/microscopy-clean/runs/paper_gpu0/jobs/sr/swinir_with_li_seed42/attempt_001/console.log
  running sr/swinir_with_li_seed42 — 08:06:06; log: /home/leonidas/workspace/differentiable_micoscopy_replication/microscopy-clean/runs/paper_gpu0/jobs/sr/swinir_with_li_seed42/attempt_001/console.log
  running sr/swinir_with_li_seed42 — 08:06:36; log: /home/leonidas/workspace/differentiable_micoscopy_replication/microscopy-clean/runs/paper_gpu0/jobs/sr/swinir_with_li_seed42/attempt_001/console.log
  running sr/swinir_with_li_seed42 — 08:07:06; log: /home/leonidas/workspace/differentiable_micoscopy_replication/microscopy-clean/runs/paper_gpu0/jobs/sr/swinir_with_li_seed42/attempt_001/console.log
  running sr/swinir_with_li_seed42 — 08:07:36; log: /home/leonidas/workspace/differentiable_micoscopy_replication/microscopy-clean/runs/paper_gpu0/jobs/sr/swinir_with_li_seed42/attempt_001/console.log
  running sr/swinir_with_li_seed42 — 08:08:06; log: /home/leonidas/workspace/differentiable_micoscopy_replication/microscopy-clean/runs/paper_gpu0/jobs/sr/swinir_with_li_seed42/attempt_001/console.log
  running sr/swinir_with_li_seed42 — 08:08:36; log: /home/leonidas/workspace/differentiable_micoscopy_replication/microscopy-clean/runs/paper_gpu0/jobs/sr/swinir_with_li_seed42/attempt_001/console.log
  running sr/swinir_with_li_seed42 — 08:09:06; log: /home/leonidas/workspace/differentiable_micoscopy_replication/microscopy-clean/runs/paper_gpu0/jobs/sr/swinir_with_li_seed42/attempt_001/console.log
  running sr/swinir_with_li_seed42 — 08:09:36; log: /home/leonidas/workspace/differentiable_micoscopy_replication/microscopy-clean/runs/paper_gpu0/jobs/sr/swinir_with_li_seed42/attempt_001/console.log
  running sr/swinir_with_li_seed42 — 08:10:06; log: /home/leonidas/workspace/differentiable_micoscopy_replication/microscopy-clean/runs/paper_gpu0/jobs/sr/swinir_with_li_seed42/attempt_001/console.log
  running sr/swinir_with_li_seed42 — 08:10:36; log: /home/leonidas/workspace/differentiable_micoscopy_replication/microscopy-clean/runs/paper_gpu0/jobs/sr/swinir_with_li_seed42/attempt_001/console.log
  running sr/swinir_with_li_seed42 — 08:11:06; log: /home/leonidas/workspace/differentiable_micoscopy_replication/microscopy-clean/runs/paper_gpu0/jobs/sr/swinir_with_li_seed42/attempt_001/console.log
  running sr/swinir_with_li_seed42 — 08:11:36; log: /home/leonidas/workspace/differentiable_micoscopy_replication/microscopy-clean/runs/paper_gpu0/jobs/sr/swinir_with_li_seed42/attempt_001/console.log
  running sr/swinir_with_li_seed42 — 08:12:06; log: /home/leonidas/workspace/differentiable_micoscopy_replication/microscopy-clean/runs/paper_gpu0/jobs/sr/swinir_with_li_seed42/attempt_001/console.log
  running sr/swinir_with_li_seed42 — 08:12:36; log: /home/leonidas/workspace/differentiable_micoscopy_replication/microscopy-clean/runs/paper_gpu0/jobs/sr/swinir_with_li_seed42/attempt_001/console.log
  running sr/swinir_with_li_seed42 — 08:13:06; log: /home/leonidas/workspace/differentiable_micoscopy_replication/microscopy-clean/runs/paper_gpu0/jobs/sr/swinir_with_li_seed42/attempt_001/console.log
  running sr/swinir_with_li_seed42 — 08:13:36; log: /home/leonidas/workspace/differentiable_micoscopy_replication/microscopy-clean/runs/paper_gpu0/jobs/sr/swinir_with_li_seed42/attempt_001/console.log
  running sr/swinir_with_li_seed42 — 08:14:06; log: /home/leonidas/workspace/differentiable_micoscopy_replication/microscopy-clean/runs/paper_gpu0/jobs/sr/swinir_with_li_seed42/attempt_001/console.log
  running sr/swinir_with_li_seed42 — 08:14:36; log: /home/leonidas/workspace/differentiable_micoscopy_replication/microscopy-clean/runs/paper_gpu0/jobs/sr/swinir_with_li_seed42/attempt_001/console.log
  running sr/swinir_with_li_seed42 — 08:15:06; log: /home/leonidas/workspace/differentiable_micoscopy_replication/microscopy-clean/runs/paper_gpu0/jobs/sr/swinir_with_li_seed42/attempt_001/console.log
  running sr/swinir_with_li_seed42 — 08:15:36; log: /home/leonidas/workspace/differentiable_micoscopy_replication/microscopy-clean/runs/paper_gpu0/jobs/sr/swinir_with_li_seed42/attempt_001/console.log
  running sr/swinir_with_li_seed42 — 08:16:06; log: /home/leonidas/workspace/differentiable_micoscopy_replication/microscopy-clean/runs/paper_gpu0/jobs/sr/swinir_with_li_seed42/attempt_001/console.log
  running sr/swinir_with_li_seed42 — 08:16:36; log: /home/leonidas/workspace/differentiable_micoscopy_replication/microscopy-clean/runs/paper_gpu0/jobs/sr/swinir_with_li_seed42/attempt_001/console.log
  running sr/swinir_with_li_seed42 — 08:17:06; log: /home/leonidas/workspace/differentiable_micoscopy_replication/microscopy-clean/runs/paper_gpu0/jobs/sr/swinir_with_li_seed42/attempt_001/console.log
  running sr/swinir_with_li_seed42 — 08:17:36; log: /home/leonidas/workspace/differentiable_micoscopy_replication/microscopy-clean/runs/paper_gpu0/jobs/sr/swinir_with_li_seed42/attempt_001/console.log
  running sr/swinir_with_li_seed42 — 08:18:06; log: /home/leonidas/workspace/differentiable_micoscopy_replication/microscopy-clean/runs/paper_gpu0/jobs/sr/swinir_with_li_seed42/attempt_001/console.log
  running sr/swinir_with_li_seed42 — 08:18:36; log: /home/leonidas/workspace/differentiable_micoscopy_replication/microscopy-clean/runs/paper_gpu0/jobs/sr/swinir_with_li_seed42/attempt_001/console.log
  running sr/swinir_with_li_seed42 — 08:19:06; log: /home/leonidas/workspace/differentiable_micoscopy_replication/microscopy-clean/runs/paper_gpu0/jobs/sr/swinir_with_li_seed42/attempt_001/console.log
  running sr/swinir_with_li_seed42 — 08:19:36; log: /home/leonidas/workspace/differentiable_micoscopy_replication/microscopy-clean/runs/paper_gpu0/jobs/sr/swinir_with_li_seed42/attempt_001/console.log
  running sr/swinir_with_li_seed42 — 08:20:06; log: /home/leonidas/workspace/differentiable_micoscopy_replication/microscopy-clean/runs/paper_gpu0/jobs/sr/swinir_with_li_seed42/attempt_001/console.log
  running sr/swinir_with_li_seed42 — 08:20:36; log: /home/leonidas/workspace/differentiable_micoscopy_replication/microscopy-clean/runs/paper_gpu0/jobs/sr/swinir_with_li_seed42/attempt_001/console.log
  running sr/swinir_with_li_seed42 — 08:21:06; log: /home/leonidas/workspace/differentiable_micoscopy_replication/microscopy-clean/runs/paper_gpu0/jobs/sr/swinir_with_li_seed42/attempt_001/console.log
  running sr/swinir_with_li_seed42 — 08:21:36; log: /home/leonidas/workspace/differentiable_micoscopy_replication/microscopy-clean/runs/paper_gpu0/jobs/sr/swinir_with_li_seed42/attempt_001/console.log
  running sr/swinir_with_li_seed42 — 08:22:06; log: /home/leonidas/workspace/differentiable_micoscopy_replication/microscopy-clean/runs/paper_gpu0/jobs/sr/swinir_with_li_seed42/attempt_001/console.log
  running sr/swinir_with_li_seed42 — 08:22:36; log: /home/leonidas/workspace/differentiable_micoscopy_replication/microscopy-clean/runs/paper_gpu0/jobs/sr/swinir_with_li_seed42/attempt_001/console.log
  running sr/swinir_with_li_seed42 — 08:23:06; log: /home/leonidas/workspace/differentiable_micoscopy_replication/microscopy-clean/runs/paper_gpu0/jobs/sr/swinir_with_li_seed42/attempt_001/console.log
  running sr/swinir_with_li_seed42 — 08:23:36; log: /home/leonidas/workspace/differentiable_micoscopy_replication/microscopy-clean/runs/paper_gpu0/jobs/sr/swinir_with_li_seed42/attempt_001/console.log
  running sr/swinir_with_li_seed42 — 08:24:06; log: /home/leonidas/workspace/differentiable_micoscopy_replication/microscopy-clean/runs/paper_gpu0/jobs/sr/swinir_with_li_seed42/attempt_001/console.log
  running sr/swinir_with_li_seed42 — 08:24:36; log: /home/leonidas/workspace/differentiable_micoscopy_replication/microscopy-clean/runs/paper_gpu0/jobs/sr/swinir_with_li_seed42/attempt_001/console.log
  running sr/swinir_with_li_seed42 — 08:25:06; log: /home/leonidas/workspace/differentiable_micoscopy_replication/microscopy-clean/runs/paper_gpu0/jobs/sr/swinir_with_li_seed42/attempt_001/console.log
  running sr/swinir_with_li_seed42 — 08:25:36; log: /home/leonidas/workspace/differentiable_micoscopy_replication/microscopy-clean/runs/paper_gpu0/jobs/sr/swinir_with_li_seed42/attempt_001/console.log
  running sr/swinir_with_li_seed42 — 08:26:06; log: /home/leonidas/workspace/differentiable_micoscopy_replication/microscopy-clean/runs/paper_gpu0/jobs/sr/swinir_with_li_seed42/attempt_001/console.log
  running sr/swinir_with_li_seed42 — 08:26:36; log: /home/leonidas/workspace/differentiable_micoscopy_replication/microscopy-clean/runs/paper_gpu0/jobs/sr/swinir_with_li_seed42/attempt_001/console.log
  running sr/swinir_with_li_seed42 — 08:27:06; log: /home/leonidas/workspace/differentiable_micoscopy_replication/microscopy-clean/runs/paper_gpu0/jobs/sr/swinir_with_li_seed42/attempt_001/console.log
  running sr/swinir_with_li_seed42 — 08:27:36; log: /home/leonidas/workspace/differentiable_micoscopy_replication/microscopy-clean/runs/paper_gpu0/jobs/sr/swinir_with_li_seed42/attempt_001/console.log
  running sr/swinir_with_li_seed42 — 08:28:06; log: /home/leonidas/workspace/differentiable_micoscopy_replication/microscopy-clean/runs/paper_gpu0/jobs/sr/swinir_with_li_seed42/attempt_001/console.log
  running sr/swinir_with_li_seed42 — 08:28:36; log: /home/leonidas/workspace/differentiable_micoscopy_replication/microscopy-clean/runs/paper_gpu0/jobs/sr/swinir_with_li_seed42/attempt_001/console.log
  running sr/swinir_with_li_seed42 — 08:29:06; log: /home/leonidas/workspace/differentiable_micoscopy_replication/microscopy-clean/runs/paper_gpu0/jobs/sr/swinir_with_li_seed42/attempt_001/console.log
  running sr/swinir_with_li_seed42 — 08:29:36; log: /home/leonidas/workspace/differentiable_micoscopy_replication/microscopy-clean/runs/paper_gpu0/jobs/sr/swinir_with_li_seed42/attempt_001/console.log
  running sr/swinir_with_li_seed42 — 08:30:06; log: /home/leonidas/workspace/differentiable_micoscopy_replication/microscopy-clean/runs/paper_gpu0/jobs/sr/swinir_with_li_seed42/attempt_001/console.log
  running sr/swinir_with_li_seed42 — 08:30:36; log: /home/leonidas/workspace/differentiable_micoscopy_replication/microscopy-clean/runs/paper_gpu0/jobs/sr/swinir_with_li_seed42/attempt_001/console.log
  running sr/swinir_with_li_seed42 — 08:31:06; log: /home/leonidas/workspace/differentiable_micoscopy_replication/microscopy-clean/runs/paper_gpu0/jobs/sr/swinir_with_li_seed42/attempt_001/console.log
  running sr/swinir_with_li_seed42 — 08:31:36; log: /home/leonidas/workspace/differentiable_micoscopy_replication/microscopy-clean/runs/paper_gpu0/jobs/sr/swinir_with_li_seed42/attempt_001/console.log
  running sr/swinir_with_li_seed42 — 08:32:06; log: /home/leonidas/workspace/differentiable_micoscopy_replication/microscopy-clean/runs/paper_gpu0/jobs/sr/swinir_with_li_seed42/attempt_001/console.log
  running sr/swinir_with_li_seed42 — 08:32:36; log: /home/leonidas/workspace/differentiable_micoscopy_replication/microscopy-clean/runs/paper_gpu0/jobs/sr/swinir_with_li_seed42/attempt_001/console.log
  running sr/swinir_with_li_seed42 — 08:33:06; log: /home/leonidas/workspace/differentiable_micoscopy_replication/microscopy-clean/runs/paper_gpu0/jobs/sr/swinir_with_li_seed42/attempt_001/console.log
  running sr/swinir_with_li_seed42 — 08:33:36; log: /home/leonidas/workspace/differentiable_micoscopy_replication/microscopy-clean/runs/paper_gpu0/jobs/sr/swinir_with_li_seed42/attempt_001/console.log
  running sr/swinir_with_li_seed42 — 08:34:06; log: /home/leonidas/workspace/differentiable_micoscopy_replication/microscopy-clean/runs/paper_gpu0/jobs/sr/swinir_with_li_seed42/attempt_001/console.log
  running sr/swinir_with_li_seed42 — 08:34:36; log: /home/leonidas/workspace/differentiable_micoscopy_replication/microscopy-clean/runs/paper_gpu0/jobs/sr/swinir_with_li_seed42/attempt_001/console.log
  running sr/swinir_with_li_seed42 — 08:35:06; log: /home/leonidas/workspace/differentiable_micoscopy_replication/microscopy-clean/runs/paper_gpu0/jobs/sr/swinir_with_li_seed42/attempt_001/console.log
  running sr/swinir_with_li_seed42 — 08:35:36; log: /home/leonidas/workspace/differentiable_micoscopy_replication/microscopy-clean/runs/paper_gpu0/jobs/sr/swinir_with_li_seed42/attempt_001/console.log
  running sr/swinir_with_li_seed42 — 08:36:06; log: /home/leonidas/workspace/differentiable_micoscopy_replication/microscopy-clean/runs/paper_gpu0/jobs/sr/swinir_with_li_seed42/attempt_001/console.log
  running sr/swinir_with_li_seed42 — 08:36:36; log: /home/leonidas/workspace/differentiable_micoscopy_replication/microscopy-clean/runs/paper_gpu0/jobs/sr/swinir_with_li_seed42/attempt_001/console.log
  running sr/swinir_with_li_seed42 — 08:37:06; log: /home/leonidas/workspace/differentiable_micoscopy_replication/microscopy-clean/runs/paper_gpu0/jobs/sr/swinir_with_li_seed42/attempt_001/console.log
  running sr/swinir_with_li_seed42 — 08:37:36; log: /home/leonidas/workspace/differentiable_micoscopy_replication/microscopy-clean/runs/paper_gpu0/jobs/sr/swinir_with_li_seed42/attempt_001/console.log
  running sr/swinir_with_li_seed42 — 08:38:06; log: /home/leonidas/workspace/differentiable_micoscopy_replication/microscopy-clean/runs/paper_gpu0/jobs/sr/swinir_with_li_seed42/attempt_001/console.log
  running sr/swinir_with_li_seed42 — 08:38:36; log: /home/leonidas/workspace/differentiable_micoscopy_replication/microscopy-clean/runs/paper_gpu0/jobs/sr/swinir_with_li_seed42/attempt_001/console.log
  running sr/swinir_with_li_seed42 — 08:39:06; log: /home/leonidas/workspace/differentiable_micoscopy_replication/microscopy-clean/runs/paper_gpu0/jobs/sr/swinir_with_li_seed42/attempt_001/console.log
  running sr/swinir_with_li_seed42 — 08:39:36; log: /home/leonidas/workspace/differentiable_micoscopy_replication/microscopy-clean/runs/paper_gpu0/jobs/sr/swinir_with_li_seed42/attempt_001/console.log
  running sr/swinir_with_li_seed42 — 08:40:06; log: /home/leonidas/workspace/differentiable_micoscopy_replication/microscopy-clean/runs/paper_gpu0/jobs/sr/swinir_with_li_seed42/attempt_001/console.log
  running sr/swinir_with_li_seed42 — 08:40:36; log: /home/leonidas/workspace/differentiable_micoscopy_replication/microscopy-clean/runs/paper_gpu0/jobs/sr/swinir_with_li_seed42/attempt_001/console.log
  running sr/swinir_with_li_seed42 — 08:41:06; log: /home/leonidas/workspace/differentiable_micoscopy_replication/microscopy-clean/runs/paper_gpu0/jobs/sr/swinir_with_li_seed42/attempt_001/console.log
  running sr/swinir_with_li_seed42 — 08:41:36; log: /home/leonidas/workspace/differentiable_micoscopy_replication/microscopy-clean/runs/paper_gpu0/jobs/sr/swinir_with_li_seed42/attempt_001/console.log
  running sr/swinir_with_li_seed42 — 08:42:06; log: /home/leonidas/workspace/differentiable_micoscopy_replication/microscopy-clean/runs/paper_gpu0/jobs/sr/swinir_with_li_seed42/attempt_001/console.log
  running sr/swinir_with_li_seed42 — 08:42:36; log: /home/leonidas/workspace/differentiable_micoscopy_replication/microscopy-clean/runs/paper_gpu0/jobs/sr/swinir_with_li_seed42/attempt_001/console.log
  running sr/swinir_with_li_seed42 — 08:43:06; log: /home/leonidas/workspace/differentiable_micoscopy_replication/microscopy-clean/runs/paper_gpu0/jobs/sr/swinir_with_li_seed42/attempt_001/console.log
  running sr/swinir_with_li_seed42 — 08:43:36; log: /home/leonidas/workspace/differentiable_micoscopy_replication/microscopy-clean/runs/paper_gpu0/jobs/sr/swinir_with_li_seed42/attempt_001/console.log
  running sr/swinir_with_li_seed42 — 08:44:06; log: /home/leonidas/workspace/differentiable_micoscopy_replication/microscopy-clean/runs/paper_gpu0/jobs/sr/swinir_with_li_seed42/attempt_001/console.log
  running sr/swinir_with_li_seed42 — 08:44:36; log: /home/leonidas/workspace/differentiable_micoscopy_replication/microscopy-clean/runs/paper_gpu0/jobs/sr/swinir_with_li_seed42/attempt_001/console.log
  running sr/swinir_with_li_seed42 — 08:45:06; log: /home/leonidas/workspace/differentiable_micoscopy_replication/microscopy-clean/runs/paper_gpu0/jobs/sr/swinir_with_li_seed42/attempt_001/console.log
  running sr/swinir_with_li_seed42 — 08:45:36; log: /home/leonidas/workspace/differentiable_micoscopy_replication/microscopy-clean/runs/paper_gpu0/jobs/sr/swinir_with_li_seed42/attempt_001/console.log
  running sr/swinir_with_li_seed42 — 08:46:06; log: /home/leonidas/workspace/differentiable_micoscopy_replication/microscopy-clean/runs/paper_gpu0/jobs/sr/swinir_with_li_seed42/attempt_001/console.log
  running sr/swinir_with_li_seed42 — 08:46:36; log: /home/leonidas/workspace/differentiable_micoscopy_replication/microscopy-clean/runs/paper_gpu0/jobs/sr/swinir_with_li_seed42/attempt_001/console.log
  running sr/swinir_with_li_seed42 — 08:47:06; log: /home/leonidas/workspace/differentiable_micoscopy_replication/microscopy-clean/runs/paper_gpu0/jobs/sr/swinir_with_li_seed42/attempt_001/console.log
  running sr/swinir_with_li_seed42 — 08:47:36; log: /home/leonidas/workspace/differentiable_micoscopy_replication/microscopy-clean/runs/paper_gpu0/jobs/sr/swinir_with_li_seed42/attempt_001/console.log
  running sr/swinir_with_li_seed42 — 08:48:06; log: /home/leonidas/workspace/differentiable_micoscopy_replication/microscopy-clean/runs/paper_gpu0/jobs/sr/swinir_with_li_seed42/attempt_001/console.log
  running sr/swinir_with_li_seed42 — 08:48:36; log: /home/leonidas/workspace/differentiable_micoscopy_replication/microscopy-clean/runs/paper_gpu0/jobs/sr/swinir_with_li_seed42/attempt_001/console.log
  running sr/swinir_with_li_seed42 — 08:49:06; log: /home/leonidas/workspace/differentiable_micoscopy_replication/microscopy-clean/runs/paper_gpu0/jobs/sr/swinir_with_li_seed42/attempt_001/console.log
  running sr/swinir_with_li_seed42 — 08:49:36; log: /home/leonidas/workspace/differentiable_micoscopy_replication/microscopy-clean/runs/paper_gpu0/jobs/sr/swinir_with_li_seed42/attempt_001/console.log
  running sr/swinir_with_li_seed42 — 08:50:06; log: /home/leonidas/workspace/differentiable_micoscopy_replication/microscopy-clean/runs/paper_gpu0/jobs/sr/swinir_with_li_seed42/attempt_001/console.log
  running sr/swinir_with_li_seed42 — 08:50:36; log: /home/leonidas/workspace/differentiable_micoscopy_replication/microscopy-clean/runs/paper_gpu0/jobs/sr/swinir_with_li_seed42/attempt_001/console.log
  running sr/swinir_with_li_seed42 — 08:51:06; log: /home/leonidas/workspace/differentiable_micoscopy_replication/microscopy-clean/runs/paper_gpu0/jobs/sr/swinir_with_li_seed42/attempt_001/console.log
  running sr/swinir_with_li_seed42 — 08:51:36; log: /home/leonidas/workspace/differentiable_micoscopy_replication/microscopy-clean/runs/paper_gpu0/jobs/sr/swinir_with_li_seed42/attempt_001/console.log
  running sr/swinir_with_li_seed42 — 08:52:06; log: /home/leonidas/workspace/differentiable_micoscopy_replication/microscopy-clean/runs/paper_gpu0/jobs/sr/swinir_with_li_seed42/attempt_001/console.log
  running sr/swinir_with_li_seed42 — 08:52:36; log: /home/leonidas/workspace/differentiable_micoscopy_replication/microscopy-clean/runs/paper_gpu0/jobs/sr/swinir_with_li_seed42/attempt_001/console.log
  running sr/swinir_with_li_seed42 — 08:53:06; log: /home/leonidas/workspace/differentiable_micoscopy_replication/microscopy-clean/runs/paper_gpu0/jobs/sr/swinir_with_li_seed42/attempt_001/console.log
  running sr/swinir_with_li_seed42 — 08:53:36; log: /home/leonidas/workspace/differentiable_micoscopy_replication/microscopy-clean/runs/paper_gpu0/jobs/sr/swinir_with_li_seed42/attempt_001/console.log
  running sr/swinir_with_li_seed42 — 08:54:06; log: /home/leonidas/workspace/differentiable_micoscopy_replication/microscopy-clean/runs/paper_gpu0/jobs/sr/swinir_with_li_seed42/attempt_001/console.log
  running sr/swinir_with_li_seed42 — 08:54:36; log: /home/leonidas/workspace/differentiable_micoscopy_replication/microscopy-clean/runs/paper_gpu0/jobs/sr/swinir_with_li_seed42/attempt_001/console.log
  running sr/swinir_with_li_seed42 — 08:55:06; log: /home/leonidas/workspace/differentiable_micoscopy_replication/microscopy-clean/runs/paper_gpu0/jobs/sr/swinir_with_li_seed42/attempt_001/console.log
  running sr/swinir_with_li_seed42 — 08:55:36; log: /home/leonidas/workspace/differentiable_micoscopy_replication/microscopy-clean/runs/paper_gpu0/jobs/sr/swinir_with_li_seed42/attempt_001/console.log
  running sr/swinir_with_li_seed42 — 08:56:06; log: /home/leonidas/workspace/differentiable_micoscopy_replication/microscopy-clean/runs/paper_gpu0/jobs/sr/swinir_with_li_seed42/attempt_001/console.log
  running sr/swinir_with_li_seed42 — 08:56:36; log: /home/leonidas/workspace/differentiable_micoscopy_replication/microscopy-clean/runs/paper_gpu0/jobs/sr/swinir_with_li_seed42/attempt_001/console.log
  running sr/swinir_with_li_seed42 — 08:57:06; log: /home/leonidas/workspace/differentiable_micoscopy_replication/microscopy-clean/runs/paper_gpu0/jobs/sr/swinir_with_li_seed42/attempt_001/console.log
  running sr/swinir_with_li_seed42 — 08:57:36; log: /home/leonidas/workspace/differentiable_micoscopy_replication/microscopy-clean/runs/paper_gpu0/jobs/sr/swinir_with_li_seed42/attempt_001/console.log
  running sr/swinir_with_li_seed42 — 08:58:06; log: /home/leonidas/workspace/differentiable_micoscopy_replication/microscopy-clean/runs/paper_gpu0/jobs/sr/swinir_with_li_seed42/attempt_001/console.log
  running sr/swinir_with_li_seed42 — 08:58:36; log: /home/leonidas/workspace/differentiable_micoscopy_replication/microscopy-clean/runs/paper_gpu0/jobs/sr/swinir_with_li_seed42/attempt_001/console.log
  running sr/swinir_with_li_seed42 — 08:59:06; log: /home/leonidas/workspace/differentiable_micoscopy_replication/microscopy-clean/runs/paper_gpu0/jobs/sr/swinir_with_li_seed42/attempt_001/console.log
  running sr/swinir_with_li_seed42 — 08:59:36; log: /home/leonidas/workspace/differentiable_micoscopy_replication/microscopy-clean/runs/paper_gpu0/jobs/sr/swinir_with_li_seed42/attempt_001/console.log
  running sr/swinir_with_li_seed42 — 09:00:06; log: /home/leonidas/workspace/differentiable_micoscopy_replication/microscopy-clean/runs/paper_gpu0/jobs/sr/swinir_with_li_seed42/attempt_001/console.log
  running sr/swinir_with_li_seed42 — 09:00:36; log: /home/leonidas/workspace/differentiable_micoscopy_replication/microscopy-clean/runs/paper_gpu0/jobs/sr/swinir_with_li_seed42/attempt_001/console.log
  running sr/swinir_with_li_seed42 — 09:01:06; log: /home/leonidas/workspace/differentiable_micoscopy_replication/microscopy-clean/runs/paper_gpu0/jobs/sr/swinir_with_li_seed42/attempt_001/console.log
  running sr/swinir_with_li_seed42 — 09:01:36; log: /home/leonidas/workspace/differentiable_micoscopy_replication/microscopy-clean/runs/paper_gpu0/jobs/sr/swinir_with_li_seed42/attempt_001/console.log
  running sr/swinir_with_li_seed42 — 09:02:06; log: /home/leonidas/workspace/differentiable_micoscopy_replication/microscopy-clean/runs/paper_gpu0/jobs/sr/swinir_with_li_seed42/attempt_001/console.log
  running sr/swinir_with_li_seed42 — 09:02:36; log: /home/leonidas/workspace/differentiable_micoscopy_replication/microscopy-clean/runs/paper_gpu0/jobs/sr/swinir_with_li_seed42/attempt_001/console.log
  running sr/swinir_with_li_seed42 — 09:03:06; log: /home/leonidas/workspace/differentiable_micoscopy_replication/microscopy-clean/runs/paper_gpu0/jobs/sr/swinir_with_li_seed42/attempt_001/console.log
  running sr/swinir_with_li_seed42 — 09:03:36; log: /home/leonidas/workspace/differentiable_micoscopy_replication/microscopy-clean/runs/paper_gpu0/jobs/sr/swinir_with_li_seed42/attempt_001/console.log
  running sr/swinir_with_li_seed42 — 09:04:06; log: /home/leonidas/workspace/differentiable_micoscopy_replication/microscopy-clean/runs/paper_gpu0/jobs/sr/swinir_with_li_seed42/attempt_001/console.log
  running sr/swinir_with_li_seed42 — 09:04:36; log: /home/leonidas/workspace/differentiable_micoscopy_replication/microscopy-clean/runs/paper_gpu0/jobs/sr/swinir_with_li_seed42/attempt_001/console.log
  running sr/swinir_with_li_seed42 — 09:05:06; log: /home/leonidas/workspace/differentiable_micoscopy_replication/microscopy-clean/runs/paper_gpu0/jobs/sr/swinir_with_li_seed42/attempt_001/console.log
  running sr/swinir_with_li_seed42 — 09:05:36; log: /home/leonidas/workspace/differentiable_micoscopy_replication/microscopy-clean/runs/paper_gpu0/jobs/sr/swinir_with_li_seed42/attempt_001/console.log
  running sr/swinir_with_li_seed42 — 09:06:06; log: /home/leonidas/workspace/differentiable_micoscopy_replication/microscopy-clean/runs/paper_gpu0/jobs/sr/swinir_with_li_seed42/attempt_001/console.log
  running sr/swinir_with_li_seed42 — 09:06:36; log: /home/leonidas/workspace/differentiable_micoscopy_replication/microscopy-clean/runs/paper_gpu0/jobs/sr/swinir_with_li_seed42/attempt_001/console.log
  running sr/swinir_with_li_seed42 — 09:07:06; log: /home/leonidas/workspace/differentiable_micoscopy_replication/microscopy-clean/runs/paper_gpu0/jobs/sr/swinir_with_li_seed42/attempt_001/console.log
  running sr/swinir_with_li_seed42 — 09:07:36; log: /home/leonidas/workspace/differentiable_micoscopy_replication/microscopy-clean/runs/paper_gpu0/jobs/sr/swinir_with_li_seed42/attempt_001/console.log
  running sr/swinir_with_li_seed42 — 09:08:06; log: /home/leonidas/workspace/differentiable_micoscopy_replication/microscopy-clean/runs/paper_gpu0/jobs/sr/swinir_with_li_seed42/attempt_001/console.log
  running sr/swinir_with_li_seed42 — 09:08:36; log: /home/leonidas/workspace/differentiable_micoscopy_replication/microscopy-clean/runs/paper_gpu0/jobs/sr/swinir_with_li_seed42/attempt_001/console.log
  running sr/swinir_with_li_seed42 — 09:09:06; log: /home/leonidas/workspace/differentiable_micoscopy_replication/microscopy-clean/runs/paper_gpu0/jobs/sr/swinir_with_li_seed42/attempt_001/console.log
  running sr/swinir_with_li_seed42 — 09:09:36; log: /home/leonidas/workspace/differentiable_micoscopy_replication/microscopy-clean/runs/paper_gpu0/jobs/sr/swinir_with_li_seed42/attempt_001/console.log
  running sr/swinir_with_li_seed42 — 09:10:06; log: /home/leonidas/workspace/differentiable_micoscopy_replication/microscopy-clean/runs/paper_gpu0/jobs/sr/swinir_with_li_seed42/attempt_001/console.log
  running sr/swinir_with_li_seed42 — 09:10:36; log: /home/leonidas/workspace/differentiable_micoscopy_replication/microscopy-clean/runs/paper_gpu0/jobs/sr/swinir_with_li_seed42/attempt_001/console.log
  running sr/swinir_with_li_seed42 — 09:11:06; log: /home/leonidas/workspace/differentiable_micoscopy_replication/microscopy-clean/runs/paper_gpu0/jobs/sr/swinir_with_li_seed42/attempt_001/console.log
  running sr/swinir_with_li_seed42 — 09:11:36; log: /home/leonidas/workspace/differentiable_micoscopy_replication/microscopy-clean/runs/paper_gpu0/jobs/sr/swinir_with_li_seed42/attempt_001/console.log
  running sr/swinir_with_li_seed42 — 09:12:06; log: /home/leonidas/workspace/differentiable_micoscopy_replication/microscopy-clean/runs/paper_gpu0/jobs/sr/swinir_with_li_seed42/attempt_001/console.log
  running sr/swinir_with_li_seed42 — 09:12:36; log: /home/leonidas/workspace/differentiable_micoscopy_replication/microscopy-clean/runs/paper_gpu0/jobs/sr/swinir_with_li_seed42/attempt_001/console.log
  running sr/swinir_with_li_seed42 — 09:13:06; log: /home/leonidas/workspace/differentiable_micoscopy_replication/microscopy-clean/runs/paper_gpu0/jobs/sr/swinir_with_li_seed42/attempt_001/console.log
  running sr/swinir_with_li_seed42 — 09:13:36; log: /home/leonidas/workspace/differentiable_micoscopy_replication/microscopy-clean/runs/paper_gpu0/jobs/sr/swinir_with_li_seed42/attempt_001/console.log
  running sr/swinir_with_li_seed42 — 09:14:06; log: /home/leonidas/workspace/differentiable_micoscopy_replication/microscopy-clean/runs/paper_gpu0/jobs/sr/swinir_with_li_seed42/attempt_001/console.log
  running sr/swinir_with_li_seed42 — 09:14:36; log: /home/leonidas/workspace/differentiable_micoscopy_replication/microscopy-clean/runs/paper_gpu0/jobs/sr/swinir_with_li_seed42/attempt_001/console.log
  running sr/swinir_with_li_seed42 — 09:15:06; log: /home/leonidas/workspace/differentiable_micoscopy_replication/microscopy-clean/runs/paper_gpu0/jobs/sr/swinir_with_li_seed42/attempt_001/console.log
  running sr/swinir_with_li_seed42 — 09:15:36; log: /home/leonidas/workspace/differentiable_micoscopy_replication/microscopy-clean/runs/paper_gpu0/jobs/sr/swinir_with_li_seed42/attempt_001/console.log
  running sr/swinir_with_li_seed42 — 09:16:06; log: /home/leonidas/workspace/differentiable_micoscopy_replication/microscopy-clean/runs/paper_gpu0/jobs/sr/swinir_with_li_seed42/attempt_001/console.log
  running sr/swinir_with_li_seed42 — 09:16:36; log: /home/leonidas/workspace/differentiable_micoscopy_replication/microscopy-clean/runs/paper_gpu0/jobs/sr/swinir_with_li_seed42/attempt_001/console.log
  running sr/swinir_with_li_seed42 — 09:17:06; log: /home/leonidas/workspace/differentiable_micoscopy_replication/microscopy-clean/runs/paper_gpu0/jobs/sr/swinir_with_li_seed42/attempt_001/console.log
  running sr/swinir_with_li_seed42 — 09:17:36; log: /home/leonidas/workspace/differentiable_micoscopy_replication/microscopy-clean/runs/paper_gpu0/jobs/sr/swinir_with_li_seed42/attempt_001/console.log
  running sr/swinir_with_li_seed42 — 09:18:06; log: /home/leonidas/workspace/differentiable_micoscopy_replication/microscopy-clean/runs/paper_gpu0/jobs/sr/swinir_with_li_seed42/attempt_001/console.log
  running sr/swinir_with_li_seed42 — 09:18:36; log: /home/leonidas/workspace/differentiable_micoscopy_replication/microscopy-clean/runs/paper_gpu0/jobs/sr/swinir_with_li_seed42/attempt_001/console.log
  completed sr/swinir_with_li_seed42
[21/48] starting sr/swinir_wo_li_seed43 (attempt 1)
Log: /home/leonidas/workspace/differentiable_micoscopy_replication/microscopy-clean/runs/paper_gpu0/jobs/sr/swinir_wo_li_seed43/attempt_001/console.log
  running sr/swinir_wo_li_seed43 — 09:19:24; log: /home/leonidas/workspace/differentiable_micoscopy_replication/microscopy-clean/runs/paper_gpu0/jobs/sr/swinir_wo_li_seed43/attempt_001/console.log
  running sr/swinir_wo_li_seed43 — 09:19:54; log: /home/leonidas/workspace/differentiable_micoscopy_replication/microscopy-clean/runs/paper_gpu0/jobs/sr/swinir_wo_li_seed43/attempt_001/console.log
  running sr/swinir_wo_li_seed43 — 09:20:24; log: /home/leonidas/workspace/differentiable_micoscopy_replication/microscopy-clean/runs/paper_gpu0/jobs/sr/swinir_wo_li_seed43/attempt_001/console.log
  running sr/swinir_wo_li_seed43 — 09:20:54; log: /home/leonidas/workspace/differentiable_micoscopy_replication/microscopy-clean/runs/paper_gpu0/jobs/sr/swinir_wo_li_seed43/attempt_001/console.log
  running sr/swinir_wo_li_seed43 — 09:21:24; log: /home/leonidas/workspace/differentiable_micoscopy_replication/microscopy-clean/runs/paper_gpu0/jobs/sr/swinir_wo_li_seed43/attempt_001/console.log
  running sr/swinir_wo_li_seed43 — 09:21:54; log: /home/leonidas/workspace/differentiable_micoscopy_replication/microscopy-clean/runs/paper_gpu0/jobs/sr/swinir_wo_li_seed43/attempt_001/console.log
  running sr/swinir_wo_li_seed43 — 09:22:24; log: /home/leonidas/workspace/differentiable_micoscopy_replication/microscopy-clean/runs/paper_gpu0/jobs/sr/swinir_wo_li_seed43/attempt_001/console.log
  running sr/swinir_wo_li_seed43 — 09:22:54; log: /home/leonidas/workspace/differentiable_micoscopy_replication/microscopy-clean/runs/paper_gpu0/jobs/sr/swinir_wo_li_seed43/attempt_001/console.log
  running sr/swinir_wo_li_seed43 — 09:23:24; log: /home/leonidas/workspace/differentiable_micoscopy_replication/microscopy-clean/runs/paper_gpu0/jobs/sr/swinir_wo_li_seed43/attempt_001/console.log
  running sr/swinir_wo_li_seed43 — 09:23:54; log: /home/leonidas/workspace/differentiable_micoscopy_replication/microscopy-clean/runs/paper_gpu0/jobs/sr/swinir_wo_li_seed43/attempt_001/console.log
  running sr/swinir_wo_li_seed43 — 09:24:24; log: /home/leonidas/workspace/differentiable_micoscopy_replication/microscopy-clean/runs/paper_gpu0/jobs/sr/swinir_wo_li_seed43/attempt_001/console.log
  running sr/swinir_wo_li_seed43 — 09:24:54; log: /home/leonidas/workspace/differentiable_micoscopy_replication/microscopy-clean/runs/paper_gpu0/jobs/sr/swinir_wo_li_seed43/attempt_001/console.log
  running sr/swinir_wo_li_seed43 — 09:25:24; log: /home/leonidas/workspace/differentiable_micoscopy_replication/microscopy-clean/runs/paper_gpu0/jobs/sr/swinir_wo_li_seed43/attempt_001/console.log
  running sr/swinir_wo_li_seed43 — 09:25:54; log: /home/leonidas/workspace/differentiable_micoscopy_replication/microscopy-clean/runs/paper_gpu0/jobs/sr/swinir_wo_li_seed43/attempt_001/console.log
  running sr/swinir_wo_li_seed43 — 09:26:24; log: /home/leonidas/workspace/differentiable_micoscopy_replication/microscopy-clean/runs/paper_gpu0/jobs/sr/swinir_wo_li_seed43/attempt_001/console.log
  running sr/swinir_wo_li_seed43 — 09:26:54; log: /home/leonidas/workspace/differentiable_micoscopy_replication/microscopy-clean/runs/paper_gpu0/jobs/sr/swinir_wo_li_seed43/attempt_001/console.log
  running sr/swinir_wo_li_seed43 — 09:27:24; log: /home/leonidas/workspace/differentiable_micoscopy_replication/microscopy-clean/runs/paper_gpu0/jobs/sr/swinir_wo_li_seed43/attempt_001/console.log
  running sr/swinir_wo_li_seed43 — 09:27:54; log: /home/leonidas/workspace/differentiable_micoscopy_replication/microscopy-clean/runs/paper_gpu0/jobs/sr/swinir_wo_li_seed43/attempt_001/console.log
  running sr/swinir_wo_li_seed43 — 09:28:24; log: /home/leonidas/workspace/differentiable_micoscopy_replication/microscopy-clean/runs/paper_gpu0/jobs/sr/swinir_wo_li_seed43/attempt_001/console.log
  running sr/swinir_wo_li_seed43 — 09:28:54; log: /home/leonidas/workspace/differentiable_micoscopy_replication/microscopy-clean/runs/paper_gpu0/jobs/sr/swinir_wo_li_seed43/attempt_001/console.log
  running sr/swinir_wo_li_seed43 — 09:29:24; log: /home/leonidas/workspace/differentiable_micoscopy_replication/microscopy-clean/runs/paper_gpu0/jobs/sr/swinir_wo_li_seed43/attempt_001/console.log
  running sr/swinir_wo_li_seed43 — 09:29:54; log: /home/leonidas/workspace/differentiable_micoscopy_replication/microscopy-clean/runs/paper_gpu0/jobs/sr/swinir_wo_li_seed43/attempt_001/console.log
  running sr/swinir_wo_li_seed43 — 09:30:24; log: /home/leonidas/workspace/differentiable_micoscopy_replication/microscopy-clean/runs/paper_gpu0/jobs/sr/swinir_wo_li_seed43/attempt_001/console.log
  running sr/swinir_wo_li_seed43 — 09:30:54; log: /home/leonidas/workspace/differentiable_micoscopy_replication/microscopy-clean/runs/paper_gpu0/jobs/sr/swinir_wo_li_seed43/attempt_001/console.log
  running sr/swinir_wo_li_seed43 — 09:31:24; log: /home/leonidas/workspace/differentiable_micoscopy_replication/microscopy-clean/runs/paper_gpu0/jobs/sr/swinir_wo_li_seed43/attempt_001/console.log
  running sr/swinir_wo_li_seed43 — 09:31:54; log: /home/leonidas/workspace/differentiable_micoscopy_replication/microscopy-clean/runs/paper_gpu0/jobs/sr/swinir_wo_li_seed43/attempt_001/console.log
  running sr/swinir_wo_li_seed43 — 09:32:24; log: /home/leonidas/workspace/differentiable_micoscopy_replication/microscopy-clean/runs/paper_gpu0/jobs/sr/swinir_wo_li_seed43/attempt_001/console.log
  running sr/swinir_wo_li_seed43 — 09:32:54; log: /home/leonidas/workspace/differentiable_micoscopy_replication/microscopy-clean/runs/paper_gpu0/jobs/sr/swinir_wo_li_seed43/attempt_001/console.log
  running sr/swinir_wo_li_seed43 — 09:33:24; log: /home/leonidas/workspace/differentiable_micoscopy_replication/microscopy-clean/runs/paper_gpu0/jobs/sr/swinir_wo_li_seed43/attempt_001/console.log
  running sr/swinir_wo_li_seed43 — 09:33:54; log: /home/leonidas/workspace/differentiable_micoscopy_replication/microscopy-clean/runs/paper_gpu0/jobs/sr/swinir_wo_li_seed43/attempt_001/console.log
  running sr/swinir_wo_li_seed43 — 09:34:24; log: /home/leonidas/workspace/differentiable_micoscopy_replication/microscopy-clean/runs/paper_gpu0/jobs/sr/swinir_wo_li_seed43/attempt_001/console.log
  running sr/swinir_wo_li_seed43 — 09:34:54; log: /home/leonidas/workspace/differentiable_micoscopy_replication/microscopy-clean/runs/paper_gpu0/jobs/sr/swinir_wo_li_seed43/attempt_001/console.log
  running sr/swinir_wo_li_seed43 — 09:35:24; log: /home/leonidas/workspace/differentiable_micoscopy_replication/microscopy-clean/runs/paper_gpu0/jobs/sr/swinir_wo_li_seed43/attempt_001/console.log
  running sr/swinir_wo_li_seed43 — 09:35:54; log: /home/leonidas/workspace/differentiable_micoscopy_replication/microscopy-clean/runs/paper_gpu0/jobs/sr/swinir_wo_li_seed43/attempt_001/console.log
  running sr/swinir_wo_li_seed43 — 09:36:24; log: /home/leonidas/workspace/differentiable_micoscopy_replication/microscopy-clean/runs/paper_gpu0/jobs/sr/swinir_wo_li_seed43/attempt_001/console.log
  running sr/swinir_wo_li_seed43 — 09:36:54; log: /home/leonidas/workspace/differentiable_micoscopy_replication/microscopy-clean/runs/paper_gpu0/jobs/sr/swinir_wo_li_seed43/attempt_001/console.log
  running sr/swinir_wo_li_seed43 — 09:37:24; log: /home/leonidas/workspace/differentiable_micoscopy_replication/microscopy-clean/runs/paper_gpu0/jobs/sr/swinir_wo_li_seed43/attempt_001/console.log
  running sr/swinir_wo_li_seed43 — 09:37:54; log: /home/leonidas/workspace/differentiable_micoscopy_replication/microscopy-clean/runs/paper_gpu0/jobs/sr/swinir_wo_li_seed43/attempt_001/console.log
  running sr/swinir_wo_li_seed43 — 09:38:24; log: /home/leonidas/workspace/differentiable_micoscopy_replication/microscopy-clean/runs/paper_gpu0/jobs/sr/swinir_wo_li_seed43/attempt_001/console.log
  running sr/swinir_wo_li_seed43 — 09:38:54; log: /home/leonidas/workspace/differentiable_micoscopy_replication/microscopy-clean/runs/paper_gpu0/jobs/sr/swinir_wo_li_seed43/attempt_001/console.log
  running sr/swinir_wo_li_seed43 — 09:39:24; log: /home/leonidas/workspace/differentiable_micoscopy_replication/microscopy-clean/runs/paper_gpu0/jobs/sr/swinir_wo_li_seed43/attempt_001/console.log
  running sr/swinir_wo_li_seed43 — 09:39:54; log: /home/leonidas/workspace/differentiable_micoscopy_replication/microscopy-clean/runs/paper_gpu0/jobs/sr/swinir_wo_li_seed43/attempt_001/console.log
  running sr/swinir_wo_li_seed43 — 09:40:24; log: /home/leonidas/workspace/differentiable_micoscopy_replication/microscopy-clean/runs/paper_gpu0/jobs/sr/swinir_wo_li_seed43/attempt_001/console.log
  running sr/swinir_wo_li_seed43 — 09:40:54; log: /home/leonidas/workspace/differentiable_micoscopy_replication/microscopy-clean/runs/paper_gpu0/jobs/sr/swinir_wo_li_seed43/attempt_001/console.log
  running sr/swinir_wo_li_seed43 — 09:41:24; log: /home/leonidas/workspace/differentiable_micoscopy_replication/microscopy-clean/runs/paper_gpu0/jobs/sr/swinir_wo_li_seed43/attempt_001/console.log
  running sr/swinir_wo_li_seed43 — 09:41:54; log: /home/leonidas/workspace/differentiable_micoscopy_replication/microscopy-clean/runs/paper_gpu0/jobs/sr/swinir_wo_li_seed43/attempt_001/console.log
  running sr/swinir_wo_li_seed43 — 09:42:24; log: /home/leonidas/workspace/differentiable_micoscopy_replication/microscopy-clean/runs/paper_gpu0/jobs/sr/swinir_wo_li_seed43/attempt_001/console.log
  running sr/swinir_wo_li_seed43 — 09:42:54; log: /home/leonidas/workspace/differentiable_micoscopy_replication/microscopy-clean/runs/paper_gpu0/jobs/sr/swinir_wo_li_seed43/attempt_001/console.log
  running sr/swinir_wo_li_seed43 — 09:43:24; log: /home/leonidas/workspace/differentiable_micoscopy_replication/microscopy-clean/runs/paper_gpu0/jobs/sr/swinir_wo_li_seed43/attempt_001/console.log
  running sr/swinir_wo_li_seed43 — 09:43:54; log: /home/leonidas/workspace/differentiable_micoscopy_replication/microscopy-clean/runs/paper_gpu0/jobs/sr/swinir_wo_li_seed43/attempt_001/console.log
  running sr/swinir_wo_li_seed43 — 09:44:24; log: /home/leonidas/workspace/differentiable_micoscopy_replication/microscopy-clean/runs/paper_gpu0/jobs/sr/swinir_wo_li_seed43/attempt_001/console.log
  running sr/swinir_wo_li_seed43 — 09:44:54; log: /home/leonidas/workspace/differentiable_micoscopy_replication/microscopy-clean/runs/paper_gpu0/jobs/sr/swinir_wo_li_seed43/attempt_001/console.log
  running sr/swinir_wo_li_seed43 — 09:45:24; log: /home/leonidas/workspace/differentiable_micoscopy_replication/microscopy-clean/runs/paper_gpu0/jobs/sr/swinir_wo_li_seed43/attempt_001/console.log
  running sr/swinir_wo_li_seed43 — 09:45:54; log: /home/leonidas/workspace/differentiable_micoscopy_replication/microscopy-clean/runs/paper_gpu0/jobs/sr/swinir_wo_li_seed43/attempt_001/console.log
  running sr/swinir_wo_li_seed43 — 09:46:24; log: /home/leonidas/workspace/differentiable_micoscopy_replication/microscopy-clean/runs/paper_gpu0/jobs/sr/swinir_wo_li_seed43/attempt_001/console.log
  running sr/swinir_wo_li_seed43 — 09:46:54; log: /home/leonidas/workspace/differentiable_micoscopy_replication/microscopy-clean/runs/paper_gpu0/jobs/sr/swinir_wo_li_seed43/attempt_001/console.log
  running sr/swinir_wo_li_seed43 — 09:47:24; log: /home/leonidas/workspace/differentiable_micoscopy_replication/microscopy-clean/runs/paper_gpu0/jobs/sr/swinir_wo_li_seed43/attempt_001/console.log
  running sr/swinir_wo_li_seed43 — 09:47:54; log: /home/leonidas/workspace/differentiable_micoscopy_replication/microscopy-clean/runs/paper_gpu0/jobs/sr/swinir_wo_li_seed43/attempt_001/console.log
  running sr/swinir_wo_li_seed43 — 09:48:24; log: /home/leonidas/workspace/differentiable_micoscopy_replication/microscopy-clean/runs/paper_gpu0/jobs/sr/swinir_wo_li_seed43/attempt_001/console.log
  running sr/swinir_wo_li_seed43 — 09:48:54; log: /home/leonidas/workspace/differentiable_micoscopy_replication/microscopy-clean/runs/paper_gpu0/jobs/sr/swinir_wo_li_seed43/attempt_001/console.log
  running sr/swinir_wo_li_seed43 — 09:49:24; log: /home/leonidas/workspace/differentiable_micoscopy_replication/microscopy-clean/runs/paper_gpu0/jobs/sr/swinir_wo_li_seed43/attempt_001/console.log
  running sr/swinir_wo_li_seed43 — 09:49:54; log: /home/leonidas/workspace/differentiable_micoscopy_replication/microscopy-clean/runs/paper_gpu0/jobs/sr/swinir_wo_li_seed43/attempt_001/console.log
  running sr/swinir_wo_li_seed43 — 09:50:24; log: /home/leonidas/workspace/differentiable_micoscopy_replication/microscopy-clean/runs/paper_gpu0/jobs/sr/swinir_wo_li_seed43/attempt_001/console.log
  running sr/swinir_wo_li_seed43 — 09:50:54; log: /home/leonidas/workspace/differentiable_micoscopy_replication/microscopy-clean/runs/paper_gpu0/jobs/sr/swinir_wo_li_seed43/attempt_001/console.log
  running sr/swinir_wo_li_seed43 — 09:51:24; log: /home/leonidas/workspace/differentiable_micoscopy_replication/microscopy-clean/runs/paper_gpu0/jobs/sr/swinir_wo_li_seed43/attempt_001/console.log
  running sr/swinir_wo_li_seed43 — 09:51:54; log: /home/leonidas/workspace/differentiable_micoscopy_replication/microscopy-clean/runs/paper_gpu0/jobs/sr/swinir_wo_li_seed43/attempt_001/console.log
  running sr/swinir_wo_li_seed43 — 09:52:24; log: /home/leonidas/workspace/differentiable_micoscopy_replication/microscopy-clean/runs/paper_gpu0/jobs/sr/swinir_wo_li_seed43/attempt_001/console.log
  running sr/swinir_wo_li_seed43 — 09:52:54; log: /home/leonidas/workspace/differentiable_micoscopy_replication/microscopy-clean/runs/paper_gpu0/jobs/sr/swinir_wo_li_seed43/attempt_001/console.log
  running sr/swinir_wo_li_seed43 — 09:53:24; log: /home/leonidas/workspace/differentiable_micoscopy_replication/microscopy-clean/runs/paper_gpu0/jobs/sr/swinir_wo_li_seed43/attempt_001/console.log
  running sr/swinir_wo_li_seed43 — 09:53:54; log: /home/leonidas/workspace/differentiable_micoscopy_replication/microscopy-clean/runs/paper_gpu0/jobs/sr/swinir_wo_li_seed43/attempt_001/console.log
  running sr/swinir_wo_li_seed43 — 09:54:24; log: /home/leonidas/workspace/differentiable_micoscopy_replication/microscopy-clean/runs/paper_gpu0/jobs/sr/swinir_wo_li_seed43/attempt_001/console.log
  running sr/swinir_wo_li_seed43 — 09:54:54; log: /home/leonidas/workspace/differentiable_micoscopy_replication/microscopy-clean/runs/paper_gpu0/jobs/sr/swinir_wo_li_seed43/attempt_001/console.log
  running sr/swinir_wo_li_seed43 — 09:55:24; log: /home/leonidas/workspace/differentiable_micoscopy_replication/microscopy-clean/runs/paper_gpu0/jobs/sr/swinir_wo_li_seed43/attempt_001/console.log
  running sr/swinir_wo_li_seed43 — 09:55:54; log: /home/leonidas/workspace/differentiable_micoscopy_replication/microscopy-clean/runs/paper_gpu0/jobs/sr/swinir_wo_li_seed43/attempt_001/console.log
  running sr/swinir_wo_li_seed43 — 09:56:24; log: /home/leonidas/workspace/differentiable_micoscopy_replication/microscopy-clean/runs/paper_gpu0/jobs/sr/swinir_wo_li_seed43/attempt_001/console.log
  running sr/swinir_wo_li_seed43 — 09:56:54; log: /home/leonidas/workspace/differentiable_micoscopy_replication/microscopy-clean/runs/paper_gpu0/jobs/sr/swinir_wo_li_seed43/attempt_001/console.log
  running sr/swinir_wo_li_seed43 — 09:57:24; log: /home/leonidas/workspace/differentiable_micoscopy_replication/microscopy-clean/runs/paper_gpu0/jobs/sr/swinir_wo_li_seed43/attempt_001/console.log
  running sr/swinir_wo_li_seed43 — 09:57:54; log: /home/leonidas/workspace/differentiable_micoscopy_replication/microscopy-clean/runs/paper_gpu0/jobs/sr/swinir_wo_li_seed43/attempt_001/console.log
  running sr/swinir_wo_li_seed43 — 09:58:24; log: /home/leonidas/workspace/differentiable_micoscopy_replication/microscopy-clean/runs/paper_gpu0/jobs/sr/swinir_wo_li_seed43/attempt_001/console.log
  running sr/swinir_wo_li_seed43 — 09:58:54; log: /home/leonidas/workspace/differentiable_micoscopy_replication/microscopy-clean/runs/paper_gpu0/jobs/sr/swinir_wo_li_seed43/attempt_001/console.log
  running sr/swinir_wo_li_seed43 — 09:59:24; log: /home/leonidas/workspace/differentiable_micoscopy_replication/microscopy-clean/runs/paper_gpu0/jobs/sr/swinir_wo_li_seed43/attempt_001/console.log
  running sr/swinir_wo_li_seed43 — 09:59:54; log: /home/leonidas/workspace/differentiable_micoscopy_replication/microscopy-clean/runs/paper_gpu0/jobs/sr/swinir_wo_li_seed43/attempt_001/console.log
  running sr/swinir_wo_li_seed43 — 10:00:24; log: /home/leonidas/workspace/differentiable_micoscopy_replication/microscopy-clean/runs/paper_gpu0/jobs/sr/swinir_wo_li_seed43/attempt_001/console.log
  running sr/swinir_wo_li_seed43 — 10:00:54; log: /home/leonidas/workspace/differentiable_micoscopy_replication/microscopy-clean/runs/paper_gpu0/jobs/sr/swinir_wo_li_seed43/attempt_001/console.log
  running sr/swinir_wo_li_seed43 — 10:01:24; log: /home/leonidas/workspace/differentiable_micoscopy_replication/microscopy-clean/runs/paper_gpu0/jobs/sr/swinir_wo_li_seed43/attempt_001/console.log
  running sr/swinir_wo_li_seed43 — 10:01:54; log: /home/leonidas/workspace/differentiable_micoscopy_replication/microscopy-clean/runs/paper_gpu0/jobs/sr/swinir_wo_li_seed43/attempt_001/console.log
  running sr/swinir_wo_li_seed43 — 10:02:24; log: /home/leonidas/workspace/differentiable_micoscopy_replication/microscopy-clean/runs/paper_gpu0/jobs/sr/swinir_wo_li_seed43/attempt_001/console.log
  running sr/swinir_wo_li_seed43 — 10:02:54; log: /home/leonidas/workspace/differentiable_micoscopy_replication/microscopy-clean/runs/paper_gpu0/jobs/sr/swinir_wo_li_seed43/attempt_001/console.log
  running sr/swinir_wo_li_seed43 — 10:03:24; log: /home/leonidas/workspace/differentiable_micoscopy_replication/microscopy-clean/runs/paper_gpu0/jobs/sr/swinir_wo_li_seed43/attempt_001/console.log
  running sr/swinir_wo_li_seed43 — 10:03:54; log: /home/leonidas/workspace/differentiable_micoscopy_replication/microscopy-clean/runs/paper_gpu0/jobs/sr/swinir_wo_li_seed43/attempt_001/console.log
  running sr/swinir_wo_li_seed43 — 10:04:24; log: /home/leonidas/workspace/differentiable_micoscopy_replication/microscopy-clean/runs/paper_gpu0/jobs/sr/swinir_wo_li_seed43/attempt_001/console.log
  running sr/swinir_wo_li_seed43 — 10:04:54; log: /home/leonidas/workspace/differentiable_micoscopy_replication/microscopy-clean/runs/paper_gpu0/jobs/sr/swinir_wo_li_seed43/attempt_001/console.log
  running sr/swinir_wo_li_seed43 — 10:05:24; log: /home/leonidas/workspace/differentiable_micoscopy_replication/microscopy-clean/runs/paper_gpu0/jobs/sr/swinir_wo_li_seed43/attempt_001/console.log
  running sr/swinir_wo_li_seed43 — 10:05:54; log: /home/leonidas/workspace/differentiable_micoscopy_replication/microscopy-clean/runs/paper_gpu0/jobs/sr/swinir_wo_li_seed43/attempt_001/console.log
  running sr/swinir_wo_li_seed43 — 10:06:24; log: /home/leonidas/workspace/differentiable_micoscopy_replication/microscopy-clean/runs/paper_gpu0/jobs/sr/swinir_wo_li_seed43/attempt_001/console.log
  running sr/swinir_wo_li_seed43 — 10:06:54; log: /home/leonidas/workspace/differentiable_micoscopy_replication/microscopy-clean/runs/paper_gpu0/jobs/sr/swinir_wo_li_seed43/attempt_001/console.log
  running sr/swinir_wo_li_seed43 — 10:07:24; log: /home/leonidas/workspace/differentiable_micoscopy_replication/microscopy-clean/runs/paper_gpu0/jobs/sr/swinir_wo_li_seed43/attempt_001/console.log
  running sr/swinir_wo_li_seed43 — 10:07:54; log: /home/leonidas/workspace/differentiable_micoscopy_replication/microscopy-clean/runs/paper_gpu0/jobs/sr/swinir_wo_li_seed43/attempt_001/console.log
  running sr/swinir_wo_li_seed43 — 10:08:24; log: /home/leonidas/workspace/differentiable_micoscopy_replication/microscopy-clean/runs/paper_gpu0/jobs/sr/swinir_wo_li_seed43/attempt_001/console.log
  running sr/swinir_wo_li_seed43 — 10:08:54; log: /home/leonidas/workspace/differentiable_micoscopy_replication/microscopy-clean/runs/paper_gpu0/jobs/sr/swinir_wo_li_seed43/attempt_001/console.log
  running sr/swinir_wo_li_seed43 — 10:09:24; log: /home/leonidas/workspace/differentiable_micoscopy_replication/microscopy-clean/runs/paper_gpu0/jobs/sr/swinir_wo_li_seed43/attempt_001/console.log
  running sr/swinir_wo_li_seed43 — 10:09:54; log: /home/leonidas/workspace/differentiable_micoscopy_replication/microscopy-clean/runs/paper_gpu0/jobs/sr/swinir_wo_li_seed43/attempt_001/console.log
  running sr/swinir_wo_li_seed43 — 10:10:24; log: /home/leonidas/workspace/differentiable_micoscopy_replication/microscopy-clean/runs/paper_gpu0/jobs/sr/swinir_wo_li_seed43/attempt_001/console.log
  running sr/swinir_wo_li_seed43 — 10:10:54; log: /home/leonidas/workspace/differentiable_micoscopy_replication/microscopy-clean/runs/paper_gpu0/jobs/sr/swinir_wo_li_seed43/attempt_001/console.log
  running sr/swinir_wo_li_seed43 — 10:11:24; log: /home/leonidas/workspace/differentiable_micoscopy_replication/microscopy-clean/runs/paper_gpu0/jobs/sr/swinir_wo_li_seed43/attempt_001/console.log
  running sr/swinir_wo_li_seed43 — 10:11:54; log: /home/leonidas/workspace/differentiable_micoscopy_replication/microscopy-clean/runs/paper_gpu0/jobs/sr/swinir_wo_li_seed43/attempt_001/console.log
  running sr/swinir_wo_li_seed43 — 10:12:24; log: /home/leonidas/workspace/differentiable_micoscopy_replication/microscopy-clean/runs/paper_gpu0/jobs/sr/swinir_wo_li_seed43/attempt_001/console.log
  running sr/swinir_wo_li_seed43 — 10:12:54; log: /home/leonidas/workspace/differentiable_micoscopy_replication/microscopy-clean/runs/paper_gpu0/jobs/sr/swinir_wo_li_seed43/attempt_001/console.log
  running sr/swinir_wo_li_seed43 — 10:13:24; log: /home/leonidas/workspace/differentiable_micoscopy_replication/microscopy-clean/runs/paper_gpu0/jobs/sr/swinir_wo_li_seed43/attempt_001/console.log
  running sr/swinir_wo_li_seed43 — 10:13:54; log: /home/leonidas/workspace/differentiable_micoscopy_replication/microscopy-clean/runs/paper_gpu0/jobs/sr/swinir_wo_li_seed43/attempt_001/console.log
  running sr/swinir_wo_li_seed43 — 10:14:24; log: /home/leonidas/workspace/differentiable_micoscopy_replication/microscopy-clean/runs/paper_gpu0/jobs/sr/swinir_wo_li_seed43/attempt_001/console.log
  running sr/swinir_wo_li_seed43 — 10:14:54; log: /home/leonidas/workspace/differentiable_micoscopy_replication/microscopy-clean/runs/paper_gpu0/jobs/sr/swinir_wo_li_seed43/attempt_001/console.log
  running sr/swinir_wo_li_seed43 — 10:15:24; log: /home/leonidas/workspace/differentiable_micoscopy_replication/microscopy-clean/runs/paper_gpu0/jobs/sr/swinir_wo_li_seed43/attempt_001/console.log
  running sr/swinir_wo_li_seed43 — 10:15:54; log: /home/leonidas/workspace/differentiable_micoscopy_replication/microscopy-clean/runs/paper_gpu0/jobs/sr/swinir_wo_li_seed43/attempt_001/console.log
  running sr/swinir_wo_li_seed43 — 10:16:24; log: /home/leonidas/workspace/differentiable_micoscopy_replication/microscopy-clean/runs/paper_gpu0/jobs/sr/swinir_wo_li_seed43/attempt_001/console.log
  running sr/swinir_wo_li_seed43 — 10:16:54; log: /home/leonidas/workspace/differentiable_micoscopy_replication/microscopy-clean/runs/paper_gpu0/jobs/sr/swinir_wo_li_seed43/attempt_001/console.log
  running sr/swinir_wo_li_seed43 — 10:17:24; log: /home/leonidas/workspace/differentiable_micoscopy_replication/microscopy-clean/runs/paper_gpu0/jobs/sr/swinir_wo_li_seed43/attempt_001/console.log
  running sr/swinir_wo_li_seed43 — 10:17:54; log: /home/leonidas/workspace/differentiable_micoscopy_replication/microscopy-clean/runs/paper_gpu0/jobs/sr/swinir_wo_li_seed43/attempt_001/console.log
  running sr/swinir_wo_li_seed43 — 10:18:24; log: /home/leonidas/workspace/differentiable_micoscopy_replication/microscopy-clean/runs/paper_gpu0/jobs/sr/swinir_wo_li_seed43/attempt_001/console.log
  running sr/swinir_wo_li_seed43 — 10:18:54; log: /home/leonidas/workspace/differentiable_micoscopy_replication/microscopy-clean/runs/paper_gpu0/jobs/sr/swinir_wo_li_seed43/attempt_001/console.log
  running sr/swinir_wo_li_seed43 — 10:19:24; log: /home/leonidas/workspace/differentiable_micoscopy_replication/microscopy-clean/runs/paper_gpu0/jobs/sr/swinir_wo_li_seed43/attempt_001/console.log
  running sr/swinir_wo_li_seed43 — 10:19:54; log: /home/leonidas/workspace/differentiable_micoscopy_replication/microscopy-clean/runs/paper_gpu0/jobs/sr/swinir_wo_li_seed43/attempt_001/console.log
  running sr/swinir_wo_li_seed43 — 10:20:24; log: /home/leonidas/workspace/differentiable_micoscopy_replication/microscopy-clean/runs/paper_gpu0/jobs/sr/swinir_wo_li_seed43/attempt_001/console.log
  running sr/swinir_wo_li_seed43 — 10:20:54; log: /home/leonidas/workspace/differentiable_micoscopy_replication/microscopy-clean/runs/paper_gpu0/jobs/sr/swinir_wo_li_seed43/attempt_001/console.log
  running sr/swinir_wo_li_seed43 — 10:21:24; log: /home/leonidas/workspace/differentiable_micoscopy_replication/microscopy-clean/runs/paper_gpu0/jobs/sr/swinir_wo_li_seed43/attempt_001/console.log
  running sr/swinir_wo_li_seed43 — 10:21:54; log: /home/leonidas/workspace/differentiable_micoscopy_replication/microscopy-clean/runs/paper_gpu0/jobs/sr/swinir_wo_li_seed43/attempt_001/console.log
  running sr/swinir_wo_li_seed43 — 10:22:24; log: /home/leonidas/workspace/differentiable_micoscopy_replication/microscopy-clean/runs/paper_gpu0/jobs/sr/swinir_wo_li_seed43/attempt_001/console.log
  running sr/swinir_wo_li_seed43 — 10:22:54; log: /home/leonidas/workspace/differentiable_micoscopy_replication/microscopy-clean/runs/paper_gpu0/jobs/sr/swinir_wo_li_seed43/attempt_001/console.log
  running sr/swinir_wo_li_seed43 — 10:23:24; log: /home/leonidas/workspace/differentiable_micoscopy_replication/microscopy-clean/runs/paper_gpu0/jobs/sr/swinir_wo_li_seed43/attempt_001/console.log
  running sr/swinir_wo_li_seed43 — 10:23:54; log: /home/leonidas/workspace/differentiable_micoscopy_replication/microscopy-clean/runs/paper_gpu0/jobs/sr/swinir_wo_li_seed43/attempt_001/console.log
  running sr/swinir_wo_li_seed43 — 10:24:24; log: /home/leonidas/workspace/differentiable_micoscopy_replication/microscopy-clean/runs/paper_gpu0/jobs/sr/swinir_wo_li_seed43/attempt_001/console.log
  running sr/swinir_wo_li_seed43 — 10:24:54; log: /home/leonidas/workspace/differentiable_micoscopy_replication/microscopy-clean/runs/paper_gpu0/jobs/sr/swinir_wo_li_seed43/attempt_001/console.log
  running sr/swinir_wo_li_seed43 — 10:25:24; log: /home/leonidas/workspace/differentiable_micoscopy_replication/microscopy-clean/runs/paper_gpu0/jobs/sr/swinir_wo_li_seed43/attempt_001/console.log
  running sr/swinir_wo_li_seed43 — 10:25:54; log: /home/leonidas/workspace/differentiable_micoscopy_replication/microscopy-clean/runs/paper_gpu0/jobs/sr/swinir_wo_li_seed43/attempt_001/console.log
  running sr/swinir_wo_li_seed43 — 10:26:24; log: /home/leonidas/workspace/differentiable_micoscopy_replication/microscopy-clean/runs/paper_gpu0/jobs/sr/swinir_wo_li_seed43/attempt_001/console.log
  running sr/swinir_wo_li_seed43 — 10:26:54; log: /home/leonidas/workspace/differentiable_micoscopy_replication/microscopy-clean/runs/paper_gpu0/jobs/sr/swinir_wo_li_seed43/attempt_001/console.log
  running sr/swinir_wo_li_seed43 — 10:27:24; log: /home/leonidas/workspace/differentiable_micoscopy_replication/microscopy-clean/runs/paper_gpu0/jobs/sr/swinir_wo_li_seed43/attempt_001/console.log
  running sr/swinir_wo_li_seed43 — 10:27:54; log: /home/leonidas/workspace/differentiable_micoscopy_replication/microscopy-clean/runs/paper_gpu0/jobs/sr/swinir_wo_li_seed43/attempt_001/console.log
  running sr/swinir_wo_li_seed43 — 10:28:24; log: /home/leonidas/workspace/differentiable_micoscopy_replication/microscopy-clean/runs/paper_gpu0/jobs/sr/swinir_wo_li_seed43/attempt_001/console.log
  running sr/swinir_wo_li_seed43 — 10:28:54; log: /home/leonidas/workspace/differentiable_micoscopy_replication/microscopy-clean/runs/paper_gpu0/jobs/sr/swinir_wo_li_seed43/attempt_001/console.log
  running sr/swinir_wo_li_seed43 — 10:29:24; log: /home/leonidas/workspace/differentiable_micoscopy_replication/microscopy-clean/runs/paper_gpu0/jobs/sr/swinir_wo_li_seed43/attempt_001/console.log
  running sr/swinir_wo_li_seed43 — 10:29:54; log: /home/leonidas/workspace/differentiable_micoscopy_replication/microscopy-clean/runs/paper_gpu0/jobs/sr/swinir_wo_li_seed43/attempt_001/console.log
  running sr/swinir_wo_li_seed43 — 10:30:24; log: /home/leonidas/workspace/differentiable_micoscopy_replication/microscopy-clean/runs/paper_gpu0/jobs/sr/swinir_wo_li_seed43/attempt_001/console.log
  running sr/swinir_wo_li_seed43 — 10:30:54; log: /home/leonidas/workspace/differentiable_micoscopy_replication/microscopy-clean/runs/paper_gpu0/jobs/sr/swinir_wo_li_seed43/attempt_001/console.log
  running sr/swinir_wo_li_seed43 — 10:31:24; log: /home/leonidas/workspace/differentiable_micoscopy_replication/microscopy-clean/runs/paper_gpu0/jobs/sr/swinir_wo_li_seed43/attempt_001/console.log
  running sr/swinir_wo_li_seed43 — 10:31:54; log: /home/leonidas/workspace/differentiable_micoscopy_replication/microscopy-clean/runs/paper_gpu0/jobs/sr/swinir_wo_li_seed43/attempt_001/console.log
  running sr/swinir_wo_li_seed43 — 10:32:24; log: /home/leonidas/workspace/differentiable_micoscopy_replication/microscopy-clean/runs/paper_gpu0/jobs/sr/swinir_wo_li_seed43/attempt_001/console.log
  running sr/swinir_wo_li_seed43 — 10:32:54; log: /home/leonidas/workspace/differentiable_micoscopy_replication/microscopy-clean/runs/paper_gpu0/jobs/sr/swinir_wo_li_seed43/attempt_001/console.log
  running sr/swinir_wo_li_seed43 — 10:33:24; log: /home/leonidas/workspace/differentiable_micoscopy_replication/microscopy-clean/runs/paper_gpu0/jobs/sr/swinir_wo_li_seed43/attempt_001/console.log
  running sr/swinir_wo_li_seed43 — 10:33:54; log: /home/leonidas/workspace/differentiable_micoscopy_replication/microscopy-clean/runs/paper_gpu0/jobs/sr/swinir_wo_li_seed43/attempt_001/console.log
  running sr/swinir_wo_li_seed43 — 10:34:24; log: /home/leonidas/workspace/differentiable_micoscopy_replication/microscopy-clean/runs/paper_gpu0/jobs/sr/swinir_wo_li_seed43/attempt_001/console.log
  running sr/swinir_wo_li_seed43 — 10:34:54; log: /home/leonidas/workspace/differentiable_micoscopy_replication/microscopy-clean/runs/paper_gpu0/jobs/sr/swinir_wo_li_seed43/attempt_001/console.log
  running sr/swinir_wo_li_seed43 — 10:35:24; log: /home/leonidas/workspace/differentiable_micoscopy_replication/microscopy-clean/runs/paper_gpu0/jobs/sr/swinir_wo_li_seed43/attempt_001/console.log
  running sr/swinir_wo_li_seed43 — 10:35:54; log: /home/leonidas/workspace/differentiable_micoscopy_replication/microscopy-clean/runs/paper_gpu0/jobs/sr/swinir_wo_li_seed43/attempt_001/console.log
  running sr/swinir_wo_li_seed43 — 10:36:24; log: /home/leonidas/workspace/differentiable_micoscopy_replication/microscopy-clean/runs/paper_gpu0/jobs/sr/swinir_wo_li_seed43/attempt_001/console.log
  running sr/swinir_wo_li_seed43 — 10:36:54; log: /home/leonidas/workspace/differentiable_micoscopy_replication/microscopy-clean/runs/paper_gpu0/jobs/sr/swinir_wo_li_seed43/attempt_001/console.log
  running sr/swinir_wo_li_seed43 — 10:37:24; log: /home/leonidas/workspace/differentiable_micoscopy_replication/microscopy-clean/runs/paper_gpu0/jobs/sr/swinir_wo_li_seed43/attempt_001/console.log
  running sr/swinir_wo_li_seed43 — 10:37:54; log: /home/leonidas/workspace/differentiable_micoscopy_replication/microscopy-clean/runs/paper_gpu0/jobs/sr/swinir_wo_li_seed43/attempt_001/console.log
  running sr/swinir_wo_li_seed43 — 10:38:24; log: /home/leonidas/workspace/differentiable_micoscopy_replication/microscopy-clean/runs/paper_gpu0/jobs/sr/swinir_wo_li_seed43/attempt_001/console.log
  running sr/swinir_wo_li_seed43 — 10:38:54; log: /home/leonidas/workspace/differentiable_micoscopy_replication/microscopy-clean/runs/paper_gpu0/jobs/sr/swinir_wo_li_seed43/attempt_001/console.log
  running sr/swinir_wo_li_seed43 — 10:39:24; log: /home/leonidas/workspace/differentiable_micoscopy_replication/microscopy-clean/runs/paper_gpu0/jobs/sr/swinir_wo_li_seed43/attempt_001/console.log
  running sr/swinir_wo_li_seed43 — 10:39:54; log: /home/leonidas/workspace/differentiable_micoscopy_replication/microscopy-clean/runs/paper_gpu0/jobs/sr/swinir_wo_li_seed43/attempt_001/console.log
  running sr/swinir_wo_li_seed43 — 10:40:24; log: /home/leonidas/workspace/differentiable_micoscopy_replication/microscopy-clean/runs/paper_gpu0/jobs/sr/swinir_wo_li_seed43/attempt_001/console.log
  running sr/swinir_wo_li_seed43 — 10:40:54; log: /home/leonidas/workspace/differentiable_micoscopy_replication/microscopy-clean/runs/paper_gpu0/jobs/sr/swinir_wo_li_seed43/attempt_001/console.log
  running sr/swinir_wo_li_seed43 — 10:41:24; log: /home/leonidas/workspace/differentiable_micoscopy_replication/microscopy-clean/runs/paper_gpu0/jobs/sr/swinir_wo_li_seed43/attempt_001/console.log
  running sr/swinir_wo_li_seed43 — 10:41:54; log: /home/leonidas/workspace/differentiable_micoscopy_replication/microscopy-clean/runs/paper_gpu0/jobs/sr/swinir_wo_li_seed43/attempt_001/console.log
  running sr/swinir_wo_li_seed43 — 10:42:24; log: /home/leonidas/workspace/differentiable_micoscopy_replication/microscopy-clean/runs/paper_gpu0/jobs/sr/swinir_wo_li_seed43/attempt_001/console.log
  running sr/swinir_wo_li_seed43 — 10:42:54; log: /home/leonidas/workspace/differentiable_micoscopy_replication/microscopy-clean/runs/paper_gpu0/jobs/sr/swinir_wo_li_seed43/attempt_001/console.log
  running sr/swinir_wo_li_seed43 — 10:43:24; log: /home/leonidas/workspace/differentiable_micoscopy_replication/microscopy-clean/runs/paper_gpu0/jobs/sr/swinir_wo_li_seed43/attempt_001/console.log
  running sr/swinir_wo_li_seed43 — 10:43:54; log: /home/leonidas/workspace/differentiable_micoscopy_replication/microscopy-clean/runs/paper_gpu0/jobs/sr/swinir_wo_li_seed43/attempt_001/console.log
  running sr/swinir_wo_li_seed43 — 10:44:24; log: /home/leonidas/workspace/differentiable_micoscopy_replication/microscopy-clean/runs/paper_gpu0/jobs/sr/swinir_wo_li_seed43/attempt_001/console.log
  running sr/swinir_wo_li_seed43 — 10:44:54; log: /home/leonidas/workspace/differentiable_micoscopy_replication/microscopy-clean/runs/paper_gpu0/jobs/sr/swinir_wo_li_seed43/attempt_001/console.log
  running sr/swinir_wo_li_seed43 — 10:45:24; log: /home/leonidas/workspace/differentiable_micoscopy_replication/microscopy-clean/runs/paper_gpu0/jobs/sr/swinir_wo_li_seed43/attempt_001/console.log
  running sr/swinir_wo_li_seed43 — 10:45:54; log: /home/leonidas/workspace/differentiable_micoscopy_replication/microscopy-clean/runs/paper_gpu0/jobs/sr/swinir_wo_li_seed43/attempt_001/console.log
  running sr/swinir_wo_li_seed43 — 10:46:24; log: /home/leonidas/workspace/differentiable_micoscopy_replication/microscopy-clean/runs/paper_gpu0/jobs/sr/swinir_wo_li_seed43/attempt_001/console.log
  running sr/swinir_wo_li_seed43 — 10:46:54; log: /home/leonidas/workspace/differentiable_micoscopy_replication/microscopy-clean/runs/paper_gpu0/jobs/sr/swinir_wo_li_seed43/attempt_001/console.log
  running sr/swinir_wo_li_seed43 — 10:47:24; log: /home/leonidas/workspace/differentiable_micoscopy_replication/microscopy-clean/runs/paper_gpu0/jobs/sr/swinir_wo_li_seed43/attempt_001/console.log
  running sr/swinir_wo_li_seed43 — 10:47:54; log: /home/leonidas/workspace/differentiable_micoscopy_replication/microscopy-clean/runs/paper_gpu0/jobs/sr/swinir_wo_li_seed43/attempt_001/console.log
  running sr/swinir_wo_li_seed43 — 10:48:24; log: /home/leonidas/workspace/differentiable_micoscopy_replication/microscopy-clean/runs/paper_gpu0/jobs/sr/swinir_wo_li_seed43/attempt_001/console.log
  running sr/swinir_wo_li_seed43 — 10:48:54; log: /home/leonidas/workspace/differentiable_micoscopy_replication/microscopy-clean/runs/paper_gpu0/jobs/sr/swinir_wo_li_seed43/attempt_001/console.log
  running sr/swinir_wo_li_seed43 — 10:49:24; log: /home/leonidas/workspace/differentiable_micoscopy_replication/microscopy-clean/runs/paper_gpu0/jobs/sr/swinir_wo_li_seed43/attempt_001/console.log
  running sr/swinir_wo_li_seed43 — 10:49:54; log: /home/leonidas/workspace/differentiable_micoscopy_replication/microscopy-clean/runs/paper_gpu0/jobs/sr/swinir_wo_li_seed43/attempt_001/console.log
  running sr/swinir_wo_li_seed43 — 10:50:24; log: /home/leonidas/workspace/differentiable_micoscopy_replication/microscopy-clean/runs/paper_gpu0/jobs/sr/swinir_wo_li_seed43/attempt_001/console.log
  running sr/swinir_wo_li_seed43 — 10:50:54; log: /home/leonidas/workspace/differentiable_micoscopy_replication/microscopy-clean/runs/paper_gpu0/jobs/sr/swinir_wo_li_seed43/attempt_001/console.log
  running sr/swinir_wo_li_seed43 — 10:51:24; log: /home/leonidas/workspace/differentiable_micoscopy_replication/microscopy-clean/runs/paper_gpu0/jobs/sr/swinir_wo_li_seed43/attempt_001/console.log
  running sr/swinir_wo_li_seed43 — 10:51:54; log: /home/leonidas/workspace/differentiable_micoscopy_replication/microscopy-clean/runs/paper_gpu0/jobs/sr/swinir_wo_li_seed43/attempt_001/console.log
  running sr/swinir_wo_li_seed43 — 10:52:24; log: /home/leonidas/workspace/differentiable_micoscopy_replication/microscopy-clean/runs/paper_gpu0/jobs/sr/swinir_wo_li_seed43/attempt_001/console.log
  running sr/swinir_wo_li_seed43 — 10:52:54; log: /home/leonidas/workspace/differentiable_micoscopy_replication/microscopy-clean/runs/paper_gpu0/jobs/sr/swinir_wo_li_seed43/attempt_001/console.log
  running sr/swinir_wo_li_seed43 — 10:53:24; log: /home/leonidas/workspace/differentiable_micoscopy_replication/microscopy-clean/runs/paper_gpu0/jobs/sr/swinir_wo_li_seed43/attempt_001/console.log
  running sr/swinir_wo_li_seed43 — 10:53:54; log: /home/leonidas/workspace/differentiable_micoscopy_replication/microscopy-clean/runs/paper_gpu0/jobs/sr/swinir_wo_li_seed43/attempt_001/console.log
  running sr/swinir_wo_li_seed43 — 10:54:24; log: /home/leonidas/workspace/differentiable_micoscopy_replication/microscopy-clean/runs/paper_gpu0/jobs/sr/swinir_wo_li_seed43/attempt_001/console.log
  running sr/swinir_wo_li_seed43 — 10:54:54; log: /home/leonidas/workspace/differentiable_micoscopy_replication/microscopy-clean/runs/paper_gpu0/jobs/sr/swinir_wo_li_seed43/attempt_001/console.log
  running sr/swinir_wo_li_seed43 — 10:55:24; log: /home/leonidas/workspace/differentiable_micoscopy_replication/microscopy-clean/runs/paper_gpu0/jobs/sr/swinir_wo_li_seed43/attempt_001/console.log
  running sr/swinir_wo_li_seed43 — 10:55:54; log: /home/leonidas/workspace/differentiable_micoscopy_replication/microscopy-clean/runs/paper_gpu0/jobs/sr/swinir_wo_li_seed43/attempt_001/console.log
  running sr/swinir_wo_li_seed43 — 10:56:24; log: /home/leonidas/workspace/differentiable_micoscopy_replication/microscopy-clean/runs/paper_gpu0/jobs/sr/swinir_wo_li_seed43/attempt_001/console.log
  running sr/swinir_wo_li_seed43 — 10:56:54; log: /home/leonidas/workspace/differentiable_micoscopy_replication/microscopy-clean/runs/paper_gpu0/jobs/sr/swinir_wo_li_seed43/attempt_001/console.log
  running sr/swinir_wo_li_seed43 — 10:57:24; log: /home/leonidas/workspace/differentiable_micoscopy_replication/microscopy-clean/runs/paper_gpu0/jobs/sr/swinir_wo_li_seed43/attempt_001/console.log
  running sr/swinir_wo_li_seed43 — 10:57:54; log: /home/leonidas/workspace/differentiable_micoscopy_replication/microscopy-clean/runs/paper_gpu0/jobs/sr/swinir_wo_li_seed43/attempt_001/console.log
  running sr/swinir_wo_li_seed43 — 10:58:24; log: /home/leonidas/workspace/differentiable_micoscopy_replication/microscopy-clean/runs/paper_gpu0/jobs/sr/swinir_wo_li_seed43/attempt_001/console.log
  running sr/swinir_wo_li_seed43 — 10:58:54; log: /home/leonidas/workspace/differentiable_micoscopy_replication/microscopy-clean/runs/paper_gpu0/jobs/sr/swinir_wo_li_seed43/attempt_001/console.log
  running sr/swinir_wo_li_seed43 — 10:59:24; log: /home/leonidas/workspace/differentiable_micoscopy_replication/microscopy-clean/runs/paper_gpu0/jobs/sr/swinir_wo_li_seed43/attempt_001/console.log
  running sr/swinir_wo_li_seed43 — 10:59:54; log: /home/leonidas/workspace/differentiable_micoscopy_replication/microscopy-clean/runs/paper_gpu0/jobs/sr/swinir_wo_li_seed43/attempt_001/console.log
  running sr/swinir_wo_li_seed43 — 11:00:24; log: /home/leonidas/workspace/differentiable_micoscopy_replication/microscopy-clean/runs/paper_gpu0/jobs/sr/swinir_wo_li_seed43/attempt_001/console.log
  running sr/swinir_wo_li_seed43 — 11:00:54; log: /home/leonidas/workspace/differentiable_micoscopy_replication/microscopy-clean/runs/paper_gpu0/jobs/sr/swinir_wo_li_seed43/attempt_001/console.log
  running sr/swinir_wo_li_seed43 — 11:01:24; log: /home/leonidas/workspace/differentiable_micoscopy_replication/microscopy-clean/runs/paper_gpu0/jobs/sr/swinir_wo_li_seed43/attempt_001/console.log
  running sr/swinir_wo_li_seed43 — 11:01:54; log: /home/leonidas/workspace/differentiable_micoscopy_replication/microscopy-clean/runs/paper_gpu0/jobs/sr/swinir_wo_li_seed43/attempt_001/console.log
  running sr/swinir_wo_li_seed43 — 11:02:24; log: /home/leonidas/workspace/differentiable_micoscopy_replication/microscopy-clean/runs/paper_gpu0/jobs/sr/swinir_wo_li_seed43/attempt_001/console.log
  running sr/swinir_wo_li_seed43 — 11:02:54; log: /home/leonidas/workspace/differentiable_micoscopy_replication/microscopy-clean/runs/paper_gpu0/jobs/sr/swinir_wo_li_seed43/attempt_001/console.log
  running sr/swinir_wo_li_seed43 — 11:03:24; log: /home/leonidas/workspace/differentiable_micoscopy_replication/microscopy-clean/runs/paper_gpu0/jobs/sr/swinir_wo_li_seed43/attempt_001/console.log
  running sr/swinir_wo_li_seed43 — 11:03:54; log: /home/leonidas/workspace/differentiable_micoscopy_replication/microscopy-clean/runs/paper_gpu0/jobs/sr/swinir_wo_li_seed43/attempt_001/console.log
  running sr/swinir_wo_li_seed43 — 11:04:24; log: /home/leonidas/workspace/differentiable_micoscopy_replication/microscopy-clean/runs/paper_gpu0/jobs/sr/swinir_wo_li_seed43/attempt_001/console.log
  running sr/swinir_wo_li_seed43 — 11:04:54; log: /home/leonidas/workspace/differentiable_micoscopy_replication/microscopy-clean/runs/paper_gpu0/jobs/sr/swinir_wo_li_seed43/attempt_001/console.log
  running sr/swinir_wo_li_seed43 — 11:05:24; log: /home/leonidas/workspace/differentiable_micoscopy_replication/microscopy-clean/runs/paper_gpu0/jobs/sr/swinir_wo_li_seed43/attempt_001/console.log
  running sr/swinir_wo_li_seed43 — 11:05:54; log: /home/leonidas/workspace/differentiable_micoscopy_replication/microscopy-clean/runs/paper_gpu0/jobs/sr/swinir_wo_li_seed43/attempt_001/console.log
  running sr/swinir_wo_li_seed43 — 11:06:24; log: /home/leonidas/workspace/differentiable_micoscopy_replication/microscopy-clean/runs/paper_gpu0/jobs/sr/swinir_wo_li_seed43/attempt_001/console.log
  running sr/swinir_wo_li_seed43 — 11:06:54; log: /home/leonidas/workspace/differentiable_micoscopy_replication/microscopy-clean/runs/paper_gpu0/jobs/sr/swinir_wo_li_seed43/attempt_001/console.log
  running sr/swinir_wo_li_seed43 — 11:07:24; log: /home/leonidas/workspace/differentiable_micoscopy_replication/microscopy-clean/runs/paper_gpu0/jobs/sr/swinir_wo_li_seed43/attempt_001/console.log
  running sr/swinir_wo_li_seed43 — 11:07:54; log: /home/leonidas/workspace/differentiable_micoscopy_replication/microscopy-clean/runs/paper_gpu0/jobs/sr/swinir_wo_li_seed43/attempt_001/console.log
  running sr/swinir_wo_li_seed43 — 11:08:24; log: /home/leonidas/workspace/differentiable_micoscopy_replication/microscopy-clean/runs/paper_gpu0/jobs/sr/swinir_wo_li_seed43/attempt_001/console.log
  running sr/swinir_wo_li_seed43 — 11:08:54; log: /home/leonidas/workspace/differentiable_micoscopy_replication/microscopy-clean/runs/paper_gpu0/jobs/sr/swinir_wo_li_seed43/attempt_001/console.log
  running sr/swinir_wo_li_seed43 — 11:09:24; log: /home/leonidas/workspace/differentiable_micoscopy_replication/microscopy-clean/runs/paper_gpu0/jobs/sr/swinir_wo_li_seed43/attempt_001/console.log
  running sr/swinir_wo_li_seed43 — 11:09:54; log: /home/leonidas/workspace/differentiable_micoscopy_replication/microscopy-clean/runs/paper_gpu0/jobs/sr/swinir_wo_li_seed43/attempt_001/console.log
  running sr/swinir_wo_li_seed43 — 11:10:24; log: /home/leonidas/workspace/differentiable_micoscopy_replication/microscopy-clean/runs/paper_gpu0/jobs/sr/swinir_wo_li_seed43/attempt_001/console.log
  running sr/swinir_wo_li_seed43 — 11:10:54; log: /home/leonidas/workspace/differentiable_micoscopy_replication/microscopy-clean/runs/paper_gpu0/jobs/sr/swinir_wo_li_seed43/attempt_001/console.log
  running sr/swinir_wo_li_seed43 — 11:11:24; log: /home/leonidas/workspace/differentiable_micoscopy_replication/microscopy-clean/runs/paper_gpu0/jobs/sr/swinir_wo_li_seed43/attempt_001/console.log
  running sr/swinir_wo_li_seed43 — 11:11:54; log: /home/leonidas/workspace/differentiable_micoscopy_replication/microscopy-clean/runs/paper_gpu0/jobs/sr/swinir_wo_li_seed43/attempt_001/console.log
  running sr/swinir_wo_li_seed43 — 11:12:24; log: /home/leonidas/workspace/differentiable_micoscopy_replication/microscopy-clean/runs/paper_gpu0/jobs/sr/swinir_wo_li_seed43/attempt_001/console.log
  running sr/swinir_wo_li_seed43 — 11:12:54; log: /home/leonidas/workspace/differentiable_micoscopy_replication/microscopy-clean/runs/paper_gpu0/jobs/sr/swinir_wo_li_seed43/attempt_001/console.log
  running sr/swinir_wo_li_seed43 — 11:13:24; log: /home/leonidas/workspace/differentiable_micoscopy_replication/microscopy-clean/runs/paper_gpu0/jobs/sr/swinir_wo_li_seed43/attempt_001/console.log
  running sr/swinir_wo_li_seed43 — 11:13:54; log: /home/leonidas/workspace/differentiable_micoscopy_replication/microscopy-clean/runs/paper_gpu0/jobs/sr/swinir_wo_li_seed43/attempt_001/console.log
  running sr/swinir_wo_li_seed43 — 11:14:24; log: /home/leonidas/workspace/differentiable_micoscopy_replication/microscopy-clean/runs/paper_gpu0/jobs/sr/swinir_wo_li_seed43/attempt_001/console.log
  running sr/swinir_wo_li_seed43 — 11:14:54; log: /home/leonidas/workspace/differentiable_micoscopy_replication/microscopy-clean/runs/paper_gpu0/jobs/sr/swinir_wo_li_seed43/attempt_001/console.log
  running sr/swinir_wo_li_seed43 — 11:15:24; log: /home/leonidas/workspace/differentiable_micoscopy_replication/microscopy-clean/runs/paper_gpu0/jobs/sr/swinir_wo_li_seed43/attempt_001/console.log
  running sr/swinir_wo_li_seed43 — 11:15:54; log: /home/leonidas/workspace/differentiable_micoscopy_replication/microscopy-clean/runs/paper_gpu0/jobs/sr/swinir_wo_li_seed43/attempt_001/console.log
  running sr/swinir_wo_li_seed43 — 11:16:24; log: /home/leonidas/workspace/differentiable_micoscopy_replication/microscopy-clean/runs/paper_gpu0/jobs/sr/swinir_wo_li_seed43/attempt_001/console.log
  running sr/swinir_wo_li_seed43 — 11:16:54; log: /home/leonidas/workspace/differentiable_micoscopy_replication/microscopy-clean/runs/paper_gpu0/jobs/sr/swinir_wo_li_seed43/attempt_001/console.log
  running sr/swinir_wo_li_seed43 — 11:17:24; log: /home/leonidas/workspace/differentiable_micoscopy_replication/microscopy-clean/runs/paper_gpu0/jobs/sr/swinir_wo_li_seed43/attempt_001/console.log
  running sr/swinir_wo_li_seed43 — 11:17:54; log: /home/leonidas/workspace/differentiable_micoscopy_replication/microscopy-clean/runs/paper_gpu0/jobs/sr/swinir_wo_li_seed43/attempt_001/console.log
  running sr/swinir_wo_li_seed43 — 11:18:24; log: /home/leonidas/workspace/differentiable_micoscopy_replication/microscopy-clean/runs/paper_gpu0/jobs/sr/swinir_wo_li_seed43/attempt_001/console.log
  running sr/swinir_wo_li_seed43 — 11:18:54; log: /home/leonidas/workspace/differentiable_micoscopy_replication/microscopy-clean/runs/paper_gpu0/jobs/sr/swinir_wo_li_seed43/attempt_001/console.log
  running sr/swinir_wo_li_seed43 — 11:19:24; log: /home/leonidas/workspace/differentiable_micoscopy_replication/microscopy-clean/runs/paper_gpu0/jobs/sr/swinir_wo_li_seed43/attempt_001/console.log
  running sr/swinir_wo_li_seed43 — 11:19:54; log: /home/leonidas/workspace/differentiable_micoscopy_replication/microscopy-clean/runs/paper_gpu0/jobs/sr/swinir_wo_li_seed43/attempt_001/console.log
  running sr/swinir_wo_li_seed43 — 11:20:24; log: /home/leonidas/workspace/differentiable_micoscopy_replication/microscopy-clean/runs/paper_gpu0/jobs/sr/swinir_wo_li_seed43/attempt_001/console.log
  running sr/swinir_wo_li_seed43 — 11:20:54; log: /home/leonidas/workspace/differentiable_micoscopy_replication/microscopy-clean/runs/paper_gpu0/jobs/sr/swinir_wo_li_seed43/attempt_001/console.log
  running sr/swinir_wo_li_seed43 — 11:21:24; log: /home/leonidas/workspace/differentiable_micoscopy_replication/microscopy-clean/runs/paper_gpu0/jobs/sr/swinir_wo_li_seed43/attempt_001/console.log
  running sr/swinir_wo_li_seed43 — 11:21:54; log: /home/leonidas/workspace/differentiable_micoscopy_replication/microscopy-clean/runs/paper_gpu0/jobs/sr/swinir_wo_li_seed43/attempt_001/console.log
  running sr/swinir_wo_li_seed43 — 11:22:24; log: /home/leonidas/workspace/differentiable_micoscopy_replication/microscopy-clean/runs/paper_gpu0/jobs/sr/swinir_wo_li_seed43/attempt_001/console.log
  running sr/swinir_wo_li_seed43 — 11:22:54; log: /home/leonidas/workspace/differentiable_micoscopy_replication/microscopy-clean/runs/paper_gpu0/jobs/sr/swinir_wo_li_seed43/attempt_001/console.log
  running sr/swinir_wo_li_seed43 — 11:23:24; log: /home/leonidas/workspace/differentiable_micoscopy_replication/microscopy-clean/runs/paper_gpu0/jobs/sr/swinir_wo_li_seed43/attempt_001/console.log
  running sr/swinir_wo_li_seed43 — 11:23:54; log: /home/leonidas/workspace/differentiable_micoscopy_replication/microscopy-clean/runs/paper_gpu0/jobs/sr/swinir_wo_li_seed43/attempt_001/console.log
  running sr/swinir_wo_li_seed43 — 11:24:24; log: /home/leonidas/workspace/differentiable_micoscopy_replication/microscopy-clean/runs/paper_gpu0/jobs/sr/swinir_wo_li_seed43/attempt_001/console.log
  running sr/swinir_wo_li_seed43 — 11:24:54; log: /home/leonidas/workspace/differentiable_micoscopy_replication/microscopy-clean/runs/paper_gpu0/jobs/sr/swinir_wo_li_seed43/attempt_001/console.log
  running sr/swinir_wo_li_seed43 — 11:25:24; log: /home/leonidas/workspace/differentiable_micoscopy_replication/microscopy-clean/runs/paper_gpu0/jobs/sr/swinir_wo_li_seed43/attempt_001/console.log
  running sr/swinir_wo_li_seed43 — 11:25:54; log: /home/leonidas/workspace/differentiable_micoscopy_replication/microscopy-clean/runs/paper_gpu0/jobs/sr/swinir_wo_li_seed43/attempt_001/console.log
  running sr/swinir_wo_li_seed43 — 11:26:24; log: /home/leonidas/workspace/differentiable_micoscopy_replication/microscopy-clean/runs/paper_gpu0/jobs/sr/swinir_wo_li_seed43/attempt_001/console.log
  running sr/swinir_wo_li_seed43 — 11:26:54; log: /home/leonidas/workspace/differentiable_micoscopy_replication/microscopy-clean/runs/paper_gpu0/jobs/sr/swinir_wo_li_seed43/attempt_001/console.log
  running sr/swinir_wo_li_seed43 — 11:27:24; log: /home/leonidas/workspace/differentiable_micoscopy_replication/microscopy-clean/runs/paper_gpu0/jobs/sr/swinir_wo_li_seed43/attempt_001/console.log
  running sr/swinir_wo_li_seed43 — 11:27:54; log: /home/leonidas/workspace/differentiable_micoscopy_replication/microscopy-clean/runs/paper_gpu0/jobs/sr/swinir_wo_li_seed43/attempt_001/console.log
  running sr/swinir_wo_li_seed43 — 11:28:24; log: /home/leonidas/workspace/differentiable_micoscopy_replication/microscopy-clean/runs/paper_gpu0/jobs/sr/swinir_wo_li_seed43/attempt_001/console.log
  running sr/swinir_wo_li_seed43 — 11:28:54; log: /home/leonidas/workspace/differentiable_micoscopy_replication/microscopy-clean/runs/paper_gpu0/jobs/sr/swinir_wo_li_seed43/attempt_001/console.log
  running sr/swinir_wo_li_seed43 — 11:29:24; log: /home/leonidas/workspace/differentiable_micoscopy_replication/microscopy-clean/runs/paper_gpu0/jobs/sr/swinir_wo_li_seed43/attempt_001/console.log
  running sr/swinir_wo_li_seed43 — 11:29:54; log: /home/leonidas/workspace/differentiable_micoscopy_replication/microscopy-clean/runs/paper_gpu0/jobs/sr/swinir_wo_li_seed43/attempt_001/console.log
  running sr/swinir_wo_li_seed43 — 11:30:24; log: /home/leonidas/workspace/differentiable_micoscopy_replication/microscopy-clean/runs/paper_gpu0/jobs/sr/swinir_wo_li_seed43/attempt_001/console.log
  running sr/swinir_wo_li_seed43 — 11:30:54; log: /home/leonidas/workspace/differentiable_micoscopy_replication/microscopy-clean/runs/paper_gpu0/jobs/sr/swinir_wo_li_seed43/attempt_001/console.log
  running sr/swinir_wo_li_seed43 — 11:31:24; log: /home/leonidas/workspace/differentiable_micoscopy_replication/microscopy-clean/runs/paper_gpu0/jobs/sr/swinir_wo_li_seed43/attempt_001/console.log
  running sr/swinir_wo_li_seed43 — 11:31:54; log: /home/leonidas/workspace/differentiable_micoscopy_replication/microscopy-clean/runs/paper_gpu0/jobs/sr/swinir_wo_li_seed43/attempt_001/console.log
  running sr/swinir_wo_li_seed43 — 11:32:24; log: /home/leonidas/workspace/differentiable_micoscopy_replication/microscopy-clean/runs/paper_gpu0/jobs/sr/swinir_wo_li_seed43/attempt_001/console.log
  running sr/swinir_wo_li_seed43 — 11:32:54; log: /home/leonidas/workspace/differentiable_micoscopy_replication/microscopy-clean/runs/paper_gpu0/jobs/sr/swinir_wo_li_seed43/attempt_001/console.log
  running sr/swinir_wo_li_seed43 — 11:33:24; log: /home/leonidas/workspace/differentiable_micoscopy_replication/microscopy-clean/runs/paper_gpu0/jobs/sr/swinir_wo_li_seed43/attempt_001/console.log
  running sr/swinir_wo_li_seed43 — 11:33:54; log: /home/leonidas/workspace/differentiable_micoscopy_replication/microscopy-clean/runs/paper_gpu0/jobs/sr/swinir_wo_li_seed43/attempt_001/console.log
  running sr/swinir_wo_li_seed43 — 11:34:24; log: /home/leonidas/workspace/differentiable_micoscopy_replication/microscopy-clean/runs/paper_gpu0/jobs/sr/swinir_wo_li_seed43/attempt_001/console.log
  running sr/swinir_wo_li_seed43 — 11:34:54; log: /home/leonidas/workspace/differentiable_micoscopy_replication/microscopy-clean/runs/paper_gpu0/jobs/sr/swinir_wo_li_seed43/attempt_001/console.log
  running sr/swinir_wo_li_seed43 — 11:35:24; log: /home/leonidas/workspace/differentiable_micoscopy_replication/microscopy-clean/runs/paper_gpu0/jobs/sr/swinir_wo_li_seed43/attempt_001/console.log
  running sr/swinir_wo_li_seed43 — 11:35:54; log: /home/leonidas/workspace/differentiable_micoscopy_replication/microscopy-clean/runs/paper_gpu0/jobs/sr/swinir_wo_li_seed43/attempt_001/console.log
  running sr/swinir_wo_li_seed43 — 11:36:24; log: /home/leonidas/workspace/differentiable_micoscopy_replication/microscopy-clean/runs/paper_gpu0/jobs/sr/swinir_wo_li_seed43/attempt_001/console.log
  running sr/swinir_wo_li_seed43 — 11:36:54; log: /home/leonidas/workspace/differentiable_micoscopy_replication/microscopy-clean/runs/paper_gpu0/jobs/sr/swinir_wo_li_seed43/attempt_001/console.log
  running sr/swinir_wo_li_seed43 — 11:37:24; log: /home/leonidas/workspace/differentiable_micoscopy_replication/microscopy-clean/runs/paper_gpu0/jobs/sr/swinir_wo_li_seed43/attempt_001/console.log
  running sr/swinir_wo_li_seed43 — 11:37:54; log: /home/leonidas/workspace/differentiable_micoscopy_replication/microscopy-clean/runs/paper_gpu0/jobs/sr/swinir_wo_li_seed43/attempt_001/console.log
  running sr/swinir_wo_li_seed43 — 11:38:24; log: /home/leonidas/workspace/differentiable_micoscopy_replication/microscopy-clean/runs/paper_gpu0/jobs/sr/swinir_wo_li_seed43/attempt_001/console.log
  running sr/swinir_wo_li_seed43 — 11:38:54; log: /home/leonidas/workspace/differentiable_micoscopy_replication/microscopy-clean/runs/paper_gpu0/jobs/sr/swinir_wo_li_seed43/attempt_001/console.log
  running sr/swinir_wo_li_seed43 — 11:39:24; log: /home/leonidas/workspace/differentiable_micoscopy_replication/microscopy-clean/runs/paper_gpu0/jobs/sr/swinir_wo_li_seed43/attempt_001/console.log
  running sr/swinir_wo_li_seed43 — 11:39:54; log: /home/leonidas/workspace/differentiable_micoscopy_replication/microscopy-clean/runs/paper_gpu0/jobs/sr/swinir_wo_li_seed43/attempt_001/console.log
  running sr/swinir_wo_li_seed43 — 11:40:24; log: /home/leonidas/workspace/differentiable_micoscopy_replication/microscopy-clean/runs/paper_gpu0/jobs/sr/swinir_wo_li_seed43/attempt_001/console.log
  running sr/swinir_wo_li_seed43 — 11:40:54; log: /home/leonidas/workspace/differentiable_micoscopy_replication/microscopy-clean/runs/paper_gpu0/jobs/sr/swinir_wo_li_seed43/attempt_001/console.log
  running sr/swinir_wo_li_seed43 — 11:41:24; log: /home/leonidas/workspace/differentiable_micoscopy_replication/microscopy-clean/runs/paper_gpu0/jobs/sr/swinir_wo_li_seed43/attempt_001/console.log
  running sr/swinir_wo_li_seed43 — 11:41:54; log: /home/leonidas/workspace/differentiable_micoscopy_replication/microscopy-clean/runs/paper_gpu0/jobs/sr/swinir_wo_li_seed43/attempt_001/console.log
  running sr/swinir_wo_li_seed43 — 11:42:24; log: /home/leonidas/workspace/differentiable_micoscopy_replication/microscopy-clean/runs/paper_gpu0/jobs/sr/swinir_wo_li_seed43/attempt_001/console.log
  running sr/swinir_wo_li_seed43 — 11:42:54; log: /home/leonidas/workspace/differentiable_micoscopy_replication/microscopy-clean/runs/paper_gpu0/jobs/sr/swinir_wo_li_seed43/attempt_001/console.log
  running sr/swinir_wo_li_seed43 — 11:43:24; log: /home/leonidas/workspace/differentiable_micoscopy_replication/microscopy-clean/runs/paper_gpu0/jobs/sr/swinir_wo_li_seed43/attempt_001/console.log
  running sr/swinir_wo_li_seed43 — 11:43:54; log: /home/leonidas/workspace/differentiable_micoscopy_replication/microscopy-clean/runs/paper_gpu0/jobs/sr/swinir_wo_li_seed43/attempt_001/console.log
  running sr/swinir_wo_li_seed43 — 11:44:24; log: /home/leonidas/workspace/differentiable_micoscopy_replication/microscopy-clean/runs/paper_gpu0/jobs/sr/swinir_wo_li_seed43/attempt_001/console.log
  running sr/swinir_wo_li_seed43 — 11:44:54; log: /home/leonidas/workspace/differentiable_micoscopy_replication/microscopy-clean/runs/paper_gpu0/jobs/sr/swinir_wo_li_seed43/attempt_001/console.log
  running sr/swinir_wo_li_seed43 — 11:45:24; log: /home/leonidas/workspace/differentiable_micoscopy_replication/microscopy-clean/runs/paper_gpu0/jobs/sr/swinir_wo_li_seed43/attempt_001/console.log
  running sr/swinir_wo_li_seed43 — 11:45:54; log: /home/leonidas/workspace/differentiable_micoscopy_replication/microscopy-clean/runs/paper_gpu0/jobs/sr/swinir_wo_li_seed43/attempt_001/console.log
  running sr/swinir_wo_li_seed43 — 11:46:24; log: /home/leonidas/workspace/differentiable_micoscopy_replication/microscopy-clean/runs/paper_gpu0/jobs/sr/swinir_wo_li_seed43/attempt_001/console.log
  running sr/swinir_wo_li_seed43 — 11:46:54; log: /home/leonidas/workspace/differentiable_micoscopy_replication/microscopy-clean/runs/paper_gpu0/jobs/sr/swinir_wo_li_seed43/attempt_001/console.log
  running sr/swinir_wo_li_seed43 — 11:47:24; log: /home/leonidas/workspace/differentiable_micoscopy_replication/microscopy-clean/runs/paper_gpu0/jobs/sr/swinir_wo_li_seed43/attempt_001/console.log
  running sr/swinir_wo_li_seed43 — 11:47:54; log: /home/leonidas/workspace/differentiable_micoscopy_replication/microscopy-clean/runs/paper_gpu0/jobs/sr/swinir_wo_li_seed43/attempt_001/console.log
  running sr/swinir_wo_li_seed43 — 11:48:24; log: /home/leonidas/workspace/differentiable_micoscopy_replication/microscopy-clean/runs/paper_gpu0/jobs/sr/swinir_wo_li_seed43/attempt_001/console.log
  running sr/swinir_wo_li_seed43 — 11:48:54; log: /home/leonidas/workspace/differentiable_micoscopy_replication/microscopy-clean/runs/paper_gpu0/jobs/sr/swinir_wo_li_seed43/attempt_001/console.log
  running sr/swinir_wo_li_seed43 — 11:49:24; log: /home/leonidas/workspace/differentiable_micoscopy_replication/microscopy-clean/runs/paper_gpu0/jobs/sr/swinir_wo_li_seed43/attempt_001/console.log
  running sr/swinir_wo_li_seed43 — 11:49:54; log: /home/leonidas/workspace/differentiable_micoscopy_replication/microscopy-clean/runs/paper_gpu0/jobs/sr/swinir_wo_li_seed43/attempt_001/console.log
  running sr/swinir_wo_li_seed43 — 11:50:24; log: /home/leonidas/workspace/differentiable_micoscopy_replication/microscopy-clean/runs/paper_gpu0/jobs/sr/swinir_wo_li_seed43/attempt_001/console.log
  running sr/swinir_wo_li_seed43 — 11:50:54; log: /home/leonidas/workspace/differentiable_micoscopy_replication/microscopy-clean/runs/paper_gpu0/jobs/sr/swinir_wo_li_seed43/attempt_001/console.log
  running sr/swinir_wo_li_seed43 — 11:51:24; log: /home/leonidas/workspace/differentiable_micoscopy_replication/microscopy-clean/runs/paper_gpu0/jobs/sr/swinir_wo_li_seed43/attempt_001/console.log
  running sr/swinir_wo_li_seed43 — 11:51:54; log: /home/leonidas/workspace/differentiable_micoscopy_replication/microscopy-clean/runs/paper_gpu0/jobs/sr/swinir_wo_li_seed43/attempt_001/console.log
  running sr/swinir_wo_li_seed43 — 11:52:24; log: /home/leonidas/workspace/differentiable_micoscopy_replication/microscopy-clean/runs/paper_gpu0/jobs/sr/swinir_wo_li_seed43/attempt_001/console.log
  running sr/swinir_wo_li_seed43 — 11:52:54; log: /home/leonidas/workspace/differentiable_micoscopy_replication/microscopy-clean/runs/paper_gpu0/jobs/sr/swinir_wo_li_seed43/attempt_001/console.log
  running sr/swinir_wo_li_seed43 — 11:53:24; log: /home/leonidas/workspace/differentiable_micoscopy_replication/microscopy-clean/runs/paper_gpu0/jobs/sr/swinir_wo_li_seed43/attempt_001/console.log
  running sr/swinir_wo_li_seed43 — 11:53:54; log: /home/leonidas/workspace/differentiable_micoscopy_replication/microscopy-clean/runs/paper_gpu0/jobs/sr/swinir_wo_li_seed43/attempt_001/console.log
  running sr/swinir_wo_li_seed43 — 11:54:24; log: /home/leonidas/workspace/differentiable_micoscopy_replication/microscopy-clean/runs/paper_gpu0/jobs/sr/swinir_wo_li_seed43/attempt_001/console.log
  running sr/swinir_wo_li_seed43 — 11:54:54; log: /home/leonidas/workspace/differentiable_micoscopy_replication/microscopy-clean/runs/paper_gpu0/jobs/sr/swinir_wo_li_seed43/attempt_001/console.log
  running sr/swinir_wo_li_seed43 — 11:55:24; log: /home/leonidas/workspace/differentiable_micoscopy_replication/microscopy-clean/runs/paper_gpu0/jobs/sr/swinir_wo_li_seed43/attempt_001/console.log
  running sr/swinir_wo_li_seed43 — 11:55:54; log: /home/leonidas/workspace/differentiable_micoscopy_replication/microscopy-clean/runs/paper_gpu0/jobs/sr/swinir_wo_li_seed43/attempt_001/console.log
  running sr/swinir_wo_li_seed43 — 11:56:24; log: /home/leonidas/workspace/differentiable_micoscopy_replication/microscopy-clean/runs/paper_gpu0/jobs/sr/swinir_wo_li_seed43/attempt_001/console.log
  running sr/swinir_wo_li_seed43 — 11:56:54; log: /home/leonidas/workspace/differentiable_micoscopy_replication/microscopy-clean/runs/paper_gpu0/jobs/sr/swinir_wo_li_seed43/attempt_001/console.log
  running sr/swinir_wo_li_seed43 — 11:57:24; log: /home/leonidas/workspace/differentiable_micoscopy_replication/microscopy-clean/runs/paper_gpu0/jobs/sr/swinir_wo_li_seed43/attempt_001/console.log
  running sr/swinir_wo_li_seed43 — 11:57:54; log: /home/leonidas/workspace/differentiable_micoscopy_replication/microscopy-clean/runs/paper_gpu0/jobs/sr/swinir_wo_li_seed43/attempt_001/console.log
  running sr/swinir_wo_li_seed43 — 11:58:24; log: /home/leonidas/workspace/differentiable_micoscopy_replication/microscopy-clean/runs/paper_gpu0/jobs/sr/swinir_wo_li_seed43/attempt_001/console.log
  running sr/swinir_wo_li_seed43 — 11:58:54; log: /home/leonidas/workspace/differentiable_micoscopy_replication/microscopy-clean/runs/paper_gpu0/jobs/sr/swinir_wo_li_seed43/attempt_001/console.log
  running sr/swinir_wo_li_seed43 — 11:59:24; log: /home/leonidas/workspace/differentiable_micoscopy_replication/microscopy-clean/runs/paper_gpu0/jobs/sr/swinir_wo_li_seed43/attempt_001/console.log
  running sr/swinir_wo_li_seed43 — 11:59:54; log: /home/leonidas/workspace/differentiable_micoscopy_replication/microscopy-clean/runs/paper_gpu0/jobs/sr/swinir_wo_li_seed43/attempt_001/console.log
  running sr/swinir_wo_li_seed43 — 12:00:24; log: /home/leonidas/workspace/differentiable_micoscopy_replication/microscopy-clean/runs/paper_gpu0/jobs/sr/swinir_wo_li_seed43/attempt_001/console.log
  running sr/swinir_wo_li_seed43 — 12:00:54; log: /home/leonidas/workspace/differentiable_micoscopy_replication/microscopy-clean/runs/paper_gpu0/jobs/sr/swinir_wo_li_seed43/attempt_001/console.log
  running sr/swinir_wo_li_seed43 — 12:01:24; log: /home/leonidas/workspace/differentiable_micoscopy_replication/microscopy-clean/runs/paper_gpu0/jobs/sr/swinir_wo_li_seed43/attempt_001/console.log
  running sr/swinir_wo_li_seed43 — 12:01:54; log: /home/leonidas/workspace/differentiable_micoscopy_replication/microscopy-clean/runs/paper_gpu0/jobs/sr/swinir_wo_li_seed43/attempt_001/console.log
  running sr/swinir_wo_li_seed43 — 12:02:24; log: /home/leonidas/workspace/differentiable_micoscopy_replication/microscopy-clean/runs/paper_gpu0/jobs/sr/swinir_wo_li_seed43/attempt_001/console.log
  running sr/swinir_wo_li_seed43 — 12:02:54; log: /home/leonidas/workspace/differentiable_micoscopy_replication/microscopy-clean/runs/paper_gpu0/jobs/sr/swinir_wo_li_seed43/attempt_001/console.log
  running sr/swinir_wo_li_seed43 — 12:03:24; log: /home/leonidas/workspace/differentiable_micoscopy_replication/microscopy-clean/runs/paper_gpu0/jobs/sr/swinir_wo_li_seed43/attempt_001/console.log
  running sr/swinir_wo_li_seed43 — 12:03:54; log: /home/leonidas/workspace/differentiable_micoscopy_replication/microscopy-clean/runs/paper_gpu0/jobs/sr/swinir_wo_li_seed43/attempt_001/console.log
  running sr/swinir_wo_li_seed43 — 12:04:24; log: /home/leonidas/workspace/differentiable_micoscopy_replication/microscopy-clean/runs/paper_gpu0/jobs/sr/swinir_wo_li_seed43/attempt_001/console.log
  running sr/swinir_wo_li_seed43 — 12:04:54; log: /home/leonidas/workspace/differentiable_micoscopy_replication/microscopy-clean/runs/paper_gpu0/jobs/sr/swinir_wo_li_seed43/attempt_001/console.log
  running sr/swinir_wo_li_seed43 — 12:05:24; log: /home/leonidas/workspace/differentiable_micoscopy_replication/microscopy-clean/runs/paper_gpu0/jobs/sr/swinir_wo_li_seed43/attempt_001/console.log
  running sr/swinir_wo_li_seed43 — 12:05:54; log: /home/leonidas/workspace/differentiable_micoscopy_replication/microscopy-clean/runs/paper_gpu0/jobs/sr/swinir_wo_li_seed43/attempt_001/console.log
  running sr/swinir_wo_li_seed43 — 12:06:24; log: /home/leonidas/workspace/differentiable_micoscopy_replication/microscopy-clean/runs/paper_gpu0/jobs/sr/swinir_wo_li_seed43/attempt_001/console.log
  running sr/swinir_wo_li_seed43 — 12:06:54; log: /home/leonidas/workspace/differentiable_micoscopy_replication/microscopy-clean/runs/paper_gpu0/jobs/sr/swinir_wo_li_seed43/attempt_001/console.log
  running sr/swinir_wo_li_seed43 — 12:07:24; log: /home/leonidas/workspace/differentiable_micoscopy_replication/microscopy-clean/runs/paper_gpu0/jobs/sr/swinir_wo_li_seed43/attempt_001/console.log
  running sr/swinir_wo_li_seed43 — 12:07:54; log: /home/leonidas/workspace/differentiable_micoscopy_replication/microscopy-clean/runs/paper_gpu0/jobs/sr/swinir_wo_li_seed43/attempt_001/console.log
  running sr/swinir_wo_li_seed43 — 12:08:24; log: /home/leonidas/workspace/differentiable_micoscopy_replication/microscopy-clean/runs/paper_gpu0/jobs/sr/swinir_wo_li_seed43/attempt_001/console.log
  running sr/swinir_wo_li_seed43 — 12:08:54; log: /home/leonidas/workspace/differentiable_micoscopy_replication/microscopy-clean/runs/paper_gpu0/jobs/sr/swinir_wo_li_seed43/attempt_001/console.log
  running sr/swinir_wo_li_seed43 — 12:09:24; log: /home/leonidas/workspace/differentiable_micoscopy_replication/microscopy-clean/runs/paper_gpu0/jobs/sr/swinir_wo_li_seed43/attempt_001/console.log
  running sr/swinir_wo_li_seed43 — 12:09:54; log: /home/leonidas/workspace/differentiable_micoscopy_replication/microscopy-clean/runs/paper_gpu0/jobs/sr/swinir_wo_li_seed43/attempt_001/console.log
  running sr/swinir_wo_li_seed43 — 12:10:24; log: /home/leonidas/workspace/differentiable_micoscopy_replication/microscopy-clean/runs/paper_gpu0/jobs/sr/swinir_wo_li_seed43/attempt_001/console.log
  running sr/swinir_wo_li_seed43 — 12:10:54; log: /home/leonidas/workspace/differentiable_micoscopy_replication/microscopy-clean/runs/paper_gpu0/jobs/sr/swinir_wo_li_seed43/attempt_001/console.log
  running sr/swinir_wo_li_seed43 — 12:11:24; log: /home/leonidas/workspace/differentiable_micoscopy_replication/microscopy-clean/runs/paper_gpu0/jobs/sr/swinir_wo_li_seed43/attempt_001/console.log
  running sr/swinir_wo_li_seed43 — 12:11:54; log: /home/leonidas/workspace/differentiable_micoscopy_replication/microscopy-clean/runs/paper_gpu0/jobs/sr/swinir_wo_li_seed43/attempt_001/console.log
  running sr/swinir_wo_li_seed43 — 12:12:24; log: /home/leonidas/workspace/differentiable_micoscopy_replication/microscopy-clean/runs/paper_gpu0/jobs/sr/swinir_wo_li_seed43/attempt_001/console.log
  running sr/swinir_wo_li_seed43 — 12:12:54; log: /home/leonidas/workspace/differentiable_micoscopy_replication/microscopy-clean/runs/paper_gpu0/jobs/sr/swinir_wo_li_seed43/attempt_001/console.log
  running sr/swinir_wo_li_seed43 — 12:13:24; log: /home/leonidas/workspace/differentiable_micoscopy_replication/microscopy-clean/runs/paper_gpu0/jobs/sr/swinir_wo_li_seed43/attempt_001/console.log
  running sr/swinir_wo_li_seed43 — 12:13:54; log: /home/leonidas/workspace/differentiable_micoscopy_replication/microscopy-clean/runs/paper_gpu0/jobs/sr/swinir_wo_li_seed43/attempt_001/console.log
  running sr/swinir_wo_li_seed43 — 12:14:24; log: /home/leonidas/workspace/differentiable_micoscopy_replication/microscopy-clean/runs/paper_gpu0/jobs/sr/swinir_wo_li_seed43/attempt_001/console.log
  running sr/swinir_wo_li_seed43 — 12:14:54; log: /home/leonidas/workspace/differentiable_micoscopy_replication/microscopy-clean/runs/paper_gpu0/jobs/sr/swinir_wo_li_seed43/attempt_001/console.log
  running sr/swinir_wo_li_seed43 — 12:15:24; log: /home/leonidas/workspace/differentiable_micoscopy_replication/microscopy-clean/runs/paper_gpu0/jobs/sr/swinir_wo_li_seed43/attempt_001/console.log
  running sr/swinir_wo_li_seed43 — 12:15:54; log: /home/leonidas/workspace/differentiable_micoscopy_replication/microscopy-clean/runs/paper_gpu0/jobs/sr/swinir_wo_li_seed43/attempt_001/console.log
  running sr/swinir_wo_li_seed43 — 12:16:24; log: /home/leonidas/workspace/differentiable_micoscopy_replication/microscopy-clean/runs/paper_gpu0/jobs/sr/swinir_wo_li_seed43/attempt_001/console.log
  running sr/swinir_wo_li_seed43 — 12:16:54; log: /home/leonidas/workspace/differentiable_micoscopy_replication/microscopy-clean/runs/paper_gpu0/jobs/sr/swinir_wo_li_seed43/attempt_001/console.log
  running sr/swinir_wo_li_seed43 — 12:17:24; log: /home/leonidas/workspace/differentiable_micoscopy_replication/microscopy-clean/runs/paper_gpu0/jobs/sr/swinir_wo_li_seed43/attempt_001/console.log
  running sr/swinir_wo_li_seed43 — 12:17:54; log: /home/leonidas/workspace/differentiable_micoscopy_replication/microscopy-clean/runs/paper_gpu0/jobs/sr/swinir_wo_li_seed43/attempt_001/console.log
  running sr/swinir_wo_li_seed43 — 12:18:24; log: /home/leonidas/workspace/differentiable_micoscopy_replication/microscopy-clean/runs/paper_gpu0/jobs/sr/swinir_wo_li_seed43/attempt_001/console.log
  running sr/swinir_wo_li_seed43 — 12:18:54; log: /home/leonidas/workspace/differentiable_micoscopy_replication/microscopy-clean/runs/paper_gpu0/jobs/sr/swinir_wo_li_seed43/attempt_001/console.log
  running sr/swinir_wo_li_seed43 — 12:19:24; log: /home/leonidas/workspace/differentiable_micoscopy_replication/microscopy-clean/runs/paper_gpu0/jobs/sr/swinir_wo_li_seed43/attempt_001/console.log
  running sr/swinir_wo_li_seed43 — 12:19:54; log: /home/leonidas/workspace/differentiable_micoscopy_replication/microscopy-clean/runs/paper_gpu0/jobs/sr/swinir_wo_li_seed43/attempt_001/console.log
  running sr/swinir_wo_li_seed43 — 12:20:24; log: /home/leonidas/workspace/differentiable_micoscopy_replication/microscopy-clean/runs/paper_gpu0/jobs/sr/swinir_wo_li_seed43/attempt_001/console.log
  running sr/swinir_wo_li_seed43 — 12:20:54; log: /home/leonidas/workspace/differentiable_micoscopy_replication/microscopy-clean/runs/paper_gpu0/jobs/sr/swinir_wo_li_seed43/attempt_001/console.log
  running sr/swinir_wo_li_seed43 — 12:21:24; log: /home/leonidas/workspace/differentiable_micoscopy_replication/microscopy-clean/runs/paper_gpu0/jobs/sr/swinir_wo_li_seed43/attempt_001/console.log
  running sr/swinir_wo_li_seed43 — 12:21:54; log: /home/leonidas/workspace/differentiable_micoscopy_replication/microscopy-clean/runs/paper_gpu0/jobs/sr/swinir_wo_li_seed43/attempt_001/console.log
  running sr/swinir_wo_li_seed43 — 12:22:24; log: /home/leonidas/workspace/differentiable_micoscopy_replication/microscopy-clean/runs/paper_gpu0/jobs/sr/swinir_wo_li_seed43/attempt_001/console.log
  running sr/swinir_wo_li_seed43 — 12:22:54; log: /home/leonidas/workspace/differentiable_micoscopy_replication/microscopy-clean/runs/paper_gpu0/jobs/sr/swinir_wo_li_seed43/attempt_001/console.log
  running sr/swinir_wo_li_seed43 — 12:23:24; log: /home/leonidas/workspace/differentiable_micoscopy_replication/microscopy-clean/runs/paper_gpu0/jobs/sr/swinir_wo_li_seed43/attempt_001/console.log
  running sr/swinir_wo_li_seed43 — 12:23:54; log: /home/leonidas/workspace/differentiable_micoscopy_replication/microscopy-clean/runs/paper_gpu0/jobs/sr/swinir_wo_li_seed43/attempt_001/console.log
  running sr/swinir_wo_li_seed43 — 12:24:24; log: /home/leonidas/workspace/differentiable_micoscopy_replication/microscopy-clean/runs/paper_gpu0/jobs/sr/swinir_wo_li_seed43/attempt_001/console.log
  running sr/swinir_wo_li_seed43 — 12:24:54; log: /home/leonidas/workspace/differentiable_micoscopy_replication/microscopy-clean/runs/paper_gpu0/jobs/sr/swinir_wo_li_seed43/attempt_001/console.log
  running sr/swinir_wo_li_seed43 — 12:25:24; log: /home/leonidas/workspace/differentiable_micoscopy_replication/microscopy-clean/runs/paper_gpu0/jobs/sr/swinir_wo_li_seed43/attempt_001/console.log
  running sr/swinir_wo_li_seed43 — 12:25:54; log: /home/leonidas/workspace/differentiable_micoscopy_replication/microscopy-clean/runs/paper_gpu0/jobs/sr/swinir_wo_li_seed43/attempt_001/console.log
  running sr/swinir_wo_li_seed43 — 12:26:24; log: /home/leonidas/workspace/differentiable_micoscopy_replication/microscopy-clean/runs/paper_gpu0/jobs/sr/swinir_wo_li_seed43/attempt_001/console.log
  running sr/swinir_wo_li_seed43 — 12:26:54; log: /home/leonidas/workspace/differentiable_micoscopy_replication/microscopy-clean/runs/paper_gpu0/jobs/sr/swinir_wo_li_seed43/attempt_001/console.log
  running sr/swinir_wo_li_seed43 — 12:27:24; log: /home/leonidas/workspace/differentiable_micoscopy_replication/microscopy-clean/runs/paper_gpu0/jobs/sr/swinir_wo_li_seed43/attempt_001/console.log
  running sr/swinir_wo_li_seed43 — 12:27:54; log: /home/leonidas/workspace/differentiable_micoscopy_replication/microscopy-clean/runs/paper_gpu0/jobs/sr/swinir_wo_li_seed43/attempt_001/console.log
  running sr/swinir_wo_li_seed43 — 12:28:24; log: /home/leonidas/workspace/differentiable_micoscopy_replication/microscopy-clean/runs/paper_gpu0/jobs/sr/swinir_wo_li_seed43/attempt_001/console.log
  running sr/swinir_wo_li_seed43 — 12:28:54; log: /home/leonidas/workspace/differentiable_micoscopy_replication/microscopy-clean/runs/paper_gpu0/jobs/sr/swinir_wo_li_seed43/attempt_001/console.log
  running sr/swinir_wo_li_seed43 — 12:29:24; log: /home/leonidas/workspace/differentiable_micoscopy_replication/microscopy-clean/runs/paper_gpu0/jobs/sr/swinir_wo_li_seed43/attempt_001/console.log
  running sr/swinir_wo_li_seed43 — 12:29:54; log: /home/leonidas/workspace/differentiable_micoscopy_replication/microscopy-clean/runs/paper_gpu0/jobs/sr/swinir_wo_li_seed43/attempt_001/console.log
  running sr/swinir_wo_li_seed43 — 12:30:24; log: /home/leonidas/workspace/differentiable_micoscopy_replication/microscopy-clean/runs/paper_gpu0/jobs/sr/swinir_wo_li_seed43/attempt_001/console.log
  completed sr/swinir_wo_li_seed43
[22/48] starting sr/swinir_with_li_seed43 (attempt 1)
Log: /home/leonidas/workspace/differentiable_micoscopy_replication/microscopy-clean/runs/paper_gpu0/jobs/sr/swinir_with_li_seed43/attempt_001/console.log
  running sr/swinir_with_li_seed43 — 12:31:13; log: /home/leonidas/workspace/differentiable_micoscopy_replication/microscopy-clean/runs/paper_gpu0/jobs/sr/swinir_with_li_seed43/attempt_001/console.log
Interrupted. Rerun the same command to continue with verified completed jobs skipped.
2026-09-15T12:31:37-04:00 queued behind paper-gpu1; will resume remaining jobs with CUDA_VISIBLE_DEVICES=1
