step,phase,m,loss,train_mse,val_mse,val_ssim,grad_norm_illum,grad_norm_upsampler,grad_norm_recon,H_t_min,H_t_max,H_t_mean,H_t_std,H_t_binary_fraction,illum_l2,illum_delta,H_t_displacement,tau_displacement,illum_frozen
200,inverse_warmup_m1,1.0,0.10555136203765869,0.059468984603881836,0.05884913417200247,0.5182747145493826,0.0,0.023076210170984268,0.6074540763777037,0.010045968927443027,0.990330696105957,0.4999280869960785,0.20856866240501404,0.028331756591796875,513.144960025917,0.0,0.0,0.0,1
400,inverse_warmup_m1,1.0,0.0880831852555275,0.043564215302467346,0.0442696555207173,0.6264008631308874,0.0,0.020346883684396744,0.1385848601979784,0.010045968927443027,0.990330696105957,0.4999280869960785,0.20856866240501404,0.028331756591796875,513.144960025917,0.0,0.0,0.0,1
600,inverse_warmup_m1,1.0,0.08014063537120819,0.038366835564374924,0.0377436705554525,0.6768149038155874,0.0,0.029424196109175682,0.13330614672907912,0.010045968927443027,0.990330696105957,0.4999280869960785,0.20856866240501404,0.028331756591796875,513.144960025917,0.0,0.0,0.0,1
800,inverse_warmup_m1,1.0,0.07517263293266296,0.034659311175346375,0.034355235286056995,0.704816127816836,0.0,0.03551168367266655,0.23005689250767009,0.010045968927443027,0.990330696105957,0.4999280869960785,0.20856866240501404,0.028331756591796875,513.144960025917,0.0,0.0,0.0,1
1000,inverse_warmup_m1,1.0,0.0715174525976181,0.03287285566329956,0.03288256966819366,0.7173212716976801,0.0,0.041604675352573395,0.16645848660716583,0.010045968927443027,0.990330696105957,0.4999280869960785,0.20856866240501404,0.028331756591796875,513.144960025917,0.0,0.0,0.0,1
1200,inverse_warmup_m1,1.0,0.0687568336725235,0.03102191351354122,0.030967565563817818,0.733531172076861,0.0,0.039648693054914474,0.11766182356345971,0.010045968927443027,0.990330696105957,0.4999280869960785,0.20856866240501404,0.028331756591796875,513.144960025917,0.0,0.0,0.0,1
1400,inverse_warmup_m1,1.0,0.06612284481525421,0.030255254358053207,0.03083294133345286,0.7392516434192657,0.0,0.04147656634449959,0.25446771551350733,0.010045968927443027,0.990330696105957,0.4999280869960785,0.20856866240501404,0.028331756591796875,513.144960025917,0.0,0.0,0.0,1
1600,inverse_warmup_m1,1.0,0.0653846338391304,0.02838989719748497,0.029596693348139524,0.7443903336922327,0.0,0.03743569180369377,0.16034657734852906,0.010045968927443027,0.990330696105957,0.4999280869960785,0.20856866240501404,0.028331756591796875,513.144960025917,0.0,0.0,0.0,1
1800,inverse_warmup_m1,1.0,0.06403796374797821,0.02839125134050846,0.02886382242043813,0.749467690785726,0.0,0.03832583129405975,0.2904554001396562,0.010045968927443027,0.990330696105957,0.4999280869960785,0.20856866240501404,0.028331756591796875,513.144960025917,0.0,0.0,0.0,1
2000,inverse_warmup_m1,1.0,0.06335815787315369,0.02717794105410576,0.028536018605033558,0.7562128404776255,0.0,0.03660734370350838,0.13882024104265026,0.010045968927443027,0.990330696105957,0.4999280869960785,0.20856866240501404,0.028331756591796875,513.144960025917,0.0,0.0,0.0,1
2200,inverse_warmup_m1,1.0,0.06263858079910278,0.027912845835089684,0.02865166775882244,0.7525313297907511,0.0,0.03732762113213539,0.16336066623464326,0.010045968927443027,0.990330696105957,0.4999280869960785,0.20856866240501404,0.028331756591796875,513.144960025917,0.0,0.0,0.0,1
2400,inverse_warmup_m1,1.0,0.062313418835401535,0.027271166443824768,0.027298201341181993,0.7611749817927679,0.0,0.03964518755674362,0.11725297788486938,0.010045968927443027,0.990330696105957,0.4999280869960785,0.20856866240501404,0.028331756591796875,513.144960025917,0.0,0.0,0.0,1
2600,inverse_warmup_m1,1.0,0.06159598380327225,0.02682334929704666,0.027791152087350685,0.7602819154659907,0.0,0.03683912754058838,0.16835891019144952,0.010045968927443027,0.990330696105957,0.4999280869960785,0.20856866240501404,0.028331756591796875,513.144960025917,0.0,0.0,0.0,1
2800,inverse_warmup_m1,1.0,0.06071962043642998,0.02576582506299019,0.02674710921322306,0.7639387349287668,0.0,0.03625684976577759,0.14878907484562476,0.010045968927443027,0.990330696105957,0.4999280869960785,0.20856866240501404,0.028331756591796875,513.144960025917,0.0,0.0,0.0,1
3000,inverse_warmup_m1,1.0,0.05998421460390091,0.025686930865049362,0.02659603130693237,0.7643982917070389,0.0,0.03453725203871727,0.15711945703093272,0.010045968927443027,0.990330696105957,0.4999280869960785,0.20856866240501404,0.028331756591796875,513.144960025917,0.0,0.0,0.0,1
3200,inverse_warmup_m1,1.0,0.05925625562667847,0.02504519373178482,0.026527039706707,0.7660958965619405,0.0,0.036074426025152206,0.15973616623017955,0.010045968927443027,0.990330696105957,0.4999280869960785,0.20856866240501404,0.028331756591796875,513.144960025917,0.0,0.0,0.0,1
3400,inverse_warmup_m1,1.0,0.061263661831617355,0.02675897814333439,0.02613112252826492,0.7673139621814092,0.0,0.03761950135231018,0.19060744521310655,0.010045968927443027,0.990330696105957,0.4999280869960785,0.20856866240501404,0.028331756591796875,513.144960025917,0.0,0.0,0.0,1
3600,inverse_warmup_m1,1.0,0.05833350121974945,0.024563170969486237,0.026059214801838,0.7731491178274155,0.0,0.035549189895391464,0.10967355426986652,0.010045968927443027,0.990330696105957,0.4999280869960785,0.20856866240501404,0.028331756591796875,513.144960025917,0.0,0.0,0.0,1
3800,inverse_warmup_m1,1.0,0.058714449405670166,0.024791153147816658,0.025976039469242096,0.7758943488200506,0.0,0.03526869788765907,0.21480712019976206,0.010045968927443027,0.990330696105957,0.4999280869960785,0.20856866240501404,0.028331756591796875,513.144960025917,0.0,0.0,0.0,1
4000,inverse_warmup_m1,1.0,0.05765920504927635,0.023916754871606827,0.0253212652169168,0.7763825903336207,0.0,0.03477839380502701,0.07490716771479292,0.010045968927443027,0.990330696105957,0.4999280869960785,0.20856866240501404,0.028331756591796875,513.144960025917,0.0,0.0,0.0,1
4200,inverse_warmup_m1,1.0,0.05765347555279732,0.024119585752487183,0.025386640646805365,0.777217964331309,0.0,0.03469015657901764,0.06998592679173218,0.010045968927443027,0.990330696105957,0.4999280869960785,0.20856866240501404,0.028331756591796875,513.144960025917,0.0,0.0,0.0,1
4400,inverse_warmup_m1,1.0,0.05740409344434738,0.024245603010058403,0.025318226621796686,0.7788077940543493,0.0,0.03475989028811455,0.1445505103298528,0.010045968927443027,0.990330696105957,0.4999280869960785,0.20856866240501404,0.028331756591796875,513.144960025917,0.0,0.0,0.0,1
4600,inverse_warmup_m1,1.0,0.05785183981060982,0.023986410349607468,0.02508142761265238,0.7810827642679214,0.0,0.03434491157531738,0.10576611170818287,0.010045968927443027,0.990330696105957,0.4999280869960785,0.20856866240501404,0.028331756591796875,513.144960025917,0.0,0.0,0.0,1
4800,inverse_warmup_m1,1.0,0.05703025311231613,0.023703768849372864,0.024907657876610756,0.7827042291561762,0.0,0.03357645124197006,0.09602168604283799,0.010045968927443027,0.990330696105957,0.4999280869960785,0.20856866240501404,0.028331756591796875,513.144960025917,0.0,0.0,0.0,1
5000,inverse_warmup_m1,1.0,0.056174784898757935,0.022949356585741043,0.025005894092222054,0.7790699303150177,0.0,0.031954407691955566,0.12015825250791737,0.010045968927443027,0.990330696105957,0.4999280869960785,0.20856866240501404,0.028331756591796875,513.144960025917,0.0,0.0,0.0,1
5200,inverse_warmup_m1,1.0,0.05570503696799278,0.0227441918104887,0.024767817463725805,0.7818944305181503,0.0,0.03249974548816681,0.08282192110553328,0.010045968927443027,0.990330696105957,0.4999280869960785,0.20856866240501404,0.028331756591796875,513.144960025917,0.0,0.0,0.0,1
5400,inverse_warmup_m1,1.0,0.056314822286367416,0.02319933846592903,0.024525913254668314,0.7849482794602712,0.0,0.03339216858148575,0.12665029070150638,0.010045968927443027,0.990330696105957,0.4999280869960785,0.20856866240501404,0.028331756591796875,513.144960025917,0.0,0.0,0.0,1
5600,inverse_warmup_m1,1.0,0.05544273555278778,0.022306308150291443,0.024291648995131254,0.7849542001883189,0.0,0.031011683866381645,0.20849252610913974,0.010045968927443027,0.990330696105957,0.4999280869960785,0.20856866240501404,0.028331756591796875,513.144960025917,0.0,0.0,0.0,1
5800,inverse_warmup_m1,1.0,0.054957032203674316,0.022486716508865356,0.024396791122853756,0.7834190875291824,0.0,0.031428564339876175,0.10214623160430927,0.010045968927443027,0.990330696105957,0.4999280869960785,0.20856866240501404,0.028331756591796875,513.144960025917,0.0,0.0,0.0,1
6000,inverse_warmup_m1,1.0,0.05586908757686615,0.02283298596739769,0.02417690648386876,0.7858243485291799,0.0,0.030732516199350357,0.08064247764685994,0.010045968927443027,0.990330696105957,0.4999280869960785,0.20856866240501404,0.028331756591796875,513.144960025917,0.0,0.0,0.0,1
6200,inverse_warmup_m1,1.0,0.05495420843362808,0.022416885942220688,0.024720606859773397,0.7845054616530737,0.0,0.03169324994087219,0.08422554407751733,0.010045968927443027,0.990330696105957,0.4999280869960785,0.20856866240501404,0.028331756591796875,513.144960025917,0.0,0.0,0.0,1
6400,inverse_warmup_m1,1.0,0.05581877380609512,0.023338407278060913,0.024203751236200333,0.7853924781084061,0.0,0.03196021541953087,0.17692725352612093,0.010045968927443027,0.990330696105957,0.4999280869960785,0.20856866240501404,0.028331756591796875,513.144960025917,0.0,0.0,0.0,1
6600,inverse_warmup_m1,1.0,0.0548504963517189,0.022289764136075974,0.02460544602945447,0.7828219930330912,0.0,0.03082898072898388,0.11108360057538486,0.010045968927443027,0.990330696105957,0.4999280869960785,0.20856866240501404,0.028331756591796875,513.144960025917,0.0,0.0,0.0,1
6800,inverse_warmup_m1,1.0,0.055810194462537766,0.02270611748099327,0.02454220565656821,0.787501260638237,0.0,0.03099917247891426,0.14253045544252763,0.010045968927443027,0.990330696105957,0.4999280869960785,0.20856866240501404,0.028331756591796875,513.144960025917,0.0,0.0,0.0,1
7000,inverse_warmup_m1,1.0,0.05501895770430565,0.022718671709299088,0.023710747404644888,0.7891168842713038,0.0,0.03037351928651333,0.1269882542214569,0.010045968927443027,0.990330696105957,0.4999280869960785,0.20856866240501404,0.028331756591796875,513.144960025917,0.0,0.0,0.0,1
7200,inverse_warmup_m1,1.0,0.054652564227581024,0.021885143592953682,0.023766883338491123,0.7895752588907877,0.0,0.02923596277832985,0.12159728820465052,0.010045968927443027,0.990330696105957,0.4999280869960785,0.20856866240501404,0.028331756591796875,513.144960025917,0.0,0.0,0.0,1
7400,inverse_warmup_m1,1.0,0.05473101884126663,0.022493839263916016,0.024118608019004267,0.7867594212293625,0.0,0.030493993312120438,0.0711265121310063,0.010045968927443027,0.990330696105957,0.4999280869960785,0.20856866240501404,0.028331756591796875,513.144960025917,0.0,0.0,0.0,1
7600,inverse_warmup_m1,1.0,0.05432987958192825,0.02177152968943119,0.024088460486382246,0.7899118612209955,0.0,0.030147867277264595,0.07654702930581901,0.010045968927443027,0.990330696105957,0.4999280869960785,0.20856866240501404,0.028331756591796875,513.144960025917,0.0,0.0,0.0,1
7800,inverse_warmup_m1,1.0,0.05371356010437012,0.02146218717098236,0.024020971575131018,0.7876642644405365,0.0,0.028540514409542084,0.07988199210662764,0.010045968927443027,0.990330696105957,0.4999280869960785,0.20856866240501404,0.028331756591796875,513.144960025917,0.0,0.0,0.0,1
8000,inverse_warmup_m1,1.0,0.054433465003967285,0.02202887460589409,0.02356531610712409,0.7925880004962286,0.0,0.02880287542939186,0.07676382853184847,0.010045968927443027,0.990330696105957,0.4999280869960785,0.20856866240501404,0.028331756591796875,513.144960025917,0.0,0.0,0.0,1
8200,inverse_warmup_m1,1.0,0.053735241293907166,0.021565381437540054,0.023193213623017073,0.7931109368801117,0.0,0.029219549149274826,0.10480550670632707,0.010045968927443027,0.990330696105957,0.4999280869960785,0.20856866240501404,0.028331756591796875,513.144960025917,0.0,0.0,0.0,1
8400,inverse_warmup_m1,1.0,0.054663680493831635,0.022189507260918617,0.023772589086244505,0.7907351156075796,0.0,0.029806822538375854,0.10657759505271018,0.010045968927443027,0.990330696105957,0.4999280869960785,0.20856866240501404,0.028331756591796875,513.144960025917,0.0,0.0,0.0,1
8600,inverse_warmup_m1,1.0,0.05355210602283478,0.021301500499248505,0.02350397454574704,0.7911461989084879,0.0,0.027638675644993782,0.08516661144893536,0.010045968927443027,0.990330696105957,0.4999280869960785,0.20856866240501404,0.028331756591796875,513.144960025917,0.0,0.0,0.0,1
8800,inverse_warmup_m1,1.0,0.05504101887345314,0.022506579756736755,0.024057447755088408,0.78907344241937,0.0,0.02911345474421978,0.09802427473149238,0.010045968927443027,0.990330696105957,0.4999280869960785,0.20856866240501404,0.028331756591796875,513.144960025917,0.0,0.0,0.0,1
9000,inverse_warmup_m1,1.0,0.05420815944671631,0.021997448056936264,0.023762355092912912,0.7906624327103297,0.0,0.02919607423245907,0.08361296505749187,0.010045968927443027,0.990330696105957,0.4999280869960785,0.20856866240501404,0.028331756591796875,513.144960025917,0.0,0.0,0.0,1
9200,inverse_warmup_m1,1.0,0.05428772047162056,0.02182687819004059,0.023603809376557667,0.7922859092553457,0.0,0.02885010652244091,0.08599321735008245,0.010045968927443027,0.990330696105957,0.4999280869960785,0.20856866240501404,0.028331756591796875,513.144960025917,0.0,0.0,0.0,1
9400,inverse_warmup_m1,1.0,0.05266376584768295,0.02085098996758461,0.023634483572095633,0.7942244758208593,0.0,0.03068990260362625,0.08754281054359234,0.010045968927443027,0.990330696105957,0.4999280869960785,0.20856866240501404,0.028331756591796875,513.144960025917,0.0,0.0,0.0,1
9600,inverse_warmup_m1,1.0,0.053474873304367065,0.021382667124271393,0.022920712052534025,0.7954084624846777,0.0,0.026907047256827354,0.08530615757504267,0.010045968927443027,0.990330696105957,0.4999280869960785,0.20856866240501404,0.028331756591796875,513.144960025917,0.0,0.0,0.0,1
9800,inverse_warmup_m1,1.0,0.05251959711313248,0.020961318165063858,0.023134973365813494,0.7937048623959223,0.0,0.026653867214918137,0.07252649477372483,0.010045968927443027,0.990330696105957,0.4999280869960785,0.20856866240501404,0.028331756591796875,513.144960025917,0.0,0.0,0.0,1
10000,inverse_warmup_m1,1.0,0.05358118563890457,0.0212959386408329,0.023111736091474693,0.7941911468903223,0.0,0.027543848380446434,0.12839306769801534,0.010045968927443027,0.990330696105957,0.4999280869960785,0.20856866240501404,0.028331756591796875,513.144960025917,0.0,0.0,0.0,1
10200,inverse_warmup_m1,1.0,0.05449995398521423,0.022125018760561943,0.023377970171471436,0.7950610965490341,0.0,0.028303366154432297,0.15957698092605638,0.010045968927443027,0.990330696105957,0.4999280869960785,0.20856866240501404,0.028331756591796875,513.144960025917,0.0,0.0,0.0,1
10400,inverse_warmup_m1,1.0,0.05330047756433487,0.021367795765399933,0.023409024346619844,0.794405867656072,0.0,0.02725600078701973,0.12259801659571805,0.010045968927443027,0.990330696105957,0.4999280869960785,0.20856866240501404,0.028331756591796875,513.144960025917,0.0,0.0,0.0,1
10600,inverse_warmup_m1,1.0,0.05392712354660034,0.02187534235417843,0.02315004573514064,0.795736645658811,0.0,0.027879992499947548,0.10112059179884608,0.010045968927443027,0.990330696105957,0.4999280869960785,0.20856866240501404,0.028331756591796875,513.144960025917,0.0,0.0,0.0,1
10800,inverse_warmup_m1,1.0,0.05283762514591217,0.021268878132104874,0.02296741136039297,0.7961176832516988,0.0,0.02741660177707672,0.09653199146700958,0.010045968927443027,0.990330696105957,0.4999280869960785,0.20856866240501404,0.028331756591796875,513.144960025917,0.0,0.0,0.0,1
11000,inverse_warmup_m1,1.0,0.05293547734618187,0.021299967542290688,0.023429923690855503,0.7934898436069489,0.0,0.026965323835611343,0.10264439458036524,0.010045968927443027,0.990330696105957,0.4999280869960785,0.20856866240501404,0.028331756591796875,513.144960025917,0.0,0.0,0.0,1
11200,inverse_warmup_m1,1.0,0.052916914224624634,0.021128300577402115,0.022884421826650698,0.7967010835806528,0.0,0.026690548285841942,0.06482715789966739,0.010045968927443027,0.990330696105957,0.4999280869960785,0.20856866240501404,0.028331756591796875,513.144960025917,0.0,0.0,0.0,1
11400,inverse_warmup_m1,1.0,0.05325871333479881,0.02113461308181286,0.023260594345629215,0.7954418957233429,0.0,0.025717895478010178,0.09584155797369696,0.010045968927443027,0.990330696105957,0.4999280869960785,0.20856866240501404,0.028331756591796875,513.144960025917,0.0,0.0,0.0,1
11600,inverse_warmup_m1,1.0,0.054392263293266296,0.02204073779284954,0.02347065011660258,0.7930964479843775,0.0,0.025336630642414093,0.10646476833607807,0.010045968927443027,0.990330696105957,0.4999280869960785,0.20856866240501404,0.028331756591796875,513.144960025917,0.0,0.0,0.0,1
11800,inverse_warmup_m1,1.0,0.053333863615989685,0.02138996496796608,0.023210937312493723,0.796033094326655,0.0,0.025829875841736794,0.10642862455892581,0.010045968927443027,0.990330696105957,0.4999280869960785,0.20856866240501404,0.028331756591796875,513.144960025917,0.0,0.0,0.0,1
12000,inverse_warmup_m1,1.0,0.05295030027627945,0.02134060673415661,0.023058960835138958,0.7970981349547704,0.0,0.025702793151140213,0.0665352704641524,0.010045968927443027,0.990330696105957,0.4999280869960785,0.20856866240501404,0.028331756591796875,513.144960025917,0.0,0.0,0.0,1
12200,inverse_warmup_m1,1.0,0.05262734740972519,0.02080582082271576,0.023114822804927826,0.7962342401345571,0.0,0.024843696504831314,0.05963768506702117,0.010045968927443027,0.990330696105957,0.4999280869960785,0.20856866240501404,0.028331756591796875,513.144960025917,0.0,0.0,0.0,1
12400,inverse_warmup_m1,1.0,0.052076324820518494,0.02077026665210724,0.022981658422698576,0.7966373662153879,0.0,0.02518027275800705,0.06939991531721784,0.010045968927443027,0.990330696105957,0.4999280869960785,0.20856866240501404,0.028331756591796875,513.144960025917,0.0,0.0,0.0,1
12600,inverse_warmup_m1,1.0,0.05205555260181427,0.02071967162191868,0.02291703736409545,0.795778269569079,0.0,0.025266224518418312,0.08411110786886426,0.010045968927443027,0.990330696105957,0.4999280869960785,0.20856866240501404,0.028331756591796875,513.144960025917,0.0,0.0,0.0,1
12800,inverse_warmup_m1,1.0,0.05340860038995743,0.021484151482582092,0.022954502298186224,0.7986572434504827,0.0,0.025466734543442726,0.07042558966186631,0.010045968927443027,0.990330696105957,0.4999280869960785,0.20856866240501404,0.028331756591796875,513.144960025917,0.0,0.0,0.0,1
13000,inverse_warmup_m1,1.0,0.052460186183452606,0.02091130241751671,0.023191146552562714,0.7972836842139562,0.0,0.025267012417316437,0.07776777425124883,0.010045968927443027,0.990330696105957,0.4999280869960785,0.20856866240501404,0.028331756591796875,513.144960025917,0.0,0.0,0.0,1
13200,inverse_warmup_m1,1.0,0.052873626351356506,0.02115551382303238,0.022631538721422356,0.7986581325531006,0.0,0.02528497576713562,0.18105783923597094,0.010045968927443027,0.990330696105957,0.4999280869960785,0.20856866240501404,0.028331756591796875,513.144960025917,0.0,0.0,0.0,1
13400,inverse_warmup_m1,1.0,0.05248929187655449,0.021017078310251236,0.02324062663440903,0.795082708199819,0.0,0.025565356016159058,0.1629903508974609,0.010045968927443027,0.990330696105957,0.4999280869960785,0.20856866240501404,0.028331756591796875,513.144960025917,0.0,0.0,0.0,1
13600,inverse_warmup_m1,1.0,0.052719827741384506,0.021032022312283516,0.023141824640333652,0.7958918064832687,0.0,0.025071190670132637,0.08419767521259182,0.010045968927443027,0.990330696105957,0.4999280869960785,0.20856866240501404,0.028331756591796875,513.144960025917,0.0,0.0,0.0,1
13800,inverse_warmup_m1,1.0,0.05222932621836662,0.02083588019013405,0.023021807583669823,0.7997259994347891,0.0,0.024361707270145416,0.0950991578133058,0.010045968927443027,0.990330696105957,0.4999280869960785,0.20856866240501404,0.028331756591796875,513.144960025917,0.0,0.0,0.0,1
14000,inverse_warmup_m1,1.0,0.05256257951259613,0.020998097956180573,0.023193210518608492,0.7975951234499613,0.0,0.024622315540909767,0.07845938621712098,0.010045968927443027,0.990330696105957,0.4999280869960785,0.20856866240501404,0.028331756591796875,513.144960025917,0.0,0.0,0.0,1
14200,inverse_warmup_m1,1.0,0.052835844457149506,0.020936526358127594,0.023276296599457662,0.7962986081838608,0.0,0.024107450619339943,0.11973216166836237,0.010045968927443027,0.990330696105957,0.4999280869960785,0.20856866240501404,0.028331756591796875,513.144960025917,0.0,0.0,0.0,1
14400,inverse_warmup_m1,1.0,0.05197162926197052,0.020775502547621727,0.02288712312777837,0.7980661541223526,0.0,0.02374461479485035,0.09507814501995296,0.010045968927443027,0.990330696105957,0.4999280869960785,0.20856866240501404,0.028331756591796875,513.144960025917,0.0,0.0,0.0,1
14600,inverse_warmup_m1,1.0,0.05194450169801712,0.02055060677230358,0.02308697331075867,0.7934400786956152,0.0,0.023661337792873383,0.09660532862267224,0.010045968927443027,0.990330696105957,0.4999280869960785,0.20856866240501404,0.028331756591796875,513.144960025917,0.0,0.0,0.0,1
14800,inverse_warmup_m1,1.0,0.05284779518842697,0.02098884992301464,0.022893760663767655,0.7972597529490789,0.0,0.02485649660229683,0.16963374954522445,0.010045968927443027,0.990330696105957,0.4999280869960785,0.20856866240501404,0.028331756591796875,513.144960025917,0.0,0.0,0.0,1
15000,inverse_warmup_m1,1.0,0.05180084705352783,0.02046690136194229,0.023168593179434538,0.7962128520011902,0.0,0.023715902119874954,0.14412975175916004,0.010045968927443027,0.990330696105957,0.4999280869960785,0.20856866240501404,0.028331756591796875,513.144960025917,0.0,0.0,0.0,1
15200,inverse_warmup_m1,1.0,0.05100485682487488,0.020055290311574936,0.022549745937188465,0.8016209801038107,0.0,0.023046309128403664,0.07308258539537921,0.010045968927443027,0.990330696105957,0.4999280869960785,0.20856866240501404,0.028331756591796875,513.144960025917,0.0,0.0,0.0,1
15400,inverse_warmup_m1,1.0,0.0519636869430542,0.020478393882513046,0.02248751698061824,0.8016217648983002,0.0,0.022863158956170082,0.07042167322788712,0.010045968927443027,0.990330696105957,0.4999280869960785,0.20856866240501404,0.028331756591796875,513.144960025917,0.0,0.0,0.0,1
15600,inverse_warmup_m1,1.0,0.05098485201597214,0.019955208525061607,0.023004558868706226,0.7996226102113724,0.0,0.023444222286343575,0.07238991494255957,0.010045968927443027,0.990330696105957,0.4999280869960785,0.20856866240501404,0.028331756591796875,513.144960025917,0.0,0.0,0.0,1
15800,inverse_warmup_m1,1.0,0.051826801151037216,0.02063443511724472,0.022769434687991936,0.7994690090417862,0.0,0.02286383882164955,0.09898141669525747,0.010045968927443027,0.990330696105957,0.4999280869960785,0.20856866240501404,0.028331756591796875,513.144960025917,0.0,0.0,0.0,1
16000,inverse_warmup_m1,1.0,0.05114422366023064,0.02028398960828781,0.02268705501531561,0.7999870479106903,0.0,0.022896863520145416,0.08731341145668624,0.010045968927443027,0.990330696105957,0.4999280869960785,0.20856866240501404,0.028331756591796875,513.144960025917,0.0,0.0,0.0,1
16200,inverse_warmup_m1,1.0,0.05225111544132233,0.020726483315229416,0.02317385996381442,0.798594335714976,0.0,0.02368767186999321,0.076136607546126,0.010045968927443027,0.990330696105957,0.4999280869960785,0.20856866240501404,0.028331756591796875,513.144960025917,0.0,0.0,0.0,1
16400,inverse_warmup_m1,1.0,0.05139390751719475,0.020306957885622978,0.02293683961033821,0.7969988584518433,0.0,0.022656353190541267,0.07452501010327266,0.010045968927443027,0.990330696105957,0.4999280869960785,0.20856866240501404,0.028331756591796875,513.144960025917,0.0,0.0,0.0,1
16600,inverse_warmup_m1,1.0,0.05092840641736984,0.02005307376384735,0.02271931633974115,0.7994864682356516,0.0,0.022257108241319656,0.0752183568738656,0.010045968927443027,0.990330696105957,0.4999280869960785,0.20856866240501404,0.028331756591796875,513.144960025917,0.0,0.0,0.0,1
16800,inverse_warmup_m1,1.0,0.051188137382268906,0.020254485309123993,0.02272007055580616,0.8018011500438055,0.0,0.02232751064002514,0.045144086073257414,0.010045968927443027,0.990330696105957,0.4999280869960785,0.20856866240501404,0.028331756591796875,513.144960025917,0.0,0.0,0.0,1
17000,inverse_warmup_m1,1.0,0.05105605721473694,0.02009350061416626,0.02254392532631755,0.8027128328879675,0.0,0.02310100570321083,0.0951321584229552,0.010045968927443027,0.990330696105957,0.4999280869960785,0.20856866240501404,0.028331756591796875,513.144960025917,0.0,0.0,0.0,1
17200,inverse_warmup_m1,1.0,0.05040746182203293,0.019691873341798782,0.022953193945189316,0.79682457447052,0.0,0.023005804046988487,0.07383128964051676,0.010045968927443027,0.990330696105957,0.4999280869960785,0.20856866240501404,0.028331756591796875,513.144960025917,0.0,0.0,0.0,1
17400,inverse_warmup_m1,1.0,0.051853492856025696,0.020646139979362488,0.022996426404764254,0.8001515616973242,0.0,0.022380376234650612,0.12261957377980229,0.010045968927443027,0.990330696105957,0.4999280869960785,0.20856866240501404,0.028331756591796875,513.144960025917,0.0,0.0,0.0,1
17600,inverse_warmup_m1,1.0,0.05101919174194336,0.020130254328250885,0.022471474017947912,0.8019336611032486,0.0,0.022489456459879875,0.0951547970984738,0.010045968927443027,0.990330696105957,0.4999280869960785,0.20856866240501404,0.028331756591796875,513.144960025917,0.0,0.0,0.0,1
17800,inverse_warmup_m1,1.0,0.05178969353437424,0.02063298597931862,0.022592901873091858,0.8029307176669439,0.0,0.02249976620078087,0.12154744958412653,0.010045968927443027,0.990330696105957,0.4999280869960785,0.20856866240501404,0.028331756591796875,513.144960025917,0.0,0.0,0.0,1
18000,inverse_warmup_m1,1.0,0.05095566064119339,0.020048201084136963,0.022862703539431095,0.7978249788284302,0.0,0.021577127277851105,0.11237992418302811,0.010045968927443027,0.990330696105957,0.4999280869960785,0.20856866240501404,0.028331756591796875,513.144960025917,0.0,0.0,0.0,1
18200,inverse_warmup_m1,1.0,0.05160773545503616,0.020181899890303612,0.022554739844053984,0.8008643090724945,0.0,0.02196098305284977,0.05667180851129234,0.010045968927443027,0.990330696105957,0.4999280869960785,0.20856866240501404,0.028331756591796875,513.144960025917,0.0,0.0,0.0,1
18400,inverse_warmup_m1,1.0,0.0514640212059021,0.020306959748268127,0.022621833253651857,0.8031600614388784,0.0,0.02222689427435398,0.07275034288240739,0.010045968927443027,0.990330696105957,0.4999280869960785,0.20856866240501404,0.028331756591796875,513.144960025917,0.0,0.0,0.0,1
18600,inverse_warmup_m1,1.0,0.05154877156019211,0.020288588479161263,0.02219434982786576,0.8016734719276428,0.0,0.022130804136395454,0.05592915989663552,0.010045968927443027,0.990330696105957,0.4999280869960785,0.20856866240501404,0.028331756591796875,513.144960025917,0.0,0.0,0.0,1
18800,inverse_warmup_m1,1.0,0.050554029643535614,0.019233785569667816,0.022344053878138464,0.8035353471835455,0.0,0.024071399122476578,0.21118655139119985,0.010045968927443027,0.990330696105957,0.4999280869960785,0.20856866240501404,0.028331756591796875,513.144960025917,0.0,0.0,0.0,1
19000,inverse_warmup_m1,1.0,0.05173657462000847,0.02071324922144413,0.0229998417198658,0.7984718183676401,0.0,0.021781418472528458,0.11792370640979705,0.010045968927443027,0.990330696105957,0.4999280869960785,0.20856866240501404,0.028331756591796875,513.144960025917,0.0,0.0,0.0,1
19200,inverse_warmup_m1,1.0,0.05093155428767204,0.020047742873430252,0.022419200123598177,0.8011118819316229,0.0,0.02161802165210247,0.1407217985368927,0.010045968927443027,0.990330696105957,0.4999280869960785,0.20856866240501404,0.028331756591796875,513.144960025917,0.0,0.0,0.0,1
19400,inverse_warmup_m1,1.0,0.05171743035316467,0.020345864817500114,0.022597199926773708,0.8003273804982504,0.0,0.022266782820224762,0.12148599580097265,0.010045968927443027,0.990330696105957,0.4999280869960785,0.20856866240501404,0.028331756591796875,513.144960025917,0.0,0.0,0.0,1
19600,inverse_warmup_m1,1.0,0.05254572629928589,0.020861515775322914,0.02234586824973424,0.8029998044172922,0.0,0.022364582866430283,0.17272435266296451,0.010045968927443027,0.990330696105957,0.4999280869960785,0.20856866240501404,0.028331756591796875,513.144960025917,0.0,0.0,0.0,1
19800,inverse_warmup_m1,1.0,0.051142916083335876,0.02000182867050171,0.02229722946261366,0.8014142612616221,0.0,0.02136046253144741,0.13602241033987159,0.010045968927443027,0.990330696105957,0.4999280869960785,0.20856866240501404,0.028331756591796875,513.144960025917,0.0,0.0,0.0,1
20000,inverse_warmup_m1,1.0,0.05171327292919159,0.02053450047969818,0.022244682535529137,0.8045573433240255,0.0,0.022112976759672165,0.08794954624309256,0.010045968927443027,0.990330696105957,0.4999280869960785,0.20856866240501404,0.028331756591796875,513.144960025917,0.0,0.0,0.0,1
20200,inverse_warmup_m1,1.0,0.05084996297955513,0.02023417316377163,0.022412892431020737,0.8023636887470881,0.0,0.021425800397992134,0.10189409052140727,0.010045968927443027,0.990330696105957,0.4999280869960785,0.20856866240501404,0.028331756591796875,513.144960025917,0.0,0.0,0.0,1
20400,inverse_warmup_m1,1.0,0.050955645740032196,0.020008089020848274,0.02241537704442938,0.8013863861560822,0.0,0.020709488540887833,0.08329157318975135,0.010045968927443027,0.990330696105957,0.4999280869960785,0.20856866240501404,0.028331756591796875,513.144960025917,0.0,0.0,0.0,1
20600,inverse_warmup_m1,1.0,0.05100122466683388,0.02020394802093506,0.022108230739831924,0.8043140172958374,0.0,0.021335303783416748,0.13173610148266116,0.010045968927443027,0.990330696105957,0.4999280869960785,0.20856866240501404,0.028331756591796875,513.144960025917,0.0,0.0,0.0,1
20800,inverse_warmup_m1,1.0,0.051420263946056366,0.020104482769966125,0.02280740486457944,0.7993675470352173,0.0,0.020711416378617287,0.08005376041538617,0.010045968927443027,0.990330696105957,0.4999280869960785,0.20856866240501404,0.028331756591796875,513.144960025917,0.0,0.0,0.0,1
21000,inverse_warmup_m1,1.0,0.05133943259716034,0.020156051963567734,0.02257073096310099,0.8018416812022527,0.0,0.02054789662361145,0.07056380806647675,0.010045968927443027,0.990330696105957,0.4999280869960785,0.20856866240501404,0.028331756591796875,513.144960025917,0.0,0.0,0.0,1
21200,inverse_warmup_m1,1.0,0.05134531855583191,0.020241355523467064,0.022161745000630617,0.8050941824913025,0.0,0.020658450201153755,0.09471210637113722,0.010045968927443027,0.990330696105957,0.4999280869960785,0.20856866240501404,0.028331756591796875,513.144960025917,0.0,0.0,0.0,1
21400,inverse_warmup_m1,1.0,0.051174767315387726,0.02004534751176834,0.02232760904977719,0.8023472279310226,0.0,0.020633172243833542,0.07769173782767068,0.010045968927443027,0.990330696105957,0.4999280869960785,0.20856866240501404,0.028331756591796875,513.144960025917,0.0,0.0,0.0,1
21600,inverse_warmup_m1,1.0,0.05092146247625351,0.01984071359038353,0.02222500725959738,0.8018280863761902,0.0,0.020299799740314484,0.08369737410100456,0.010045968927443027,0.990330696105957,0.4999280869960785,0.20856866240501404,0.028331756591796875,513.144960025917,0.0,0.0,0.0,1
21800,inverse_warmup_m1,1.0,0.050320569425821304,0.019697338342666626,0.02242201038946708,0.8005008945862452,0.0,0.019994821399450302,0.07242097413059623,0.010045968927443027,0.990330696105957,0.4999280869960785,0.20856866240501404,0.028331756591796875,513.144960025917,0.0,0.0,0.0,1
22000,inverse_warmup_m1,1.0,0.05030097812414169,0.019813895225524902,0.022327345019827288,0.8014523734649023,0.0,0.020392542704939842,0.06222028390510921,0.010045968927443027,0.990330696105957,0.4999280869960785,0.20856866240501404,0.028331756591796875,513.144960025917,0.0,0.0,0.0,1
22200,inverse_warmup_m1,1.0,0.05194670706987381,0.020618971437215805,0.02239456462363402,0.8028839429219564,0.0,0.020950932055711746,0.09905263510742413,0.010045968927443027,0.990330696105957,0.4999280869960785,0.20856866240501404,0.028331756591796875,513.144960025917,0.0,0.0,0.0,1
22400,inverse_warmup_m1,1.0,0.051042381674051285,0.020112745463848114,0.022199532017111778,0.8041423708200455,0.0,0.021002521738409996,0.10753084305325522,0.010045968927443027,0.990330696105957,0.4999280869960785,0.20856866240501404,0.028331756591796875,513.144960025917,0.0,0.0,0.0,1
22600,inverse_warmup_m1,1.0,0.05102764442563057,0.01996314339339733,0.022583093494176865,0.8013863960901896,0.0,0.02053447812795639,0.09273471034287627,0.010045968927443027,0.990330696105957,0.4999280869960785,0.20856866240501404,0.028331756591796875,513.144960025917,0.0,0.0,0.0,1
22800,inverse_warmup_m1,1.0,0.05075565353035927,0.01991654746234417,0.022241589923699696,0.8028751065333685,0.0,0.02074643038213253,0.12529284366731772,0.010045968927443027,0.990330696105957,0.4999280869960785,0.20856866240501404,0.028331756591796875,513.144960025917,0.0,0.0,0.0,1
23000,inverse_warmup_m1,1.0,0.051189444959163666,0.02007313258945942,0.022284006389478844,0.8021862059831619,0.0,0.020689550787210464,0.09299644993651143,0.010045968927443027,0.990330696105957,0.4999280869960785,0.20856866240501404,0.028331756591796875,513.144960025917,0.0,0.0,0.0,1
23200,inverse_warmup_m1,1.0,0.05073244869709015,0.019889535382390022,0.022213558045526344,0.8029054204622904,0.0,0.02023347280919552,0.09895969311363421,0.010045968927443027,0.990330696105957,0.4999280869960785,0.20856866240501404,0.028331756591796875,513.144960025917,0.0,0.0,0.0,1
23400,inverse_warmup_m1,1.0,0.050946615636348724,0.019982311874628067,0.022608350807180006,0.8013330002625784,0.0,0.01953459158539772,0.06429476705491434,0.010045968927443027,0.990330696105957,0.4999280869960785,0.20856866240501404,0.028331756591796875,513.144960025917,0.0,0.0,0.0,1
23600,inverse_warmup_m1,1.0,0.05131608247756958,0.020474206656217575,0.02270982616270582,0.8007937520742416,0.0,0.020495345816016197,0.0874159870429122,0.010045968927443027,0.990330696105957,0.4999280869960785,0.20856866240501404,0.028331756591796875,513.144960025917,0.0,0.0,0.0,1
23800,inverse_warmup_m1,1.0,0.05047161877155304,0.019763562828302383,0.022279801312834024,0.8028806994358698,0.0,0.019218284636735916,0.07606482442619765,0.010045968927443027,0.990330696105957,0.4999280869960785,0.20856866240501404,0.028331756591796875,513.144960025917,0.0,0.0,0.0,1
24000,inverse_warmup_m1,1.0,0.050080835819244385,0.019467854872345924,0.022364373318850994,0.8027637948592504,0.0,0.0198209211230278,0.07161105237378765,0.010045968927443027,0.990330696105957,0.4999280869960785,0.20856866240501404,0.028331756591796875,513.144960025917,0.0,0.0,0.0,1
24200,inverse_warmup_m1,1.0,0.05050448328256607,0.019652828574180603,0.022593585308641195,0.8014852106571198,0.0,0.01973770372569561,0.10716518816930952,0.010045968927443027,0.990330696105957,0.4999280869960785,0.20856866240501404,0.028331756591796875,513.144960025917,0.0,0.0,0.0,1
24400,inverse_warmup_m1,1.0,0.04983881115913391,0.019329320639371872,0.022241332568228245,0.8030443489551544,0.0,0.019392255693674088,0.08897314342576461,0.010045968927443027,0.990330696105957,0.4999280869960785,0.20856866240501404,0.028331756591796875,513.144960025917,0.0,0.0,0.0,1
24600,inverse_warmup_m1,1.0,0.049454595893621445,0.01921745203435421,0.021886184656371672,0.8053668439388275,0.0,0.01967461407184601,0.05793439350255536,0.010045968927443027,0.990330696105957,0.4999280869960785,0.20856866240501404,0.028331756591796875,513.144960025917,0.0,0.0,0.0,1
24800,inverse_warmup_m1,1.0,0.050639472901821136,0.01975935325026512,0.022062955268969137,0.8057362188895544,0.0,0.019069692119956017,0.04426534632730392,0.010045968927443027,0.990330696105957,0.4999280869960785,0.20856866240501404,0.028331756591796875,513.144960025917,0.0,0.0,0.0,1
25000,inverse_warmup_m1,1.0,0.04968530684709549,0.01940140500664711,0.022130799169341724,0.8054924259583155,0.0,0.019443102180957794,0.09572689954134897,0.010045968927443027,0.990330696105957,0.4999280869960785,0.20856866240501404,0.028331756591796875,513.144960025917,0.0,0.0,0.0,1
25200,inverse_warmup_m1,1.0,0.050327084958553314,0.019766289740800858,0.022192813300838072,0.8045404255390167,0.0,0.019236687570810318,0.06577880865673981,0.010045968927443027,0.990330696105957,0.4999280869960785,0.20856866240501404,0.028331756591796875,513.144960025917,0.0,0.0,0.0,1
25400,inverse_warmup_m1,1.0,0.04987763240933418,0.019345350563526154,0.02269756669799487,0.8017860551675161,0.0,0.018789172172546387,0.10894875916869733,0.010045968927443027,0.990330696105957,0.4999280869960785,0.20856866240501404,0.028331756591796875,513.144960025917,0.0,0.0,0.0,1
25600,inverse_warmup_m1,1.0,0.05077234283089638,0.019863294437527657,0.02263904254262646,0.8018860320250193,0.0,0.019530367106199265,0.07963480939170088,0.010045968927443027,0.990330696105957,0.4999280869960785,0.20856866240501404,0.028331756591796875,513.144960025917,0.0,0.0,0.0,1
25800,inverse_warmup_m1,1.0,0.050063423812389374,0.019581817090511322,0.022405531412611406,0.8031859944264094,0.0,0.01912352629005909,0.08092941748658918,0.010045968927443027,0.990330696105957,0.4999280869960785,0.20856866240501404,0.028331756591796875,513.144960025917,0.0,0.0,0.0,1
26000,inverse_warmup_m1,1.0,0.05002279579639435,0.019599154591560364,0.022553338514020044,0.8031251629193624,0.0,0.018883604556322098,0.0890756676208161,0.010045968927443027,0.990330696105957,0.4999280869960785,0.20856866240501404,0.028331756591796875,513.144960025917,0.0,0.0,0.0,1
26200,inverse_warmup_m1,1.0,0.05022336170077324,0.01958456262946129,0.022293017711490393,0.8047796934843063,0.0,0.018793733790516853,0.06691446883169391,0.010045968927443027,0.990330696105957,0.4999280869960785,0.20856866240501404,0.028331756591796875,513.144960025917,0.0,0.0,0.0,1
26400,inverse_warmup_m1,1.0,0.05004451051354408,0.019506581127643585,0.02206558734178543,0.8064196954170862,0.0,0.01948973536491394,0.10262264962110537,0.010045968927443027,0.990330696105957,0.4999280869960785,0.20856866240501404,0.028331756591796875,513.144960025917,0.0,0.0,0.0,1
26600,inverse_warmup_m1,1.0,0.04968619346618652,0.019292272627353668,0.022417398014416296,0.8012372950712839,0.0,0.019285395741462708,0.12712664169232984,0.010045968927443027,0.990330696105957,0.4999280869960785,0.20856866240501404,0.028331756591796875,513.144960025917,0.0,0.0,0.0,1
26800,inverse_warmup_m1,1.0,0.05130152404308319,0.02015697956085205,0.022133230076481897,0.8032701462507248,0.0,0.019537029787898064,0.16917375922709438,0.010045968927443027,0.990330696105957,0.4999280869960785,0.20856866240501404,0.028331756591796875,513.144960025917,0.0,0.0,0.0,1
27000,inverse_warmup_m1,1.0,0.05039028823375702,0.019599081948399544,0.022161319386214018,0.8037675420443217,0.0,0.019188985228538513,0.10923305557278902,0.010045968927443027,0.990330696105957,0.4999280869960785,0.20856866240501404,0.028331756591796875,513.144960025917,0.0,0.0,0.0,1
27200,inverse_warmup_m1,1.0,0.05103543400764465,0.0201713927090168,0.02234731676677863,0.8049316108226776,0.0,0.019084323197603226,0.1276359961540545,0.010045968927443027,0.990330696105957,0.4999280869960785,0.20856866240501404,0.028331756591796875,513.144960025917,0.0,0.0,0.0,1
27400,inverse_warmup_m1,1.0,0.05022911727428436,0.0194995254278183,0.022329732310026884,0.800308013955752,0.0,0.01816387102007866,0.08725942291744661,0.010045968927443027,0.990330696105957,0.4999280869960785,0.20856866240501404,0.028331756591796875,513.144960025917,0.0,0.0,0.0,1
27600,inverse_warmup_m1,1.0,0.05108501762151718,0.020011330023407936,0.02209083115061124,0.8049650639295578,0.0,0.01928408071398735,0.11092185385818215,0.010045968927443027,0.990330696105957,0.4999280869960785,0.20856866240501404,0.028331756591796875,513.144960025917,0.0,0.0,0.0,1
27800,inverse_warmup_m1,1.0,0.050845667719841,0.019806984812021255,0.022060518929113943,0.8040875742832819,0.0,0.018336765468120575,0.08588175840953761,0.010045968927443027,0.990330696105957,0.4999280869960785,0.20856866240501404,0.028331756591796875,513.144960025917,0.0,0.0,0.0,1
28000,inverse_warmup_m1,1.0,0.0505608469247818,0.01981462724506855,0.021772123718013365,0.8070760866006216,0.0,0.0189762394875288,0.0718392029825424,0.010045968927443027,0.990330696105957,0.4999280869960785,0.20856866240501404,0.028331756591796875,513.144960025917,0.0,0.0,0.0,1
28200,inverse_warmup_m1,1.0,0.04892808198928833,0.018672969192266464,0.02206019327665369,0.8048708140850067,0.0,0.02093631587922573,0.12765562128386126,0.010045968927443027,0.990330696105957,0.4999280869960785,0.20856866240501404,0.028331756591796875,513.144960025917,0.0,0.0,0.0,1
28400,inverse_warmup_m1,1.0,0.050232283771038055,0.019530996680259705,0.02223610474417607,0.8041945894559225,0.0,0.01846700720489025,0.0878530205166747,0.010045968927443027,0.990330696105957,0.4999280869960785,0.20856866240501404,0.028331756591796875,513.144960025917,0.0,0.0,0.0,1
28600,inverse_warmup_m1,1.0,0.049989618360996246,0.01940939947962761,0.022008231064925592,0.8053672462701797,0.0,0.018779639154672623,0.14950676406137206,0.010045968927443027,0.990330696105957,0.4999280869960785,0.20856866240501404,0.028331756591796875,513.144960025917,0.0,0.0,0.0,1
28800,inverse_warmup_m1,1.0,0.050336118787527084,0.019571442157030106,0.022256065315256517,0.8044115056594213,0.0,0.018705083057284355,0.09941753814779154,0.010045968927443027,0.990330696105957,0.4999280869960785,0.20856866240501404,0.028331756591796875,513.144960025917,0.0,0.0,0.0,1
29000,inverse_warmup_m1,1.0,0.05052674561738968,0.019553322345018387,0.02186347683891654,0.8046227792898814,0.0,0.01844862848520279,0.07384888988747074,0.010045968927443027,0.990330696105957,0.4999280869960785,0.20856866240501404,0.028331756591796875,513.144960025917,0.0,0.0,0.0,1
29200,inverse_warmup_m1,1.0,0.04946468770503998,0.019074460491538048,0.021762819805492956,0.8071213116248449,0.0,0.018161097541451454,0.055209815441775376,0.010045968927443027,0.990330696105957,0.4999280869960785,0.20856866240501404,0.028331756591796875,513.144960025917,0.0,0.0,0.0,1
29400,inverse_warmup_m1,1.0,0.050375718623399734,0.01956847868859768,0.021838251190880936,0.8076070497433344,0.0,0.01815231516957283,0.04101306447814114,0.010045968927443027,0.990330696105957,0.4999280869960785,0.20856866240501404,0.028331756591796875,513.144960025917,0.0,0.0,0.0,1
29600,inverse_warmup_m1,1.0,0.04987909644842148,0.019525714218616486,0.021620792026321094,0.8076327095429102,0.0,0.018052883446216583,0.04728008214332937,0.010045968927443027,0.990330696105957,0.4999280869960785,0.20856866240501404,0.028331756591796875,513.144960025917,0.0,0.0,0.0,1
29800,inverse_warmup_m1,1.0,0.04991833120584488,0.019299551844596863,0.02204913863291343,0.8054224153359731,0.0,0.018052784726023674,0.0657057402029408,0.010045968927443027,0.990330696105957,0.4999280869960785,0.20856866240501404,0.028331756591796875,513.144960025917,0.0,0.0,0.0,1
30000,inverse_warmup_m1,1.0,0.04993666708469391,0.01950056105852127,0.021920989888409775,0.8074403603871664,0.0,0.018227797001600266,0.077802572941723,0.010045968927443027,0.990330696105957,0.4999280869960785,0.20856866240501404,0.028331756591796875,513.144960025917,0.0,0.0,0.0,1
30200,inverse_warmup_m1,1.0,0.0504249632358551,0.019454315304756165,0.022257726018627483,0.8045945018529892,0.0,0.018185781314969063,0.11745727264135679,0.010045968927443027,0.990330696105957,0.4999280869960785,0.20856866240501404,0.028331756591796875,513.144960025917,0.0,0.0,0.0,1
30400,inverse_warmup_m1,1.0,0.05022941529750824,0.019491096958518028,0.02175356214866042,0.8082414964834849,0.0,0.01783975213766098,0.07705411397502937,0.010045968927443027,0.990330696105957,0.4999280869960785,0.20856866240501404,0.028331756591796875,513.144960025917,0.0,0.0,0.0,1
30600,inverse_warmup_m1,1.0,0.05021931976079941,0.019623471423983574,0.021740476600825787,0.8076658596595129,0.0,0.018129397183656693,0.05087602901408996,0.010045968927443027,0.990330696105957,0.4999280869960785,0.20856866240501404,0.028331756591796875,513.144960025917,0.0,0.0,0.0,1
30800,inverse_warmup_m1,1.0,0.05012478306889534,0.01943332515656948,0.021970639936625957,0.8052300264437994,0.0,0.017556605860590935,0.07363167707926806,0.010045968927443027,0.990330696105957,0.4999280869960785,0.20856866240501404,0.028331756591796875,513.144960025917,0.0,0.0,0.0,1
31000,inverse_warmup_m1,1.0,0.05007077381014824,0.01929420977830887,0.021681490819901228,0.8057597627242407,0.0,0.017600413411855698,0.07577827265254458,0.010045968927443027,0.990330696105957,0.4999280869960785,0.20856866240501404,0.028331756591796875,513.144960025917,0.0,0.0,0.0,1
31200,inverse_warmup_m1,1.0,0.049500856548547745,0.019214944913983345,0.02190030086785555,0.8071462363004684,0.0,0.017624983564019203,0.07806624138088768,0.010045968927443027,0.990330696105957,0.4999280869960785,0.20856866240501404,0.028331756591796875,513.144960025917,0.0,0.0,0.0,1
31400,inverse_warmup_m1,1.0,0.049632418900728226,0.019383329898118973,0.021967254268626373,0.8046184132496516,0.0,0.017959238961338997,0.09479418915979929,0.010045968927443027,0.990330696105957,0.4999280869960785,0.20856866240501404,0.028331756591796875,513.144960025917,0.0,0.0,0.0,1
31600,inverse_warmup_m1,1.0,0.05081218481063843,0.020025834441184998,0.021684444819887478,0.8077318420012792,0.0,0.01829347014427185,0.09218016883647444,0.010045968927443027,0.990330696105957,0.4999280869960785,0.20856866240501404,0.028331756591796875,513.144960025917,0.0,0.0,0.0,1
31800,inverse_warmup_m1,1.0,0.05010555684566498,0.019643621519207954,0.023144237386683624,0.8013195892175039,0.0,0.017950480803847313,0.09195572421436626,0.010045968927443027,0.990330696105957,0.4999280869960785,0.20856866240501404,0.028331756591796875,513.144960025917,0.0,0.0,0.0,1
32000,inverse_warmup_m1,1.0,0.05014848709106445,0.01937304064631462,0.021740163986881573,0.8076854745546976,0.0,0.017468702048063278,0.11208494310150686,0.010045968927443027,0.990330696105957,0.4999280869960785,0.20856866240501404,0.028331756591796875,513.144960025917,0.0,0.0,0.0,1
32200,inverse_warmup_m1,1.0,0.04966702312231064,0.019160527735948563,0.021747515847285587,0.8076806912819544,0.0,0.01781168021261692,0.06875607017813332,0.010045968927443027,0.990330696105957,0.4999280869960785,0.20856866240501404,0.028331756591796875,513.144960025917,0.0,0.0,0.0,1
32400,inverse_warmup_m1,1.0,0.05004420503973961,0.01935432292521,0.021973264558861654,0.8053871740897497,0.0,0.017911171540617943,0.04452259330209276,0.010045968927443027,0.990330696105957,0.4999280869960785,0.20856866240501404,0.028331756591796875,513.144960025917,0.0,0.0,0.0,1
32600,inverse_warmup_m1,1.0,0.04993334412574768,0.01934988424181938,0.02191852731630206,0.8061108936866125,0.0,0.01741686835885048,0.10175259574262548,0.010045968927443027,0.990330696105957,0.4999280869960785,0.20856866240501404,0.028331756591796875,513.144960025917,0.0,0.0,0.0,1
32800,inverse_warmup_m1,1.0,0.05032099783420563,0.019590923562645912,0.02191017831986149,0.806707575917244,0.0,0.017142219468951225,0.1002586772976285,0.010045968927443027,0.990330696105957,0.4999280869960785,0.20856866240501404,0.028331756591796875,513.144960025917,0.0,0.0,0.0,1
33000,inverse_warmup_m1,1.0,0.05047328770160675,0.01983797177672386,0.022075230566163857,0.8066717286904653,0.0,0.018136154860258102,0.09163007394616664,0.010045968927443027,0.990330696105957,0.4999280869960785,0.20856866240501404,0.028331756591796875,513.144960025917,0.0,0.0,0.0,1
33200,inverse_warmup_m1,1.0,0.04938628897070885,0.019108446314930916,0.02236311510205269,0.8024942229191462,0.0,0.01731978915631771,0.0926559990635746,0.010045968927443027,0.990330696105957,0.4999280869960785,0.20856866240501404,0.028331756591796875,513.144960025917,0.0,0.0,0.0,1
33400,inverse_warmup_m1,1.0,0.04918866977095604,0.019128108397126198,0.022204904196163017,0.8048207064469656,0.0,0.017744196578860283,0.05419163834433117,0.010045968927443027,0.990330696105957,0.4999280869960785,0.20856866240501404,0.028331756591796875,513.144960025917,0.0,0.0,0.0,1
33600,inverse_warmup_m1,1.0,0.05005107820034027,0.01938953809440136,0.02180181536823511,0.805866613984108,0.0,0.017288409173488617,0.08625040641539515,0.010045968927443027,0.990330696105957,0.4999280869960785,0.20856866240501404,0.028331756591796875,513.144960025917,0.0,0.0,0.0,1
33800,inverse_warmup_m1,1.0,0.049101926386356354,0.018782395869493484,0.02157270194341739,0.8086277892192205,0.0,0.016844915226101875,0.06381725185677867,0.010045968927443027,0.990330696105957,0.4999280869960785,0.20856866240501404,0.028331756591796875,513.144960025917,0.0,0.0,0.0,1
34000,inverse_warmup_m1,1.0,0.04866056889295578,0.01877153478562832,0.02158609451726079,0.8082399169603983,0.0,0.017033740878105164,0.056582537403317104,0.010045968927443027,0.990330696105957,0.4999280869960785,0.20856866240501404,0.028331756591796875,513.144960025917,0.0,0.0,0.0,1
34200,inverse_warmup_m1,1.0,0.04989321157336235,0.019264457747340202,0.021680703852325678,0.809031734863917,0.0,0.01681489311158657,0.06234763266636379,0.010045968927443027,0.990330696105957,0.4999280869960785,0.20856866240501404,0.028331756591796875,513.144960025917,0.0,0.0,0.0,1
34400,inverse_warmup_m1,1.0,0.048791058361530304,0.01880466565489769,0.021930155499527853,0.8082428226868311,0.0,0.016751093789935112,0.05535753227765404,0.010045968927443027,0.990330696105957,0.4999280869960785,0.20856866240501404,0.028331756591796875,513.144960025917,0.0,0.0,0.0,1
34600,inverse_warmup_m1,1.0,0.04955371469259262,0.019302599132061005,0.02185418860365947,0.806951160232226,0.0,0.016944924369454384,0.07901565407087503,0.010045968927443027,0.990330696105957,0.4999280869960785,0.20856866240501404,0.028331756591796875,513.144960025917,0.0,0.0,0.0,1
34800,inverse_warmup_m1,1.0,0.04901896044611931,0.01881592720746994,0.02194703354810675,0.8066728909810384,0.0,0.016601383686065674,0.1021922445405444,0.010045968927443027,0.990330696105957,0.4999280869960785,0.20856866240501404,0.028331756591796875,513.144960025917,0.0,0.0,0.0,1
35000,inverse_warmup_m1,1.0,0.04996822774410248,0.019348133355379105,0.02226686958844463,0.8063429643710455,0.0,0.017316902056336403,0.057034154614844366,0.010045968927443027,0.990330696105957,0.4999280869960785,0.20856866240501404,0.028331756591796875,513.144960025917,0.0,0.0,0.0,1
35200,inverse_warmup_m1,1.0,0.04924378544092178,0.019090836867690086,0.021754364172617596,0.8077553659677505,0.0,0.016663027927279472,0.08392212120762921,0.010045968927443027,0.990330696105957,0.4999280869960785,0.20856866240501404,0.028331756591796875,513.144960025917,0.0,0.0,0.0,1
35400,inverse_warmup_m1,1.0,0.048964790999889374,0.018877757713198662,0.02189810046305259,0.8078154772520065,0.0,0.016521474346518517,0.061904207887701686,0.010045968927443027,0.990330696105957,0.4999280869960785,0.20856866240501404,0.028331756591796875,513.144960025917,0.0,0.0,0.0,1
35600,inverse_warmup_m1,1.0,0.04912590980529785,0.01903480663895607,0.021710676451524098,0.8091927170753479,0.0,0.016689475625753403,0.057887406703746126,0.010045968927443027,0.990330696105957,0.4999280869960785,0.20856866240501404,0.028331756591796875,513.144960025917,0.0,0.0,0.0,1
35800,inverse_warmup_m1,1.0,0.049142200499773026,0.018924903124570847,0.021862851455807686,0.8077078362305959,0.0,0.016925480216741562,0.06028628793201192,0.010045968927443027,0.990330696105957,0.4999280869960785,0.20856866240501404,0.028331756591796875,513.144960025917,0.0,0.0,0.0,1
36000,inverse_warmup_m1,1.0,0.04836662858724594,0.01858646050095558,0.022049984894692898,0.8066994249820709,0.0,0.016924846917390823,0.08295693012066023,0.010045968927443027,0.990330696105957,0.4999280869960785,0.20856866240501404,0.028331756591796875,513.144960025917,0.0,0.0,0.0,1
36200,inverse_warmup_m1,1.0,0.049584612250328064,0.019042639061808586,0.021882483425239723,0.8068340172370275,0.0,0.016524918377399445,0.045981470523099116,0.010045968927443027,0.990330696105957,0.4999280869960785,0.20856866240501404,0.028331756591796875,513.144960025917,0.0,0.0,0.0,1
36400,inverse_warmup_m1,1.0,0.048924520611763,0.018835240975022316,0.021940553095191717,0.8075120051701864,0.0,0.01695595309138298,0.058879509361460684,0.010045968927443027,0.990330696105957,0.4999280869960785,0.20856866240501404,0.028331756591796875,513.144960025917,0.0,0.0,0.0,1
36600,inverse_warmup_m1,1.0,0.049523986876010895,0.019233781844377518,0.02217589784413576,0.8058572262525558,0.0,0.016777753829956055,0.06570803226677664,0.010045968927443027,0.990330696105957,0.4999280869960785,0.20856866240501404,0.028331756591796875,513.144960025917,0.0,0.0,0.0,1
36800,inverse_warmup_m1,1.0,0.04909573495388031,0.018960919231176376,0.02171629263708989,0.8054095854361852,0.0,0.016065597534179688,0.07842529615610015,0.010045968927443027,0.990330696105957,0.4999280869960785,0.20856866240501404,0.028331756591796875,513.144960025917,0.0,0.0,0.0,1
37000,inverse_warmup_m1,1.0,0.05012236535549164,0.01959693245589733,0.02200735096509258,0.8062552760044733,0.0,0.017070533707737923,0.0862569906711149,0.010045968927443027,0.990330696105957,0.4999280869960785,0.20856866240501404,0.028331756591796875,513.144960025917,0.0,0.0,0.0,1
37200,inverse_warmup_m1,1.0,0.04981347173452377,0.019161026924848557,0.02182454088081916,0.8085778305927912,0.0,0.016363875940442085,0.0719746923744904,0.010045968927443027,0.990330696105957,0.4999280869960785,0.20856866240501404,0.028331756591796875,513.144960025917,0.0,0.0,0.0,1
37400,inverse_warmup_m1,1.0,0.04999339580535889,0.019383445382118225,0.021631546163310606,0.8086686680714289,0.0,0.016931967809796333,0.12047755665287675,0.010045968927443027,0.990330696105957,0.4999280869960785,0.20856866240501404,0.028331756591796875,513.144960025917,0.0,0.0,0.0,1
37600,inverse_warmup_m1,1.0,0.04791071265935898,0.018181776627898216,0.021855493541806936,0.8073354214429855,0.0,0.018319206312298775,0.07649679773822636,0.010045968927443027,0.990330696105957,0.4999280869960785,0.20856866240501404,0.028331756591796875,513.144960025917,0.0,0.0,0.0,1
37800,inverse_warmup_m1,1.0,0.04965975135564804,0.019298704341053963,0.022162264678627253,0.8065666059652964,0.0,0.01681598462164402,0.10688789768099802,0.010045968927443027,0.990330696105957,0.4999280869960785,0.20856866240501404,0.028331756591796875,513.144960025917,0.0,0.0,0.0,1
38000,inverse_warmup_m1,1.0,0.04885293170809746,0.01880098134279251,0.021952360558013122,0.8066090494394302,0.0,0.016838068142533302,0.07917794297271655,0.010045968927443027,0.990330696105957,0.4999280869960785,0.20856866240501404,0.028331756591796875,513.144960025917,0.0,0.0,0.0,1
38200,inverse_warmup_m1,1.0,0.04930853843688965,0.018919669091701508,0.02173449145630002,0.8086125552654266,0.0,0.016384590417146683,0.06411889732967195,0.010045968927443027,0.990330696105957,0.4999280869960785,0.20856866240501404,0.028331756591796875,513.144960025917,0.0,0.0,0.0,1
38400,inverse_warmup_m1,1.0,0.04955302178859711,0.01903984136879444,0.0215473057081302,0.8084185073773066,0.0,0.0163708683103323,0.036503240995140226,0.010045968927443027,0.990330696105957,0.4999280869960785,0.20856866240501404,0.028331756591796875,513.144960025917,0.0,0.0,0.0,1
38600,inverse_warmup_m1,1.0,0.048629701137542725,0.018628519028425217,0.021730726584792137,0.8081330209970474,0.0,0.016037490218877792,0.04121955895046475,0.010045968927443027,0.990330696105957,0.4999280869960785,0.20856866240501404,0.028331756591796875,513.144960025917,0.0,0.0,0.0,1
38800,inverse_warmup_m1,1.0,0.049757178872823715,0.019201260060071945,0.021806117457648117,0.8092545121908188,0.0,0.0161699540913105,0.05397317060482913,0.010045968927443027,0.990330696105957,0.4999280869960785,0.20856866240501404,0.028331756591796875,513.144960025917,0.0,0.0,0.0,1
39000,inverse_warmup_m1,1.0,0.04916702210903168,0.019088948145508766,0.021604606416076422,0.8093389868736267,0.0,0.01645403727889061,0.10293550837719091,0.010045968927443027,0.990330696105957,0.4999280869960785,0.20856866240501404,0.028331756591796875,513.144960025917,0.0,0.0,0.0,1
39200,inverse_warmup_m1,1.0,0.04928288608789444,0.018883880227804184,0.02182891359552741,0.8074085265398026,0.0,0.016291862353682518,0.06546645153846402,0.010045968927443027,0.990330696105957,0.4999280869960785,0.20856866240501404,0.028331756591796875,513.144960025917,0.0,0.0,0.0,1
39400,inverse_warmup_m1,1.0,0.04942110925912857,0.019181709736585617,0.021759444071600836,0.8098651319742203,0.0,0.016329647973179817,0.06614700451791196,0.010045968927443027,0.990330696105957,0.4999280869960785,0.20856866240501404,0.028331756591796875,513.144960025917,0.0,0.0,0.0,1
39600,inverse_warmup_m1,1.0,0.049669064581394196,0.019030224531888962,0.021954932094862063,0.807437668244044,0.0,0.016514912247657776,0.10087059272925958,0.010045968927443027,0.990330696105957,0.4999280869960785,0.20856866240501404,0.028331756591796875,513.144960025917,0.0,0.0,0.0,1
39800,inverse_warmup_m1,1.0,0.04947737231850624,0.018993429839611053,0.02166814807181557,0.809067890048027,0.0,0.016140872612595558,0.038296703772755035,0.010045968927443027,0.990330696105957,0.4999280869960785,0.20856866240501404,0.028331756591796875,513.144960025917,0.0,0.0,0.0,1
40000,inverse_warmup_m1,1.0,0.04984632879495621,0.019435763359069824,0.021551775590827067,0.8102721174558004,0.0,0.016071846708655357,0.049441000032247266,0.010045968927443027,0.990330696105957,0.4999280869960785,0.20856866240501404,0.028331756591796875,513.144960025917,0.0,0.0,0.0,1
40200,inverse_warmup_m1,1.0,0.04940003156661987,0.019087107852101326,0.021501651499420404,0.8088785310586294,0.0,0.016054527834057808,0.06390875628195089,0.010045968927443027,0.990330696105957,0.4999280869960785,0.20856866240501404,0.028331756591796875,513.144960025917,0.0,0.0,0.0,1
40400,inverse_warmup_m1,1.0,0.04932491481304169,0.01893773302435875,0.021794059003392856,0.806308850646019,0.0,0.016054250299930573,0.06563977492976984,0.010045968927443027,0.990330696105957,0.4999280869960785,0.20856866240501404,0.028331756591796875,513.144960025917,0.0,0.0,0.0,1
40600,inverse_warmup_m1,1.0,0.048885904252529144,0.018807269632816315,0.021619367102781933,0.8098771671454111,0.0,0.01587131805717945,0.07643258073074871,0.010045968927443027,0.990330696105957,0.4999280869960785,0.20856866240501404,0.028331756591796875,513.144960025917,0.0,0.0,0.0,1
40800,inverse_warmup_m1,1.0,0.04890570044517517,0.018761489540338516,0.021875155624002218,0.8052032192548116,0.0,0.01564035378396511,0.08880035787234794,0.010045968927443027,0.990330696105957,0.4999280869960785,0.20856866240501404,0.028331756591796875,513.144960025917,0.0,0.0,0.0,1
41000,inverse_warmup_m1,1.0,0.05013522505760193,0.019636541604995728,0.021744396692762773,0.8078234146038691,0.0,0.016590874642133713,0.08119230995881709,0.010045968927443027,0.990330696105957,0.4999280869960785,0.20856866240501404,0.028331756591796875,513.144960025917,0.0,0.0,0.0,1
41200,inverse_warmup_m1,1.0,0.04945816099643707,0.019402986392378807,0.02192336196700732,0.808334638675054,0.0,0.016410643234848976,0.10148377221448084,0.010045968927443027,0.990330696105957,0.4999280869960785,0.20856866240501404,0.028331756591796875,513.144960025917,0.0,0.0,0.0,1
41400,inverse_warmup_m1,1.0,0.049766287207603455,0.01916123367846012,0.02166530303657055,0.8079732060432434,0.0,0.016030246391892433,0.1490460370511647,0.010045968927443027,0.990330696105957,0.4999280869960785,0.20856866240501404,0.028331756591796875,513.144960025917,0.0,0.0,0.0,1
41600,inverse_warmup_m1,1.0,0.04893864691257477,0.018800821155309677,0.02158198133111,0.8086879650751749,0.0,0.015749264508485794,0.055606769136921454,0.010045968927443027,0.990330696105957,0.4999280869960785,0.20856866240501404,0.028331756591796875,513.144960025917,0.0,0.0,0.0,1
41800,inverse_warmup_m1,1.0,0.04932957887649536,0.018952753394842148,0.021527639590203762,0.8088189661502838,0.0,0.015787333250045776,0.04489446326422913,0.010045968927443027,0.990330696105957,0.4999280869960785,0.20856866240501404,0.028331756591796875,513.144960025917,0.0,0.0,0.0,1
42000,inverse_warmup_m1,1.0,0.04902729392051697,0.01890280656516552,0.02164473927890261,0.809816857179006,0.0,0.01566033996641636,0.053010806742762526,0.010045968927443027,0.990330696105957,0.4999280869960785,0.20856866240501404,0.028331756591796875,513.144960025917,0.0,0.0,0.0,1
42200,inverse_warmup_m1,1.0,0.049250222742557526,0.018908780068159103,0.021703231769303482,0.8081078479687372,0.0,0.01554683968424797,0.03463296342986368,0.010045968927443027,0.990330696105957,0.4999280869960785,0.20856866240501404,0.028331756591796875,513.144960025917,0.0,0.0,0.0,1
42400,inverse_warmup_m1,1.0,0.049488890916109085,0.019265539944171906,0.02186897723004222,0.8079678217569987,0.0,0.01576048508286476,0.08733897886546928,0.010045968927443027,0.990330696105957,0.4999280869960785,0.20856866240501404,0.028331756591796875,513.144960025917,0.0,0.0,0.0,1
42600,inverse_warmup_m1,1.0,0.048486705869436264,0.018639877438545227,0.021669837646186352,0.8087951640288035,0.0,0.015367988497018814,0.053034650562298266,0.010045968927443027,0.990330696105957,0.4999280869960785,0.20856866240501404,0.028331756591796875,513.144960025917,0.0,0.0,0.0,1
42800,inverse_warmup_m1,1.0,0.048765189945697784,0.018819915130734444,0.021609866215536993,0.809124211470286,0.0,0.015950098633766174,0.08133190360518171,0.010045968927443027,0.990330696105957,0.4999280869960785,0.20856866240501404,0.028331756591796875,513.144960025917,0.0,0.0,0.0,1
43000,inverse_warmup_m1,1.0,0.0488620288670063,0.018725473433732986,0.022013929827759664,0.8075094173351923,0.0,0.015846598893404007,0.07740894744122309,0.010045968927443027,0.990330696105957,0.4999280869960785,0.20856866240501404,0.028331756591796875,513.144960025917,0.0,0.0,0.0,1
43200,inverse_warmup_m1,1.0,0.048772383481264114,0.018680855631828308,0.02177521012102564,0.807385633389155,0.0,0.015528923831880093,0.0850135382691607,0.010045968927443027,0.990330696105957,0.4999280869960785,0.20856866240501404,0.028331756591796875,513.144960025917,0.0,0.0,0.0,1
43400,inverse_warmup_m1,1.0,0.0483483225107193,0.01852807030081749,0.02181554182122151,0.8068054219086965,0.0,0.01553103793412447,0.07888656182585958,0.010045968927443027,0.990330696105957,0.4999280869960785,0.20856866240501404,0.028331756591796875,513.144960025917,0.0,0.0,0.0,1
43600,inverse_warmup_m1,1.0,0.04944701865315437,0.0189800001680851,0.02169673532868425,0.809088741739591,0.0,0.015047581866383553,0.05918692831086538,0.010045968927443027,0.990330696105957,0.4999280869960785,0.20856866240501404,0.028331756591796875,513.144960025917,0.0,0.0,0.0,1
43800,inverse_warmup_m1,1.0,0.04871394485235214,0.018630988895893097,0.02177564116815726,0.8086261550585429,0.0,0.015196775086224079,0.09556333012291046,0.010045968927443027,0.990330696105957,0.4999280869960785,0.20856866240501404,0.028331756591796875,513.144960025917,0.0,0.0,0.0,1
44000,inverse_warmup_m1,1.0,0.049397557973861694,0.0192045159637928,0.021953314697990816,0.8073362310727438,0.0,0.015154770575463772,0.09071960662379912,0.010045968927443027,0.990330696105957,0.4999280869960785,0.20856866240501404,0.028331756591796875,513.144960025917,0.0,0.0,0.0,1
44200,inverse_warmup_m1,1.0,0.04867377504706383,0.01864929497241974,0.022439396164069574,0.8038193086783091,0.0,0.014888932928442955,0.06550898503071642,0.010045968927443027,0.990330696105957,0.4999280869960785,0.20856866240501404,0.028331756591796875,513.144960025917,0.0,0.0,0.0,1
44400,inverse_warmup_m1,1.0,0.05129192769527435,0.02017071284353733,0.02243161651616295,0.8038334796826044,0.0,0.015578709542751312,0.08574377382091043,0.010045968927443027,0.990330696105957,0.4999280869960785,0.20856866240501404,0.028331756591796875,513.144960025917,0.0,0.0,0.0,1
44600,inverse_warmup_m1,1.0,0.04899964481592178,0.018846962600946426,0.021590600721538067,0.8093105008204778,0.0,0.015209845267236233,0.08025120095741844,0.010045968927443027,0.990330696105957,0.4999280869960785,0.20856866240501404,0.028331756591796875,513.144960025917,0.0,0.0,0.0,1
44800,inverse_warmup_m1,1.0,0.04872457683086395,0.01877271942794323,0.021994955837726593,0.8058805813392004,0.0,0.01518223900347948,0.07982607240732477,0.010045968927443027,0.990330696105957,0.4999280869960785,0.20856866240501404,0.028331756591796875,513.144960025917,0.0,0.0,0.0,1
45000,inverse_warmup_m1,1.0,0.0489393025636673,0.01883852109313011,0.021714727859944105,0.8080188532670339,0.0,0.015230266377329826,0.06410472225599077,0.010045968927443027,0.990330696105957,0.4999280869960785,0.20856866240501404,0.028331756591796875,513.144960025917,0.0,0.0,0.0,1
45200,inverse_warmup_m1,1.0,0.048730842769145966,0.018639206886291504,0.021658227468530338,0.8091348310311636,0.0,0.015371030196547508,0.06968571154764715,0.010045968927443027,0.990330696105957,0.4999280869960785,0.20856866240501404,0.028331756591796875,513.144960025917,0.0,0.0,0.0,1
45400,inverse_warmup_m1,1.0,0.04806564748287201,0.01820461079478264,0.021458116204788286,0.8091412335634232,0.0,0.014957490377128124,0.07433233679904588,0.010045968927443027,0.990330696105957,0.4999280869960785,0.20856866240501404,0.028331756591796875,513.144960025917,0.0,0.0,0.0,1
45600,inverse_warmup_m1,1.0,0.04964105039834976,0.019215956330299377,0.0220447628137966,0.8058929294347763,0.0,0.015649016946554184,0.11439455165052852,0.010045968927443027,0.990330696105957,0.4999280869960785,0.20856866240501404,0.028331756591796875,513.144960025917,0.0,0.0,0.0,1
45800,inverse_warmup_m1,1.0,0.04894769936800003,0.018670981749892235,0.022203904421379168,0.8051910549402237,0.0,0.014891667291522026,0.05667734581980991,0.010045968927443027,0.990330696105957,0.4999280869960785,0.20856866240501404,0.028331756591796875,513.144960025917,0.0,0.0,0.0,1
46000,inverse_warmup_m1,1.0,0.04913263022899628,0.018792305141687393,0.0218274366731445,0.8085467517375946,0.0,0.014913228340446949,0.05822742921545775,0.010045968927443027,0.990330696105957,0.4999280869960785,0.20856866240501404,0.028331756591796875,513.144960025917,0.0,0.0,0.0,1
46200,inverse_warmup_m1,1.0,0.04849058389663696,0.018708163872361183,0.0215310404698054,0.8089991559584936,0.0,0.014730329625308514,0.06304110734259845,0.010045968927443027,0.990330696105957,0.4999280869960785,0.20856866240501404,0.028331756591796875,513.144960025917,0.0,0.0,0.0,1
46400,inverse_warmup_m1,1.0,0.04935143515467644,0.019103651866316795,0.021844555468608935,0.8078319778045019,0.0,0.015245523303747177,0.05192916068578324,0.010045968927443027,0.990330696105957,0.4999280869960785,0.20856866240501404,0.028331756591796875,513.144960025917,0.0,0.0,0.0,1
46600,inverse_warmup_m1,1.0,0.049120642244815826,0.018880106508731842,0.02170317868391673,0.8107559333244959,0.0,0.015346202999353409,0.05306350589908391,0.010045968927443027,0.990330696105957,0.4999280869960785,0.20856866240501404,0.028331756591796875,513.144960025917,0.0,0.0,0.0,1
46800,inverse_warmup_m1,1.0,0.04916825145483017,0.018785638734698296,0.021484300959855318,0.809502845009168,0.0,0.014931312762200832,0.0632707623780208,0.010045968927443027,0.990330696105957,0.4999280869960785,0.20856866240501404,0.028331756591796875,513.144960025917,0.0,0.0,0.0,1
47000,inverse_warmup_m1,1.0,0.04751476272940636,0.017859242856502533,0.021729161341985066,0.8090109378099442,0.0,0.0165262334048748,0.13806050326982275,0.010045968927443027,0.990330696105957,0.4999280869960785,0.20856866240501404,0.028331756591796875,513.144960025917,0.0,0.0,0.0,1
47200,inverse_warmup_m1,1.0,0.04884800314903259,0.018791204318404198,0.021710217154274385,0.8099260081847509,0.0,0.014835226349532604,0.0693676862022842,0.010045968927443027,0.990330696105957,0.4999280869960785,0.20856866240501404,0.028331756591796875,513.144960025917,0.0,0.0,0.0,1
47400,inverse_warmup_m1,1.0,0.04808074235916138,0.01834951341152191,0.02182375251625975,0.8076983292897543,0.0,0.015189709141850471,0.055436232821875174,0.010045968927443027,0.990330696105957,0.4999280869960785,0.20856866240501404,0.028331756591796875,513.144960025917,0.0,0.0,0.0,1
47600,inverse_warmup_m1,1.0,0.048953283578157425,0.01878221146762371,0.021557919681072235,0.8099151899417242,0.0,0.015315231867134571,0.12024597661607658,0.010045968927443027,0.990330696105957,0.4999280869960785,0.20856866240501404,0.028331756591796875,513.144960025917,0.0,0.0,0.0,1
47800,inverse_warmup_m1,1.0,0.04943830147385597,0.01892104558646679,0.02165047622596224,0.8073092003663381,0.0,0.015134559944272041,0.10640637932006694,0.010045968927443027,0.990330696105957,0.4999280869960785,0.20856866240501404,0.028331756591796875,513.144960025917,0.0,0.0,0.0,1
48000,inverse_warmup_m1,1.0,0.04835081845521927,0.01847587153315544,0.02154294215142727,0.8095054427782694,0.0,0.01485870685428381,0.0662021323609057,0.010045968927443027,0.990330696105957,0.4999280869960785,0.20856866240501404,0.028331756591796875,513.144960025917,0.0,0.0,0.0,1
48200,inverse_warmup_m1,1.0,0.049299031496047974,0.018951276317238808,0.02181225223466754,0.809179812669754,0.0,0.014893206767737865,0.05262424184528466,0.010045968927443027,0.990330696105957,0.4999280869960785,0.20856866240501404,0.028331756591796875,513.144960025917,0.0,0.0,0.0,1
48400,inverse_warmup_m1,1.0,0.04883143678307533,0.018774371594190598,0.021700800396502018,0.8094161152839661,0.0,0.015176856890320778,0.07636990786372543,0.010045968927443027,0.990330696105957,0.4999280869960785,0.20856866240501404,0.028331756591796875,513.144960025917,0.0,0.0,0.0,1
48600,inverse_warmup_m1,1.0,0.048981428146362305,0.018689826130867004,0.0218747368392845,0.8075093825658163,0.0,0.01485345046967268,0.08206492698421614,0.010045968927443027,0.990330696105957,0.4999280869960785,0.20856866240501404,0.028331756591796875,513.144960025917,0.0,0.0,0.0,1
48800,inverse_warmup_m1,1.0,0.049403831362724304,0.01914045587182045,0.022011634583274525,0.809482271472613,0.0,0.015155265107750893,0.10180616296756381,0.010045968927443027,0.990330696105957,0.4999280869960785,0.20856866240501404,0.028331756591796875,513.144960025917,0.0,0.0,0.0,1
49000,inverse_warmup_m1,1.0,0.05018001049757004,0.019191989675164223,0.021648933179676533,0.8100654383500417,0.0,0.015376481227576733,0.21436752751323623,0.010045968927443027,0.990330696105957,0.4999280869960785,0.20856866240501404,0.028331756591796875,513.144960025917,0.0,0.0,0.0,1
49200,inverse_warmup_m1,1.0,0.049734242260456085,0.019312337040901184,0.021789588189373415,0.808360089858373,0.0,0.015100009739398956,0.11212073642154863,0.010045968927443027,0.990330696105957,0.4999280869960785,0.20856866240501404,0.028331756591796875,513.144960025917,0.0,0.0,0.0,1
49400,inverse_warmup_m1,1.0,0.049788907170295715,0.019344031810760498,0.021520561693857115,0.8097856740156809,0.0,0.015283366665244102,0.11009017498850285,0.010045968927443027,0.990330696105957,0.4999280869960785,0.20856866240501404,0.028331756591796875,513.144960025917,0.0,0.0,0.0,1
49600,inverse_warmup_m1,1.0,0.04923614487051964,0.01895517110824585,0.02176030787328879,0.806126669049263,0.0,0.014744384214282036,0.06947047874317612,0.010045968927443027,0.990330696105957,0.4999280869960785,0.20856866240501404,0.028331756591796875,513.144960025917,0.0,0.0,0.0,1
49800,inverse_warmup_m1,1.0,0.049262404441833496,0.018907062709331512,0.021801485680043697,0.8067543854316076,0.0,0.01672898791730404,0.09471428574960071,0.010045968927443027,0.990330696105957,0.4999280869960785,0.20856866240501404,0.028331756591796875,513.144960025917,0.0,0.0,0.0,1
50000,inverse_warmup_m1,1.0,0.04896081984043121,0.01876453310251236,0.022016675987591345,0.8093493978182474,0.0,0.014264401979744434,0.0636703436793373,0.010045968927443027,0.990330696105957,0.4999280869960785,0.20856866240501404,0.028331756591796875,513.144960025917,0.0,0.0,0.0,1
50200,inverse_warmup_m1,1.0,0.04898800328373909,0.018627755343914032,0.021880563503752153,0.8055912454922994,0.0,0.01444955263286829,0.1152694053694135,0.010045968927443027,0.990330696105957,0.4999280869960785,0.20856866240501404,0.028331756591796875,513.144960025917,0.0,0.0,0.0,1
50400,inverse_warmup_m1,1.0,0.050001490861177444,0.019280510023236275,0.021901693815986317,0.8070630232493082,0.0,0.01503600925207138,0.08506112506781782,0.010045968927443027,0.990330696105957,0.4999280869960785,0.20856866240501404,0.028331756591796875,513.144960025917,0.0,0.0,0.0,1
50600,inverse_warmup_m1,1.0,0.049152836203575134,0.019112437963485718,0.02222232489536206,0.8060890932877859,0.0,0.014744768850505352,0.09549219321864644,0.010045968927443027,0.990330696105957,0.4999280869960785,0.20856866240501404,0.028331756591796875,513.144960025917,0.0,0.0,0.0,1
50800,inverse_warmup_m1,1.0,0.04886838048696518,0.018740376457571983,0.02155486447736621,0.81031201283137,0.0,0.01438366062939167,0.07444125874220628,0.010045968927443027,0.990330696105957,0.4999280869960785,0.20856866240501404,0.028331756591796875,513.144960025917,0.0,0.0,0.0,1
51000,inverse_warmup_m1,1.0,0.0482528991997242,0.01837378740310669,0.021383447883029778,0.8107404361168543,0.0,0.014386582188308239,0.04393417245860371,0.010045968927443027,0.990330696105957,0.4999280869960785,0.20856866240501404,0.028331756591796875,513.144960025917,0.0,0.0,0.0,1
51200,inverse_warmup_m1,1.0,0.04901294782757759,0.018739275634288788,0.021527275598297518,0.8103025853633881,0.0,0.014633049257099628,0.05200075686121817,0.010045968927443027,0.990330696105957,0.4999280869960785,0.20856866240501404,0.028331756591796875,513.144960025917,0.0,0.0,0.0,1
51400,inverse_warmup_m1,1.0,0.048580244183540344,0.018678467720746994,0.021587453006456297,0.8072775701681772,0.0,0.014492565765976906,0.059559641981763695,0.010045968927443027,0.990330696105957,0.4999280869960785,0.20856866240501404,0.028331756591796875,513.144960025917,0.0,0.0,0.0,1
51600,inverse_warmup_m1,1.0,0.049082718789577484,0.018921244889497757,0.022077735358228285,0.8066481997569402,0.0,0.01474036369472742,0.06724350515178,0.010045968927443027,0.990330696105957,0.4999280869960785,0.20856866240501404,0.028331756591796875,513.144960025917,0.0,0.0,0.0,1
51800,inverse_warmup_m1,1.0,0.04905545711517334,0.01901424303650856,0.021633487194776535,0.8096674531698227,0.0,0.014804861508309841,0.06419168200814747,0.010045968927443027,0.990330696105957,0.4999280869960785,0.20856866240501404,0.028331756591796875,513.144960025917,0.0,0.0,0.0,1
52000,inverse_warmup_m1,1.0,0.048208534717559814,0.01841927319765091,0.021448493314286072,0.8100155144929886,0.0,0.01397794671356678,0.07653992851164973,0.010045968927443027,0.990330696105957,0.4999280869960785,0.20856866240501404,0.028331756591796875,513.144960025917,0.0,0.0,0.0,1
52200,inverse_warmup_m1,1.0,0.04834083840250969,0.018653929233551025,0.02188863108555476,0.8102371245622635,0.0,0.01443402748554945,0.08008448074963427,0.010045968927443027,0.990330696105957,0.4999280869960785,0.20856866240501404,0.028331756591796875,513.144960025917,0.0,0.0,0.0,1
52400,inverse_warmup_m1,1.0,0.048388831317424774,0.018342752009630203,0.02140248954916994,0.8099660575389862,0.0,0.014236116781830788,0.057753918348616935,0.010045968927443027,0.990330696105957,0.4999280869960785,0.20856866240501404,0.028331756591796875,513.144960025917,0.0,0.0,0.0,1
52600,inverse_warmup_m1,1.0,0.048043690621852875,0.018222475424408913,0.021577144972980022,0.8084128250678381,0.0,0.014173672534525394,0.05517136029740631,0.010045968927443027,0.990330696105957,0.4999280869960785,0.20856866240501404,0.028331756591796875,513.144960025917,0.0,0.0,0.0,1
52800,inverse_warmup_m1,1.0,0.04793552681803703,0.018305879086256027,0.02191485200698177,0.8096469839413961,0.0,0.014134101569652557,0.07959206731981872,0.010045968927443027,0.990330696105957,0.4999280869960785,0.20856866240501404,0.028331756591796875,513.144960025917,0.0,0.0,0.0,1
53000,inverse_warmup_m1,1.0,0.049245115369558334,0.01882227510213852,0.021634959460546572,0.811065192023913,0.0,0.01395337749272585,0.09233029215045407,0.010045968927443027,0.990330696105957,0.4999280869960785,0.20856866240501404,0.028331756591796875,513.144960025917,0.0,0.0,0.0,1
53200,inverse_warmup_m1,1.0,0.048246532678604126,0.01836862787604332,0.021845528700699408,0.8080616692701975,0.0,0.014138988219201565,0.09315656304100746,0.010045968927443027,0.990330696105957,0.4999280869960785,0.20856866240501404,0.028331756591796875,513.144960025917,0.0,0.0,0.0,1
53400,inverse_warmup_m1,1.0,0.049054455012083054,0.01900450885295868,0.02157776275028785,0.807995984951655,0.0,0.014505023136734962,0.09619283133334176,0.010045968927443027,0.990330696105957,0.4999280869960785,0.20856866240501404,0.028331756591796875,513.144960025917,0.0,0.0,0.0,1
53600,inverse_warmup_m1,1.0,0.048601001501083374,0.018547004088759422,0.0218596956692636,0.806668703754743,0.0,0.014347061514854431,0.10752940698952752,0.010045968927443027,0.990330696105957,0.4999280869960785,0.20856866240501404,0.028331756591796875,513.144960025917,0.0,0.0,0.0,1
53800,inverse_warmup_m1,1.0,0.049241431057453156,0.0190107598900795,0.02194094828640421,0.8090922782818476,0.0,0.014468868263065815,0.08051844701550914,0.010045968927443027,0.990330696105957,0.4999280869960785,0.20856866240501404,0.028331756591796875,513.144960025917,0.0,0.0,0.0,1
54000,inverse_warmup_m1,1.0,0.048444315791130066,0.018422361463308334,0.022110619737456243,0.8057578355073929,0.0,0.013978825882077217,0.06937846852936294,0.010045968927443027,0.990330696105957,0.4999280869960785,0.20856866240501404,0.028331756591796875,513.144960025917,0.0,0.0,0.0,1
54200,inverse_warmup_m1,1.0,0.04816916584968567,0.018364207819104195,0.021605354112883408,0.8105362206697464,0.0,0.013940264470875263,0.0768244916435238,0.010045968927443027,0.990330696105957,0.4999280869960785,0.20856866240501404,0.028331756591796875,513.144960025917,0.0,0.0,0.0,1
54400,inverse_warmup_m1,1.0,0.04852161929011345,0.0186459980905056,0.02181030499438445,0.8088242610295614,0.0,0.014004855416715145,0.06597200479875533,0.010045968927443027,0.990330696105957,0.4999280869960785,0.20856866240501404,0.028331756591796875,513.144960025917,0.0,0.0,0.0,1
54600,inverse_warmup_m1,1.0,0.04820194095373154,0.01836467906832695,0.02148604393005371,0.8112469464540482,0.0,0.013978452421724796,0.055494919766720274,0.010045968927443027,0.990330696105957,0.4999280869960785,0.20856866240501404,0.028331756591796875,513.144960025917,0.0,0.0,0.0,1
54800,inverse_warmup_m1,1.0,0.0474327988922596,0.018003379926085472,0.021582578619321186,0.8104802072048187,0.0,0.013891718350350857,0.03600108860954273,0.010045968927443027,0.990330696105957,0.4999280869960785,0.20856866240501404,0.028331756591796875,513.144960025917,0.0,0.0,0.0,1
55000,inverse_warmup_m1,1.0,0.05160084366798401,0.02042975276708603,0.022030284938712914,0.8051702082157135,0.0,0.013725371100008488,0.06597026848530006,0.010045968927443027,0.990330696105957,0.4999280869960785,0.20856866240501404,0.028331756591796875,513.144960025917,0.0,0.0,0.0,1
55200,inverse_warmup_m1,1.0,0.04824391379952431,0.018387915566563606,0.021633736168344814,0.8095262597004572,0.0,0.01377456821501255,0.03463590221730387,0.010045968927443027,0.990330696105957,0.4999280869960785,0.20856866240501404,0.028331756591796875,513.144960025917,0.0,0.0,0.0,1
55400,inverse_warmup_m1,1.0,0.04863850772380829,0.01865673065185547,0.021837866709878046,0.8091562042633692,0.0,0.01389913447201252,0.05131671172366737,0.010045968927443027,0.990330696105957,0.4999280869960785,0.20856866240501404,0.028331756591796875,513.144960025917,0.0,0.0,0.0,1
55600,inverse_warmup_m1,1.0,0.047925300896167755,0.01829073578119278,0.021488682211687166,0.80996140340964,0.0,0.013540366664528847,0.04662100338373546,0.010045968927443027,0.990330696105957,0.4999280869960785,0.20856866240501404,0.028331756591796875,513.144960025917,0.0,0.0,0.0,1
55800,inverse_warmup_m1,1.0,0.04896756261587143,0.018830949440598488,0.02202187618240714,0.8060956100622813,0.0,0.01392700057476759,0.04684925567681811,0.010045968927443027,0.990330696105957,0.4999280869960785,0.20856866240501404,0.028331756591796875,513.144960025917,0.0,0.0,0.0,1
56000,inverse_warmup_m1,1.0,0.048785097897052765,0.018758602440357208,0.021617835542807978,0.8112864295641581,0.0,0.01434269268065691,0.07846459366311456,0.010045968927443027,0.990330696105957,0.4999280869960785,0.20856866240501404,0.028331756591796875,513.144960025917,0.0,0.0,0.0,1
56200,inverse_warmup_m1,1.0,0.04895678162574768,0.018690191209316254,0.021345183718949556,0.8110279937585195,0.0,0.013721355237066746,0.056459839444312064,0.010045968927443027,0.990330696105957,0.4999280869960785,0.20856866240501404,0.028331756591796875,513.144960025917,0.0,0.0,0.0,1
56400,inverse_warmup_m1,1.0,0.04705052822828293,0.017678657546639442,0.021401477977633476,0.8114298631747564,0.0,0.015382606536149979,0.10875937647186551,0.010045968927443027,0.990330696105957,0.4999280869960785,0.20856866240501404,0.028331756591796875,513.144960025917,0.0,0.0,0.0,1
56600,inverse_warmup_m1,1.0,0.04814326763153076,0.018390890210866928,0.021607282105833292,0.8113650878270467,0.0,0.01374648418277502,0.03408595444758102,0.010045968927443027,0.990330696105957,0.4999280869960785,0.20856866240501404,0.028331756591796875,513.144960025917,0.0,0.0,0.0,1
56800,inverse_warmup_m1,1.0,0.04776546359062195,0.018222372978925705,0.021376462342838447,0.8113293300072352,0.0,0.01421333197504282,0.06721794965017953,0.010045968927443027,0.990330696105957,0.4999280869960785,0.20856866240501404,0.028331756591796875,513.144960025917,0.0,0.0,0.0,1
57000,inverse_warmup_m1,1.0,0.048457637429237366,0.01842469349503517,0.021707970493783552,0.8095877319574356,0.0,0.014028369449079037,0.07175093427542277,0.010045968927443027,0.990330696105957,0.4999280869960785,0.20856866240501404,0.028331756591796875,513.144960025917,0.0,0.0,0.0,1
57200,inverse_warmup_m1,1.0,0.048986949026584625,0.018653225153684616,0.02132117220511039,0.8096100588639578,0.0,0.014140996150672436,0.09790560587735449,0.010045968927443027,0.990330696105957,0.4999280869960785,0.20856866240501404,0.028331756591796875,513.144960025917,0.0,0.0,0.0,1
57400,inverse_warmup_m1,1.0,0.04796149581670761,0.018151022493839264,0.022077659300218027,0.8087792694568634,0.0,0.013524774461984634,0.05872967912774331,0.010045968927443027,0.990330696105957,0.4999280869960785,0.20856866240501404,0.028331756591796875,513.144960025917,0.0,0.0,0.0,1
57600,inverse_warmup_m1,1.0,0.04903949797153473,0.01869930513203144,0.021452158068617184,0.8114868501822153,0.0,0.013559453189373016,0.06437957161307434,0.010045968927443027,0.990330696105957,0.4999280869960785,0.20856866240501404,0.028331756591796875,513.144960025917,0.0,0.0,0.0,1
57800,inverse_warmup_m1,1.0,0.04856303334236145,0.018718380481004715,0.02138988906517625,0.8110452989737192,0.0,0.013936690054833889,0.057561978618331136,0.010045968927443027,0.990330696105957,0.4999280869960785,0.20856866240501404,0.028331756591796875,513.144960025917,0.0,0.0,0.0,1
58000,inverse_warmup_m1,1.0,0.04849482327699661,0.01843435689806938,0.021500214313467342,0.8098328312238058,0.0,0.013879562728106976,0.07820777233969305,0.010045968927443027,0.990330696105957,0.4999280869960785,0.20856866240501404,0.028331756591796875,513.144960025917,0.0,0.0,0.0,1
58200,inverse_warmup_m1,1.0,0.048546623438596725,0.018496554344892502,0.02141428521523873,0.8115668892860413,0.0,0.013888111338019371,0.055020200141325915,0.010045968927443027,0.990330696105957,0.4999280869960785,0.20856866240501404,0.028331756591796875,513.144960025917,0.0,0.0,0.0,1
58400,inverse_warmup_m1,1.0,0.04901904612779617,0.018732629716396332,0.021363018391033013,0.8091081082820892,0.0,0.014150302857160568,0.08160354452568581,0.010045968927443027,0.990330696105957,0.4999280869960785,0.20856866240501404,0.028331756591796875,513.144960025917,0.0,0.0,0.0,1
58600,inverse_warmup_m1,1.0,0.04923008382320404,0.018831420689821243,0.02178567337493102,0.8089139262835184,0.0,0.013834971003234386,0.09261548468742845,0.010045968927443027,0.990330696105957,0.4999280869960785,0.20856866240501404,0.028331756591796875,513.144960025917,0.0,0.0,0.0,1
58800,inverse_warmup_m1,1.0,0.04931658133864403,0.019230935722589493,0.021479828904072445,0.8090702046950659,0.0,0.014255011454224586,0.0873509214368251,0.010045968927443027,0.990330696105957,0.4999280869960785,0.20856866240501404,0.028331756591796875,513.144960025917,0.0,0.0,0.0,1
59000,inverse_warmup_m1,1.0,0.04894278943538666,0.01887671649456024,0.021287825269003708,0.8092732578516006,0.0,0.013698380440473557,0.0905633590706223,0.010045968927443027,0.990330696105957,0.4999280869960785,0.20856866240501404,0.028331756591796875,513.144960025917,0.0,0.0,0.0,1
59200,inverse_warmup_m1,1.0,0.04862624406814575,0.01851152442395687,0.02152231630558769,0.8112640927235285,0.0,0.013724859803915024,0.05979591010619014,0.010045968927443027,0.990330696105957,0.4999280869960785,0.20856866240501404,0.028331756591796875,513.144960025917,0.0,0.0,0.0,1
59400,inverse_warmup_m1,1.0,0.04800141602754593,0.018232692033052444,0.02145681483671069,0.8118738730748495,0.0,0.013617701828479767,0.05405121331553764,0.010045968927443027,0.990330696105957,0.4999280869960785,0.20856866240501404,0.028331756591796875,513.144960025917,0.0,0.0,0.0,1
59600,inverse_warmup_m1,1.0,0.04800516739487648,0.018107499927282333,0.02198245810965697,0.806177074710528,0.0,0.01338726282119751,0.05026933064939422,0.010045968927443027,0.990330696105957,0.4999280869960785,0.20856866240501404,0.028331756591796875,513.144960025917,0.0,0.0,0.0,1
59800,inverse_warmup_m1,1.0,0.04930967837572098,0.019091317430138588,0.02139684713135163,0.8114024450381597,0.0,0.01396858412772417,0.060916317885147626,0.010045968927443027,0.990330696105957,0.4999280869960785,0.20856866240501404,0.028331756591796875,513.144960025917,0.0,0.0,0.0,1
60000,inverse_warmup_m1,1.0,0.04902935028076172,0.019025713205337524,0.021744010038673878,0.8096832434336344,0.0,0.01408662460744381,0.14026792303133212,0.010045968927443027,0.990330696105957,0.4999280869960785,0.20856866240501404,0.028331756591796875,513.144960025917,0.0,0.0,0.0,1
60200,inverse_warmup_m1,1.0,0.04886899143457413,0.018773410469293594,0.021622338487456243,0.8113041917483012,0.0,0.013839219696819782,0.11947720862554662,0.010045968927443027,0.990330696105957,0.4999280869960785,0.20856866240501404,0.028331756591796875,513.144960025917,0.0,0.0,0.0,1
60400,inverse_warmup_m1,1.0,0.04875943809747696,0.018916379660367966,0.02158770275612672,0.8077047516902288,0.0,0.014126256108283997,0.1587326079329627,0.010045968927443027,0.990330696105957,0.4999280869960785,0.20856866240501404,0.028331756591796875,513.144960025917,0.0,0.0,0.0,1
60600,inverse_warmup_m1,1.0,0.0490855798125267,0.01879674568772316,0.02187901735305786,0.8070836315552393,0.0,0.013506468385457993,0.07210556175234507,0.010045968927443027,0.990330696105957,0.4999280869960785,0.20856866240501404,0.028331756591796875,513.144960025917,0.0,0.0,0.0,1
60750,inverse_warmup_m1,1.0,0.04877728223800659,0.018547482788562775,0.021469326534618933,0.8093285957972208,0.0,0.013743376359343529,0.05559943555241296,0.010045968927443027,0.990330696105957,0.4999280869960785,0.20856866240501404,0.028331756591796875,513.144960025917,0.0,0.0,0.0,1
60800,joint_m1,1.0,0.047399237751960754,0.01778801903128624,0.02106289193034172,0.8129576792319616,1.8161197203880874e-06,0.012848312966525555,0.07377154767220166,0.010043233633041382,0.9902845025062561,0.4999096989631653,0.2085770070552826,0.028278350830078125,131357.7042430325,7.389933464786736,1.9188708066940308,8.517834663391113,0
61000,joint_m1,1.0,0.044689249247312546,0.01614224724471569,0.018452798016369343,0.8345364878575007,1.4963076182539226e-06,0.011003081686794758,0.048699260937339346,0.010054144077003002,0.9901992678642273,0.499863862991333,0.20863665640354156,0.028110504150390625,131352.23947843447,12.85469806281617,6.926872730255127,30.39691162109375,0
61200,joint_m1,1.0,0.043241236358881,0.01517532765865326,0.017050769180059433,0.8421639849742254,1.3830835996486712e-06,0.010507716797292233,0.04976770194542871,0.010060448199510574,0.9901372194290161,0.4998272955417633,0.208708718419075,0.027973175048828125,131358.78781413904,6.3063623582420405,10.561579704284668,46.351829528808594,0
61400,joint_m1,1.0,0.041370224207639694,0.01410025916993618,0.015785950080802042,0.8527169724305471,1.274546548302169e-06,0.009645931422710419,0.04884202406887878,0.010047529824078083,0.9900892972946167,0.49979621171951294,0.20877493917942047,0.02788543701171875,131363.87814007318,1.216036424099002,13.532611846923828,59.436771392822266,0
61600,joint_m1,1.0,0.040325991809368134,0.013396619819104671,0.015084235851342479,0.8582641780376434,1.2001946743112057e-06,0.009230841882526875,0.04550897244734814,0.010023768059909344,0.9900549650192261,0.4997638165950775,0.20884659886360168,0.027812957763671875,131374.00363846723,8.909461969946278,16.135889053344727,70.9280776977539,0
61800,joint_m1,1.0,0.03960210829973221,0.012907292693853378,0.014320656191557646,0.8647643576065699,1.169966594716243e-06,0.009120731614530087,0.038654894122461037,0.009978358633816242,0.9900202751159668,0.49973592162132263,0.20891915261745453,0.027675628662109375,131386.29505393628,21.20087743899785,18.479778289794922,81.29441833496094,0
62000,joint_m1,1.0,0.038804806768894196,0.012497380375862122,0.013880060985684395,0.8687832156817118,1.0980783144987072e-06,0.008453862741589546,0.036940183971964226,0.009950303472578526,0.9899769425392151,0.499708354473114,0.20899330079555511,0.02750396728515625,131400.70502093967,35.61084444238804,20.605573654174805,90.71292114257812,0
62200,joint_m1,1.0,0.037829115986824036,0.011999526992440224,0.013494827163716158,0.8728723724683126,1.0779463082144503e-06,0.008443772792816162,0.02466827455237584,0.009920266456902027,0.9899360537528992,0.49967965483665466,0.20907479524612427,0.0273590087890625,131421.00410512774,55.9099286304554,22.580373764038086,99.4777603149414,0
62400,joint_m1,1.0,0.038061272352933884,0.011905371211469173,0.013062317157164216,0.8760527720053991,1.0512103472137824e-06,0.008246279321610928,0.03453675434045159,0.009896564297378063,0.9898945689201355,0.49964866042137146,0.20916494727134705,0.0271759033203125,131447.92964516405,82.83546866677352,24.43655776977539,107.72633361816406,0
62600,joint_m1,1.0,0.0368533618748188,0.011411122977733612,0.012830349539096156,0.8770914475123087,1.0461088777447003e-06,0.008110563270747662,0.04630434213195859,0.009873374365270138,0.9898562431335449,0.499616801738739,0.20926068723201752,0.02707672119140625,131479.18004003522,114.0858635379409,26.185710906982422,115.5109634399414,0
62800,joint_m1,1.0,0.03695647791028023,0.011545168235898018,0.012419754406437278,0.883175864815712,1.0127270115845022e-06,0.007877650670707226,0.05168236025136997,0.009859994985163212,0.989822268486023,0.49958500266075134,0.20935995876789093,0.02700042724609375,131513.59984427466,148.50566777738277,27.843496322631836,122.8990707397461,0
63000,joint_m1,1.0,0.036158546805381775,0.011106382124125957,0.012165517158185443,0.8856140573819479,9.905794513542787e-07,0.007799240294843912,0.03901560174451662,0.00984582956880331,0.9897856116294861,0.4995534121990204,0.2094593197107315,0.026947021484375,131549.0225885392,183.9284120419179,29.412925720214844,129.90589904785156,0
63200,joint_m1,1.0,0.03604494035243988,0.010859949514269829,0.011912261446317038,0.8868781179189682,9.848430408965214e-07,0.007718994747847319,0.040701439520820386,0.009839318692684174,0.9897510409355164,0.4995212256908417,0.20956331491470337,0.026851654052734375,131588.17114011425,223.07696361697163,30.90782928466797,136.58799743652344,0
63400,joint_m1,1.0,0.03539631515741348,0.010604115203022957,0.011753859153638283,0.8883791665236155,9.926811799232382e-07,0.0076707154512405396,0.05677569263602204,0.009820152074098587,0.989719033241272,0.49948784708976746,0.20967155694961548,0.0267181396484375,131631.25221618154,266.1580396842619,32.335723876953125,142.97994995117188,0
63600,joint_m1,1.0,0.03515111282467842,0.010563323274254799,0.011437133265038332,0.8922298600276312,9.79848664428573e-07,0.007730806712061167,0.09315569271903584,0.009814959019422531,0.9896875023841858,0.4994519352912903,0.20979030430316925,0.02666473388671875,131682.06462536953,316.9704488722491,33.717872619628906,149.1739959716797,0
63800,joint_m1,1.0,0.03450161963701248,0.01017068326473236,0.011326749653865894,0.8922807623942693,9.2327195488906e-07,0.007119212299585342,0.030255694514275518,0.009806279093027115,0.989661455154419,0.49941569566726685,0.20991237461566925,0.026569366455078125,131736.0055869313,370.91141043402604,35.04411697387695,155.12619018554688,0
64000,joint_m1,1.0,0.034332964569330215,0.010080579668283463,0.010878298276414474,0.8970927645762762,9.432473007109365e-07,0.007226454559713602,0.03262712587397911,0.009799446910619736,0.9896401762962341,0.49938422441482544,0.21002297103405,0.02651214599609375,131783.00904137833,417.91486488105147,36.29933166503906,160.76614379882812,0
64200,joint_m1,1.0,0.03329675644636154,0.009562922641634941,0.01076383919765552,0.8963866730531057,9.145946933131199e-07,0.007094800006598234,0.037510146288705734,0.009789379313588142,0.9896209239959717,0.49935388565063477,0.21012887358665466,0.026386260986328125,131827.91400913542,462.8198326381389,37.49452590942383,166.14503479003906,0
64400,joint_m1,1.0,0.03373716026544571,0.009737150743603706,0.010508938149238626,0.9010060975948969,9.14655515771301e-07,0.007026419509202242,0.03555337945015388,0.009785030968487263,0.9896054267883301,0.49931806325912476,0.21025779843330383,0.026336669921875,131888.8142641369,523.7200876396091,38.68569564819336,171.51132202148438,0
64600,joint_m1,1.0,0.033425040543079376,0.009609325788915157,0.010471347253769636,0.9020795573790868,9.118417096942721e-07,0.006945278029888868,0.027066812921601232,0.009783603250980377,0.9895856976509094,0.49928373098373413,0.21037155389785767,0.026233673095703125,131940.48209704252,575.3879205452395,39.812381744384766,176.59559631347656,0
64800,joint_m1,1.0,0.033278945833444595,0.009550170972943306,0.010263097162048021,0.9046476582686106,8.898522878553194e-07,0.006777413655072451,0.052318254161242035,0.009784855879843235,0.9895688891410828,0.4992513358592987,0.2104898989200592,0.026126861572265625,131995.527681812,630.4335053147224,40.90977478027344,181.54856872558594,0
65000,joint_m1,1.0,0.03233172744512558,0.009077614173293114,0.010152517817914486,0.903862992922465,8.553269594813173e-07,0.006526554469019175,0.0296004837513147,0.009780689142644405,0.9895519614219666,0.4992218613624573,0.21059539914131165,0.026050567626953125,132043.3460951365,678.251918639231,41.9492301940918,186.24984741210938,0
65200,joint_m1,1.0,0.03297242522239685,0.00931118056178093,0.00990562536753714,0.9067806204160055,8.609406449977541e-07,0.006668486166745424,0.06354510576075086,0.009784060530364513,0.9895380735397339,0.49919262528419495,0.21069934964179993,0.026004791259765625,132090.72857698984,725.6344004925631,42.94867706298828,190.77574157714844,0
65400,joint_m1,1.0,0.03219063952565193,0.008929740637540817,0.009835242216164867,0.9088178624709448,8.515942226949846e-07,0.006514656823128462,0.043397053778468274,0.009784393943846226,0.9895231127738953,0.49916160106658936,0.2108103185892105,0.025928497314453125,132143.51858490828,778.424408410996,43.92091751098633,195.18243408203125,0
65600,joint_m1,1.0,0.031909674406051636,0.008814793080091476,0.009629718648890654,0.9075006246566772,8.515505101058807e-07,0.006516473833471537,0.03372664388354751,0.009782185778021812,0.9895117878913879,0.4991309940814972,0.21092142164707184,0.025882720947265625,132197.09309965934,831.9989231620566,44.86326599121094,199.45823669433594,0
65800,joint_m1,1.0,0.031414952129125595,0.008539519272744656,0.00946538553883632,0.9112293471892675,9.552418305247556e-07,0.007173615507781506,0.034553638993543835,0.009777965024113655,0.989501416683197,0.49910229444503784,0.21102525293827057,0.02585601806640625,132246.52663869853,881.43246220125,45.768821716308594,203.57386779785156,0
66000,joint_m1,1.0,0.03132806718349457,0.008607976138591766,0.00940220484820505,0.913034126162529,8.301877301164495e-07,0.006400024518370628,0.03541317678408698,0.009778694249689579,0.9894898533821106,0.4990754723548889,0.21112364530563354,0.02577972412109375,132293.23260091577,928.1384244184883,46.63898468017578,207.5345001220703,0
66200,joint_m1,1.0,0.031098829582333565,0.00840558297932148,0.009349362536643943,0.9106056888898214,8.349686595465755e-07,0.006367448717355728,0.030988403060840122,0.009777147322893143,0.9894772171974182,0.49904826283454895,0.21122179925441742,0.025753021240234375,132340.33217428465,975.2379977873643,47.480648040771484,211.36953735351562,0
66400,joint_m1,1.0,0.031372278928756714,0.008376479148864746,0.009197161920989553,0.912720799446106,8.282932526526565e-07,0.006240838207304478,0.07676692870614649,0.009775873273611069,0.9894686341285706,0.4990200400352478,0.2113233357667923,0.02567291259765625,132390.50890452834,1025.4147280310572,48.301109313964844,215.11170959472656,0
66600,joint_m1,1.0,0.031506285071372986,0.008474910631775856,0.009087849330777923,0.9144290586312612,8.342911428371735e-07,0.006405300926417112,0.07348982068326013,0.009770211763679981,0.9894627928733826,0.49899205565452576,0.21142517030239105,0.02556610107421875,132441.40887199895,1076.314695501671,49.099708557128906,218.75711059570312,0
66800,joint_m1,1.0,0.03040582314133644,0.008128179237246513,0.008898367329190174,0.9157794117927551,8.130352284752007e-07,0.006139320787042379,0.03060046221118396,0.00977109745144844,0.9894577264785767,0.4989621937274933,0.21152399480342865,0.02545928955078125,132490.874915973,1125.780739475711,49.87312698364258,222.28981018066406,0
67000,joint_m1,1.0,0.030824540182948112,0.00834302231669426,0.009220841418330869,0.915949339667956,8.162425046975841e-07,0.006130167283117771,0.04955971230147474,0.009770399890840054,0.9894546270370483,0.4989345073699951,0.21162578463554382,0.025394439697265625,132542.99565046807,1177.9014739707927,50.62778854370117,225.74082946777344,0
67200,joint_m1,1.0,0.030548585578799248,0.008256997913122177,0.008764310119052729,0.9178443650404612,8.360525498574134e-07,0.006327926181256771,0.08616968097486283,0.009768186137080193,0.9894515872001648,0.49890440702438354,0.21173614263534546,0.02529144287109375,132601.55968916806,1236.4655126707803,51.371097564697266,229.1429901123047,0
67400,joint_m1,1.0,0.030299630016088486,0.008082897402346134,0.008940016074726978,0.9161882946888605,8.066275540841161e-07,0.006118238903582096,0.035641666137204424,0.009768771938979626,0.989448070526123,0.49887850880622864,0.21183212101459503,0.025264739990234375,132650.92741477536,1285.833238278079,52.07997512817383,232.39242553710938,0
67600,joint_m1,1.0,0.03039848804473877,0.008099045604467392,0.00881244094731907,0.9191580613454183,8.191071287910745e-07,0.0061439694836735725,0.07575645362578502,0.009769749827682972,0.9894425868988037,0.49885135889053345,0.2119334489107132,0.025226593017578125,132704.49770825403,1339.4035317567468,52.77487564086914,235.58030700683594,0
67800,joint_m1,1.0,0.03005916066467762,0.007896663621068,0.008767288255815705,0.9162702759106954,7.809609314790578e-07,0.005876700393855572,0.03615408163315097,0.009770040400326252,0.989436149597168,0.4988267421722412,0.2120250165462494,0.025173187255859375,132751.8910449113,1386.796868414007,53.4437141418457,238.6533966064453,0
68000,joint_m1,1.0,0.030271222814917564,0.00792001560330391,0.008422623931740722,0.9208380927642187,8.046332027333847e-07,0.006098801735788584,0.07225657861630196,0.009768771938979626,0.9894340634346008,0.4988026022911072,0.21211141347885132,0.025115966796875,132796.25247724424,1431.1583007469599,54.090301513671875,241.6266632080078,0
68200,joint_m1,1.0,0.02960440330207348,0.007736793253570795,0.008471116734047731,0.9228370785713196,7.796064664944424e-07,0.005835358984768391,0.025441627361683664,0.009770257398486137,0.9894272685050964,0.49878013134002686,0.21219408512115479,0.025081634521484375,132838.60258223134,1473.5084057340573,54.717506408691406,244.51339721679688,0
68400,joint_m1,1.0,0.02973192185163498,0.00782096665352583,0.008312682698791226,0.9220070491234461,7.930631227281992e-07,0.005809529684484005,0.04861762926567149,0.009774133563041687,0.9894249439239502,0.4987581670284271,0.21227310597896576,0.025074005126953125,132879.12823314278,1514.034056645498,55.32472229003906,247.31234741210938,0
68600,joint_m1,1.0,0.029318738728761673,0.00747232511639595,0.008275083654249707,0.9227663228909174,7.76130491431104e-07,0.005822872743010521,0.036199555001185255,0.009773635305464268,0.9894227385520935,0.49873435497283936,0.21235467493534088,0.024997711181640625,132921.8371224232,1556.7429459259147,55.921051025390625,250.0633544921875,0
68800,joint_m1,1.0,0.029493998736143112,0.007749876938760281,0.008259421292071542,0.9235649605592092,7.729649951215833e-07,0.005692420993000269,0.06272896653793453,0.009777751751244068,0.9894186854362488,0.4987202286720276,0.2124571055173874,0.024974822998046875,132978.7866390726,1613.6924625753309,56.52821731567383,252.86331176757812,0
69000,joint_m1,1.0,0.029063325375318527,0.00750315934419632,0.008127565262839198,0.9243556161721548,7.615273034389247e-07,0.005624258425086737,0.02368135519305704,0.009782189503312111,0.9894168972969055,0.4986964166164398,0.2125341147184372,0.024974822998046875,133018.78459826641,1653.6904217691335,57.101646423339844,255.51034545898438,0
69200,joint_m1,1.0,0.030352497473359108,0.008024876937270164,0.008247817944114407,0.9240806549787521,7.593740747324773e-07,0.0056279548443853855,0.04814653588311335,0.009794331155717373,0.9894134998321533,0.4986569881439209,0.21268516778945923,0.024974822998046875,133109.53805043423,1744.4438739369507,57.7338981628418,258.4361877441406,0
69400,joint_m1,1.0,0.02925598993897438,0.0076252855360507965,0.008079327875748277,0.9254844983418783,7.520656026827055e-07,0.005522302817553282,0.043149675215479896,0.009793776087462902,0.989406406879425,0.49863362312316895,0.21277686953544617,0.0249786376953125,133159.1327097019,1794.0385332046135,58.31031036376953,261.0943908691406,0
69600,joint_m1,1.0,0.029115015640854836,0.007511943578720093,0.007989646323646108,0.9267039795716604,7.534412134191371e-07,0.005647690501064062,0.0198942739931967,0.009781169705092907,0.9894025325775146,0.49861302971839905,0.21285206079483032,0.02490234375,133198.05403983948,1832.9598633421992,58.85560989379883,263.6134338378906,0
69800,joint_m1,1.0,0.02857281267642975,0.007326073013246059,0.007906158183080455,0.9278168578942617,7.615110462211305e-07,0.005546095315366983,0.02360406439658133,0.009784060530364513,0.9893999695777893,0.4985934793949127,0.21292182803153992,0.02486419677734375,133233.92048573817,1868.8263092408888,59.382728576660156,266.0508728027344,0
70000,joint_m1,1.0,0.028616616502404213,0.007294725626707077,0.007864277887468537,0.9270479530096054,7.566195563413203e-07,0.005576893221586943,0.0211725876052903,0.009783049114048481,0.9893984794616699,0.49857425689697266,0.21298915147781372,0.024845123291015625,133268.82450145646,1903.7303249591787,59.895355224609375,268.4261474609375,0
70200,joint_m1,1.0,0.028615837916731834,0.007341035641729832,0.007938038868208727,0.9262894044319788,7.295180921573774e-07,0.005363606847822666,0.03334346199255233,0.009783007204532623,0.9893968105316162,0.4985537528991699,0.21306046843528748,0.0248260498046875,133306.71520969976,1941.6210332024784,60.40056610107422,270.7680358886719,0
70400,joint_m1,1.0,0.028599144890904427,0.007259012199938297,0.007820287680563828,0.9271854956944784,7.465219482583052e-07,0.00548237981274724,0.045948498636092794,0.009775268845260143,0.9893942475318909,0.49853360652923584,0.21312889456748962,0.024799346923828125,133343.08998969538,1977.9958131980966,60.891883850097656,273.0479736328125,0
70600,joint_m1,1.0,0.028450405225157738,0.007182855159044266,0.007900999703754982,0.9287787129481634,7.372029244834266e-07,0.005456703249365091,0.03358361455372901,0.009780448861420155,0.9893925189971924,0.49851351976394653,0.2131979912519455,0.024799346923828125,133380.17651810183,2015.082341604546,61.37295913696289,275.28350830078125,0
70800,joint_m1,1.0,0.02793005295097828,0.007019259966909885,0.0077652355733638006,0.929747924208641,7.351385420406586e-07,0.005359469912946224,0.04246887031547472,0.009776035323739052,0.9893910884857178,0.49849265813827515,0.21326863765716553,0.02475738525390625,133418.73403686605,2053.6398603687703,61.845001220703125,277.4793395996094,0
71000,joint_m1,1.0,0.027554534375667572,0.006830617785453796,0.007623141786704461,0.9290126115083694,7.361243206105428e-07,0.005247155670076609,0.03203448459353277,0.009775624610483646,0.989388108253479,0.49847275018692017,0.21333642303943634,0.024768829345703125,133455.73048767896,2090.6363111816754,62.305301666259766,279.6224670410156,0
71200,joint_m1,1.0,0.02773815393447876,0.006899036467075348,0.00753246007176737,0.9304450452327728,7.457008450728608e-07,0.0053971498273313046,0.036930604035284656,0.009772305376827717,0.9893860816955566,0.4984528422355652,0.21340399980545044,0.024730682373046875,133492.84708927292,2127.7529127756425,62.75555419921875,281.7207946777344,0
71400,joint_m1,1.0,0.027620140463113785,0.00684638787060976,0.007555703477313121,0.9293946723143259,7.261372161337931e-07,0.0051903510466217995,0.03113720012719697,0.00977743323892355,0.9893848299980164,0.4984320402145386,0.21347372233867645,0.024707794189453125,133531.85519567982,2166.761019182537,63.19933319091797,283.7918701171875,0
71600,joint_m1,1.0,0.027553152292966843,0.00688968226313591,0.007634899229742587,0.929341142376264,7.349084398811101e-07,0.005273012910038233,0.07602733709105766,0.009783308021724224,0.9893816709518433,0.4984102249145508,0.2135477364063263,0.024715423583984375,133574.13306475172,2209.0388882544357,63.638816833496094,285.8439636230469,0
71800,joint_m1,1.0,0.027756275609135628,0.006855814252048731,0.007525731110945344,0.9308584481477737,7.243476147777983e-07,0.005237843841314316,0.039704503431439865,0.009784759022295475,0.9893800616264343,0.49838995933532715,0.21361590921878815,0.024658203125,133612.48899709937,2247.394820602087,64.06492614746094,287.83428955078125,0
72000,joint_m1,1.0,0.027200330048799515,0.006646157242357731,0.007549500907771289,0.9316735416650772,7.039387810436892e-07,0.005143394693732262,0.03909438378573545,0.009784892201423645,0.9893783926963806,0.498371422290802,0.2136782556772232,0.024658203125,133647.4397210811,2282.3455445838044,64.4776840209961,289.765380859375,0
72200,joint_m1,1.0,0.027417991310358047,0.0067849066108465195,0.007481827594650288,0.9307828446229299,7.234001486722264e-07,0.005243874154984951,0.04716158402605741,0.009788238443434238,0.9893769025802612,0.49835115671157837,0.21374189853668213,0.024623870849609375,133683.36943688995,2318.2752603926638,64.8846664428711,291.6720275878906,0
72400,joint_m1,1.0,0.027280045673251152,0.006755828857421875,0.007373038485335807,0.932157481710116,7.155564389904612e-07,0.005187598057091236,0.051431267953413996,0.009787401184439659,0.9893755912780762,0.4983322322368622,0.21380439400672913,0.02455902099609375,133718.69984411306,2353.605667615775,65.2844009399414,293.544921875,0
72600,joint_m1,1.0,0.027490369975566864,0.006756034679710865,0.007420286730242272,0.932566503683726,7.232695793391031e-07,0.005297103896737099,0.07076951340822986,0.009790937416255474,0.9893738627433777,0.4983137845993042,0.21386666595935822,0.024524688720703125,133753.9367046817,2388.84252818441,65.67620086669922,295.3810729980469,0
72800,joint_m1,1.0,0.027194086462259293,0.00668035913258791,0.007346607744693756,0.9328862478335699,7.272487891896162e-07,0.005213746801018715,0.04376542448579892,0.009790752083063126,0.9893709421157837,0.49829307198524475,0.2139371931552887,0.024494171142578125,133795.53212271328,2430.4379462159995,66.06854248046875,297.2223815917969,0
73000,joint_m1,1.0,0.02718830294907093,0.006704200990498066,0.0073056382437547045,0.933518240849177,7.325729143303761e-07,0.0052730850875377655,0.06960402744499364,0.00979571882635355,0.9893697500228882,0.49827319383621216,0.2140047699213028,0.02447509765625,133835.2630363164,2470.168859819125,66.4524917602539,299.0247497558594,0
73200,joint_m1,1.0,0.02719348855316639,0.006728529930114746,0.007677117207398017,0.9283009966214498,7.216034987322928e-07,0.0051841773092746735,0.05402626606798474,0.009797911159694195,0.9893680214881897,0.49825358390808105,0.2140742987394333,0.024463653564453125,133876.61137032113,2511.517193823849,66.83131408691406,300.8056335449219,0
73400,joint_m1,1.0,0.027106523513793945,0.006555874366313219,0.007256618817336857,0.9329536259174347,7.245438382597058e-07,0.005167296156287193,0.0639573972893813,0.009799160994589329,0.9893668293952942,0.49823373556137085,0.21414469182491302,0.0244293212890625,133918.71922923994,2553.62505274266,67.2056884765625,302.5644836425781,0
73600,joint_m1,1.0,0.02662074565887451,0.00647705839946866,0.0072947706406315165,0.9342435300350189,7.278346743078146e-07,0.005157781764864922,0.05003533391047591,0.00980099756270647,0.9893643856048584,0.49821603298187256,0.21420621871948242,0.024410247802734375,133954.98133328225,2589.887156784971,67.56748962402344,304.2663879394531,0
73800,joint_m1,1.0,0.027059994637966156,0.0065914844162762165,0.007175127587591608,0.9344422270854315,6.939613967915648e-07,0.0050039757043123245,0.025045739222695793,0.009805593639612198,0.9893622994422913,0.4981998801231384,0.21426212787628174,0.02439117431640625,133987.64934127324,2622.5551647759567,67.91860961914062,305.9211730957031,0
74000,joint_m1,1.0,0.02661093696951866,0.006391590461134911,0.007108763325959444,0.9344957719246546,7.011412321844546e-07,0.005006864666938782,0.03175863190746347,0.009806936606764793,0.9893611073493958,0.49818360805511475,0.2143169492483139,0.0243988037109375,134019.72869693476,2654.634520437481,68.26300048828125,307.5458984375,0
74200,joint_m1,1.0,0.026902753859758377,0.006536952219903469,0.007249567075632513,0.9353652944167455,7.025947752481443e-07,0.004932610783725977,0.024508262062505975,0.009810262359678745,0.9893603324890137,0.49816781282424927,0.2143699675798416,0.024372100830078125,134050.74621202226,2685.6520355249813,68.60100555419922,309.1414794921875,0
74400,joint_m1,1.0,0.02642982080578804,0.0063969227485358715,0.00709419755730778,0.9349483301242193,6.898409310451825e-07,0.004865830298513174,0.029441346850201923,0.009810447692871094,0.9893587827682495,0.4981536269187927,0.21441777050495148,0.024322509765625,134078.4725449988,2713.3783685015223,68.92953491210938,310.6938171386719,0
74600,joint_m1,1.0,0.0269393902271986,0.006572865881025791,0.007090252319661279,0.9350938151280085,6.907807232892083e-07,0.004919488914310932,0.03084301914197481,0.009815288707613945,0.9893591403961182,0.4981387257575989,0.21446643769741058,0.024288177490234375,134106.80400337637,2741.709826879087,69.25304412841797,312.22314453125,0
74800,joint_m1,1.0,0.026480544358491898,0.006326836068183184,0.007085857912898064,0.9361385107040405,6.97509335623181e-07,0.004905817098915577,0.0383909427935216,0.009816507808864117,0.9893561005592346,0.4981231391429901,0.21451741456985474,0.02423858642578125,134136.9692814028,2771.8751049055136,69.5749282836914,313.74530029296875,0
75000,joint_m1,1.0,0.026645414531230927,0.006352568510919809,0.0070490899961441755,0.9350807964801788,6.84599172018352e-07,0.004883019253611565,0.0455628320652769,0.009817129001021385,0.9893565773963928,0.4981069266796112,0.21456900238990784,0.024204254150390625,134167.8757378233,2802.781561326032,69.8926773071289,315.2484436035156,0
75200,joint_m1,1.0,0.026346122846007347,0.006268706172704697,0.007010422026117642,0.9361895670493444,7.710712566222355e-07,0.005482263397425413,0.0554283034625078,0.009817833080887794,0.9893556237220764,0.4980910122394562,0.21462015807628632,0.02417755126953125,134198.4698571485,2833.3756806512247,70.20650482177734,316.73370361328125,0
75400,joint_m1,1.0,0.02807927131652832,0.007001020945608616,0.00740690843667835,0.9304341773192087,7.001154358476924e-07,0.004919223953038454,0.04334973959717751,0.0098196966573596,0.9893597364425659,0.4980325698852539,0.21482928097248077,0.024242401123046875,134339.8112846672,2974.71710816992,70.6278076171875,318.7236633300781,0
75600,joint_m1,1.0,0.026936858892440796,0.00649710837751627,0.007048949250020087,0.9351140856742859,6.920132591403672e-07,0.004797350149601698,0.027327906475067915,0.009837144985795021,0.9893643856048584,0.49799644947052,0.21496357023715973,0.02426910400390625,134426.80113727323,3061.7069607759477,71.01028442382812,320.5212097167969,0
75800,joint_m1,1.0,0.026709722355008125,0.006444041151553392,0.006958871070916454,0.9367058922847112,6.932398832759645e-07,0.004783770069479942,0.036146549876669105,0.009842910803854465,0.9893646240234375,0.4979779124259949,0.2150280773639679,0.02423858642578125,134466.37599043114,3101.2818139338633,71.33406829833984,322.0513000488281,0
76000,joint_m1,1.0,0.026925653219223022,0.006451358553022146,0.006929871276952326,0.9374013741811117,6.860868211333582e-07,0.004869645927101374,0.05572270642308059,0.009846717119216919,0.9893634915351868,0.49796193838119507,0.21508070826530457,0.02422332763671875,134498.1584409244,3133.064264427114,71.64351654052734,323.5166015625,0
76200,joint_m1,1.0,0.02618463709950447,0.006230580620467663,0.006841685816956063,0.9370368222395579,6.748672944922873e-07,0.004701284691691399,0.016844709980153947,0.009849749505519867,0.9893637895584106,0.4979468882083893,0.2151281088590622,0.024200439453125,134526.3482296312,3161.254053133918,71.94457244873047,324.94329833984375,0
76400,joint_m1,1.0,0.026623619720339775,0.006470342166721821,0.0068744291784241796,0.9375524669885635,6.888603252264147e-07,0.004726761486381292,0.04915603035862749,0.009849813766777515,0.9893633723258972,0.49793174862861633,0.21517449617385864,0.02417755126953125,134554.26575177762,3189.171575280343,72.240234375,326.34686279296875,0
76600,joint_m1,1.0,0.026205478236079216,0.0062905470840632915,0.006813135424939294,0.9384280542532603,6.724882268827059e-07,0.00469043105840683,0.026365918864402555,0.009850097820162773,0.9893639087677002,0.4979168474674225,0.21522004902362823,0.024143218994140625,134581.8274805332,3216.733304035908,72.53083801269531,327.7266540527344,0
76800,joint_m1,1.0,0.026267006993293762,0.006265462376177311,0.006793691970718403,0.9378857463598251,6.840248829576012e-07,0.004801800940185785,0.033983114039063636,0.009849288500845432,0.9893625378608704,0.4979024827480316,0.21526320278644562,0.0241241455078125,134607.9457981586,3242.851621661306,72.81529235839844,329.0787658691406,0
77000,joint_m1,1.0,0.026330703869462013,0.006351488176733255,0.006791185199593504,0.9389057209094366,6.685262405881076e-07,0.004631632007658482,0.039445299803470925,0.009849907830357552,0.989359974861145,0.49787890911102295,0.21534809470176697,0.0241241455078125,134664.19746911203,3299.1032926147454,73.13661193847656,330.6096496582031,0
77200,joint_m1,1.0,0.026258181780576706,0.006163131445646286,0.006778080792476733,0.937924732764562,6.594750061594823e-07,0.00459815189242363,0.04731200615242618,0.009849749505519867,0.9893589019775391,0.49786263704299927,0.21539469063282013,0.024112701416015625,134692.78584987394,3327.6916733766557,73.41798400878906,331.9471435546875,0
77400,joint_m1,1.0,0.026298364624381065,0.006198093295097351,0.006712091155350208,0.938788558046023,6.611065259676252e-07,0.004621630534529686,0.04514634497389278,0.009847722016274929,0.9893581867218018,0.4978482723236084,0.2154352217912674,0.024158477783203125,134717.21042242524,3352.1162459279585,73.68976593017578,333.2400817871094,0
77600,joint_m1,1.0,0.025959063321352005,0.006152113433927298,0.006745226099155843,0.9396491646766663,6.674372912129911e-07,0.004610018339008093,0.05163813228788568,0.009849903173744678,0.9893571734428406,0.49783557653427124,0.21547424793243408,0.02414703369140625,134740.80219443553,3375.7080179382465,73.95608520507812,334.5088195800781,0
77800,joint_m1,1.0,0.026001064106822014,0.006105232983827591,0.006666870671324432,0.9388401955366135,6.685860398647492e-07,0.004615987651050091,0.029461826791555627,0.009853098541498184,0.9893562197685242,0.49782246351242065,0.21551398932933807,0.02416229248046875,134764.88373459905,3399.7895581017656,74.21934509277344,335.763916015625,0
78000,joint_m1,1.0,0.026131246238946915,0.006121736019849777,0.00666441108720998,0.9382711400588354,6.665877663181163e-07,0.004616346210241318,0.07164571586299266,0.009854591451585293,0.9893538951873779,0.49780797958374023,0.21555671095848083,0.0241241455078125,134791.1944898479,3426.1003133506165,74.4814224243164,337.01324462890625,0
78200,joint_m1,1.0,0.02584235556423664,0.006156714633107185,0.006718858610838652,0.9391121317942938,6.649262900282338e-07,0.004561344627290964,0.0651004697424137,0.009853637777268887,0.989354133605957,0.4977933168411255,0.2156011462211609,0.024105072021484375,134819.15590894344,3454.0617324461637,74.7420425415039,338.2579040527344,0
78400,joint_m1,1.0,0.02564702183008194,0.006005274597555399,0.006646014439562957,0.9394907603661219,6.716620646329829e-07,0.0046296934597194195,0.03059654325670888,0.009854485280811787,0.989352285861969,0.4977799952030182,0.21564120054244995,0.024120330810546875,134843.93729048406,3478.8431139867753,74.99656677246094,339.4731750488281,0
78600,joint_m1,1.0,0.02614744007587433,0.006139816250652075,0.006604995772552987,0.9400152266025543,6.731455073349935e-07,0.004653468262404203,0.05407413150062373,0.009854670614004135,0.9893515706062317,0.4977661073207855,0.2156820148229599,0.0241241455078125,134869.48096585824,3504.3867893609568,75.24837493896484,340.6777038574219,0
78800,joint_m1,1.0,0.025610651820898056,0.00598990498110652,0.0066377146091933055,0.9398703078428904,6.541304742313514e-07,0.0044597601518034935,0.031416063367392465,0.009855824522674084,0.9893497228622437,0.49775227904319763,0.21572302281856537,0.02410888671875,134895.28549211792,3530.191315620643,75.49748229980469,341.8695983886719,0
79000,joint_m1,1.0,0.025883415713906288,0.006066291593015194,0.006646926670024793,0.9400214552879333,6.674216024293855e-07,0.004656911361962557,0.03620936621013421,0.009854177013039589,0.9893487691879272,0.4977376163005829,0.21576647460460663,0.024127960205078125,134923.06595982765,3557.971783330373,75.74493408203125,343.0547790527344,0
79200,joint_m1,1.0,0.025507908314466476,0.005969060119241476,0.006621545879170299,0.9399089415868124,6.66123582959699e-07,0.004513946827501059,0.043902660463229645,0.009855941869318485,0.9893460869789124,0.497722327709198,0.21581314504146576,0.02414703369140625,134952.90461490632,3587.81043840904,75.99261474609375,344.2399597167969,0
79400,joint_m1,1.0,0.025895176455378532,0.006192605011165142,0.006639771784345309,0.9408788681030273,6.761014788025932e-07,0.00468089897185564,0.09232816577001844,0.009857164695858955,0.9893446564674377,0.4977070093154907,0.2158605307340622,0.024211883544921875,134983.44218458797,3618.3480080906884,76.23888397216797,345.4189758300781,0
79600,joint_m1,1.0,0.025785602629184723,0.005993980914354324,0.006654583460961779,0.9391618371009827,6.364570594996621e-07,0.004392780363559723,0.06999988728893594,0.009858058765530586,0.9893431663513184,0.4976932108402252,0.2159017026424408,0.024200439453125,135009.69517779085,3644.601001293573,76.47737884521484,346.56201171875,0
79800,joint_m1,1.0,0.02559235319495201,0.005987392272800207,0.00657663451662908,0.9387728671232859,6.618403176616994e-07,0.0045132990926504135,0.044367399889148146,0.00985700637102127,0.9893419742584229,0.49768030643463135,0.21593955159187317,0.024169921875,135033.78184735848,3668.6876708611962,76.71085357666016,347.68133544921875,0
80000,joint_m1,1.0,0.02594219520688057,0.006074311677366495,0.006610349053516984,0.9402286956707636,6.774426424271951e-07,0.004665331449359655,0.05992595439216182,0.009859152138233185,0.9893402457237244,0.49766719341278076,0.2159796506166458,0.02416229248046875,135059.64596429237,3694.5517877950915,76.94303131103516,348.7966613769531,0
80200,joint_m1,1.0,0.02586335688829422,0.006098678335547447,0.006879239769962926,0.9375589738289515,6.652323918387992e-07,0.004622395150363445,0.04288529603597208,0.009861131198704243,0.989339292049408,0.4976516366004944,0.21602776646614075,0.024150848388671875,135090.7279127624,3725.6337362651248,77.17691040039062,349.9172668457031,0
80400,joint_m1,1.0,0.026432715356349945,0.006337236147373915,0.006976527161896229,0.9342593600352606,6.63531181999133e-07,0.00442028371617198,0.03255900984910515,0.009866864420473576,0.9893417358398438,0.49762529134750366,0.216114804148674,0.02416229248046875,135149.460849831,3784.366673333716,77.4400634765625,351.17889404296875,0
80600,joint_m1,1.0,0.02622140571475029,0.006207093596458435,0.006777260995780428,0.9381986657778422,6.472108111665875e-07,0.004343665670603514,0.03525739702788717,0.00987059623003006,0.9893414974212646,0.49758824706077576,0.2162865698337555,0.024211883544921875,135266.9486312159,3901.8544547186175,77.75608825683594,352.6860656738281,0
80800,joint_m1,1.0,0.025409124791622162,0.005910628009587526,0.006487831900206705,0.9406355818112692,6.593037369384547e-07,0.004339144099503756,0.02827879371528623,0.009874838404357433,0.9893378019332886,0.49756747484207153,0.21635380387306213,0.024211883544921875,135311.99905403808,3946.904877540801,78.00432586669922,353.875,0
81000,joint_m1,1.0,0.025059593841433525,0.005829188972711563,0.006476762432915469,0.9418761332829794,6.399616268026875e-07,0.0042819855734705925,0.04038201914048596,0.009875421412289143,0.9893388152122498,0.4975506067276001,0.21640338003635406,0.02419281005859375,135345.0809745223,3979.9867980250274,78.2387924194336,355.0013122558594,0
81200,joint_m1,1.0,0.026475153863430023,0.0061929370276629925,0.00657446476786087,0.9381656597057978,6.394475917659292e-07,0.004338168539106846,0.10803282187149653,0.00987545307725668,0.9893362522125244,0.49753692746162415,0.21644192934036255,0.02417755126953125,135370.37123388558,4005.2770573883026,78.46304321289062,356.0794677734375,0
81400,joint_m1,1.0,0.025416038930416107,0.005997048690915108,0.006796277671431501,0.9409129520257314,6.31343368695525e-07,0.004248091485351324,0.07701052286420762,0.009875807911157608,0.9893355965614319,0.49752315878868103,0.2164803445339203,0.024166107177734375,135395.88365973317,4030.789483235887,78.68357849121094,357.1413269042969,0
81600,joint_m1,1.0,0.025013189762830734,0.005732146091759205,0.006464794627390802,0.940794050693512,6.415163511519495e-07,0.0043220981024205685,0.020672701884748342,0.009878278709948063,0.9893348813056946,0.49751022458076477,0.21651551127433777,0.024143218994140625,135419.0093598384,4053.9151833411306,78.90022277832031,358.1847839355469,0
81800,joint_m1,1.0,0.024960801005363464,0.005749692674726248,0.006396913435310125,0.9417963077624639,6.308216029538016e-07,0.004234117455780506,0.040214597967552224,0.009878475219011307,0.98933345079422,0.49749839305877686,0.2165464162826538,0.024139404296875,135439.19007436512,4074.095897867839,79.1112289428711,359.2021789550781,0
82000,joint_m1,1.0,0.02517358586192131,0.005725553259253502,0.006350809436601897,0.942759190996488,6.36307220247545e-07,0.004304835572838783,0.04584783482272357,0.009881684556603432,0.9893319606781006,0.4974868595600128,0.21657466888427734,0.024150848388671875,135457.4703440161,4092.3761675188143,79.31805419921875,360.2000732421875,0
82200,joint_m1,1.0,0.02477569878101349,0.0056687286123633385,0.006323918079336484,0.9429946939150492,6.407506702998944e-07,0.004278047941625118,0.0166503363562371,0.00988191831856966,0.9893302321434021,0.4974757134914398,0.2166023999452591,0.02411651611328125,135475.7481470392,4110.653970541927,79.52265930175781,361.1885070800781,0
82400,joint_m1,1.0,0.024824317544698715,0.0056766620837152,0.006354247879547377,0.9430997570355734,6.435737986976164e-07,0.004246785305440426,0.029017861545239134,0.009884110651910305,0.9893310070037842,0.4974638521671295,0.21663060784339905,0.02410888671875,135494.2728826573,4129.178706160019,79.72537231445312,362.168212890625,0
82600,joint_m1,1.0,0.02709866873919964,0.006649330258369446,0.0072219682624563575,0.9360729406277338,6.77483114941424e-07,0.004529471509158611,0.03130033644149152,0.009880369529128075,0.9893336892127991,0.4974362552165985,0.21672433614730835,0.024120330810546875,135558.86668160072,4193.772505103436,79.980224609375,363.40203857421875,0
82800,joint_m1,1.0,0.02516949363052845,0.005770932883024216,0.006382323258245985,0.9426937997341156,6.533363716698659e-07,0.00434026587754488,0.043011126631204835,0.009877029806375504,0.9893386363983154,0.49741142988204956,0.2168010026216507,0.02410125732421875,135609.3853979141,4244.291221416817,80.21634674072266,364.5297546386719,0
83000,joint_m1,1.0,0.024472052231431007,0.005540861748158932,0.006275929355372985,0.9428850164016088,6.290529199759476e-07,0.004167609382420778,0.03212949245119162,0.009868666529655457,0.9893366098403931,0.4973974823951721,0.21683339774608612,0.024066925048828125,135630.1719824907,4265.077805993409,80.41796112060547,365.4993896484375,0
83200,joint_m1,1.0,0.02507134899497032,0.005772184114903212,0.00626454665325582,0.943103238940239,6.302354904619278e-07,0.0042452565394341946,0.018167013066172532,0.009865331463515759,0.9893346428871155,0.4973848760128021,0.21685907244682312,0.024059295654296875,135646.45623089458,4281.362054397294,80.6124496459961,366.4369812011719,0
83400,joint_m1,1.0,0.024584800004959106,0.005585597828030586,0.006218938234572609,0.9435403048992157,6.344997700580279e-07,0.004223148804157972,0.012849448980035167,0.009863510727882385,0.9893303513526917,0.49737322330474854,0.21688199043273926,0.024066925048828125,135660.96470245227,4295.87052595499,80.80271911621094,367.35552978515625,0
83600,joint_m1,1.0,0.02493988163769245,0.005717194173485041,0.006334035657346249,0.943816085656484,6.556156790793466e-07,0.004295176360756159,0.03905787240189939,0.009864678606390953,0.9893283247947693,0.49736177921295166,0.21690374612808228,0.024021148681640625,135674.79235289065,4309.698176393373,80.99056243896484,368.26336669921875,0
83800,joint_m1,1.0,0.02446749061346054,0.005577501840889454,0.00621302577201277,0.9440203309059143,6.409356387848675e-07,0.004196141380816698,0.030455282976712704,0.009867269545793533,0.9893233180046082,0.49735027551651,0.21692608296871185,0.02402496337890625,135689.27515467093,4324.180978173652,81.1769027709961,369.1649169921875,0
84000,joint_m1,1.0,0.025009803473949432,0.005740586668252945,0.006236709033449491,0.9439928233623505,6.387246003214386e-07,0.004224136006087065,0.04440814098026063,0.009870661422610283,0.9893236756324768,0.4973379075527191,0.2169514298439026,0.024021148681640625,135705.79377462112,4340.699598123843,81.36385345458984,370.0693359375,0
84200,joint_m1,1.0,0.02442903071641922,0.005479003302752972,0.006246535767180224,0.9442735811074575,6.372931125042669e-07,0.004182013683021069,0.020836686919311034,0.009873388335108757,0.9893222451210022,0.497325599193573,0.21697697043418884,0.02400970458984375,135722.58199724907,4357.48782075179,81.5490951538086,370.96612548828125,0
84400,joint_m1,1.0,0.024738727137446404,0.005600231699645519,0.006243938463740051,0.9428066362937292,6.352663035613659e-07,0.0041684056632220745,0.032205687601955774,0.009872982278466225,0.9893198013305664,0.4973124563694,0.21700461208820343,0.024028778076171875,135741.11076604613,4376.016589548846,81.73435974121094,371.8632507324219,0
84600,joint_m1,1.0,0.024500105530023575,0.005526998545974493,0.006232255410092573,0.9448131223519644,7.114236382221861e-07,0.004708879627287388,0.05423341472134079,0.009874016977846622,0.9893175959587097,0.4972996115684509,0.21703335642814636,0.0240325927734375,135760.42899166164,4395.334815164359,81.91883850097656,372.7568359375,0
84800,joint_m1,1.0,0.024416426196694374,0.005532613955438137,0.006251421485406657,0.945127492149671,6.283584639277251e-07,0.0041186329908668995,0.03222170820091752,0.009876097552478313,0.9893151521682739,0.4972877502441406,0.2170584797859192,0.02405548095703125,135777.61017192784,4412.515995430556,82.09991455078125,373.6356506347656,0
85000,joint_m1,1.0,0.02433479204773903,0.005470653530210257,0.006136840519805749,0.9448988338311514,6.312972686828289e-07,0.004119810648262501,0.026998751594583426,0.00987797137349844,0.9893110990524292,0.49727633595466614,0.2170814871788025,0.0240478515625,135793.29609373212,4428.201917234837,82.27764129638672,374.49884033203125,0
85200,joint_m1,1.0,0.024429168552160263,0.005506750196218491,0.006150474810662369,0.9449677417675654,6.315128757705679e-07,0.004138843156397343,0.026367076816690052,0.009879072196781635,0.9893096685409546,0.497265100479126,0.2171042412519455,0.0240631103515625,135808.84448370806,4443.750307210779,82.4533462524414,375.3528747558594,0
85400,joint_m1,1.0,0.024788307026028633,0.005593792535364628,0.006150314079908033,0.9453409562508265,6.354439960887248e-07,0.004207644611597061,0.04505122986408864,0.00988138560205698,0.9893065094947815,0.49725234508514404,0.217132568359375,0.024082183837890625,135828.35662703132,4463.262450534035,82.6310806274414,376.2162780761719,0
85600,joint_m1,1.0,0.024582991376519203,0.005520792677998543,0.0061211799426625175,0.9446492294470469,6.480222509708256e-07,0.0043212780728936195,0.06098253682217122,0.00988402683287859,0.9893069863319397,0.49723899364471436,0.21716327965259552,0.02410125732421875,135849.73534019123,4484.641163693945,82.80918884277344,377.08209228515625,0
85800,joint_m1,1.0,0.024745937436819077,0.005654745735228062,0.006222862323435645,0.9432128568490347,6.405830390576739e-07,0.004199022892862558,0.0410628565505057,0.009884437546133995,0.9893056154251099,0.4972255825996399,0.21719586849212646,0.024097442626953125,135872.37682472475,4507.282648227469,82.98744201660156,377.94854736328125,0
86000,joint_m1,1.0,0.02443917840719223,0.0055888956412673,0.006163037537286679,0.9439470966657003,6.30968486348138e-07,0.004170562140643597,0.047160495605025776,0.00988405104726553,0.9893046617507935,0.4972127676010132,0.21722589433193207,0.024112701416015625,135893.30402930087,4528.209852803586,83.1620864868164,378.7981872558594,0
86200,joint_m1,1.0,0.02925790473818779,0.007561748847365379,0.008311701628069082,0.9239519834518433,7.294906367860676e-07,0.004734142683446407,0.06633913795931991,0.009887387044727802,0.9893010258674622,0.4971849322319031,0.21731190383434296,0.02414703369140625,135955.5692128866,4590.475036389311,83.37560272216797,379.84649658203125,0
86400,joint_m1,1.0,0.025007568299770355,0.005758501589298248,0.006175748072564602,0.9444319953521093,6.54757513984805e-07,0.004182499833405018,0.0525744293920413,0.009895485825836658,0.9892983436584473,0.4971511960029602,0.2174278348684311,0.02416229248046875,136035.50407154745,4670.409895050165,83.60958099365234,380.97222900390625,0
86600,joint_m1,1.0,0.024565739557147026,0.005501030012965202,0.006100735510699451,0.9452134023110071,6.163824082250358e-07,0.00398388784378767,0.042501978230181287,0.009899101220071316,0.9892953038215637,0.49713653326034546,0.21746675670146942,0.024181365966796875,136062.69049228742,4697.596315790142,83.79217529296875,381.8606872558594,0
86800,joint_m1,1.0,0.02472592517733574,0.005608745850622654,0.006089233638097842,0.9459743052721024,6.185489382914966e-07,0.004034498240798712,0.036877122402262076,0.009900550357997417,0.9892945289611816,0.4971241354942322,0.21749626100063324,0.02420806884765625,136083.505657372,4718.411480874725,83.96544647216797,382.7049255371094,0
87000,joint_m1,1.0,0.024356551468372345,0.005497928708791733,0.006071130628697574,0.9463451703389486,6.323170396171918e-07,0.004104170948266983,0.029870600489370416,0.009904510341584682,0.9892920255661011,0.49711307883262634,0.21752236783504486,0.024204254150390625,136102.0906231789,4736.996446681616,84.13440704345703,383.5298767089844,0
87200,joint_m1,1.0,0.024444764479994774,0.00551614910364151,0.00599284019942085,0.9461538890997568,6.189745818119263e-07,0.00402815593406558,0.028787107796888357,0.0099068908020854,0.9892927408218384,0.49710237979888916,0.2175464928150177,0.02422332763671875,136119.333997783,4754.239821285708,84.30006408691406,384.3393249511719,0
87400,joint_m1,1.0,0.02444848231971264,0.005479000508785248,0.005994220729917288,0.9458450376987457,6.271221195675025e-07,0.004105455707758665,0.055020424304654106,0.009908167645335197,0.9892895817756653,0.4970915913581848,0.21757057309150696,0.02425384521484375,136136.80084385705,4771.706667359773,84.46411895751953,385.1419677734375,0
87600,joint_m1,1.0,0.024271681904792786,0.0055239819921553135,0.006032282214922209,0.9463966836531957,6.53126448924013e-07,0.004295717924833298,0.05647081688602016,0.009907620958983898,0.9892880916595459,0.4970806837081909,0.2175927758216858,0.0242919921875,136152.9116838858,4787.817507388507,84.62532806396484,385.93109130859375,0
87800,joint_m1,1.0,0.024078380316495895,0.005386857315897942,0.006012965536986788,0.9457484036684036,6.2999487226989e-07,0.004080694634467363,0.03662307197934545,0.009910563006997108,0.9892848134040833,0.4970700740814209,0.21761469542980194,0.024272918701171875,136169.0055776277,4803.911401130405,84.7850570678711,386.7134094238281,0
88000,joint_m1,1.0,0.024661652743816376,0.005495763383805752,0.0060108495720972615,0.9461777905623118,6.447572786782985e-07,0.004280523397028446,0.0509869276912586,0.009911036118865013,0.9892838001251221,0.49705779552459717,0.21763916313648224,0.02428436279296875,136187.0525417156,4821.958365218306,84.94529724121094,387.49853515625,0
88200,joint_m1,1.0,0.024181485176086426,0.005446339026093483,0.006037302664481103,0.946138804157575,6.335711191240989e-07,0.004062291234731674,0.03789341678167799,0.009911811910569668,0.9892808794975281,0.4970450699329376,0.21766908466815948,0.024311065673828125,136208.83354613974,4843.739369642455,85.10753631591797,388.293701171875,0
88400,joint_m1,1.0,0.024524599313735962,0.0055436487309634686,0.006042088187920551,0.9464663316806158,6.459677592829394e-07,0.004196154419332743,0.05067364970198458,0.009911999106407166,0.9892789721488953,0.49703195691108704,0.21770095825195312,0.02429962158203125,136231.97909448427,4866.884917986987,85.26943969726562,389.0867004394531,0
88600,joint_m1,1.0,0.024086490273475647,0.0054030888713896275,0.006103732235108812,0.9459128578503927,6.232562554941978e-07,0.003953658044338226,0.03902311826429387,0.009914685040712357,0.9892762899398804,0.49701839685440063,0.21773546934127808,0.024295806884765625,136256.99201141935,4891.897834922071,85.43206787109375,389.88287353515625,0
88800,joint_m1,1.0,0.024333979934453964,0.005440030246973038,0.006012056255713105,0.9464662075042725,6.319440331026271e-07,0.00425608130171895,0.046642586994865946,0.00991674605756998,0.9892753958702087,0.49700719118118286,0.217762753367424,0.02429962158203125,136277.0561466603,4911.9619701630145,85.5886001586914,390.6507873535156,0
89000,joint_m1,1.0,0.02433782070875168,0.005462451372295618,0.005973214322390656,0.9464511175950369,6.253704896153067e-07,0.00400439091026783,0.034710314200038644,0.009917691349983215,0.9892715215682983,0.49699676036834717,0.21778705716133118,0.024280548095703125,136294.72817390994,4929.63399741266,85.74127960205078,391.39874267578125,0
89200,joint_m1,1.0,0.02441447786986828,0.005448163487017155,0.005964123954375585,0.9461288303136826,6.322415515569446e-07,0.004155792761594057,0.06795213970659776,0.009916146285831928,0.9892709255218506,0.4969869554042816,0.21780815720558167,0.024295806884765625,136310.4146864795,4945.320509982208,85.89066314697266,392.13238525390625,0
89400,joint_m1,1.0,0.024201326072216034,0.005387244746088982,0.006007632512288789,0.947304293513298,6.192775572344544e-07,0.00396776245906949,0.03975492784224419,0.009918061085045338,0.9892682433128357,0.4969775080680847,0.2178286910057068,0.02434539794921875,136325.82147194273,4960.727295445453,86.03890991210938,392.8608703613281,0
89600,joint_m1,1.0,0.0238712877035141,0.005267309956252575,0.0059037300913284225,0.9474036544561386,6.173087854222103e-07,0.003889653366059065,0.028642343171488255,0.009918272495269775,0.9892682433128357,0.4969671666622162,0.2178509384393692,0.02437591552734375,136342.2479497826,4977.153773285332,86.18714904785156,393.5886535644531,0
89800,joint_m1,1.0,0.0236513651907444,0.005232356023043394,0.005930351675488055,0.9460297872622808,6.202760118867445e-07,0.0038707233034074306,0.04031735447145971,0.009922299534082413,0.9892650842666626,0.49695056676864624,0.21789632737636566,0.024394989013671875,136375.2301262953,5010.135949798016,86.3492202758789,394.38299560546875,0
90000,joint_m1,1.0,0.023784566670656204,0.0052537620067596436,0.005881884406941633,0.947101096312205,6.069562914490234e-07,0.0038514945190399885,0.02130053545375561,0.009923066943883896,0.9892643094062805,0.4969407618045807,0.21791516244411469,0.0243988037109375,136389.34574225364,5024.251565756364,86.49440002441406,395.0967712402344,0
90200,joint_m1,1.0,0.025096997618675232,0.005830475594848394,0.006348040498172243,0.9430068482955297,6.74499460728839e-07,0.004306485876441002,0.04869400035567423,0.009928002022206783,0.9892646670341492,0.49693018198013306,0.2179410606622696,0.024444580078125,136408.744822317,5043.6506458197255,86.64216613769531,395.82275390625,0
90400,joint_m1,1.0,0.023844756186008453,0.00537757808342576,0.005917575326748192,0.9473266849915186,6.234820943973318e-07,0.004003637004643679,0.06263576879271995,0.009932938031852245,0.9892639517784119,0.4969157576560974,0.21798177063465118,0.02448272705078125,136437.71068146813,5072.616504970851,86.79969024658203,396.5928649902344,0
90600,joint_m1,1.0,0.024087753146886826,0.005305666010826826,0.005937598645687103,0.9474023083845774,6.190062435962318e-07,0.00396252004429698,0.04160862471295014,0.0099341394379735,0.9892606735229492,0.4969058036804199,0.2180011123418808,0.0244903564453125,136452.2475886711,5087.153412173822,86.94186401367188,397.2918701171875,0
90800,joint_m1,1.0,0.02369779720902443,0.005156330298632383,0.005932578196128209,0.9456533938646317,6.037550974724581e-07,0.0038364457432180643,0.0411113286435786,0.00993319135159254,0.9892594814300537,0.49689555168151855,0.21802030503749847,0.02447509765625,136466.82046563554,5101.726289138256,87.08209228515625,397.9817810058594,0
91000,joint_m1,1.0,0.023748133331537247,0.005207657814025879,0.005910680047236383,0.9463475594917933,6.245630288503889e-07,0.003931754734367132,0.04408197180534116,0.009936483576893806,0.9892577528953552,0.4968850612640381,0.21804179251194,0.02448272705078125,136483.14744319167,5118.053266694391,87.22281646728516,398.6750183105469,0
91200,joint_m1,1.0,0.02395928092300892,0.005366203375160694,0.00588516235196342,0.9468211432298025,6.153220510896062e-07,0.0038523217663168907,0.07718581376393507,0.00993718858808279,0.9892587065696716,0.49687549471855164,0.218058243393898,0.024501800537109375,136495.87902936852,5130.784852871235,87.35940551757812,399.3478698730469,0
91400,joint_m1,1.0,0.023832209408283234,0.005235076881945133,0.005895344462866585,0.947596420844396,6.171945301503001e-07,0.0038909895811229944,0.023794103195825783,0.009940331801772118,0.9892551898956299,0.4968640208244324,0.21808184683322906,0.02446746826171875,136513.5002261681,5148.406049670826,87.49913024902344,400.0361633300781,0
91600,joint_m1,1.0,0.023649485781788826,0.005180840380489826,0.005836117973861595,0.947541688879331,6.162992463032424e-07,0.003931237850338221,0.0571077104988975,0.009938971139490604,0.9892526268959045,0.49685439467430115,0.21809951961040497,0.02442169189453125,136527.18152807522,5162.0873515779385,87.63459777832031,400.7043151855469,0
91800,joint_m1,1.0,0.02378438226878643,0.005258480086922646,0.0059017153301586705,0.947394480307897,6.096465199334489e-07,0.0038461596705019474,0.03937291537890286,0.009942124597728252,0.9892523884773254,0.4968385100364685,0.21813784539699554,0.024456024169921875,136555.70233424893,5190.608157751645,87.78276824951172,401.4346008300781,0
92000,joint_m1,1.0,0.023717956617474556,0.005239387042820454,0.0058563871231550975,0.9467654079198837,6.145658062450821e-07,0.0038930256851017475,0.02631688502421163,0.00994377676397562,0.9892516732215881,0.49682843685150146,0.2181558907032013,0.024425506591796875,136569.43189454952,5204.337718052237,87.91741943359375,402.09765625,0
92200,joint_m1,1.0,0.026835141703486443,0.0065096234902739525,0.0069684766155357165,0.9371208151181539,6.874893756503297e-07,0.004377010278403759,0.03584924398944651,0.009945993311703205,0.9892430305480957,0.49680590629577637,0.21821258962154388,0.024448394775390625,136612.2613530718,5247.167176574527,88.0750961303711,402.88714599609375,0
92400,joint_m1,1.0,0.023564856499433517,0.005181839689612389,0.005942843233545621,0.9453183561563492,6.121263140812516e-07,0.003783767344430089,0.03334373199538398,0.009946734644472599,0.9892487525939941,0.49677515029907227,0.21829454600811005,0.024471282958984375,136670.10066580033,5305.00648930305,88.25212097167969,403.74896240234375,0
92600,joint_m1,1.0,0.024026639759540558,0.005349458195269108,0.0058341590920463204,0.9482086449861526,6.0692053693856e-07,0.0038572759367525578,0.0434989640466146,0.009947842918336391,0.9892491102218628,0.496762216091156,0.21832014620304108,0.024478912353515625,136689.34003791225,5324.2458614149655,88.3924331665039,404.4392395019531,0
92800,joint_m1,1.0,0.02359187602996826,0.005143187008798122,0.005750955703357856,0.9484669615825018,5.982135462545557e-07,0.0037484276108443737,0.038595404793695214,0.009950393810868263,0.989246666431427,0.49675077199935913,0.21833917498588562,0.024478912353515625,136703.8801497602,5338.785973262915,88.5273208618164,405.1036376953125,0
93000,joint_m1,1.0,0.02380361035466194,0.0052648428827524185,0.005840025492943823,0.9479387104511261,6.13356633039075e-07,0.0038158108945935965,0.04068926514167235,0.009951741434633732,0.9892459511756897,0.4967402219772339,0.21835435926914215,0.02447509765625,136716.036923252,5350.942746754707,88.65853881835938,405.7518005371094,0
93200,joint_m1,1.0,0.023361926898360252,0.005115368869155645,0.005823315160038571,0.9473411192496618,6.037660114088794e-07,0.0037445451598614454,0.026214938135507324,0.009953545406460762,0.9892435073852539,0.49672985076904297,0.21836932003498077,0.024494171142578125,136727.9080217349,5362.81384523763,88.7879867553711,406.3913879394531,0
93400,joint_m1,1.0,0.023842571303248405,0.005269324406981468,0.005791889348377784,0.9485657215118408,6.06896435328963e-07,0.0037631597369909286,0.031143234590531376,0.009957470931112766,0.9892442226409912,0.49671995639801025,0.2183828204870224,0.024509429931640625,136738.60236231756,5373.508185820276,88.91468811035156,407.01812744140625,0
93600,joint_m1,1.0,0.02339460887014866,0.005059320945292711,0.005891349554682772,0.9484230130910873,6.104156682340545e-07,0.0037404627073556185,0.025826854862275685,0.009960361756384373,0.9892435073852539,0.4967097043991089,0.21839669346809387,0.02448272705078125,136749.70022636247,5384.606049865193,89.04068756103516,407.6416320800781,0
93800,joint_m1,1.0,0.023846112191677094,0.005198477767407894,0.005865596545239289,0.9486470172802607,6.021411991241621e-07,0.003878713818266988,0.06783060673494735,0.009961448609828949,0.9892457127571106,0.4966985881328583,0.2184130996465683,0.024463653564453125,136762.57920937293,5397.485032875644,89.1669692993164,408.266357421875,0
94000,joint_m1,1.0,0.023426558822393417,0.005076990928500891,0.005868327959130208,0.9485764354467392,7.032505777715414e-07,0.0043994467705488205,0.044130006115255804,0.00996341835707426,0.9892445802688599,0.49668821692466736,0.21842774748802185,0.024494171142578125,136774.4687286337,5409.374552136433,89.2917251586914,408.8846740722656,0
94200,joint_m1,1.0,0.023527830839157104,0.005149801727384329,0.0057651457997659845,0.9492387523253759,6.115269002293644e-07,0.0037842760793864727,0.037843744810960214,0.009964114986360073,0.9892470240592957,0.49667686223983765,0.21844631433486938,0.024486541748046875,136789.23185689727,5424.137680399988,89.41864776611328,409.5137634277344,0
94400,joint_m1,1.0,0.023408524692058563,0.0050926851108670235,0.00574201054405421,0.949316680431366,6.080153411858191e-07,0.003785197390243411,0.04413275605268024,0.009966175071895123,0.9892472624778748,0.4966661334037781,0.21846114099025726,0.024517059326171875,136801.31367790297,5436.219501405692,89.54165649414062,410.1246643066406,0
94600,joint_m1,1.0,0.02349195070564747,0.005111810751259327,0.005770797453199823,0.9487597197294235,6.130173915153136e-07,0.0037973246071487665,0.04437982936941263,0.009967144578695297,0.9892487525939941,0.4966546297073364,0.2184799462556839,0.024517059326171875,136816.1188164611,5451.024639963813,89.66714477539062,410.746337890625,0
94800,joint_m1,1.0,0.02375965565443039,0.005178558640182018,0.005772447834412257,0.9478795975446701,6.128157110651955e-07,0.0038347323425114155,0.04013311721958152,0.009968207217752934,0.9892471432685852,0.4966428875923157,0.21850265562534332,0.024501800537109375,136833.7062569015,5468.612080404215,89.79386901855469,411.37384033203125,0
95000,joint_m1,1.0,0.02331446297466755,0.005082838237285614,0.005723393716228505,0.9481010089317957,5.996458298795915e-07,0.0037149598356336355,0.029242269064949394,0.009970373474061489,0.9892491102218628,0.4966323971748352,0.2185201346874237,0.024524688720703125,136847.56506419834,5482.470887701056,89.91626739501953,411.9809875488281,0
95200,joint_m1,1.0,0.02392803318798542,0.005384122021496296,0.005771196020456652,0.9488192747036616,6.182485776662361e-07,0.003902571275830269,0.06024337729391618,0.009971587918698788,0.9892488718032837,0.49662119150161743,0.21853995323181152,0.024562835693359375,136863.2031774794,5498.1090009821055,90.03955078125,412.5924072265625,0
95400,joint_m1,1.0,0.023399263620376587,0.005151192657649517,0.0057292608156179385,0.9491996963818868,6.109210630711459e-07,0.0037372878286987543,0.025843884202848683,0.009972095489501953,0.9892503023147583,0.4966094195842743,0.21856087446212769,0.024562835693359375,136879.7147863773,5514.620609880018,90.16251373291016,413.202392578125,0
95600,joint_m1,1.0,0.02409129962325096,0.005391633603721857,0.0059622548675785465,0.9458845953146616,6.179635079206491e-07,0.0038036401383578777,0.04242739197265595,0.009976305067539215,0.9892519116401672,0.49658700823783875,0.21864669024944305,0.02463531494140625,136942.24183939738,5577.147662900097,90.32425689697266,413.9992980957031,0
95800,joint_m1,1.0,0.023632220923900604,0.005218448583036661,0.005742005227754514,0.9493430207173029,6.167534820633591e-07,0.0037560490891337395,0.03595587522286302,0.009977765381336212,0.9892527461051941,0.4965764880180359,0.21866971254348755,0.0246429443359375,136959.79065404562,5594.696477548336,90.44738006591797,414.6082458496094,0
96000,joint_m1,1.0,0.023482248187065125,0.005059484858065844,0.005764615256339312,0.9477702130873998,6.028838583915785e-07,0.00372226326726377,0.04786448993159235,0.009981186129152775,0.9892505407333374,0.49656814336776733,0.2186824530363083,0.024623870849609375,136970.4444615699,5605.350285072607,90.56318664550781,415.18438720703125,0
96200,joint_m1,1.0,0.023723945021629333,0.005176972132176161,0.005689424152175586,0.9490394393603007,6.087424821998866e-07,0.0037559608463197947,0.03591985165633718,0.009982524439692497,0.989250659942627,0.4965600371360779,0.2186933159828186,0.0245819091796875,136979.7817489866,5614.687572489318,90.67704010009766,415.75103759765625,0
96400,joint_m1,1.0,0.023458845913410187,0.005128038115799427,0.005725344642996788,0.9493445058663686,6.075745204725536e-07,0.0036823542322963476,0.03359863154630017,0.009985898621380329,0.989249587059021,0.49655210971832275,0.2187032252550125,0.024627685546875,136988.38584347215,5623.2916669748665,90.78944396972656,416.309814453125,0
96600,joint_m1,1.0,0.0235068928450346,0.005144426133483648,0.00566568555465589,0.9490483303864797,6.042523068572336e-07,0.003654416184872389,0.023368903421269516,0.009988944046199322,0.9892498254776001,0.49654436111450195,0.2187119871377945,0.024662017822265625,136996.24940851482,5631.15523201754,90.900146484375,416.86138916015625,0
96800,joint_m1,1.0,0.02359170652925968,0.0051480550318956375,0.005672422780965765,0.9486339886983236,6.109726768954715e-07,0.003753479802981019,0.06012004671239873,0.009990873746573925,0.9892489910125732,0.49653416872024536,0.21872836351394653,0.0247039794921875,137009.53123049505,5644.437053997768,91.01525115966797,417.43359375,0
97000,joint_m1,1.0,0.023595141246914864,0.00520446989685297,0.006002752770048876,0.944988360007604,6.281752575887367e-07,0.0037882658652961254,0.057856707517206035,0.009990477934479713,0.9892510175704956,0.49652397632598877,0.21874402463436127,0.0247039794921875,137022.6921936655,5657.598017168231,91.12898254394531,418.000732421875,0
97195,joint_m1,1.0,0.023667462170124054,0.005214568693190813,0.005708453323071201,0.9489555011192957,6.223882564881933e-07,0.003876929869875312,0.08340854602492365,0.009993783198297024,0.9892503023147583,0.4965147376060486,0.2187570482492447,0.0247039794921875,137033.53539918613,5668.441222688853,91.23770141601562,418.5413513183594,0
97200,harden_m2,2.0,0.028678685426712036,0.007126895245164633,0.008298992722605666,0.9254575620094935,9.118849675360252e-07,0.0035159422550350428,0.07576380924433525,0.00010190903412876651,0.9998818635940552,0.49428778886795044,0.32781845331192017,0.3188629150390625,137026.06257205232,5660.968395555043,130.9474639892578,418.5235290527344,0
97400,harden_m2,2.0,0.02472064271569252,0.0055259037762880325,0.005876481727076073,0.9459229012330373,6.700454378005816e-07,0.0027400339022278786,0.0625265259644532,0.00010158961958950385,0.9998812675476074,0.49501800537109375,0.32666993141174316,0.31697845458984375,136648.70042558035,5283.606249083066,130.22666931152344,417.11285400390625,0
97600,harden_m2,2.0,0.024017952382564545,0.005332493223249912,0.005841367024307449,0.9477970898151398,6.621717147936579e-07,0.002629598369821906,0.02189877820578359,0.00010146106069441885,0.9998810291290283,0.49544286727905273,0.3259212076663971,0.3155975341796875,136402.8893535617,5037.795177064429,129.80340576171875,416.36956787109375,0
97800,harden_m2,2.0,0.024128101766109467,0.005361001472920179,0.00579034766027083,0.9481497456630071,6.675842314507463e-07,0.002699243603274226,0.023530877879305356,0.00010130424925591797,0.9998807907104492,0.495767205953598,0.3253159523010254,0.3144187927246094,136204.11224335336,4839.018066856079,129.49362182617188,415.8897399902344,0
98000,harden_m2,2.0,0.023764491081237793,0.005213266238570213,0.005743245555398365,0.9483705560366312,6.67193546632916e-07,0.00265323999337852,0.029687274947194402,0.0001012473730952479,0.9998806715011597,0.49603116512298584,0.3248040974140167,0.3135871887207031,136035.82022393955,4670.726047442266,129.25599670410156,415.57525634765625,0
98200,harden_m2,2.0,0.02385268732905388,0.005263551138341427,0.00574938483381023,0.9487927556037903,6.586640211025951e-07,0.0026440981309860945,0.031380274290091485,0.00010121599189005792,0.9998805522918701,0.49625536799430847,0.3243531584739685,0.31282806396484375,135887.2831724882,4522.188995990931,129.06353759765625,415.36138916015625,0
98400,harden_m2,2.0,0.024054840207099915,0.0053179701790213585,0.005842586746439338,0.9468419899543127,6.723345222781063e-07,0.002685767598450184,0.0658979021723853,0.00010113572352565825,0.9998804330825806,0.49644845724105835,0.32395151257514954,0.3120880126953125,135754.56064530576,4389.466468808474,128.90980529785156,415.2351379394531,0
98600,harden_m2,2.0,0.023673493415117264,0.005192413926124573,0.00577418552711606,0.9470113714536031,6.780468311262666e-07,0.0027307209093123674,0.027511813849215305,0.00010103200474986807,0.999880313873291,0.4966180920600891,0.32358700037002563,0.3114128112792969,135633.6600110754,4268.565834578127,128.78363037109375,415.1697692871094,0
98800,harden_m2,2.0,0.024062812328338623,0.005366659723222256,0.005920841863068442,0.9471518844366074,6.723866476932017e-07,0.002680837642401457,0.035642289546777436,0.0001009463012451306,0.999880313873291,0.4967375695705414,0.323293000459671,0.3108367919921875,135538.78689142823,4173.692714930949,128.70957946777344,415.2356872558594,0
99000,harden_m2,2.0,0.023433558642864227,0.0050646280869841576,0.0056862807444607215,0.9487370848655701,6.837146884208778e-07,0.002655192743986845,0.041442493634891664,0.00010089904390042648,0.9998801946640015,0.4968692660331726,0.3229934573173523,0.31018829345703125,135440.2712342234,4075.177057726105,128.63232421875,415.2826232910156,0
99200,harden_m2,2.0,0.023183181881904602,0.005028987303376198,0.005649791758817931,0.9492161919673284,6.664674856438069e-07,0.0025937864556908607,0.051160962282864784,0.00010085230314871296,0.9998800754547119,0.496992826461792,0.32270941138267517,0.3096885681152344,135346.30663597732,3981.2124594800407,128.5654296875,415.3497314453125,0
99400,harden_m2,2.0,0.023200906813144684,0.004993731155991554,0.0056361778018375235,0.9492759803930918,6.657789981545648e-07,0.002589142881333828,0.02453862175287708,0.00010073954763356596,0.9998799562454224,0.49710994958877563,0.32244113087654114,0.3091163635253906,135256.73602449527,3891.641847997991,128.50759887695312,415.43255615234375,0
99600,harden_m2,2.0,0.0232272669672966,0.005028745159506798,0.005626684753224254,0.9489722549915314,6.77897617151757e-07,0.0026096936780959368,0.01833920146864072,0.0001007702958304435,0.9998798370361328,0.4972137212753296,0.32220175862312317,0.30872344970703125,135177.61329450968,3812.5191180123948,128.4732208251953,415.57470703125,0
99800,harden_m2,2.0,0.023095671087503433,0.0050360700115561485,0.0055700556840747595,0.950178066889445,6.728233188368904e-07,0.0026578486431390047,0.049367205594911645,0.00010075683530885726,0.9998798370361328,0.4973156452178955,0.3219616711139679,0.308380126953125,135097.19357558838,3732.099399091094,128.43455505371094,415.69866943359375,0
100000,harden_m2,2.0,0.02358848601579666,0.005108104087412357,0.005709047041212519,0.9490459462006887,6.803550718359475e-07,0.0026324987411499023,0.04558517651732728,0.00010073091107187793,0.9998797178268433,0.4974134564399719,0.3217315673828125,0.3079566955566406,135019.6155230787,3654.5213465814304,128.40267944335938,415.8355407714844,0
100200,harden_m2,2.0,0.022929223254323006,0.00491386279463768,0.005658104317262769,0.9498807738224665,6.622567525482737e-07,0.002589349402114749,0.03303791380892877,0.0001006600505206734,0.9998795986175537,0.49750712513923645,0.3215121626853943,0.3074378967285156,134945.08133311121,3579.9871566139336,128.3773651123047,415.98345947265625,0
100400,harden_m2,2.0,0.023118846118450165,0.004980695433914661,0.005586328217759728,0.949820876121521,6.949209705453541e-07,0.0026985795702785254,0.020040502571431237,0.00010066273534903303,0.9998795986175537,0.497588574886322,0.3213096857070923,0.3069953918457031,134876.8455147139,3511.7513382166217,128.3615264892578,416.1520080566406,0
100600,harden_m2,2.0,0.023023713380098343,0.004989557899534702,0.005600019047657649,0.9495004812876383,6.770704317204945e-07,0.00265005836263299,0.030095815245706904,0.00010061897046398371,0.9998794794082642,0.4976666569709778,0.32111242413520813,0.30661773681640625,134810.1019360196,3445.0077595223265,128.3523712158203,416.3362731933594,0
100800,harden_m2,2.0,0.023213429376482964,0.00496640894562006,0.005586939126563569,0.9503869165976843,6.860831263111322e-07,0.0027158299926668406,0.04204043866522873,0.00010062012006528676,0.9998794794082642,0.4977405071258545,0.3209227919578552,0.3063468933105469,134745.6279661793,3380.5337896820274,128.3472442626953,416.52764892578125,0
101000,harden_m2,2.0,0.022903475910425186,0.004914836958050728,0.005623642394008736,0.9496267239252726,6.96903271091287e-07,0.0026649462524801493,0.02421034022902954,0.00010056774772237986,0.9998793601989746,0.49780935049057007,0.3207392692565918,0.305999755859375,134683.06952249046,3317.9753459931817,128.34632873535156,416.7278747558594,0
101200,harden_m2,2.0,0.023106180131435394,0.004948923364281654,0.005641760925451915,0.9501309245824814,7.082247179823753e-07,0.0030923285521566868,0.05431937070936386,0.00010060688509838656,0.9998792409896851,0.49787402153015137,0.32056236267089844,0.3056526184082031,134622.61183025682,3257.51765375954,128.3486785888672,416.9329833984375,0
101245,harden_m2,2.0,0.02293068915605545,0.004898494109511375,0.005554844159632921,0.9503765106201172,6.729331403221295e-07,0.0026059907395392656,0.03291162500428834,0.00010059901251224801,0.9998792409896851,0.49788767099380493,0.3205227851867676,0.3055839538574219,134609.20099309704,3244.1068165997567,128.34930419921875,416.9792785644531,0
101400,harden_m3,3.0,0.023522209376096725,0.005145867355167866,0.00574781217922767,0.9478868345419565,8.014243917386921e-07,0.002466239035129547,0.03915044827186728,1.0078630339194206e-06,0.9999986886978149,0.49816811084747314,0.3713212311267853,0.4833259582519531,134436.36079573116,3071.26661923388,151.94259643554688,416.511962890625,0
101600,harden_m3,3.0,0.02328469604253769,0.0050355507992208,0.0056381497997790575,0.9485472142696381,7.938988346722908e-07,0.0024530277587473392,0.04810311066018134,1.0062083219963824e-06,0.9999986886978149,0.49876752495765686,0.3704974949359894,0.4811592102050781,134284.84209321617,2919.7479167188867,151.51800537109375,416.2217102050781,0
101800,harden_m3,3.0,0.022852769121527672,0.0048926277086138725,0.005655962973833084,0.9481393694877625,8.085734179985593e-07,0.002545986557379365,0.04339420691406602,1.0044174132417538e-06,0.9999986886978149,0.4992300868034363,0.3698430061340332,0.4797019958496094,134160.99129031508,2795.897113817802,151.21046447753906,416.0704040527344,0
102000,harden_m3,3.0,0.023330114781856537,0.005090141668915749,0.0056163681438192725,0.9493570178747177,8.010432566152303e-07,0.002452267799526453,0.02613985777680854,1.0033145372290164e-06,0.9999986886978149,0.4996190071105957,0.3692857027053833,0.47821807861328125,134053.22119218172,2688.1270156844403,150.96978759765625,416.0000915527344,0
102200,harden_m3,3.0,0.023000329732894897,0.004939611069858074,0.005619699251838028,0.9495833565791448,7.940520845295396e-07,0.002391138346865773,0.013627298871989534,1.0024250514106825e-06,0.9999986886978149,0.4999556541442871,0.3687966465950012,0.4770355224609375,133956.9917846769,2591.897608179628,150.77645874023438,415.9876403808594,0
102400,harden_m3,3.0,0.023188093677163124,0.004983074031770229,0.005699603585526347,0.9496247818072637,8.040689749577723e-07,0.002404342871159315,0.02762331585040978,1.0011888207372976e-06,0.9999986886978149,0.5002479553222656,0.36835741996765137,0.4758796691894531,133869.52071326767,2504.426536770392,150.6186981201172,416.02154541015625,0
102600,harden_m3,3.0,0.02280978113412857,0.004885392263531685,0.005607605135689179,0.9491071005662283,8.050740234466502e-07,0.0024074630346149206,0.02362622222224926,9.99290477921022e-07,0.9999986886978149,0.5005086064338684,0.36795520782470703,0.4748497009277344,133788.29174483093,2423.1975683336495,150.4866485595703,416.0866394042969,0
102800,harden_m3,3.0,0.023301107808947563,0.005029881373047829,0.005608561642778416,0.9499703596035639,8.108040105980763e-07,0.0024273423478007317,0.027538461024993566,9.987664952859632e-07,0.9999986886978149,0.5007498860359192,0.36758187413215637,0.47391510009765625,133712.00670096907,2346.912524471787,150.37136840820312,416.167724609375,0
103000,harden_m3,3.0,0.022930815815925598,0.004867068957537413,0.005550241524664064,0.9501598179340363,8.258887191914255e-07,0.002457589842379093,0.024801899265434312,9.977002264349721e-07,0.9999986886978149,0.500977098941803,0.3672318160533905,0.47296142578125,133639.94612390414,2274.85194740686,150.271240234375,416.26605224609375,0
103200,harden_m3,3.0,0.02310461550951004,0.004953071475028992,0.0055500640301033854,0.9504765967528025,8.21159062525112e-07,0.00243445485830307,0.02902398497872547,9.968224503609235e-07,0.9999986886978149,0.5011906623840332,0.3669029772281647,0.47209930419921875,133571.48821511274,2206.3940386154572,150.18455505371094,416.3788757324219,0
103400,harden_m3,3.0,0.02279042825102806,0.0048027029260993,0.0055994460902487235,0.9496421168247858,9.265650646739232e-07,0.0027781466487795115,0.035815907843097565,9.95625327959715e-07,0.9999986886978149,0.5013936758041382,0.3665931522846222,0.4711151123046875,133506.51579604644,2141.421619549161,150.11074829101562,416.50762939453125,0
103600,harden_m3,3.0,0.02281651832163334,0.004887664690613747,0.005617941613309085,0.9504488358894984,8.226820114032307e-07,0.002415948547422886,0.01893048930269759,9.94975152934785e-07,0.9999986886978149,0.5015793442726135,0.3663021922111511,0.4703712463378906,133444.78840329434,2079.694226797059,150.05026245117188,416.6532287597656,0
103800,harden_m3,3.0,0.022854197770357132,0.00488885585218668,0.00552087277173996,0.9503291050593058,8.302224046019546e-07,0.0024967228528112173,0.030511250029966443,9.939659548763302e-07,0.9999986886978149,0.501755952835083,0.36602547764778137,0.46968841552734375,133385.78083139146,2020.6866548941762,149.99844360351562,416.8081970214844,0
104000,harden_m3,3.0,0.02300022356212139,0.004917118698358536,0.00559671747032553,0.9487849424282709,8.315589639096288e-07,0.002465522149577737,0.027314722550581205,9.923879815687542e-07,0.9999986886978149,0.5019172430038452,0.36576566100120544,0.4690437316894531,133330.1111077314,1965.0169312341313,149.96142578125,416.9861755371094,0
104200,harden_m3,3.0,0.023225609213113785,0.0049677384085953236,0.005578485744384428,0.9494199752807617,8.49418199777574e-07,0.0025623845867812634,0.04159989666096718,9.910583003147622e-07,0.9999986886978149,0.5020727515220642,0.36551034450531006,0.4683990478515625,133275.4323346955,1910.3381581982248,149.92185974121094,417.1549377441406,0
104400,harden_m3,3.0,0.022842738777399063,0.004860390909016132,0.005502328470659752,0.9504632204771042,8.433720495304442e-07,0.002475200453773141,0.0411399874170068,9.907747653414845e-07,0.9999986886978149,0.5022255182266235,0.36526620388031006,0.4678153991699219,133222.621982905,1857.5278064077138,149.88841247558594,417.3280029296875,0
104600,harden_m3,3.0,0.023075906559824944,0.0049655865877866745,0.005582759738899767,0.949830542008082,8.381125553569291e-07,0.0024299134965986013,0.026823882330122457,9.898661801344133e-07,0.9999986886978149,0.502368688583374,0.3650329113006592,0.4672126770019531,133171.85144015984,1806.7572636625555,149.86221313476562,417.5095520019531,0
104800,harden_m3,3.0,0.02288787066936493,0.0049383873119950294,0.005560417581970493,0.9503527084986368,8.570805221097544e-07,0.002505652839317918,0.036703916197514466,9.890217143038171e-07,0.9999986886978149,0.5025047063827515,0.3648070693016052,0.4665870666503906,133122.46151570365,1757.3673392063647,149.84109497070312,417.6976318359375,0
105000,harden_m3,3.0,0.022990353405475616,0.004918241873383522,0.005652092009161909,0.9497787157694498,8.366070005649817e-07,0.0024345978163182735,0.031689515317796575,9.882664926408324e-07,0.9999986886978149,0.5026315450668335,0.3645913600921631,0.4659767150878906,133074.95391695615,1709.8597404588654,149.82666015625,417.8929748535156,0
105200,harden_m3,3.0,0.02286112867295742,0.004859627690166235,0.0055617957065502805,0.9499285866816839,8.504941320097714e-07,0.002478474285453558,0.037178009608898985,9.877633146970766e-07,0.9999986886978149,0.5027501583099365,0.36438533663749695,0.46543121337890625,133029.10743141893,1664.0132549216505,149.81881713867188,418.09619140625,0
105295,harden_m3,3.0,0.02300962433218956,0.0049673691391944885,0.0055859169612328214,0.9491385221481323,8.590957918386266e-07,0.002495107939466834,0.03791020715960267,9.873508588498225e-07,0.9999986886978149,0.5028037428855896,0.3642905056476593,0.4652595520019531,133007.96054372084,1642.8663672235562,149.81692504882812,418.1951904296875,0
105400,harden_m4,4.0,0.023250138387084007,0.0049486286006867886,0.0055599175005530315,0.9496609717607498,9.801641454032506e-07,0.002477208850905299,0.08505811688744501,9.812380241669416e-09,1.0,0.5038197040557861,0.3919098377227783,0.5599441528320312,132933.68500120653,1568.5908247092448,163.70938110351562,418.1085205078125,0
105600,harden_m4,4.0,0.023191623389720917,0.00500785605981946,0.005563304526731372,0.9491477906703949,9.891384706861572e-07,0.002446589060127735,0.02843387700940797,9.788304389246605e-09,1.0,0.5044615864753723,0.39106884598731995,0.5580368041992188,132841.3699417467,1476.2757652494183,163.32232666015625,418.0816345214844,0
105800,harden_m4,4.0,0.022940192371606827,0.00490654818713665,0.005578004910300176,0.9504421204328537,9.71887743617117e-07,0.002390135545283556,0.03169671719882212,9.770658060404003e-09,1.0,0.5049228668212891,0.3904566168785095,0.5565071105957031,132769.67750205618,1404.583325558895,163.0771942138672,418.14276123046875,0
106000,harden_m4,4.0,0.023021433502435684,0.004926335997879505,0.005530918599106371,0.949405108888944,9.829841474129353e-07,0.0023639160208404064,0.03222729249236747,9.757695984546899e-09,1.0,0.5052990913391113,0.38995108008384705,0.5551948547363281,132707.90059374762,1342.8064172503364,162.89723205566406,418.2427978515625,0
106200,harden_m4,4.0,0.02314349263906479,0.0049981349147856236,0.005529634848547478,0.9499890257914861,1.0087119335366879e-06,0.0024344350676983595,0.04631566203586515,9.741667028606571e-09,1.0,0.5056164264678955,0.38951635360717773,0.5540657043457031,132652.85727793426,1287.7631014369836,162.7629852294922,418.374267578125,0
106400,harden_m4,4.0,0.02302675135433674,0.005003033205866814,0.005642599465015034,0.9497166325648626,1.0084685300171259e-06,0.0024804018903523684,0.06607331556958829,9.721397020712175e-09,1.0,0.5058901309967041,0.38912278413772583,0.5529251098632812,132601.7990828179,1236.7049063206068,162.65679931640625,418.5277099609375,0
106600,harden_m4,4.0,0.022767651826143265,0.004805375821888447,0.005534150637686253,0.9502866218487421,9.923458037519595e-07,0.0024087331257760525,0.04870290431196075,9.71151958850669e-09,1.0,0.50613933801651,0.3887653350830078,0.5517692565917969,132554.43705889292,1189.3428823956347,162.568115234375,418.68505859375,0
106800,harden_m4,4.0,0.023040439933538437,0.004904706962406635,0.005478167867598434,0.9501411418120066,1.0076914804812986e-06,0.002432845300063491,0.022217966661609464,9.700171332838181e-09,1.0,0.5063787698745728,0.3884299099445343,0.5506439208984375,132509.43827516588,1144.3440986686037,162.4928741455078,418.8500671386719,0
107000,harden_m4,4.0,0.022734902799129486,0.0048207384534180164,0.005491825596739848,0.9502626260121664,1.0063641866508988e-06,0.002375733805820346,0.02946394096815529,9.690979574372705e-09,1.0,0.5066037178039551,0.38811710476875305,0.5496978759765625,132466.53458138023,1101.4404048829456,162.42755126953125,419.0151062011719,0
107200,harden_m4,4.0,0.023118633776903152,0.004985124804079533,0.0054801166988909245,0.9507665286461512,1.0485117627467844e-06,0.0028768808115273714,0.05948211796548753,9.66836388727188e-09,1.0,0.506812334060669,0.38782453536987305,0.5488967895507812,132425.77440966695,1060.6802331696672,162.3743438720703,419.186279296875,0
107400,harden_m4,4.0,0.02267061173915863,0.004873162601143122,0.005536060547456145,0.9511507650216421,1.0230781981590553e-06,0.0025456328876316547,0.03429927915412947,9.65811608466538e-09,1.0,0.5070120096206665,0.38754668831825256,0.5480880737304688,132386.63376640406,1021.5395899067807,162.32754516601562,419.3586120605469,0
107600,harden_m4,4.0,0.022819150239229202,0.004909654147922993,0.005523210080961387,0.9496872077385584,1.0028386441263137e-06,0.002388999331742525,0.02972420658322132,9.650014121120876e-09,1.0,0.5071966648101807,0.3872828781604767,0.5472564697265625,132349.09087711936,983.9967006220832,162.28895568847656,419.53656005859375,0
107800,harden_m4,4.0,0.02297043614089489,0.00492184329777956,0.00550030133066078,0.9507737855116526,9.887181704471004e-07,0.0023898272775113583,0.041167809518989656,9.633426500954556e-09,1.0,0.5073744058609009,0.3870333135128021,0.5462837219238281,132313.1780587255,948.0838822282094,162.25997924804688,419.72271728515625,0
108000,harden_m4,4.0,0.022760163992643356,0.004820770118385553,0.005506815078357856,0.9495692749818166,1.0221425554846064e-06,0.002420784207060933,0.02209940975873406,9.613106755068657e-09,1.0,0.5075418949127197,0.38679391145706177,0.5455284118652344,132278.23089231274,913.1367158154608,162.23780822753906,419.9130554199219,0
108200,harden_m4,4.0,0.022814393043518066,0.004873964004218578,0.0054578531223038835,0.9510562618573507,1.039789253809431e-06,0.002723628655076027,0.028489283872112643,9.602680428599797e-09,1.0,0.5077031850814819,0.38656553626060486,0.54473876953125,132244.49018390142,879.3960074041388,162.21926879882812,420.1011657714844,0
108400,harden_m4,4.0,0.022408626973628998,0.004708020016551018,0.0054424344173943,0.9511599292357763,9.98053906187124e-07,0.002316948026418686,0.01906842761144917,9.592025840277074e-09,1.0,0.507861852645874,0.3863489031791687,0.5440635681152344,132212.09626959253,847.0020930952451,162.20761108398438,420.2934875488281,0
108600,harden_m4,4.0,0.022223521023988724,0.004646977409720421,0.005476494863008459,0.9506244758764902,1.0083367669722065e-06,0.0023251762613654137,0.01570281843433181,9.583558835402073e-09,1.0,0.5080041885375977,0.3861430287361145,0.5434799194335938,132180.80998390046,815.7158074031759,162.20263671875,420.49139404296875,0
108800,harden_m4,4.0,0.02246294543147087,0.00470198318362236,0.00548110813057671,0.9499703198671341,1.0129457450602786e-06,0.002337472280487418,0.03085442225047089,9.560864988600315e-09,1.0,0.5081456303596497,0.3859417140483856,0.5427665710449219,132150.29891755825,785.2047410609666,162.199951171875,420.6886901855469,0
109000,harden_m4,4.0,0.022546930238604546,0.004705974832177162,0.005462587345391512,0.9508636146783829,1.0175997431360884e-06,0.002361287595704198,0.05837271350929109,9.557401092763484e-09,1.0,0.5082855224609375,0.38574931025505066,0.5421257019042969,132120.85037570717,755.7561992098927,162.20111083984375,420.88836669921875,0
109200,harden_m4,4.0,0.022372301667928696,0.004715667571872473,0.005467886687256396,0.9514380693435669,1.0271529617966735e-06,0.002511699218302965,0.04576122251042791,9.551242463601284e-09,1.0,0.5084066390991211,0.38556578755378723,0.5415992736816406,132092.13172630683,727.0375498095527,162.20726013183594,421.089599609375,0
109345,harden_m4,4.0,0.022516876459121704,0.004786613397300243,0.005417779708902041,0.9510212043921152,1.0396522611699766e-06,0.002405994338914752,0.02161498970633448,9.54082679527346e-09,1.0,0.5084909796714783,0.38543495535850525,0.5411796569824219,132071.64891830494,706.5547418076603,162.21231079101562,421.23492431640625,0
109400,harden_m5,5.0,0.022946283221244812,0.004901568405330181,0.005591325927525759,0.9499948372443517,1.224772972818755e-06,0.0028926606755703688,0.027683581452292515,9.418626989443624e-11,1.0,0.5096265077590942,0.40264490246772766,0.5984573364257812,132043.47017554485,678.3759990475664,171.2861328125,421.2504577636719,0
109600,harden_m5,5.0,0.022387251257896423,0.004727202467620373,0.005541626674433549,0.949725459019343,1.156370785793115e-06,0.002300205873325467,0.02412419223448671,9.381584398227005e-11,1.0,0.5102224946022034,0.40178370475769043,0.5965347290039062,131983.95247907983,618.8583025825501,170.9238739013672,421.34503173828125,0
109800,harden_m5,5.0,0.022682800889015198,0.004789382219314575,0.005465653686163326,0.9507196595271429,1.2176192285551224e-06,0.002545786090195179,0.049962900002710704,9.362779301858026e-11,1.0,0.5106134414672852,0.40123459696769714,0.5951423645019531,131941.2504412475,576.1562647502287,170.7344207763672,421.4844970703125,0
110000,harden_m5,5.0,0.022549636662006378,0.004794595763087273,0.005465345069145163,0.9512863606214523,1.1776744486269308e-06,0.0022924640215933323,0.03762003389879681,9.349198498709299e-11,1.0,0.5109241008758545,0.40080079436302185,0.5940055847167969,131904.77631988918,539.6821433918958,170.60726928710938,421.6363220214844,0
110200,harden_m5,5.0,0.02263544499874115,0.00472944974899292,0.005497658625245094,0.9512917896111807,1.2352404610282974e-06,0.002768224338069558,0.035756545472928274,9.336315054397915e-11,1.0,0.511191725730896,0.40042823553085327,0.5928916931152344,131872.12812417943,507.03394768215367,170.51315307617188,421.7956237792969,0
110400,harden_m5,5.0,0.0282522514462471,0.006999654695391655,0.008889158954843879,0.9087259421745936,1.3863582353224047e-06,0.0027937351260334253,0.04468415031326065,9.299472303325729e-11,1.0,0.5108723640441895,0.40014177560806274,0.5920448303222656,131888.50369914735,523.4095226500649,170.4584503173828,422.1385803222656,0
110600,harden_m5,5.0,0.02319016307592392,0.004979901015758514,0.005615319241769612,0.9497208843628565,1.1939088153667399e-06,0.002326106885448098,0.043937326702136785,9.361761366122323e-11,1.0,0.5107869505882263,0.3999214172363281,0.5915412902832031,131912.01916428996,546.9249877926777,170.46597290039062,422.5547790527344,0
110800,harden_m5,5.0,0.022736329585313797,0.004850838799029589,0.005476331881557901,0.9507906238238016,1.1823424301837804e-06,0.0022947618272155523,0.015495982149863467,9.316569044015566e-11,1.0,0.5110123157501221,0.3996519148349762,0.5907707214355469,131887.58752816732,522.4933516700403,170.42434692382812,422.72235107421875,0
111000,harden_m5,5.0,0.022594615817070007,0.0047503383830189705,0.005462602440578242,0.9510313471158346,1.2318031394897844e-06,0.0023895646445453167,0.02327253287795881,9.292255853665665e-11,1.0,0.5111939907073975,0.3994006812572479,0.5900726318359375,131863.88909781177,498.79492131448933,170.39520263671875,422.896728515625,0
111200,harden_m5,5.0,0.022142497822642326,0.004623224027454853,0.005407608851479988,0.9510823289553324,1.195847744384082e-06,0.0023147237952798605,0.02727931255481942,9.295323538660583e-11,1.0,0.5113799571990967,0.39916345477104187,0.5894203186035156,131841.14174262903,476.04756613174686,170.36892700195312,423.0636901855469,0
111400,harden_m5,5.0,0.02262178808450699,0.004799464717507362,0.005399873945862055,0.9514623085657755,1.2014312460451038e-06,0.0023428001441061497,0.027952640032133103,9.304262915676986e-11,1.0,0.51154625415802,0.3989425599575043,0.5886154174804688,131819.25273646487,454.1585599675891,170.35108947753906,423.2325744628906,0
111600,harden_m5,5.0,0.022335579618811607,0.004677136428654194,0.0054149453062564135,0.950722282131513,1.2024942179778009e-06,0.0023104099091142416,0.021976975531416174,9.303997156040467e-11,1.0,0.5117023587226868,0.3987370431423187,0.5879020690917969,131798.09819568717,433.0040191898879,170.34083557128906,423.4017639160156,0
111800,harden_m5,5.0,0.022535599768161774,0.004732985980808735,0.005499668108920257,0.9518645654122034,1.1801906794062234e-06,0.0022635499481111765,0.022006969707993537,9.283274149396448e-11,1.0,0.511848509311676,0.398545503616333,0.5873527526855469,131777.9193643609,412.8251878636074,170.33905029296875,423.5752868652344,0
112000,harden_m5,5.0,0.022244036197662354,0.004670999012887478,0.005406573919268946,0.9515537073214849,1.2162422535766382e-06,0.002325973007827997,0.03493205085980615,9.255517186002038e-11,1.0,0.5119866132736206,0.39836248755455017,0.58673095703125,131758.21929579953,393.1251193022472,170.3423614501953,423.7502746582031,0
112200,harden_m5,5.0,0.022774705663323402,0.004813309758901596,0.005411381833255291,0.9513692408800125,1.4453245285039884e-06,0.0030505419708788395,0.056628135619288575,9.260179428816073e-11,1.0,0.5121126770973206,0.398189902305603,0.5861625671386719,131739.2236199986,374.129443501326,170.35369873046875,423.9317932128906,0
112400,harden_m5,5.0,0.022384274750947952,0.004673730581998825,0.0053887982697536545,0.9516728520393372,1.228173573508684e-06,0.0023478346411138773,0.038474810627301875,9.243537879566333e-11,1.0,0.5122420787811279,0.3980211913585663,0.5856513977050781,131720.4040078833,355.3098313860246,170.3666534423828,424.11328125,0
112600,harden_m5,5.0,0.022604841738939285,0.004806446842849255,0.005354563899648686,0.9520671268304189,1.2431086133801728e-06,0.0023642804007977247,0.04202331381017731,9.233459136170907e-11,1.0,0.5123673677444458,0.3978591859340668,0.5852279663085938,131702.21926755828,337.12509106099606,170.37911987304688,424.28887939453125,0
112800,harden_m5,5.0,0.022191662341356277,0.004591301083564758,0.005429918683754901,0.9517672608296076,1.4009599453856936e-06,0.0026877489872276783,0.035153790010735014,9.22884685339298e-11,1.0,0.5124918222427368,0.3977016806602478,0.5846939086914062,131684.52191506792,319.4277385706373,170.3922119140625,424.4613952636719,0
113000,harden_m5,5.0,0.022277984768152237,0.004650965332984924,0.0054827531178792315,0.9521058152119318,1.2339191926002968e-06,0.002340477891266346,0.02182763282584216,9.234621400899812e-11,1.0,0.5126053094863892,0.3975573182106018,0.5841560363769531,131667.50657622403,302.4123997267452,170.41098022460938,424.6333312988281,0
113200,harden_m5,5.0,0.022343754768371582,0.0046835411339998245,0.0053634193415443105,0.9514136066039404,1.2358915455479291e-06,0.0023672464303672314,0.040665796049109644,9.223460883944767e-11,1.0,0.5127091407775879,0.3974238932132721,0.5837860107421875,131651.2046279866,286.1104514893086,170.44143676757812,424.8177795410156,0
113395,harden_m5,5.0,0.02273804321885109,0.0048246681690216064,0.005397650374410053,0.9509448160727819,1.2569655609695474e-06,0.0024140863679349422,0.030936189956930826,9.21946893828185e-11,1.0,0.5128045082092285,0.39729464054107666,0.5833473205566406,131635.34406837702,270.2498918797355,170.46783447265625,424.99066162109375,0
113400,harden_m6,6.0,0.022789256647229195,0.004870918579399586,0.005540304351598024,0.9508947283029556,1.5560469819320133e-06,0.002609682735055685,0.05663709688140442,9.058901090201743e-13,1.0,0.5136595964431763,0.40939968824386597,0.6223487854003906,131633.85825842834,268.7640819310618,177.05654907226562,424.9932861328125,0
113600,harden_m6,6.0,0.022776249796152115,0.004811703227460384,0.005547531181946397,0.9497028887271881,1.4060259445614065e-06,0.0023852523881942034,0.04207016192888692,9.037191025899893e-13,1.0,0.5142228603363037,0.4084080457687378,0.6206436157226562,131588.630268728,223.53609223073,176.64845275878906,425.13104248046875,0
113800,harden_m6,6.0,0.022578425705432892,0.004768707323819399,0.005406564800068736,0.9507567981878916,1.4041311260371003e-06,0.0023144639562815428,0.03529071948430143,9.045278089904463e-13,1.0,0.5145075917243958,0.407930850982666,0.6195144653320312,131562.28614614447,197.19196964718867,176.5032958984375,425.2840881347656,0
114000,harden_m6,6.0,0.02272503823041916,0.004799555521458387,0.005430560908280313,0.9518570750951767,1.4250927051762119e-06,0.0023535401560366154,0.029917951603403124,9.032554977410345e-13,1.0,0.514708936214447,0.4075726866722107,0.6185684204101562,131540.26510540413,175.17092890685308,176.4176483154297,425.439453125,0
114200,harden_m6,6.0,0.022492744028568268,0.004751593805849552,0.0054193194179485244,0.950649822751681,1.425877940164355e-06,0.002407918218523264,0.05077885992023881,9.015463614363284e-13,1.0,0.5148788690567017,0.4072704613208771,0.6177635192871094,131520.45158073326,155.35740423598327,176.36141967773438,425.5992736816406,0
114400,harden_m6,6.0,0.02272403985261917,0.004797998815774918,0.005442970471146206,0.95012033979098,1.4291701972979354e-06,0.0023768129758536816,0.03422775032908488,9.008140912890317e-13,1.0,0.5150312185287476,0.4070214033126831,0.6169395446777344,131503.04124239864,137.94706590136047,176.33482360839844,425.7628479003906,0
114600,harden_m6,6.0,0.022509437054395676,0.00475949514657259,0.0054576485029732185,0.9518436541159948,1.4405289903152152e-06,0.0024140640161931515,0.03357246723827149,9.024185478739843e-13,1.0,0.5151549577713013,0.4067946970462799,0.6162109375,131486.3139341886,121.21975769131677,176.3210906982422,425.9307556152344,0
114800,harden_m6,6.0,0.02240898087620735,0.004655514843761921,0.005491907281490664,0.9501374959945679,1.4367149105964927e-06,0.0023725093342363834,0.026848148231352693,9.028627997141603e-13,1.0,0.5152864456176758,0.4065830409526825,0.6155319213867188,131470.53473687556,105.44056037827977,176.3023681640625,426.080322265625,0
115000,harden_m6,6.0,0.022868875414133072,0.004879684187471867,0.005440276387768487,0.9512509306271871,1.5334771887864918e-06,0.0026830651331692934,0.05434715695338278,9.015928194994194e-13,1.0,0.5154128670692444,0.40639618039131165,0.6148605346679688,131455.9766309619,90.88245446461951,176.3029022216797,426.2395935058594,0
115200,harden_m6,6.0,0.022506678476929665,0.004732353612780571,0.005372169194743037,0.9522257745265961,1.494725779593864e-06,0.0026904293335974216,0.038064662789975924,9.01350337683543e-13,1.0,0.5155365467071533,0.40623044967651367,0.6140480041503906,131442.30503152325,77.2108550259727,176.31593322753906,426.40057373046875,0
115400,harden_m6,6.0,0.022487949579954147,0.004744752775877714,0.005349430255591869,0.9523885846138,1.4564832326868782e-06,0.0024110747035592794,0.02560604728832136,9.030883679761459e-13,1.0,0.5156404376029968,0.40607571601867676,0.6133613586425781,131429.27868629576,64.18450979847694,176.3346710205078,426.5650329589844,0
115600,harden_m6,6.0,0.022423993796110153,0.004701416008174419,0.005344238753120105,0.9516963958740234,1.4451687775363098e-06,0.0023032145109027624,0.02554300455486428,9.013554876438623e-13,1.0,0.51576167345047,0.40590742230415344,0.6128883361816406,131416.14196132834,51.04778483105474,176.329833984375,426.70245361328125,0
115800,harden_m6,6.0,0.0223492830991745,0.00471248384565115,0.005379376777758201,0.9519061346848806,1.5183711639110697e-06,0.0024577020667493343,0.028805880581345603,8.99152497249589e-13,1.0,0.5158522129058838,0.4057600200176239,0.6124038696289062,131403.92347262695,38.829296129668364,176.34317016601562,426.8533020019531,0
116000,harden_m6,6.0,0.022178951650857925,0.004601719323545694,0.00536616740282625,0.9512913972139359,1.3971687167213531e-06,0.002269739517942071,0.027315054226159232,8.993822939000473e-13,1.0,0.5159504413604736,0.4056265354156494,0.6118583679199219,131392.27277127068,27.178594773402438,176.3606719970703,426.99920654296875,0
116200,harden_m6,6.0,0.02258651703596115,0.00474335253238678,0.00535830482840538,0.9520444472630819,1.4171992006595246e-06,0.0023581499699503183,0.021192950448211907,9.003813319918841e-13,1.0,0.5160531997680664,0.4055013060569763,0.6115226745605469,131380.77691960876,15.682743111479795,176.3852996826172,427.1478576660156,0
116400,harden_m6,6.0,0.022358570247888565,0.004688250366598368,0.005424275761470199,0.9513436059157053,1.4965130503696855e-06,0.002469595754519105,0.04098869227396188,9.00582180444337e-13,1.0,0.5161458253860474,0.40538495779037476,0.611053466796875,131369.90364615482,4.80946965754265,176.41297912597656,427.2982482910156,0
116600,harden_m6,6.0,0.022863276302814484,0.0048449221067130566,0.005408704746514559,0.9504719525575638,1.4362076399265788e-06,0.002365413587540388,0.05829722707276849,8.980094228991375e-13,1.0,0.5162255764007568,0.40528494119644165,0.6106414794921875,131359.69987785447,5.394298642815556,176.4517822265625,427.4534912109375,0
116800,harden_m6,6.0,0.02247583121061325,0.004783469717949629,0.005555214631992082,0.9513721019029617,1.8604398519528331e-06,0.003541432786732912,0.06975308585877826,8.971208107985684e-13,1.0,0.5163241624832153,0.4051719605922699,0.6102676391601562,131349.12110859365,15.973067903629271,176.47833251953125,427.5965881347656,0
117000,harden_m6,6.0,0.02240154519677162,0.004743661731481552,0.005318148798930149,0.952054813504219,1.4662646208307706e-06,0.0025213395711034536,0.041480759944967714,8.978860949020173e-13,1.0,0.516394853591919,0.4050728678703308,0.6098594665527344,131339.2821664562,25.812010041088797,176.51461791992188,427.746826171875,0
117200,harden_m6,6.0,0.022679392248392105,0.0048103900626301765,0.005384428659453988,0.9515495002269745,1.5141849871724844e-06,0.0026504783891141415,0.04874695515766425,8.961306089544374e-13,1.0,0.5164618492126465,0.4049730598926544,0.6095199584960938,131329.22416583446,35.870010662823915,176.5439910888672,427.88671875,0
117400,harden_m6,6.0,0.02255464345216751,0.00476058991625905,0.005473997366304199,0.9505441884199778,1.44375565014343e-06,0.0023187848273664713,0.041481490358137335,8.945782482838727e-13,1.0,0.5165523886680603,0.40487176179885864,0.6091728210449219,131319.60986844273,45.484308054554276,176.5785369873047,428.03509521484375,0
117445,harden_m6,6.0,0.02249111235141754,0.004721490200608969,0.005477453155132632,0.9515672425429026,1.4840985613773228e-06,0.002432678360491991,0.027445907612677803,8.945475111522827e-13,1.0,0.5165682435035706,0.40486130118370056,0.6089706420898438,131317.63701803348,47.45715846380335,176.59471130371094,428.0718688964844,0
117600,harden_m7,7.0,0.022609509527683258,0.004806187003850937,0.005395022414935132,0.9512646595637003,1.8723485482041724e-06,0.0032873288728296757,0.0388194978249171,8.780280003767033e-15,1.0,0.5177310705184937,0.4130307734012604,0.6370925903320312,131291.2229206507,73.8712558465777,181.2765655517578,428.16192626953125,0
117800,harden_m7,7.0,0.022092029452323914,0.004584664478898048,0.005347461788915098,0.9521751999855042,1.563509044899547e-06,0.002201860072091222,0.019229347582151776,8.766322594862177e-15,1.0,0.5179309844970703,0.41261088848114014,0.6361083984375,131274.14880318212,90.9453733151604,181.15171813964844,428.29541015625,0
118000,harden_m7,7.0,0.021996505558490753,0.004538744688034058,0.0054006609522427125,0.9520085404316584,1.6505973690073006e-06,0.002374097006395459,0.03561652425894374,8.75930323282828e-15,1.0,0.5180923938751221,0.41229695081710815,0.6353988647460938,131260.36464980585,104.72952669142978,181.06886291503906,428.4138488769531,0
118200,harden_m7,7.0,0.022519519552588463,0.0046668886207044125,0.005405700455109279,0.9513988395531973,1.8118212210538331e-06,0.0031269548926502466,0.07188951379701357,8.73484600350926e-15,1.0,0.5182228088378906,0.41205307841300964,0.6345443725585938,131248.08484697976,117.00932951751747,181.0249481201172,428.5367126464844,0
118400,harden_m7,7.0,0.02203189954161644,0.004565180279314518,0.005346289059768121,0.9527506679296494,1.5986743164830841e-06,0.0022395257838070393,0.016361273605290133,8.735078937569755e-15,1.0,0.518355667591095,0.411843866109848,0.6338691711425781,131237.1615663795,127.93261011777213,180.99331665039062,428.6512451171875,0
118600,harden_m7,7.0,0.021952297538518906,0.004591429140418768,0.005322984070517123,0.9520887782176336,1.6425460671598557e-06,0.002370113041251898,0.024021106266182927,8.733112974099178e-15,1.0,0.5184698104858398,0.4116576313972473,0.6332740783691406,131227.15816476406,137.9360117332253,180.96783447265625,428.75970458984375,0
118800,harden_m7,7.0,0.02247708849608898,0.004683095030486584,0.005280198412947357,0.9525956908861796,1.6617611890978878e-06,0.0025217838119715452,0.02739986598730248,8.717303104138676e-15,1.0,0.5185561180114746,0.4115082621574402,0.6329383850097656,131217.9499916075,147.14418488979572,180.9677276611328,428.8790283203125,0
119000,harden_m7,7.0,0.022017545998096466,0.0045425621792674065,0.00534765690099448,0.9517677476008733,1.6275863572445814e-06,0.002421855228021741,0.030582503917739482,8.697307197352844e-15,1.0,0.5186212658882141,0.41138967871665955,0.6326103210449219,131210.0601021126,155.03407438469003,180.9901885986328,429.010009765625,0
119200,harden_m7,7.0,0.022290373221039772,0.004632714204490185,0.005469846034732957,0.9499097516139349,1.7269064755964791e-06,0.0027678601909428835,0.043258187603908635,8.695515722669401e-15,1.0,0.5186891555786133,0.41127514839172363,0.6321945190429688,131202.0916906434,163.0024858538818,181.01124572753906,429.1396789550781,0
119400,harden_m7,7.0,0.02206295356154442,0.004574231803417206,0.005353896839854618,0.952243318160375,1.6004062217689352e-06,0.0023838139604777098,0.028142460265454035,8.695747809696949e-15,1.0,0.5187864303588867,0.41115161776542664,0.6317520141601562,131193.91205387542,171.1821226218599,181.0194549560547,429.25323486328125,0
119600,harden_m7,7.0,0.022417623549699783,0.004636485129594803,0.005373710223163168,0.9520179281632105,2.1990499590174295e-06,0.005204329267144203,0.05307974869940549,8.684908329070935e-15,1.0,0.5188339352607727,0.41104379296302795,0.6313667297363281,131186.38758651752,178.70658997975988,181.03387451171875,429.3630065917969,0
119800,harden_m7,7.0,0.022489169612526894,0.004740046337246895,0.005583764053881168,0.9489597529172897,1.646187115511566e-06,0.002352736657485366,0.0508472359380059,8.649991936919219e-15,1.0,0.5189340114593506,0.41094258427619934,0.6310882568359375,131179.29202431304,185.80215218424564,181.06192016601562,429.4875793457031,0
120000,harden_m7,7.0,0.022417154163122177,0.004738988354802132,0.005365684046410024,0.9521288474400839,1.7400354863639222e-06,0.003156757913529873,0.058871026306112746,8.668854513621625e-15,1.0,0.5189974308013916,0.41086438298225403,0.6306495666503906,131173.17969768058,191.9144788167032,181.0999755859375,429.61383056640625,0
120200,harden_m7,7.0,0.022213656455278397,0.004636259749531746,0.005389527689355115,0.9513178219397863,1.7066839745893958e-06,0.0032519190572202206,0.05980040108533432,8.671698003225557e-15,1.0,0.5190856456756592,0.41074636578559875,0.6302871704101562,131165.794565504,199.29961099327193,181.10662841796875,429.7198181152344,0
120400,harden_m7,7.0,0.022047463804483414,0.004557322710752487,0.005367961595766246,0.952679286400477,1.6890049892026582e-06,0.002598640974611044,0.02935235572241139,8.660029277344182e-15,1.0,0.5191565752029419,0.41063812375068665,0.6298713684082031,131158.78376990234,206.31040659494465,181.11767578125,429.82525634765625,0
120600,harden_m7,7.0,0.021802719682455063,0.004452882334589958,0.0054770181110749645,0.9487456778685252,1.6231424524448812e-06,0.0022549601271748543,0.03449362177453246,8.644285475953566e-15,1.0,0.519225001335144,0.41053327918052673,0.6293563842773438,131151.83506150419,213.25911499309586,181.1294708251953,429.93096923828125,0
120800,harden_m7,7.0,0.022379577159881592,0.004749713931232691,0.005524105004345377,0.9514498164256414,1.6228132153628394e-06,0.0023448679130524397,0.055580843375933955,8.643560415750717e-15,1.0,0.5192863345146179,0.410452276468277,0.6290550231933594,131145.49501984427,219.59915665301378,181.14825439453125,430.0320129394531,0
121000,harden_m7,7.0,0.022115569561719894,0.004640597850084305,0.005425254697911441,0.9509463012218475,1.6091221368697006e-06,0.0022701583802700043,0.03131083244965742,8.629755472776366e-15,1.0,0.5193499326705933,0.4103691279888153,0.6287574768066406,131139.01411860622,226.08005789105664,181.16795349121094,430.1347961425781,0
121200,harden_m7,7.0,0.022350560873746872,0.0046419668942689896,0.005366703883434336,0.9524595191081365,1.7900927105074516e-06,0.002889868337661028,0.03664902736398018,8.632884412483523e-15,1.0,0.5194100141525269,0.41029176115989685,0.6284446716308594,131132.73592814268,232.35824835460517,181.19500732421875,430.2419128417969,0
121400,harden_m7,7.0,0.021936234086751938,0.004541462752968073,0.005340189556591213,0.9512192457914352,1.6508485032318276e-06,0.0023529904428869486,0.030254708888283726,8.609796835440213e-15,1.0,0.5194369554519653,0.41023674607276917,0.6281585693359375,131127.36330758734,237.73086890994455,181.23538208007812,430.3536376953125,0
121495,harden_m7,7.0,0.022285904735326767,0.004652884788811207,0.005342534743249416,0.9521719813346863,1.7773197669157526e-06,0.0031921102199703455,0.06115789382034255,8.602409861107208e-15,1.0,0.5194570422172546,0.4102054238319397,0.6279678344726562,131124.8565299501,240.23764654717525,181.24630737304688,430.3998107910156,0
121500,harden_m8,8.0,0.022404946386814117,0.004703150130808353,0.005369424819946289,0.9524289965629578,2.120870476574055e-06,0.0035227136686444283,0.06178951120726653,8.427652908635678e-17,1.0,0.5201520919799805,0.41721197962760925,0.6508369445800781,131124.08340194414,241.01077455314226,185.25440979003906,430.4007873535156,0
