step,phase,m,loss,train_mse,val_mse,val_ssim,grad_norm_illum,grad_norm_upsampler,grad_norm_recon,H_t_min,H_t_max,H_t_mean,H_t_std,H_t_binary_fraction,illum_l2,illum_delta,H_t_displacement,tau_displacement,illum_frozen
200,inverse_warmup_m1,1.0,0.10314010083675385,0.05722480267286301,0.05813164822757244,0.5129332145055135,0.0,0.017828943207859993,0.16376400241776315,0.010045988485217094,0.990330696105957,0.4999280571937561,0.20856863260269165,0.028331756591796875,131365.09417649728,0.0,0.0,0.0,1
400,inverse_warmup_m1,1.0,0.0885671079158783,0.0440978966653347,0.04516063382228216,0.6089405516783396,0.0,0.020741553977131844,0.13973563223855107,0.010045988485217094,0.990330696105957,0.4999280571937561,0.20856863260269165,0.028331756591796875,131365.09417649728,0.0,0.0,0.0,1
600,inverse_warmup_m1,1.0,0.08069219440221786,0.03850112482905388,0.03871990988651911,0.6655306965112686,0.0,0.027367003262043,0.13784792243183389,0.010045988485217094,0.990330696105957,0.4999280571937561,0.20856863260269165,0.028331756591796875,131365.09417649728,0.0,0.0,0.0,1
800,inverse_warmup_m1,1.0,0.07516950368881226,0.03433464094996452,0.03500728898992141,0.702735091249148,0.0,0.03418450430035591,0.12536973271586488,0.010045988485217094,0.990330696105957,0.4999280571937561,0.20856863260269165,0.028331756591796875,131365.09417649728,0.0,0.0,0.0,1
1000,inverse_warmup_m1,1.0,0.0709923505783081,0.032029978930950165,0.032559389558931194,0.7206443647543589,0.0,0.037232693284749985,0.12166762247420607,0.010045988485217094,0.990330696105957,0.4999280571937561,0.20856863260269165,0.028331756591796875,131365.09417649728,0.0,0.0,0.0,1
1200,inverse_warmup_m1,1.0,0.06914970278739929,0.030512291938066483,0.03163108229637146,0.726592813928922,0.0,0.03628116473555565,0.1405120715652095,0.010045988485217094,0.990330696105957,0.4999280571937561,0.20856863260269165,0.028331756591796875,131365.09417649728,0.0,0.0,0.0,1
1400,inverse_warmup_m1,1.0,0.06596814095973969,0.029573123902082443,0.02956970703477661,0.7402748912572861,0.0,0.04025647044181824,0.09333571021403976,0.010045988485217094,0.990330696105957,0.4999280571937561,0.20856863260269165,0.028331756591796875,131365.09417649728,0.0,0.0,0.0,1
1600,inverse_warmup_m1,1.0,0.06567490845918655,0.029274113476276398,0.030115251584599417,0.7418366918961207,0.0,0.038510024547576904,0.13848579159669067,0.010045988485217094,0.990330696105957,0.4999280571937561,0.20856863260269165,0.028331756591796875,131365.09417649728,0.0,0.0,0.0,1
1800,inverse_warmup_m1,1.0,0.06359589099884033,0.027336817234754562,0.028337241616100073,0.7521494925022125,0.0,0.03595010191202164,0.0828486110469705,0.010045988485217094,0.990330696105957,0.4999280571937561,0.20856863260269165,0.028331756591796875,131365.09417649728,0.0,0.0,0.0,1
2000,inverse_warmup_m1,1.0,0.06343801319599152,0.0271112322807312,0.028186758048832417,0.7558841854333878,0.0,0.037032246589660645,0.11065804169871948,0.010045988485217094,0.990330696105957,0.4999280571937561,0.20856863260269165,0.028331756591796875,131365.09417649728,0.0,0.0,0.0,1
2200,inverse_warmup_m1,1.0,0.06197620928287506,0.026537355035543442,0.027945231491078932,0.7587906022866567,0.0,0.03584541752934456,0.12594886986867934,0.010045988485217094,0.990330696105957,0.4999280571937561,0.20856863260269165,0.028331756591796875,131365.09417649728,0.0,0.0,0.0,1
2400,inverse_warmup_m1,1.0,0.06184161454439163,0.02682529389858246,0.0277428876919051,0.7607233623663584,0.0,0.03794866055250168,0.10763651835709005,0.010045988485217094,0.990330696105957,0.4999280571937561,0.20856863260269165,0.028331756591796875,131365.09417649728,0.0,0.0,0.0,1
2600,inverse_warmup_m1,1.0,0.06107712164521217,0.02619548887014389,0.02722910838201642,0.7641515135765076,0.0,0.036464959383010864,0.10962989867281392,0.010045988485217094,0.990330696105957,0.4999280571937561,0.20856863260269165,0.028331756591796875,131365.09417649728,0.0,0.0,0.0,1
2800,inverse_warmup_m1,1.0,0.05986737087368965,0.02521708980202675,0.026590183687706787,0.7667356232802073,0.0,0.03613899275660515,0.06695832945965938,0.010045988485217094,0.990330696105957,0.4999280571937561,0.20856863260269165,0.028331756591796875,131365.09417649728,0.0,0.0,0.0,1
3000,inverse_warmup_m1,1.0,0.05929721146821976,0.025325709953904152,0.02615820352608959,0.7690037190914154,0.0,0.036762598901987076,0.10050565416546821,0.010045988485217094,0.990330696105957,0.4999280571937561,0.20856863260269165,0.028331756591796875,131365.09417649728,0.0,0.0,0.0,1
3200,inverse_warmup_m1,1.0,0.058550916612148285,0.02489861100912094,0.026366269060721,0.7676583677530289,0.0,0.036115292459726334,0.09872945507493809,0.010045988485217094,0.990330696105957,0.4999280571937561,0.20856863260269165,0.028331756591796875,131365.09417649728,0.0,0.0,0.0,1
3400,inverse_warmup_m1,1.0,0.06060273200273514,0.026254022493958473,0.026204656964788835,0.76692995429039,0.0,0.033915501087903976,0.18094753965411528,0.010045988485217094,0.990330696105957,0.4999280571937561,0.20856863260269165,0.028331756591796875,131365.09417649728,0.0,0.0,0.0,1
3600,inverse_warmup_m1,1.0,0.05893637239933014,0.0248631052672863,0.025956145953387022,0.7709424992402395,0.0,0.03577561303973198,0.13331356778041925,0.010045988485217094,0.990330696105957,0.4999280571937561,0.20856863260269165,0.028331756591796875,131365.09417649728,0.0,0.0,0.0,1
3800,inverse_warmup_m1,1.0,0.059245601296424866,0.025670263916254044,0.026121228312452633,0.7732634842395782,0.0,0.03719539940357208,0.1418751218327996,0.010045988485217094,0.990330696105957,0.4999280571937561,0.20856863260269165,0.028331756591796875,131365.09417649728,0.0,0.0,0.0,1
4000,inverse_warmup_m1,1.0,0.05743052065372467,0.023878470063209534,0.024910811490068834,0.7792030374209086,0.0,0.0348752960562706,0.13196574170260406,0.010045988485217094,0.990330696105957,0.4999280571937561,0.20856863260269165,0.028331756591796875,131365.09417649728,0.0,0.0,0.0,1
4200,inverse_warmup_m1,1.0,0.05762697383761406,0.024202942848205566,0.025696952206393082,0.7779679348071417,0.0,0.03411678597331047,0.07232195138006628,0.010045988485217094,0.990330696105957,0.4999280571937561,0.20856863260269165,0.028331756591796875,131365.09417649728,0.0,0.0,0.0,1
4400,inverse_warmup_m1,1.0,0.05759824067354202,0.024264240637421608,0.02527986994634072,0.7767634888490041,0.0,0.0342446006834507,0.2019697581874499,0.010045988485217094,0.990330696105957,0.4999280571937561,0.20856863260269165,0.028331756591796875,131365.09417649728,0.0,0.0,0.0,1
4600,inverse_warmup_m1,1.0,0.057141393423080444,0.023370439186692238,0.02476350450888276,0.7815356155236562,0.0,0.03365515172481537,0.08248829528923711,0.010045988485217094,0.990330696105957,0.4999280571937561,0.20856863260269165,0.028331756591796875,131365.09417649728,0.0,0.0,0.0,1
4800,inverse_warmup_m1,1.0,0.057120904326438904,0.023797467350959778,0.025229054037481546,0.7800682534774145,0.0,0.03414224460721016,0.09056495048755103,0.010045988485217094,0.990330696105957,0.4999280571937561,0.20856863260269165,0.028331756591796875,131365.09417649728,0.0,0.0,0.0,1
5000,inverse_warmup_m1,1.0,0.05583861470222473,0.022812018170952797,0.024579710171868403,0.7819438626368841,0.0,0.03180285543203354,0.08725198304463588,0.010045988485217094,0.990330696105957,0.4999280571937561,0.20856863260269165,0.028331756591796875,131365.09417649728,0.0,0.0,0.0,1
5200,inverse_warmup_m1,1.0,0.0560884065926075,0.02304033190011978,0.024535844878604014,0.7831361641486486,0.0,0.03303162381052971,0.10221403316838926,0.010045988485217094,0.990330696105957,0.4999280571937561,0.20856863260269165,0.028331756591796875,131365.09417649728,0.0,0.0,0.0,1
5400,inverse_warmup_m1,1.0,0.056075118482112885,0.022850271314382553,0.024551944496730965,0.7832230428854624,0.0,0.03187138959765434,0.19129430668742686,0.010045988485217094,0.990330696105957,0.4999280571937561,0.20856863260269165,0.028331756591796875,131365.09417649728,0.0,0.0,0.0,1
5600,inverse_warmup_m1,1.0,0.05510546267032623,0.022364066913723946,0.024039208733787138,0.7859137604633967,0.0,0.030048221349716187,0.09683635890698537,0.010045988485217094,0.990330696105957,0.4999280571937561,0.20856863260269165,0.028331756591796875,131365.09417649728,0.0,0.0,0.0,1
5800,inverse_warmup_m1,1.0,0.055586960166692734,0.022686513140797615,0.024263187622030575,0.785951962073644,0.0,0.031741876155138016,0.13148535910927703,0.010045988485217094,0.990330696105957,0.4999280571937561,0.20856863260269165,0.028331756591796875,131365.09417649728,0.0,0.0,0.0,1
6000,inverse_warmup_m1,1.0,0.05606464296579361,0.023152321577072144,0.024131072219461203,0.7883557081222534,0.0,0.03151726350188255,0.10935513526822113,0.010045988485217094,0.990330696105957,0.4999280571937561,0.20856863260269165,0.028331756591796875,131365.09417649728,0.0,0.0,0.0,1
6200,inverse_warmup_m1,1.0,0.05501210689544678,0.022531315684318542,0.025234108169873554,0.7814285059769949,0.0,0.03155216947197914,0.07929103950785954,0.010045988485217094,0.990330696105957,0.4999280571937561,0.20856863260269165,0.028331756591796875,131365.09417649728,0.0,0.0,0.0,1
6400,inverse_warmup_m1,1.0,0.055432818830013275,0.022615190595388412,0.024756647491206724,0.7822249680757523,0.0,0.030619625002145767,0.13707033159986423,0.010045988485217094,0.990330696105957,0.4999280571937561,0.20856863260269165,0.028331756591796875,131365.09417649728,0.0,0.0,0.0,1
6600,inverse_warmup_m1,1.0,0.05426980182528496,0.022089000791311264,0.024284515529870987,0.7877039561669031,0.0,0.029756223782896996,0.07149317461907556,0.010045988485217094,0.990330696105957,0.4999280571937561,0.20856863260269165,0.028331756591796875,131365.09417649728,0.0,0.0,0.0,1
6800,inverse_warmup_m1,1.0,0.05511818081140518,0.02245403826236725,0.023948117314527433,0.7911860843499502,0.0,0.03200111538171768,0.11202492850937071,0.010045988485217094,0.990330696105957,0.4999280571937561,0.20856863260269165,0.028331756591796875,131365.09417649728,0.0,0.0,0.0,1
7000,inverse_warmup_m1,1.0,0.05402149260044098,0.021849000826478004,0.024107607391973335,0.7880860567092896,0.0,0.029750896617770195,0.07082141084622764,0.010045988485217094,0.990330696105957,0.4999280571937561,0.20856863260269165,0.028331756591796875,131365.09417649728,0.0,0.0,0.0,1
7200,inverse_warmup_m1,1.0,0.05409739911556244,0.02195337414741516,0.023526998702436686,0.7910228917996088,0.0,0.030143214389681816,0.09351529345486806,0.010045988485217094,0.990330696105957,0.4999280571937561,0.20856863260269165,0.028331756591796875,131365.09417649728,0.0,0.0,0.0,1
7400,inverse_warmup_m1,1.0,0.05425206199288368,0.02177361585199833,0.024406039776901405,0.7856633464495341,0.0,0.030262580141425133,0.10306705535279789,0.010045988485217094,0.990330696105957,0.4999280571937561,0.20856863260269165,0.028331756591796875,131365.09417649728,0.0,0.0,0.0,1
7600,inverse_warmup_m1,1.0,0.05421511083841324,0.02198454551398754,0.023805510563155014,0.7919235080480576,0.0,0.03046361356973648,0.1009625076546003,0.010045988485217094,0.990330696105957,0.4999280571937561,0.20856863260269165,0.028331756591796875,131365.09417649728,0.0,0.0,0.0,1
7800,inverse_warmup_m1,1.0,0.05325791984796524,0.02124190516769886,0.02386395912617445,0.78766501446565,0.0,0.02927468530833721,0.14084982838425206,0.010045988485217094,0.990330696105957,0.4999280571937561,0.20856863260269165,0.028331756591796875,131365.09417649728,0.0,0.0,0.0,1
8000,inverse_warmup_m1,1.0,0.05410417169332504,0.021782508119940758,0.02337312341357271,0.7926844656467438,0.0,0.028531227260828018,0.08774387723849547,0.010045988485217094,0.990330696105957,0.4999280571937561,0.20856863260269165,0.028331756591796875,131365.09417649728,0.0,0.0,0.0,1
8200,inverse_warmup_m1,1.0,0.053376372903585434,0.021566998213529587,0.023745608205596607,0.7917194068431854,0.0,0.029228804633021355,0.08325590976805734,0.010045988485217094,0.990330696105957,0.4999280571937561,0.20856863260269165,0.028331756591796875,131365.09417649728,0.0,0.0,0.0,1
8400,inverse_warmup_m1,1.0,0.054341066628694534,0.022347817197442055,0.02424764245127638,0.792059322198232,0.0,0.02860494889318943,0.07435164472917674,0.010045988485217094,0.990330696105957,0.4999280571937561,0.20856863260269165,0.028331756591796875,131365.09417649728,0.0,0.0,0.0,1
8600,inverse_warmup_m1,1.0,0.05333385244011879,0.021684519946575165,0.024517015554010868,0.7846646507581075,0.0,0.027726786211133003,0.11816919433933486,0.010045988485217094,0.990330696105957,0.4999280571937561,0.20856863260269165,0.028331756591796875,131365.09417649728,0.0,0.0,0.0,1
8800,inverse_warmup_m1,1.0,0.05450771003961563,0.022070208564400673,0.023679126674930256,0.7910321007172266,0.0,0.028366640210151672,0.0919201491087865,0.010045988485217094,0.990330696105957,0.4999280571937561,0.20856863260269165,0.028331756591796875,131365.09417649728,0.0,0.0,0.0,1
9000,inverse_warmup_m1,1.0,0.054047293961048126,0.021735992282629013,0.023705661452064913,0.789310003320376,0.0,0.028551235795021057,0.08469397817941701,0.010045988485217094,0.990330696105957,0.4999280571937561,0.20856863260269165,0.028331756591796875,131365.09417649728,0.0,0.0,0.0,1
9200,inverse_warmup_m1,1.0,0.05405618995428085,0.02168961614370346,0.02336500243594249,0.7949993660052618,0.0,0.027265051379799843,0.09991435843244975,0.010045988485217094,0.990330696105957,0.4999280571937561,0.20856863260269165,0.028331756591796875,131365.09417649728,0.0,0.0,0.0,1
9400,inverse_warmup_m1,1.0,0.052512671798467636,0.020984694361686707,0.02441173978149891,0.7896487464507421,0.0,0.03161800280213356,0.10023161645912668,0.010045988485217094,0.990330696105957,0.4999280571937561,0.20856863260269165,0.028331756591796875,131365.09417649728,0.0,0.0,0.0,1
9600,inverse_warmup_m1,1.0,0.05321120470762253,0.021579183638095856,0.023489399813115597,0.7938311447699865,0.0,0.027901295572519302,0.07489497721355756,0.010045988485217094,0.990330696105957,0.4999280571937561,0.20856863260269165,0.028331756591796875,131365.09417649728,0.0,0.0,0.0,1
9800,inverse_warmup_m1,1.0,0.05318789184093475,0.02165108174085617,0.023164890861759584,0.795378198226293,0.0,0.027823837473988533,0.12844220309230478,0.010045988485217094,0.990330696105957,0.4999280571937561,0.20856863260269165,0.028331756591796875,131365.09417649728,0.0,0.0,0.0,1
10000,inverse_warmup_m1,1.0,0.053311094641685486,0.02130844071507454,0.023908693188180525,0.7917236636082331,0.0,0.026601780205965042,0.08451396114691959,0.010045988485217094,0.990330696105957,0.4999280571937561,0.20856863260269165,0.028331756591796875,131365.09417649728,0.0,0.0,0.0,1
10200,inverse_warmup_m1,1.0,0.053980764001607895,0.021719301119446754,0.023643826910605032,0.7902002930641174,0.0,0.02721758745610714,0.1046921345317042,0.010045988485217094,0.990330696105957,0.4999280571937561,0.20856863260269165,0.028331756591796875,131365.09417649728,0.0,0.0,0.0,1
10400,inverse_warmup_m1,1.0,0.053479067981243134,0.02117796801030636,0.02362521116932233,0.7920571118593216,0.0,0.027007443830370903,0.14395827166788233,0.010045988485217094,0.990330696105957,0.4999280571937561,0.20856863260269165,0.028331756591796875,131365.09417649728,0.0,0.0,0.0,1
10600,inverse_warmup_m1,1.0,0.054130617529153824,0.02208956889808178,0.023245094964901607,0.7947575449943542,0.0,0.028201358392834663,0.13223731881526077,0.010045988485217094,0.990330696105957,0.4999280571937561,0.20856863260269165,0.028331756591796875,131365.09417649728,0.0,0.0,0.0,1
10800,inverse_warmup_m1,1.0,0.05262766778469086,0.021005989983677864,0.022670694316426914,0.7997382978598276,0.0,0.02615157887339592,0.07372144093221542,0.010045988485217094,0.990330696105957,0.4999280571937561,0.20856863260269165,0.028331756591796875,131365.09417649728,0.0,0.0,0.0,1
11000,inverse_warmup_m1,1.0,0.05299735814332962,0.020994260907173157,0.023116060222188633,0.797941987713178,0.0,0.026275979354977608,0.10979062195517363,0.010045988485217094,0.990330696105957,0.4999280571937561,0.20856863260269165,0.028331756591796875,131365.09417649728,0.0,0.0,0.0,1
11200,inverse_warmup_m1,1.0,0.05300791561603546,0.021390048786997795,0.023047227567682665,0.7965507954359055,0.0,0.02608170546591282,0.10424027336855075,0.010045988485217094,0.990330696105957,0.4999280571937561,0.20856863260269165,0.028331756591796875,131365.09417649728,0.0,0.0,0.0,1
11400,inverse_warmup_m1,1.0,0.05297522991895676,0.020866960287094116,0.022818597964942455,0.7960443546374639,0.0,0.025866180658340454,0.13283033973941633,0.010045988485217094,0.990330696105957,0.4999280571937561,0.20856863260269165,0.028331756591796875,131365.09417649728,0.0,0.0,0.0,1
11600,inverse_warmup_m1,1.0,0.05315660685300827,0.021419275552034378,0.023455625865608454,0.7918804486592611,0.0,0.025905340909957886,0.0848646727524445,0.010045988485217094,0.990330696105957,0.4999280571937561,0.20856863260269165,0.028331756591796875,131365.09417649728,0.0,0.0,0.0,1
11800,inverse_warmup_m1,1.0,0.05384684354066849,0.021836819127202034,0.023196079302579165,0.7959824850161871,0.0,0.025667624548077583,0.09435036362262034,0.010045988485217094,0.990330696105957,0.4999280571937561,0.20856863260269165,0.028331756591796875,131365.09417649728,0.0,0.0,0.0,1
12000,inverse_warmup_m1,1.0,0.053549714386463165,0.021653054282069206,0.023097765787194174,0.798257494966189,0.0,0.02637096494436264,0.12065135295277658,0.010045988485217094,0.990330696105957,0.4999280571937561,0.20856863260269165,0.028331756591796875,131365.09417649728,0.0,0.0,0.0,1
12200,inverse_warmup_m1,1.0,0.05248389020562172,0.020833833143115044,0.023011638162036736,0.7960924804210663,0.0,0.025560714304447174,0.10920859806759146,0.010045988485217094,0.990330696105957,0.4999280571937561,0.20856863260269165,0.028331756591796875,131365.09417649728,0.0,0.0,0.0,1
12400,inverse_warmup_m1,1.0,0.051914412528276443,0.020699959248304367,0.022767134942114353,0.7972143292427063,0.0,0.025046005845069885,0.07229436134982362,0.010045988485217094,0.990330696105957,0.4999280571937561,0.20856863260269165,0.028331756591796875,131365.09417649728,0.0,0.0,0.0,1
12600,inverse_warmup_m1,1.0,0.052143312990665436,0.021288027986884117,0.02423423606281479,0.7920819918314616,0.0,0.02562933787703514,0.11703506425404406,0.010045988485217094,0.990330696105957,0.4999280571937561,0.20856863260269165,0.028331756591796875,131365.09417649728,0.0,0.0,0.0,1
12800,inverse_warmup_m1,1.0,0.05371585115790367,0.021422650665044785,0.023621667952587206,0.794093499581019,0.0,0.025625839829444885,0.1273616643103164,0.010045988485217094,0.990330696105957,0.4999280571937561,0.20856863260269165,0.028331756591796875,131365.09417649728,0.0,0.0,0.0,1
13000,inverse_warmup_m1,1.0,0.05268288403749466,0.021168064326047897,0.022895602819820244,0.7988065481185913,0.0,0.02559370920062065,0.16215506128550314,0.010045988485217094,0.990330696105957,0.4999280571937561,0.20856863260269165,0.028331756591796875,131365.09417649728,0.0,0.0,0.0,1
13200,inverse_warmup_m1,1.0,0.052429988980293274,0.020970419049263,0.02277861690769593,0.7969291508197784,0.0,0.026537586003541946,0.08297705076788642,0.010045988485217094,0.990330696105957,0.4999280571937561,0.20856863260269165,0.028331756591796875,131365.09417649728,0.0,0.0,0.0,1
13400,inverse_warmup_m1,1.0,0.05236844718456268,0.020768797025084496,0.02311931597068906,0.7954553067684174,0.0,0.02420661225914955,0.11869619747834782,0.010045988485217094,0.990330696105957,0.4999280571937561,0.20856863260269165,0.028331756591796875,131365.09417649728,0.0,0.0,0.0,1
13600,inverse_warmup_m1,1.0,0.0524260550737381,0.02076205052435398,0.022638670324037474,0.7996470083793005,0.0,0.024843299761414528,0.10302873497717063,0.010045988485217094,0.990330696105957,0.4999280571937561,0.20856863260269165,0.028331756591796875,131365.09417649728,0.0,0.0,0.0,1
13800,inverse_warmup_m1,1.0,0.05212898924946785,0.020686432719230652,0.023334403211871784,0.795102929075559,0.0,0.025096457451581955,0.07854922772558799,0.010045988485217094,0.990330696105957,0.4999280571937561,0.20856863260269165,0.028331756591796875,131365.09417649728,0.0,0.0,0.0,1
14000,inverse_warmup_m1,1.0,0.05286885052919388,0.0211537666618824,0.023277801927179098,0.7964257051547369,0.0,0.02435675635933876,0.09709823904234208,0.010045988485217094,0.990330696105957,0.4999280571937561,0.20856863260269165,0.028331756591796875,131365.09417649728,0.0,0.0,0.0,1
14200,inverse_warmup_m1,1.0,0.05219685286283493,0.020734334364533424,0.02290623774752021,0.7985617021719614,0.0,0.024578923359513283,0.07952224726431797,0.010045988485217094,0.990330696105957,0.4999280571937561,0.20856863260269165,0.028331756591796875,131365.09417649728,0.0,0.0,0.0,1
14400,inverse_warmup_m1,1.0,0.052370570600032806,0.020899571478366852,0.022936128390332062,0.7984072715044022,0.0,0.025040267035365105,0.17659555133300125,0.010045988485217094,0.990330696105957,0.4999280571937561,0.20856863260269165,0.028331756591796875,131365.09417649728,0.0,0.0,0.0,1
14600,inverse_warmup_m1,1.0,0.05127005651593208,0.02031337469816208,0.0226664316530029,0.7981351663668951,0.0,0.02362988144159317,0.08697645045229807,0.010045988485217094,0.990330696105957,0.4999280571937561,0.20856863260269165,0.028331756591796875,131365.09417649728,0.0,0.0,0.0,1
14800,inverse_warmup_m1,1.0,0.051313623785972595,0.020184293389320374,0.022483396343886852,0.8012936611970266,0.0,0.02389947511255741,0.07490889862611232,0.010045988485217094,0.990330696105957,0.4999280571937561,0.20856863260269165,0.028331756591796875,131365.09417649728,0.0,0.0,0.0,1
15000,inverse_warmup_m1,1.0,0.05106067657470703,0.02009655348956585,0.02261312926808993,0.8012633075316747,0.0,0.02301887795329094,0.0742144307659691,0.010045988485217094,0.990330696105957,0.4999280571937561,0.20856863260269165,0.028331756591796875,131365.09417649728,0.0,0.0,0.0,1
15200,inverse_warmup_m1,1.0,0.05079913139343262,0.0197416041046381,0.02232592987517516,0.800362636645635,0.0,0.022713612765073776,0.08560485720707789,0.010045988485217094,0.990330696105957,0.4999280571937561,0.20856863260269165,0.028331756591796875,131365.09417649728,0.0,0.0,0.0,1
15400,inverse_warmup_m1,1.0,0.05256624519824982,0.020964177325367928,0.022877146179477375,0.7958490699529648,0.0,0.022338371723890305,0.0897218047256122,0.010045988485217094,0.990330696105957,0.4999280571937561,0.20856863260269165,0.028331756591796875,131365.09417649728,0.0,0.0,0.0,1
15600,inverse_warmup_m1,1.0,0.05125216022133827,0.020236363634467125,0.0227537394190828,0.8004565437634786,0.0,0.023392392322421074,0.08791246889810303,0.010045988485217094,0.990330696105957,0.4999280571937561,0.20856863260269165,0.028331756591796875,131365.09417649728,0.0,0.0,0.0,1
15800,inverse_warmup_m1,1.0,0.05176585167646408,0.020689330995082855,0.022716374446948368,0.7984646211067835,0.0,0.0230119489133358,0.06261034673732502,0.010045988485217094,0.990330696105957,0.4999280571937561,0.20856863260269165,0.028331756591796875,131365.09417649728,0.0,0.0,0.0,1
16000,inverse_warmup_m1,1.0,0.051287125796079636,0.02039150893688202,0.022929427834848564,0.8000589162111282,0.0,0.021948887035250664,0.07086547949848483,0.010045988485217094,0.990330696105957,0.4999280571937561,0.20856863260269165,0.028331756591796875,131365.09417649728,0.0,0.0,0.0,1
16200,inverse_warmup_m1,1.0,0.0526919811964035,0.020563296973705292,0.022814474999904633,0.7966278493404388,0.0,0.023667216300964355,0.09245490494703792,0.010045988485217094,0.990330696105957,0.4999280571937561,0.20856863260269165,0.028331756591796875,131365.09417649728,0.0,0.0,0.0,1
16400,inverse_warmup_m1,1.0,0.05141051486134529,0.020499838516116142,0.023270707267026108,0.7988321185112,0.0,0.02295158989727497,0.08978014142096674,0.010045988485217094,0.990330696105957,0.4999280571937561,0.20856863260269165,0.028331756591796875,131365.09417649728,0.0,0.0,0.0,1
16600,inverse_warmup_m1,1.0,0.05100155621767044,0.02010883390903473,0.022705056704580784,0.799174427986145,0.0,0.02232980728149414,0.0630812412636415,0.010045988485217094,0.990330696105957,0.4999280571937561,0.20856863260269165,0.028331756591796875,131365.09417649728,0.0,0.0,0.0,1
16800,inverse_warmup_m1,1.0,0.05187384411692619,0.020696332678198814,0.022304721952726442,0.7985231578350067,0.0,0.022406941279768944,0.11504195755025502,0.010045988485217094,0.990330696105957,0.4999280571937561,0.20856863260269165,0.028331756591796875,131365.09417649728,0.0,0.0,0.0,1
17000,inverse_warmup_m1,1.0,0.051694680005311966,0.020346319302916527,0.022768856026232243,0.8000706235567728,0.0,0.02280031517148018,0.12885964124693397,0.010045988485217094,0.990330696105957,0.4999280571937561,0.20856863260269165,0.028331756591796875,131365.09417649728,0.0,0.0,0.0,1
17200,inverse_warmup_m1,1.0,0.05026644095778465,0.019654937088489532,0.02267585399871071,0.800692136089007,0.0,0.0225593950599432,0.0642229437152928,0.010045988485217094,0.990330696105957,0.4999280571937561,0.20856863260269165,0.028331756591796875,131365.09417649728,0.0,0.0,0.0,1
17400,inverse_warmup_m1,1.0,0.05154038220643997,0.020336871966719627,0.022505765315145254,0.8029265453418096,0.0,0.02201647125184536,0.062102522074477126,0.010045988485217094,0.990330696105957,0.4999280571937561,0.20856863260269165,0.028331756591796875,131365.09417649728,0.0,0.0,0.0,1
17600,inverse_warmup_m1,1.0,0.05056510120630264,0.019847078248858452,0.02237157275279363,0.8026713679234186,0.0,0.02182958647608757,0.0634331364867568,0.010045988485217094,0.990330696105957,0.4999280571937561,0.20856863260269165,0.028331756591796875,131365.09417649728,0.0,0.0,0.0,1
17800,inverse_warmup_m1,1.0,0.05115405470132828,0.02014211006462574,0.022376285400241613,0.8038017998139063,0.0,0.022173944860696793,0.08147680958888207,0.010045988485217094,0.990330696105957,0.4999280571937561,0.20856863260269165,0.028331756591796875,131365.09417649728,0.0,0.0,0.0,1
18000,inverse_warmup_m1,1.0,0.05037011206150055,0.019705332815647125,0.022237416667242844,0.8030324379603068,0.0,0.020817803218960762,0.04967534371036017,0.010045988485217094,0.990330696105957,0.4999280571937561,0.20856863260269165,0.028331756591796875,131365.09417649728,0.0,0.0,0.0,1
18200,inverse_warmup_m1,1.0,0.05162198841571808,0.02022390440106392,0.02236086968332529,0.8000887036323547,0.0,0.02207120880484581,0.08079804599366344,0.010045988485217094,0.990330696105957,0.4999280571937561,0.20856863260269165,0.028331756591796875,131365.09417649728,0.0,0.0,0.0,1
18400,inverse_warmup_m1,1.0,0.05139914155006409,0.020130326971411705,0.02261794948329528,0.7974165181318918,0.0,0.021549616008996964,0.06633885420551885,0.010045988485217094,0.990330696105957,0.4999280571937561,0.20856863260269165,0.028331756591796875,131365.09417649728,0.0,0.0,0.0,1
18600,inverse_warmup_m1,1.0,0.05143032968044281,0.020365804433822632,0.022508596690992515,0.8016088455915451,0.0,0.02129650115966797,0.07272863354067867,0.010045988485217094,0.990330696105957,0.4999280571937561,0.20856863260269165,0.028331756591796875,131365.09417649728,0.0,0.0,0.0,1
18800,inverse_warmup_m1,1.0,0.049889445304870605,0.01944173499941826,0.022612479825814564,0.8037736068169276,0.0,0.024459661915898323,0.1099080791115204,0.010045988485217094,0.990330696105957,0.4999280571937561,0.20856863260269165,0.028331756591796875,131365.09417649728,0.0,0.0,0.0,1
19000,inverse_warmup_m1,1.0,0.05088741332292557,0.019968483597040176,0.022641394132127363,0.8002343028783798,0.0,0.022231344133615494,0.07077043884770044,0.010045988485217094,0.990330696105957,0.4999280571937561,0.20856863260269165,0.028331756591796875,131365.09417649728,0.0,0.0,0.0,1
19200,inverse_warmup_m1,1.0,0.050664022564888,0.019991077482700348,0.022122690143684547,0.8033731877803802,0.0,0.02164609543979168,0.06882314808807267,0.010045988485217094,0.990330696105957,0.4999280571937561,0.20856863260269165,0.028331756591796875,131365.09417649728,0.0,0.0,0.0,1
19400,inverse_warmup_m1,1.0,0.051102135330438614,0.02014254778623581,0.022702857075879972,0.8000438610712687,0.0,0.021514229476451874,0.07595456365366945,0.010045988485217094,0.990330696105957,0.4999280571937561,0.20856863260269165,0.028331756591796875,131365.09417649728,0.0,0.0,0.0,1
19600,inverse_warmup_m1,1.0,0.0518583282828331,0.02044166438281536,0.02241250779479742,0.801027700304985,0.0,0.022971292957663536,0.11485090260771796,0.010045988485217094,0.990330696105957,0.4999280571937561,0.20856863260269165,0.028331756591796875,131365.09417649728,0.0,0.0,0.0,1
19800,inverse_warmup_m1,1.0,0.05078350752592087,0.019876934587955475,0.022566795193900663,0.8039086659749349,0.0,0.021642470732331276,0.10389397804322587,0.010045988485217094,0.990330696105957,0.4999280571937561,0.20856863260269165,0.028331756591796875,131365.09417649728,0.0,0.0,0.0,1
20000,inverse_warmup_m1,1.0,0.051276855170726776,0.01996496692299843,0.021853044163435698,0.8050362765789032,0.0,0.021224284544587135,0.056766866900506745,0.010045988485217094,0.990330696105957,0.4999280571937561,0.20856863260269165,0.028331756591796875,131365.09417649728,0.0,0.0,0.0,1
20200,inverse_warmup_m1,1.0,0.05060727521777153,0.019899914041161537,0.02177621563896537,0.804495245218277,0.0,0.020965922623872757,0.06736220247368593,0.010045988485217094,0.990330696105957,0.4999280571937561,0.20856863260269165,0.028331756591796875,131365.09417649728,0.0,0.0,0.0,1
20400,inverse_warmup_m1,1.0,0.05074377357959747,0.019749170169234276,0.022474842456479866,0.800897017121315,0.0,0.021021751686930656,0.0771364298568856,0.010045988485217094,0.990330696105957,0.4999280571937561,0.20856863260269165,0.028331756591796875,131365.09417649728,0.0,0.0,0.0,1
20600,inverse_warmup_m1,1.0,0.05060458183288574,0.020037559792399406,0.022182814000795286,0.8042432218790054,0.0,0.021222861483693123,0.06964868984972646,0.010045988485217094,0.990330696105957,0.4999280571937561,0.20856863260269165,0.028331756591796875,131365.09417649728,0.0,0.0,0.0,1
20800,inverse_warmup_m1,1.0,0.05139050632715225,0.020292453467845917,0.022544842679053545,0.8015726854403814,0.0,0.0218266099691391,0.1097917736055134,0.010045988485217094,0.990330696105957,0.4999280571937561,0.20856863260269165,0.028331756591796875,131365.09417649728,0.0,0.0,0.0,1
21000,inverse_warmup_m1,1.0,0.051476240158081055,0.02029944211244583,0.022233599952111643,0.8021343052387238,0.0,0.02094152942299843,0.10674534345883316,0.010045988485217094,0.990330696105957,0.4999280571937561,0.20856863260269165,0.028331756591796875,131365.09417649728,0.0,0.0,0.0,1
21200,inverse_warmup_m1,1.0,0.05159645155072212,0.020721277222037315,0.022256734936187666,0.8008607675631841,0.0,0.021648159250617027,0.1172468427273078,0.010045988485217094,0.990330696105957,0.4999280571937561,0.20856863260269165,0.028331756591796875,131365.09417649728,0.0,0.0,0.0,1
21400,inverse_warmup_m1,1.0,0.05145499110221863,0.020174570381641388,0.023474400707830984,0.7921546151240667,0.0,0.020365793257951736,0.11207091934375404,0.010045988485217094,0.990330696105957,0.4999280571937561,0.20856863260269165,0.028331756591796875,131365.09417649728,0.0,0.0,0.0,1
21600,inverse_warmup_m1,1.0,0.050684768706560135,0.01988757587969303,0.022713113576173782,0.7955220639705658,0.0,0.020550981163978577,0.08116799159930198,0.010045988485217094,0.990330696105957,0.4999280571937561,0.20856863260269165,0.028331756591796875,131365.09417649728,0.0,0.0,0.0,1
21800,inverse_warmup_m1,1.0,0.050257474184036255,0.019486865028738976,0.021991332682470482,0.8047257214784622,0.0,0.02002718299627304,0.07524268595345332,0.010045988485217094,0.990330696105957,0.4999280571937561,0.20856863260269165,0.028331756591796875,131365.09417649728,0.0,0.0,0.0,1
22000,inverse_warmup_m1,1.0,0.05016491562128067,0.01952895149588585,0.02255334798246622,0.8018305053313574,0.0,0.020236767828464508,0.062055781765116315,0.010045988485217094,0.990330696105957,0.4999280571937561,0.20856863260269165,0.028331756591796875,131365.09417649728,0.0,0.0,0.0,1
22200,inverse_warmup_m1,1.0,0.05160767212510109,0.020558413118124008,0.02218010788783431,0.8055074165264765,0.0,0.020981650799512863,0.06740610656076375,0.010045988485217094,0.990330696105957,0.4999280571937561,0.20856863260269165,0.028331756591796875,131365.09417649728,0.0,0.0,0.0,1
22400,inverse_warmup_m1,1.0,0.05095399543642998,0.019875574856996536,0.02247277181595564,0.8000496874252955,0.0,0.020650995895266533,0.08553183513622739,0.010045988485217094,0.990330696105957,0.4999280571937561,0.20856863260269165,0.028331756591796875,131365.09417649728,0.0,0.0,0.0,1
22600,inverse_warmup_m1,1.0,0.05115991830825806,0.02044028788805008,0.02214107072601716,0.8029850174983343,0.0,0.020781077444553375,0.09483842872899483,0.010045988485217094,0.990330696105957,0.4999280571937561,0.20856863260269165,0.028331756591796875,131365.09417649728,0.0,0.0,0.0,1
22800,inverse_warmup_m1,1.0,0.050098977982997894,0.019485551863908768,0.022053013400485117,0.8040529638528824,0.0,0.020147254690527916,0.06505025121573625,0.010045988485217094,0.990330696105957,0.4999280571937561,0.20856863260269165,0.028331756591796875,131365.09417649728,0.0,0.0,0.0,1
23000,inverse_warmup_m1,1.0,0.050984207540750504,0.020434727892279625,0.02239422562221686,0.8052775859832764,0.0,0.02062426134943962,0.07552127040524625,0.010045988485217094,0.990330696105957,0.4999280571937561,0.20856863260269165,0.028331756591796875,131365.09417649728,0.0,0.0,0.0,1
23200,inverse_warmup_m1,1.0,0.050508417189121246,0.019518490880727768,0.021977971928815048,0.8021841545899709,0.0,0.019783932715654373,0.0877630155966899,0.010045988485217094,0.990330696105957,0.4999280571937561,0.20856863260269165,0.028331756591796875,131365.09417649728,0.0,0.0,0.0,1
23400,inverse_warmup_m1,1.0,0.05072161182761192,0.019746791571378708,0.02219198892513911,0.8036399086316427,0.0,0.019547097384929657,0.07411673552278292,0.010045988485217094,0.990330696105957,0.4999280571937561,0.20856863260269165,0.028331756591796875,131365.09417649728,0.0,0.0,0.0,1
23600,inverse_warmup_m1,1.0,0.05059166997671127,0.019685814157128334,0.022280340703825157,0.8043463379144669,0.0,0.019857725128531456,0.06738712646056784,0.010045988485217094,0.990330696105957,0.4999280571937561,0.20856863260269165,0.028331756591796875,131365.09417649728,0.0,0.0,0.0,1
23800,inverse_warmup_m1,1.0,0.049510665237903595,0.019176917150616646,0.022250289252648752,0.8048653304576874,0.0,0.019595034420490265,0.055214667337327904,0.010045988485217094,0.990330696105957,0.4999280571937561,0.20856863260269165,0.028331756591796875,131365.09417649728,0.0,0.0,0.0,1
24000,inverse_warmup_m1,1.0,0.04979053884744644,0.019546153023838997,0.021987605839967728,0.8060208112001419,0.0,0.020322196185588837,0.07453658791473819,0.010045988485217094,0.990330696105957,0.4999280571937561,0.20856863260269165,0.028331756591796875,131365.09417649728,0.0,0.0,0.0,1
24200,inverse_warmup_m1,1.0,0.050418321043252945,0.01972276344895363,0.02190368560453256,0.8057277947664261,0.0,0.02013205923140049,0.12340880338423683,0.010045988485217094,0.990330696105957,0.4999280571937561,0.20856863260269165,0.028331756591796875,131365.09417649728,0.0,0.0,0.0,1
24400,inverse_warmup_m1,1.0,0.04967586323618889,0.019413858652114868,0.022216984381278355,0.8029491156339645,0.0,0.01893172413110733,0.06209517203561098,0.010045988485217094,0.990330696105957,0.4999280571937561,0.20856863260269165,0.028331756591796875,131365.09417649728,0.0,0.0,0.0,1
24600,inverse_warmup_m1,1.0,0.04949374496936798,0.019349517300724983,0.0225339001044631,0.8044951607783636,0.0,0.019268756732344627,0.07461595237964443,0.010045988485217094,0.990330696105957,0.4999280571937561,0.20856863260269165,0.028331756591796875,131365.09417649728,0.0,0.0,0.0,1
24800,inverse_warmup_m1,1.0,0.05066431686282158,0.019830774515867233,0.02224358931804697,0.8069426616032919,0.0,0.019852524623274803,0.06522975841339587,0.010045988485217094,0.990330696105957,0.4999280571937561,0.20856863260269165,0.028331756591796875,131365.09417649728,0.0,0.0,0.0,1
25000,inverse_warmup_m1,1.0,0.04973399266600609,0.0191727913916111,0.021971681776146095,0.8044067273537318,0.0,0.019601615145802498,0.08306171592595872,0.010045988485217094,0.990330696105957,0.4999280571937561,0.20856863260269165,0.028331756591796875,131365.09417649728,0.0,0.0,0.0,1
25200,inverse_warmup_m1,1.0,0.0502997562289238,0.019827142357826233,0.021972753417988617,0.8054667313893636,0.0,0.0192509014159441,0.061375563287251085,0.010045988485217094,0.990330696105957,0.4999280571937561,0.20856863260269165,0.028331756591796875,131365.09417649728,0.0,0.0,0.0,1
25400,inverse_warmup_m1,1.0,0.04962129145860672,0.019446641206741333,0.022050279037406046,0.8073913007974625,0.0,0.018708471208810806,0.07205963353888459,0.010045988485217094,0.990330696105957,0.4999280571937561,0.20856863260269165,0.028331756591796875,131365.09417649728,0.0,0.0,0.0,1
25600,inverse_warmup_m1,1.0,0.05084557458758354,0.02021918073296547,0.02245587343350053,0.8042036245266596,0.0,0.020262854173779488,0.09652399514835183,0.010045988485217094,0.990330696105957,0.4999280571937561,0.20856863260269165,0.028331756591796875,131365.09417649728,0.0,0.0,0.0,1
25800,inverse_warmup_m1,1.0,0.049859099090099335,0.019212767481803894,0.02168509690091014,0.8075072566668192,0.0,0.018940921872854233,0.0664172418406767,0.010045988485217094,0.990330696105957,0.4999280571937561,0.20856863260269165,0.028331756591796875,131365.09417649728,0.0,0.0,0.0,1
26000,inverse_warmup_m1,1.0,0.04982359707355499,0.019590307027101517,0.02254151552915573,0.8036327511072159,0.0,0.018690411001443863,0.060502557937693116,0.010045988485217094,0.990330696105957,0.4999280571937561,0.20856863260269165,0.028331756591796875,131365.09417649728,0.0,0.0,0.0,1
26200,inverse_warmup_m1,1.0,0.050556086003780365,0.019647985696792603,0.02204231048623721,0.8037596245606741,0.0,0.018903059884905815,0.1144213523062864,0.010045988485217094,0.990330696105957,0.4999280571937561,0.20856863260269165,0.028331756591796875,131365.09417649728,0.0,0.0,0.0,1
26400,inverse_warmup_m1,1.0,0.05009709298610687,0.019840579479932785,0.022772397690763075,0.8032950808604559,0.0,0.01948675327003002,0.10399428886470713,0.010045988485217094,0.990330696105957,0.4999280571937561,0.20856863260269165,0.028331756591796875,131365.09417649728,0.0,0.0,0.0,1
26600,inverse_warmup_m1,1.0,0.04961718991398811,0.01940830796957016,0.022838670294731855,0.7999579956134161,0.0,0.019158393144607544,0.12227124791286464,0.010045988485217094,0.990330696105957,0.4999280571937561,0.20856863260269165,0.028331756591796875,131365.09417649728,0.0,0.0,0.0,1
26800,inverse_warmup_m1,1.0,0.050818171352148056,0.019857479259371758,0.022047050452480715,0.8048613468805949,0.0,0.01998419314622879,0.1087123776337403,0.010045988485217094,0.990330696105957,0.4999280571937561,0.20856863260269165,0.028331756591796875,131365.09417649728,0.0,0.0,0.0,1
27000,inverse_warmup_m1,1.0,0.04990893229842186,0.019539516419172287,0.022432994252691667,0.8032019585371017,0.0,0.0190011877566576,0.07992732010138558,0.010045988485217094,0.990330696105957,0.4999280571937561,0.20856863260269165,0.028331756591796875,131365.09417649728,0.0,0.0,0.0,1
27200,inverse_warmup_m1,1.0,0.050389423966407776,0.019883370026946068,0.02301606194426616,0.8000666052103043,0.0,0.018799716606736183,0.06336595579564487,0.010045988485217094,0.990330696105957,0.4999280571937561,0.20856863260269165,0.028331756591796875,131365.09417649728,0.0,0.0,0.0,1
27400,inverse_warmup_m1,1.0,0.04999762400984764,0.01925438642501831,0.02174490240092079,0.8062463204065958,0.0,0.018020421266555786,0.09152499830242383,0.010045988485217094,0.990330696105957,0.4999280571937561,0.20856863260269165,0.028331756591796875,131365.09417649728,0.0,0.0,0.0,1
27600,inverse_warmup_m1,1.0,0.050502609461545944,0.01974301040172577,0.021904923021793365,0.806550070643425,0.0,0.01844668574631214,0.06001930093210007,0.010045988485217094,0.990330696105957,0.4999280571937561,0.20856863260269165,0.028331756591796875,131365.09417649728,0.0,0.0,0.0,1
27800,inverse_warmup_m1,1.0,0.05033230409026146,0.019529543817043304,0.021749102510511875,0.8071061472098032,0.0,0.019594619050621986,0.08473769960905786,0.010045988485217094,0.990330696105957,0.4999280571937561,0.20856863260269165,0.028331756591796875,131365.09417649728,0.0,0.0,0.0,1
28000,inverse_warmup_m1,1.0,0.05057572200894356,0.01961548626422882,0.021901956604172785,0.8062347918748856,0.0,0.0181244146078825,0.09746230650778279,0.010045988485217094,0.990330696105957,0.4999280571937561,0.20856863260269165,0.028331756591796875,131365.09417649728,0.0,0.0,0.0,1
28200,inverse_warmup_m1,1.0,0.048778995871543884,0.018513496965169907,0.022586617308358353,0.8033858239650726,0.0,0.020672833546996117,0.10167349878008324,0.010045988485217094,0.990330696105957,0.4999280571937561,0.20856863260269165,0.028331756591796875,131365.09417649728,0.0,0.0,0.0,1
28400,inverse_warmup_m1,1.0,0.04997561126947403,0.01939784735441208,0.02184637760122617,0.8075451751550039,0.0,0.018552903085947037,0.07442322645210628,0.010045988485217094,0.990330696105957,0.4999280571937561,0.20856863260269165,0.028331756591796875,131365.09417649728,0.0,0.0,0.0,1
28600,inverse_warmup_m1,1.0,0.04925025254487991,0.018949270248413086,0.02169337449595332,0.8063157051801682,0.0,0.01861853338778019,0.07236572880236931,0.010045988485217094,0.990330696105957,0.4999280571937561,0.20856863260269165,0.028331756591796875,131365.09417649728,0.0,0.0,0.0,1
28800,inverse_warmup_m1,1.0,0.04987913370132446,0.019216690212488174,0.021632167355467875,0.8085615833600363,0.0,0.018182754516601562,0.06005714041040123,0.010045988485217094,0.990330696105957,0.4999280571937561,0.20856863260269165,0.028331756591796875,131365.09417649728,0.0,0.0,0.0,1
29000,inverse_warmup_m1,1.0,0.05008351802825928,0.019345570355653763,0.021837342530488968,0.8078699906667074,0.0,0.018284650519490242,0.06114618456380275,0.010045988485217094,0.990330696105957,0.4999280571937561,0.20856863260269165,0.028331756591796875,131365.09417649728,0.0,0.0,0.0,1
29200,inverse_warmup_m1,1.0,0.04944264143705368,0.018942151218652725,0.021956491594513256,0.8060301641623179,0.0,0.017969191074371338,0.07873170232492686,0.010045988485217094,0.990330696105957,0.4999280571937561,0.20856863260269165,0.028331756591796875,131365.09417649728,0.0,0.0,0.0,1
29400,inverse_warmup_m1,1.0,0.05087524652481079,0.019782694056630135,0.021657949158300955,0.8073956618706385,0.0,0.018501821905374527,0.10256050580137221,0.010045988485217094,0.990330696105957,0.4999280571937561,0.20856863260269165,0.028331756591796875,131365.09417649728,0.0,0.0,0.0,1
29600,inverse_warmup_m1,1.0,0.05003926157951355,0.019436966627836227,0.02174738747999072,0.8072153180837631,0.0,0.018470406532287598,0.10308116712641137,0.010045988485217094,0.990330696105957,0.4999280571937561,0.20856863260269165,0.028331756591796875,131365.09417649728,0.0,0.0,0.0,1
29800,inverse_warmup_m1,1.0,0.04990801960229874,0.01911044679582119,0.02215206405768792,0.8047608385483423,0.0,0.018208568915724754,0.06470570372581953,0.010045988485217094,0.990330696105957,0.4999280571937561,0.20856863260269165,0.028331756591796875,131365.09417649728,0.0,0.0,0.0,1
30000,inverse_warmup_m1,1.0,0.04975506663322449,0.01926508918404579,0.02213272638618946,0.8050510634978613,0.0,0.017352383583784103,0.08228122982081312,0.010045988485217094,0.990330696105957,0.4999280571937561,0.20856863260269165,0.028331756591796875,131365.09417649728,0.0,0.0,0.0,1
30200,inverse_warmup_m1,1.0,0.050039246678352356,0.0192238949239254,0.021776711102575064,0.8069531073172888,0.0,0.018174683675169945,0.10961197276251088,0.010045988485217094,0.990330696105957,0.4999280571937561,0.20856863260269165,0.028331756591796875,131365.09417649728,0.0,0.0,0.0,1
30400,inverse_warmup_m1,1.0,0.05001174658536911,0.019172051921486855,0.021471200821300346,0.80925386150678,0.0,0.017607973888516426,0.07669311348952088,0.010045988485217094,0.990330696105957,0.4999280571937561,0.20856863260269165,0.028331756591796875,131365.09417649728,0.0,0.0,0.0,1
30600,inverse_warmup_m1,1.0,0.04980916529893875,0.019381217658519745,0.02174491124848525,0.8066243628660837,0.0,0.017971208319067955,0.06383966067220467,0.010045988485217094,0.990330696105957,0.4999280571937561,0.20856863260269165,0.028331756591796875,131365.09417649728,0.0,0.0,0.0,1
30800,inverse_warmup_m1,1.0,0.04984455555677414,0.01922144740819931,0.021861539067079622,0.8073103874921799,0.0,0.017567215487360954,0.057901162782874833,0.010045988485217094,0.990330696105957,0.4999280571937561,0.20856863260269165,0.028331756591796875,131365.09417649728,0.0,0.0,0.0,1
31000,inverse_warmup_m1,1.0,0.04977142810821533,0.019029008224606514,0.021861616522073746,0.8057483484347662,0.0,0.01775282807648182,0.09001252506796442,0.010045988485217094,0.990330696105957,0.4999280571937561,0.20856863260269165,0.028331756591796875,131365.09417649728,0.0,0.0,0.0,1
31200,inverse_warmup_m1,1.0,0.049123890697956085,0.019035955891013145,0.02181754649306337,0.8059106171131134,0.0,0.017219776287674904,0.06736043583282075,0.010045988485217094,0.990330696105957,0.4999280571937561,0.20856863260269165,0.028331756591796875,131365.09417649728,0.0,0.0,0.0,1
31400,inverse_warmup_m1,1.0,0.049333229660987854,0.019154075533151627,0.022048125664393108,0.8049579709768295,0.0,0.017651842907071114,0.07843217901213578,0.010045988485217094,0.990330696105957,0.4999280571937561,0.20856863260269165,0.028331756591796875,131365.09417649728,0.0,0.0,0.0,1
31600,inverse_warmup_m1,1.0,0.0512738898396492,0.02024107426404953,0.0216515123223265,0.8100035836299261,0.0,0.01830263063311577,0.12616253499202745,0.010045988485217094,0.990330696105957,0.4999280571937561,0.20856863260269165,0.028331756591796875,131365.09417649728,0.0,0.0,0.0,1
31800,inverse_warmup_m1,1.0,0.049774933606386185,0.01913968287408352,0.02160593494772911,0.8087152192989985,0.0,0.01772337406873703,0.08809988639528142,0.010045988485217094,0.990330696105957,0.4999280571937561,0.20856863260269165,0.028331756591796875,131365.09417649728,0.0,0.0,0.0,1
32000,inverse_warmup_m1,1.0,0.04977501556277275,0.019085559993982315,0.02286979043856263,0.7973190546035767,0.0,0.017307890579104424,0.06970609870001672,0.010045988485217094,0.990330696105957,0.4999280571937561,0.20856863260269165,0.028331756591796875,131365.09417649728,0.0,0.0,0.0,1
32200,inverse_warmup_m1,1.0,0.05037402734160423,0.019411388784646988,0.022028612283368904,0.8053691933552424,0.0,0.018456650897860527,0.17053331940168645,0.010045988485217094,0.990330696105957,0.4999280571937561,0.20856863260269165,0.028331756591796875,131365.09417649728,0.0,0.0,0.0,1
32400,inverse_warmup_m1,1.0,0.04988376051187515,0.019341809675097466,0.021647575466583174,0.8091818938652674,0.0,0.017844997346401215,0.06807293286308927,0.010045988485217094,0.990330696105957,0.4999280571937561,0.20856863260269165,0.028331756591796875,131365.09417649728,0.0,0.0,0.0,1
32600,inverse_warmup_m1,1.0,0.04957244545221329,0.018968289718031883,0.021408939734101295,0.8095425317684809,0.0,0.017210939899086952,0.06568613692709842,0.010045988485217094,0.990330696105957,0.4999280571937561,0.20856863260269165,0.028331756591796875,131365.09417649728,0.0,0.0,0.0,1
32800,inverse_warmup_m1,1.0,0.04950076341629028,0.019270993769168854,0.0218389923684299,0.8063831677039465,0.0,0.016871759667992592,0.03940187436955537,0.010045988485217094,0.990330696105957,0.4999280571937561,0.20856863260269165,0.028331756591796875,131365.09417649728,0.0,0.0,0.0,1
33000,inverse_warmup_m1,1.0,0.049713365733623505,0.019265182316303253,0.022002167844523985,0.8077028393745422,0.0,0.01738111488521099,0.07607765152353915,0.010045988485217094,0.990330696105957,0.4999280571937561,0.20856863260269165,0.028331756591796875,131365.09417649728,0.0,0.0,0.0,1
33200,inverse_warmup_m1,1.0,0.04923328384757042,0.019007058814167976,0.022227274253964424,0.8059877753257751,0.0,0.017189642414450645,0.08684644518991026,0.010045988485217094,0.990330696105957,0.4999280571937561,0.20856863260269165,0.028331756591796875,131365.09417649728,0.0,0.0,0.0,1
33400,inverse_warmup_m1,1.0,0.049040839076042175,0.018956443294882774,0.021855932970841725,0.8061184287071228,0.0,0.017515528947114944,0.05357349686166382,0.010045988485217094,0.990330696105957,0.4999280571937561,0.20856863260269165,0.028331756591796875,131365.09417649728,0.0,0.0,0.0,1
33600,inverse_warmup_m1,1.0,0.04955821856856346,0.01910865120589733,0.022042840564002592,0.803475946187973,0.0,0.017927922308444977,0.07057952100668272,0.010045988485217094,0.990330696105957,0.4999280571937561,0.20856863260269165,0.028331756591796875,131365.09417649728,0.0,0.0,0.0,1
33800,inverse_warmup_m1,1.0,0.04920623451471329,0.019122567027807236,0.021724320948123932,0.8066674719254175,0.0,0.01645432598888874,0.07471932718288797,0.010045988485217094,0.990330696105957,0.4999280571937561,0.20856863260269165,0.028331756591796875,131365.09417649728,0.0,0.0,0.0,1
34000,inverse_warmup_m1,1.0,0.04878217726945877,0.018752647563815117,0.021524629555642605,0.8087277114391327,0.0,0.01708313077688217,0.056690305220085745,0.010045988485217094,0.990330696105957,0.4999280571937561,0.20856863260269165,0.028331756591796875,131365.09417649728,0.0,0.0,0.0,1
34200,inverse_warmup_m1,1.0,0.05004864186048508,0.019438529387116432,0.02181104322274526,0.8101289222637812,0.0,0.01694108545780182,0.09762820922870605,0.010045988485217094,0.990330696105957,0.4999280571937561,0.20856863260269165,0.028331756591796875,131365.09417649728,0.0,0.0,0.0,1
34400,inverse_warmup_m1,1.0,0.048665352165699005,0.018678463995456696,0.021477582088361185,0.8085900743802389,0.0,0.016774533316493034,0.07126745170170101,0.010045988485217094,0.990330696105957,0.4999280571937561,0.20856863260269165,0.028331756591796875,131365.09417649728,0.0,0.0,0.0,1
34600,inverse_warmup_m1,1.0,0.049825940281152725,0.019559796899557114,0.021748776858051617,0.8097659548123678,0.0,0.017260925844311714,0.11092851785296808,0.010045988485217094,0.990330696105957,0.4999280571937561,0.20856863260269165,0.028331756591796875,131365.09417649728,0.0,0.0,0.0,1
34800,inverse_warmup_m1,1.0,0.0498749278485775,0.019689306616783142,0.02229865873232484,0.8039117703835169,0.0,0.01772059127688408,0.15586349165843102,0.010045988485217094,0.990330696105957,0.4999280571937561,0.20856863260269165,0.028331756591796875,131365.09417649728,0.0,0.0,0.0,1
35000,inverse_warmup_m1,1.0,0.049988068640232086,0.01930150017142296,0.021861643219987553,0.8080213218927383,0.0,0.017427831888198853,0.08969669021177629,0.010045988485217094,0.990330696105957,0.4999280571937561,0.20856863260269165,0.028331756591796875,131365.09417649728,0.0,0.0,0.0,1
35200,inverse_warmup_m1,1.0,0.049172498285770416,0.018962427973747253,0.022347232637306053,0.8030572632948557,0.0,0.016732100397348404,0.0675533419321089,0.010045988485217094,0.990330696105957,0.4999280571937561,0.20856863260269165,0.028331756591796875,131365.09417649728,0.0,0.0,0.0,1
35400,inverse_warmup_m1,1.0,0.04868543520569801,0.018644612282514572,0.02132705816378196,0.8099468896786371,0.0,0.016356810927391052,0.04338082716906197,0.010045988485217094,0.990330696105957,0.4999280571937561,0.20856863260269165,0.028331756591796875,131365.09417649728,0.0,0.0,0.0,1
35600,inverse_warmup_m1,1.0,0.049155838787555695,0.01890021190047264,0.021675231400877237,0.8060292502244314,0.0,0.016413768753409386,0.0613734220811509,0.010045988485217094,0.990330696105957,0.4999280571937561,0.20856863260269165,0.028331756591796875,131365.09417649728,0.0,0.0,0.0,1
35800,inverse_warmup_m1,1.0,0.04866712540388107,0.01870094984769821,0.02162543684244156,0.8093425631523132,0.0,0.01693316549062729,0.058656008199781555,0.010045988485217094,0.990330696105957,0.4999280571937561,0.20856863260269165,0.028331756591796875,131365.09417649728,0.0,0.0,0.0,1
36000,inverse_warmup_m1,1.0,0.04828096181154251,0.018353551626205444,0.021527958878626425,0.8089156597852707,0.0,0.016750283539295197,0.06415040309700551,0.010045988485217094,0.990330696105957,0.4999280571937561,0.20856863260269165,0.028331756591796875,131365.09417649728,0.0,0.0,0.0,1
36200,inverse_warmup_m1,1.0,0.04942525550723076,0.019071055576205254,0.021363938692957163,0.8098837236563364,0.0,0.016426999121904373,0.05445133098689656,0.010045988485217094,0.990330696105957,0.4999280571937561,0.20856863260269165,0.028331756591796875,131365.09417649728,0.0,0.0,0.0,1
36400,inverse_warmup_m1,1.0,0.0486704558134079,0.018650265410542488,0.0214944410448273,0.810533473889033,0.0,0.016701456159353256,0.05679602295472348,0.010045988485217094,0.990330696105957,0.4999280571937561,0.20856863260269165,0.028331756591796875,131365.09417649728,0.0,0.0,0.0,1
36600,inverse_warmup_m1,1.0,0.04928520321846008,0.01903410628437996,0.02147386595606804,0.8104928682247797,0.0,0.016450081020593643,0.051925112593993974,0.010045988485217094,0.990330696105957,0.4999280571937561,0.20856863260269165,0.028331756591796875,131365.09417649728,0.0,0.0,0.0,1
36800,inverse_warmup_m1,1.0,0.04859299957752228,0.018691696226596832,0.021525541010002296,0.8093455483516058,0.0,0.01621483638882637,0.061303418365789515,0.010045988485217094,0.990330696105957,0.4999280571937561,0.20856863260269165,0.028331756591796875,131365.09417649728,0.0,0.0,0.0,1
37000,inverse_warmup_m1,1.0,0.049574535340070724,0.019104812294244766,0.021576587110757828,0.8098699003458023,0.0,0.016697604209184647,0.05372844774258049,0.010045988485217094,0.990330696105957,0.4999280571937561,0.20856863260269165,0.028331756591796875,131365.09417649728,0.0,0.0,0.0,1
37200,inverse_warmup_m1,1.0,0.0492955818772316,0.018856137990951538,0.02173815357188384,0.8094993680715561,0.0,0.016221340745687485,0.08249954714045848,0.010045988485217094,0.990330696105957,0.4999280571937561,0.20856863260269165,0.028331756591796875,131365.09417649728,0.0,0.0,0.0,1
37400,inverse_warmup_m1,1.0,0.04940608888864517,0.01908285543322563,0.021611587144434452,0.809134284655253,0.0,0.016494641080498695,0.03607821505404314,0.010045988485217094,0.990330696105957,0.4999280571937561,0.20856863260269165,0.028331756591796875,131365.09417649728,0.0,0.0,0.0,1
37600,inverse_warmup_m1,1.0,0.047541216015815735,0.017815735191106796,0.02170418466751774,0.8107050408919653,0.0,0.018033115193247795,0.05403308788011798,0.010045988485217094,0.990330696105957,0.4999280571937561,0.20856863260269165,0.028331756591796875,131365.09417649728,0.0,0.0,0.0,1
37800,inverse_warmup_m1,1.0,0.04875937104225159,0.01854313537478447,0.021627800073474646,0.8087613880634308,0.0,0.01634303294122219,0.061376712217539056,0.010045988485217094,0.990330696105957,0.4999280571937561,0.20856863260269165,0.028331756591796875,131365.09417649728,0.0,0.0,0.0,1
38000,inverse_warmup_m1,1.0,0.048617225140333176,0.018697481602430344,0.021627561654895544,0.809100498755773,0.0,0.01689445599913597,0.056653286168945695,0.010045988485217094,0.990330696105957,0.4999280571937561,0.20856863260269165,0.028331756591796875,131365.09417649728,0.0,0.0,0.0,1
38200,inverse_warmup_m1,1.0,0.04952143132686615,0.018907448276877403,0.02177093628173073,0.8071984400351843,0.0,0.016542961820960045,0.09966967675715097,0.010045988485217094,0.990330696105957,0.4999280571937561,0.20856863260269165,0.028331756591796875,131365.09417649728,0.0,0.0,0.0,1
38400,inverse_warmup_m1,1.0,0.04954605922102928,0.018914954736828804,0.02129406202584505,0.8105515440305074,0.0,0.01653248444199562,0.08157688580559876,0.010045988485217094,0.990330696105957,0.4999280571937561,0.20856863260269165,0.028331756591796875,131365.09417649728,0.0,0.0,0.0,1
38600,inverse_warmup_m1,1.0,0.04866021126508713,0.018452394753694534,0.021575582368920248,0.8089753637711207,0.0,0.01621445082128048,0.06800060914803106,0.010045988485217094,0.990330696105957,0.4999280571937561,0.20856863260269165,0.028331756591796875,131365.09417649728,0.0,0.0,0.0,1
38800,inverse_warmup_m1,1.0,0.04963406175374985,0.019171487540006638,0.021589163690805435,0.8097965319951376,0.0,0.01638936623930931,0.06121987069395674,0.010045988485217094,0.990330696105957,0.4999280571937561,0.20856863260269165,0.028331756591796875,131365.09417649728,0.0,0.0,0.0,1
39000,inverse_warmup_m1,1.0,0.04905463010072708,0.018983129411935806,0.021482476654152077,0.808926577369372,0.0,0.01631900668144226,0.055276394852811876,0.010045988485217094,0.990330696105957,0.4999280571937561,0.20856863260269165,0.028331756591796875,131365.09417649728,0.0,0.0,0.0,1
39200,inverse_warmup_m1,1.0,0.04908296465873718,0.018938537687063217,0.02171231557925542,0.8100099960962931,0.0,0.016270894557237625,0.0569433939123981,0.010045988485217094,0.990330696105957,0.4999280571937561,0.20856863260269165,0.028331756591796875,131365.09417649728,0.0,0.0,0.0,1
39400,inverse_warmup_m1,1.0,0.04884684830904007,0.018772471696138382,0.021385296092679102,0.8112231542666754,0.0,0.01608153246343136,0.05508295641956656,0.010045988485217094,0.990330696105957,0.4999280571937561,0.20856863260269165,0.028331756591796875,131365.09417649728,0.0,0.0,0.0,1
39600,inverse_warmup_m1,1.0,0.04964384436607361,0.018902089446783066,0.021568436330805223,0.809948205947876,0.0,0.016683707013726234,0.15403032926910012,0.010045988485217094,0.990330696105957,0.4999280571937561,0.20856863260269165,0.028331756591796875,131365.09417649728,0.0,0.0,0.0,1
39800,inverse_warmup_m1,1.0,0.049664437770843506,0.019388427957892418,0.02161428875600298,0.8105854690074921,0.0,0.015939980745315552,0.0788886787184803,0.010045988485217094,0.990330696105957,0.4999280571937561,0.20856863260269165,0.028331756591796875,131365.09417649728,0.0,0.0,0.0,1
40000,inverse_warmup_m1,1.0,0.04936886951327324,0.019078096374869347,0.021443570343156654,0.8101953317721685,0.0,0.016273509711027145,0.05249068474887825,0.010045988485217094,0.990330696105957,0.4999280571937561,0.20856863260269165,0.028331756591796875,131365.09417649728,0.0,0.0,0.0,1
40200,inverse_warmup_m1,1.0,0.049168702214956284,0.018847700208425522,0.021367900539189577,0.8108277221520742,0.0,0.01575097069144249,0.04743703373558562,0.010045988485217094,0.990330696105957,0.4999280571937561,0.20856863260269165,0.028331756591796875,131365.09417649728,0.0,0.0,0.0,1
40400,inverse_warmup_m1,1.0,0.04888380318880081,0.018737802281975746,0.02147818139443795,0.8085523198048273,0.0,0.015953119844198227,0.059427412960703994,0.010045988485217094,0.990330696105957,0.4999280571937561,0.20856863260269165,0.028331756591796875,131365.09417649728,0.0,0.0,0.0,1
40600,inverse_warmup_m1,1.0,0.04861525446176529,0.018717337399721146,0.021646747676034767,0.8081823190053304,0.0,0.015962667763233185,0.05939113239586145,0.010045988485217094,0.990330696105957,0.4999280571937561,0.20856863260269165,0.028331756591796875,131365.09417649728,0.0,0.0,0.0,1
40800,inverse_warmup_m1,1.0,0.048423223197460175,0.018521104007959366,0.021421308629214764,0.8099994560082754,0.0,0.015520265325903893,0.06928205625761115,0.010045988485217094,0.990330696105957,0.4999280571937561,0.20856863260269165,0.028331756591796875,131365.09417649728,0.0,0.0,0.0,1
41000,inverse_warmup_m1,1.0,0.049964167177677155,0.019466588273644447,0.021982843366762,0.8081600417693456,0.0,0.016060415655374527,0.07556409874427182,0.010045988485217094,0.990330696105957,0.4999280571937561,0.20856863260269165,0.028331756591796875,131365.09417649728,0.0,0.0,0.0,1
41200,inverse_warmup_m1,1.0,0.049350447952747345,0.01877426542341709,0.021814696801205475,0.8072582830985388,0.0,0.015700915828347206,0.09056693308273803,0.010045988485217094,0.990330696105957,0.4999280571937561,0.20856863260269165,0.028331756591796875,131365.09417649728,0.0,0.0,0.0,1
41400,inverse_warmup_m1,1.0,0.04940999299287796,0.01935708522796631,0.021765122500558693,0.8076816548903784,0.0,0.016388721764087677,0.07910854135756834,0.010045988485217094,0.990330696105957,0.4999280571937561,0.20856863260269165,0.028331756591796875,131365.09417649728,0.0,0.0,0.0,1
41600,inverse_warmup_m1,1.0,0.048526033759117126,0.018521223217248917,0.0216296825868388,0.8093320081631342,0.0,0.01560521312057972,0.05500081994672406,0.010045988485217094,0.990330696105957,0.4999280571937561,0.20856863260269165,0.028331756591796875,131365.09417649728,0.0,0.0,0.0,1
41800,inverse_warmup_m1,1.0,0.04912128299474716,0.01891464553773403,0.021276209969073534,0.8116275370121002,0.0,0.015997817739844322,0.05410927109581731,0.010045988485217094,0.990330696105957,0.4999280571937561,0.20856863260269165,0.028331756591796875,131365.09417649728,0.0,0.0,0.0,1
42000,inverse_warmup_m1,1.0,0.04876890778541565,0.018679160624742508,0.022067779830346506,0.8074063112338384,0.0,0.015775687992572784,0.061360498607824596,0.010045988485217094,0.990330696105957,0.4999280571937561,0.20856863260269165,0.028331756591796875,131365.09417649728,0.0,0.0,0.0,1
42200,inverse_warmup_m1,1.0,0.04911234602332115,0.01883559860289097,0.02143346844241023,0.8090145091215769,0.0,0.015271197073161602,0.05379761904971577,0.010045988485217094,0.990330696105957,0.4999280571937561,0.20856863260269165,0.028331756591796875,131365.09417649728,0.0,0.0,0.0,1
42400,inverse_warmup_m1,1.0,0.04916864633560181,0.019024845212697983,0.021625185230125982,0.81138147910436,0.0,0.01575789414346218,0.06013586152802044,0.010045988485217094,0.990330696105957,0.4999280571937561,0.20856863260269165,0.028331756591796875,131365.09417649728,0.0,0.0,0.0,1
42600,inverse_warmup_m1,1.0,0.048307232558727264,0.018334414809942245,0.02123594982549548,0.8099607477585474,0.0,0.015544777736067772,0.07039714918838219,0.010045988485217094,0.990330696105957,0.4999280571937561,0.20856863260269165,0.028331756591796875,131365.09417649728,0.0,0.0,0.0,1
42800,inverse_warmup_m1,1.0,0.04897970333695412,0.018924394622445107,0.021950403383622568,0.8095367054144541,0.0,0.01575452834367752,0.08745218280919927,0.010045988485217094,0.990330696105957,0.4999280571937561,0.20856863260269165,0.028331756591796875,131365.09417649728,0.0,0.0,0.0,1
43000,inverse_warmup_m1,1.0,0.048676200211048126,0.018838901072740555,0.021975218163182337,0.805826003352801,0.0,0.016102556139230728,0.07132302767684934,0.010045988485217094,0.990330696105957,0.4999280571937561,0.20856863260269165,0.028331756591796875,131365.09417649728,0.0,0.0,0.0,1
43200,inverse_warmup_m1,1.0,0.04865342751145363,0.01858675293624401,0.021553609520196915,0.8096529195706049,0.0,0.015066529624164104,0.07369810085002994,0.010045988485217094,0.990330696105957,0.4999280571937561,0.20856863260269165,0.028331756591796875,131365.09417649728,0.0,0.0,0.0,1
43400,inverse_warmup_m1,1.0,0.0485617034137249,0.018821407109498978,0.02203654559950034,0.8064010888338089,0.0,0.01575665920972824,0.08978538786912835,0.010045988485217094,0.990330696105957,0.4999280571937561,0.20856863260269165,0.028331756591796875,131365.09417649728,0.0,0.0,0.0,1
43600,inverse_warmup_m1,1.0,0.04946010559797287,0.018992315977811813,0.02222887349004547,0.8057906677325567,0.0,0.015388955362141132,0.09186259934886985,0.010045988485217094,0.990330696105957,0.4999280571937561,0.20856863260269165,0.028331756591796875,131365.09417649728,0.0,0.0,0.0,1
43800,inverse_warmup_m1,1.0,0.04792042821645737,0.018236234784126282,0.02157686712841193,0.8090648204088211,0.0,0.015384655445814133,0.05567516829751648,0.010045988485217094,0.990330696105957,0.4999280571937561,0.20856863260269165,0.028331756591796875,131365.09417649728,0.0,0.0,0.0,1
44000,inverse_warmup_m1,1.0,0.04913633316755295,0.01907520368695259,0.022051626816391945,0.8074279427528381,0.0,0.015205889008939266,0.07264615371588268,0.010045988485217094,0.990330696105957,0.4999280571937561,0.20856863260269165,0.028331756591796875,131365.09417649728,0.0,0.0,0.0,1
44200,inverse_warmup_m1,1.0,0.048326436430215836,0.01853926107287407,0.021249471077074606,0.8116061290105184,0.0,0.015216887928545475,0.05497668959543373,0.010045988485217094,0.990330696105957,0.4999280571937561,0.20856863260269165,0.028331756591796875,131365.09417649728,0.0,0.0,0.0,1
44400,inverse_warmup_m1,1.0,0.04922208935022354,0.018858052790164948,0.021519736697276432,0.8111719439427058,0.0,0.015480628237128258,0.06191066275988109,0.010045988485217094,0.990330696105957,0.4999280571937561,0.20856863260269165,0.028331756591796875,131365.09417649728,0.0,0.0,0.0,1
44600,inverse_warmup_m1,1.0,0.04826950281858444,0.01839996688067913,0.021715075864146154,0.8081013758977255,0.0,0.015419998206198215,0.05369028257297041,0.010045988485217094,0.990330696105957,0.4999280571937561,0.20856863260269165,0.028331756591796875,131365.09417649728,0.0,0.0,0.0,1
44800,inverse_warmup_m1,1.0,0.04821106046438217,0.018421443179249763,0.02135049303372701,0.8114091654618582,0.0,0.014904663898050785,0.058261787208274234,0.010045988485217094,0.990330696105957,0.4999280571937561,0.20856863260269165,0.028331756591796875,131365.09417649728,0.0,0.0,0.0,1
45000,inverse_warmup_m1,1.0,0.04860099405050278,0.01869681105017662,0.02212193716938297,0.8046074509620667,0.0,0.015117600560188293,0.07452539181722433,0.010045988485217094,0.990330696105957,0.4999280571937561,0.20856863260269165,0.028331756591796875,131365.09417649728,0.0,0.0,0.0,1
45200,inverse_warmup_m1,1.0,0.04808364063501358,0.018432922661304474,0.021486871565381687,0.8120198398828506,0.0,0.01541441585868597,0.05333474143143184,0.010045988485217094,0.990330696105957,0.4999280571937561,0.20856863260269165,0.028331756591796875,131365.09417649728,0.0,0.0,0.0,1
45400,inverse_warmup_m1,1.0,0.04770638048648834,0.018038947135210037,0.021232424924770992,0.8113204836845398,0.0,0.015054933726787567,0.053032970821896244,0.010045988485217094,0.990330696105957,0.4999280571937561,0.20856863260269165,0.028331756591796875,131365.09417649728,0.0,0.0,0.0,1
45600,inverse_warmup_m1,1.0,0.04887547716498375,0.018837153911590576,0.021420668189724285,0.8104859093825022,0.0,0.015233327634632587,0.07967753817097176,0.010045988485217094,0.990330696105957,0.4999280571937561,0.20856863260269165,0.028331756591796875,131365.09417649728,0.0,0.0,0.0,1
45800,inverse_warmup_m1,1.0,0.048215411603450775,0.018270086497068405,0.021436826481173437,0.8107705811659495,0.0,0.01500447653234005,0.052484984153285494,0.010045988485217094,0.990330696105957,0.4999280571937561,0.20856863260269165,0.028331756591796875,131365.09417649728,0.0,0.0,0.0,1
46000,inverse_warmup_m1,1.0,0.048834849148988724,0.01883954554796219,0.021483672006676596,0.8110433866580328,0.0,0.015057600103318691,0.0569360504452538,0.010045988485217094,0.990330696105957,0.4999280571937561,0.20856863260269165,0.028331756591796875,131365.09417649728,0.0,0.0,0.0,1
46200,inverse_warmup_m1,1.0,0.048032574355602264,0.018432768061757088,0.02141046617180109,0.8105271905660629,0.0,0.014711516909301281,0.052364790028897094,0.010045988485217094,0.990330696105957,0.4999280571937561,0.20856863260269165,0.028331756591796875,131365.09417649728,0.0,0.0,0.0,1
46400,inverse_warmup_m1,1.0,0.04910337179899216,0.018828824162483215,0.021703406237065792,0.8083223601182302,0.0,0.0149128008633852,0.05423181156160611,0.010045988485217094,0.990330696105957,0.4999280571937561,0.20856863260269165,0.028331756591796875,131365.09417649728,0.0,0.0,0.0,1
46600,inverse_warmup_m1,1.0,0.04882124811410904,0.018836889415979385,0.02209714598332842,0.8064663509527842,0.0,0.015264867804944515,0.08031877445442082,0.010045988485217094,0.990330696105957,0.4999280571937561,0.20856863260269165,0.028331756591796875,131365.09417649728,0.0,0.0,0.0,1
46800,inverse_warmup_m1,1.0,0.049017950892448425,0.018665648996829987,0.02174797871460517,0.8093307018280029,0.0,0.014908991754055023,0.054534106013151465,0.010045988485217094,0.990330696105957,0.4999280571937561,0.20856863260269165,0.028331756591796875,131365.09417649728,0.0,0.0,0.0,1
47000,inverse_warmup_m1,1.0,0.04720059037208557,0.017530763521790504,0.02147086787347992,0.81005859375,0.0,0.0169156976044178,0.08194603445108903,0.010045988485217094,0.990330696105957,0.4999280571937561,0.20856863260269165,0.028331756591796875,131365.09417649728,0.0,0.0,0.0,1
47200,inverse_warmup_m1,1.0,0.0483066700398922,0.018441520631313324,0.02129784831777215,0.8102277467648188,0.0,0.014926684089004993,0.09869400933127122,0.010045988485217094,0.990330696105957,0.4999280571937561,0.20856863260269165,0.028331756591796875,131365.09417649728,0.0,0.0,0.0,1
47400,inverse_warmup_m1,1.0,0.047791171818971634,0.018152838572859764,0.02121634331221382,0.811996673544248,0.0,0.014972930774092674,0.03699040471717415,0.010045988485217094,0.990330696105957,0.4999280571937561,0.20856863260269165,0.028331756591796875,131365.09417649728,0.0,0.0,0.0,1
47600,inverse_warmup_m1,1.0,0.04827837273478508,0.01845565252006054,0.02112220615769426,0.8125667721033096,0.0,0.015161186456680298,0.03795879956804902,0.010045988485217094,0.990330696105957,0.4999280571937561,0.20856863260269165,0.028331756591796875,131365.09417649728,0.0,0.0,0.0,1
47800,inverse_warmup_m1,1.0,0.04891427233815193,0.01874653436243534,0.02143331803381443,0.8113342424233755,0.0,0.014979992993175983,0.04284799664479898,0.010045988485217094,0.990330696105957,0.4999280571937561,0.20856863260269165,0.028331756591796875,131365.09417649728,0.0,0.0,0.0,1
48000,inverse_warmup_m1,1.0,0.04832956939935684,0.018299702554941177,0.021271677532543738,0.8113769988218943,0.0,0.01462938729673624,0.04144813957930925,0.010045988485217094,0.990330696105957,0.4999280571937561,0.20856863260269165,0.028331756591796875,131365.09417649728,0.0,0.0,0.0,1
48200,inverse_warmup_m1,1.0,0.049122486263513565,0.01884174346923828,0.021710963764538366,0.8100041846434275,0.0,0.01507656555622816,0.049673674417076714,0.010045988485217094,0.990330696105957,0.4999280571937561,0.20856863260269165,0.028331756591796875,131365.09417649728,0.0,0.0,0.0,1
48400,inverse_warmup_m1,1.0,0.048309434205293655,0.018406424671411514,0.021391498080144327,0.8105090459187826,0.0,0.014541483484208584,0.04103895314972451,0.010045988485217094,0.990330696105957,0.4999280571937561,0.20856863260269165,0.028331756591796875,131365.09417649728,0.0,0.0,0.0,1
48600,inverse_warmup_m1,1.0,0.04839368909597397,0.01844891905784607,0.02151918861394127,0.8114341994126638,0.0,0.01476170215755701,0.04684352272294184,0.010045988485217094,0.990330696105957,0.4999280571937561,0.20856863260269165,0.028331756591796875,131365.09417649728,0.0,0.0,0.0,1
48800,inverse_warmup_m1,1.0,0.04857926815748215,0.018711065873503685,0.021395012581100065,0.812418982386589,0.0,0.014563911594450474,0.0649235596307973,0.010045988485217094,0.990330696105957,0.4999280571937561,0.20856863260269165,0.028331756591796875,131365.09417649728,0.0,0.0,0.0,1
49000,inverse_warmup_m1,1.0,0.048786286264657974,0.018583886325359344,0.021553376999994118,0.8115292737881342,0.0,0.014847084879875183,0.05491255751752799,0.010045988485217094,0.990330696105957,0.4999280571937561,0.20856863260269165,0.028331756591796875,131365.09417649728,0.0,0.0,0.0,1
49200,inverse_warmup_m1,1.0,0.04902930557727814,0.018689582124352455,0.021367765342195828,0.8112932642300924,0.0,0.014563975855708122,0.06697506236946763,0.010045988485217094,0.990330696105957,0.4999280571937561,0.20856863260269165,0.028331756591796875,131365.09417649728,0.0,0.0,0.0,1
49400,inverse_warmup_m1,1.0,0.04873023182153702,0.018938003107905388,0.02143928036093712,0.8102641503016154,0.0,0.01482861116528511,0.044145313525500544,0.010045988485217094,0.990330696105957,0.4999280571937561,0.20856863260269165,0.028331756591796875,131365.09417649728,0.0,0.0,0.0,1
49600,inverse_warmup_m1,1.0,0.048766978085041046,0.01868445612490177,0.021281743422150612,0.8124468525250753,0.0,0.014424119144678116,0.042834362115589344,0.010045988485217094,0.990330696105957,0.4999280571937561,0.20856863260269165,0.028331756591796875,131365.09417649728,0.0,0.0,0.0,1
49800,inverse_warmup_m1,1.0,0.04844522848725319,0.01825282908976078,0.0212074249672393,0.8108977874120077,0.0,0.01457767654210329,0.06232574939109609,0.010045988485217094,0.990330696105957,0.4999280571937561,0.20856863260269165,0.028331756591796875,131365.09417649728,0.0,0.0,0.0,1
50000,inverse_warmup_m1,1.0,0.04809577018022537,0.018452173098921776,0.021581275233378012,0.8091218769550323,0.0,0.014427087269723415,0.05370427811246509,0.010045988485217094,0.990330696105957,0.4999280571937561,0.20856863260269165,0.028331756591796875,131365.09417649728,0.0,0.0,0.0,1
50200,inverse_warmup_m1,1.0,0.04800668731331825,0.01844366453588009,0.0216602332269152,0.8094575057427088,0.0,0.01435625646263361,0.037359269553511536,0.010045988485217094,0.990330696105957,0.4999280571937561,0.20856863260269165,0.028331756591796875,131365.09417649728,0.0,0.0,0.0,1
50400,inverse_warmup_m1,1.0,0.04938459396362305,0.019096195697784424,0.021317215636372566,0.8121314396460851,0.0,0.01473854761570692,0.04537372987226976,0.010045988485217094,0.990330696105957,0.4999280571937561,0.20856863260269165,0.028331756591796875,131365.09417649728,0.0,0.0,0.0,1
50600,inverse_warmup_m1,1.0,0.04878482222557068,0.01867350935935974,0.02139506194119652,0.8124058942000071,0.0,0.01487976685166359,0.09150367242988754,0.010045988485217094,0.990330696105957,0.4999280571937561,0.20856863260269165,0.028331756591796875,131365.09417649728,0.0,0.0,0.0,1
50800,inverse_warmup_m1,1.0,0.04906925559043884,0.018849434331059456,0.021596074259529512,0.8091774880886078,0.0,0.014675721526145935,0.09571987097778752,0.010045988485217094,0.990330696105957,0.4999280571937561,0.20856863260269165,0.028331756591796875,131365.09417649728,0.0,0.0,0.0,1
51000,inverse_warmup_m1,1.0,0.047955092042684555,0.01827564835548401,0.021584557990233105,0.8110024978717169,0.0,0.014475968666374683,0.04643092864059729,0.010045988485217094,0.990330696105957,0.4999280571937561,0.20856863260269165,0.028331756591796875,131365.09417649728,0.0,0.0,0.0,1
51200,inverse_warmup_m1,1.0,0.04861486330628395,0.01854032091796398,0.021248907626916964,0.8121005793412527,0.0,0.01448735035955906,0.05142291038901588,0.010045988485217094,0.990330696105957,0.4999280571937561,0.20856863260269165,0.028331756591796875,131365.09417649728,0.0,0.0,0.0,1
51400,inverse_warmup_m1,1.0,0.048275236040353775,0.018439453095197678,0.021534929672876995,0.8083168119192123,0.0,0.014442329294979572,0.04689344515496786,0.010045988485217094,0.990330696105957,0.4999280571937561,0.20856863260269165,0.028331756591796875,131365.09417649728,0.0,0.0,0.0,1
51600,inverse_warmup_m1,1.0,0.04888388514518738,0.01891806162893772,0.02220424668242534,0.8054914524157842,0.0,0.013876761309802532,0.07046363811269654,0.010045988485217094,0.990330696105957,0.4999280571937561,0.20856863260269165,0.028331756591796875,131365.09417649728,0.0,0.0,0.0,1
51800,inverse_warmup_m1,1.0,0.04946964979171753,0.019269390031695366,0.022200426707665127,0.8039398590723673,0.0,0.015088513493537903,0.13453835788802232,0.010045988485217094,0.990330696105957,0.4999280571937561,0.20856863260269165,0.028331756591796875,131365.09417649728,0.0,0.0,0.0,1
52000,inverse_warmup_m1,1.0,0.04836784303188324,0.018705058842897415,0.024437083241840202,0.7899519056081772,0.0,0.014493146911263466,0.10609994402305087,0.010045988485217094,0.990330696105957,0.4999280571937561,0.20856863260269165,0.028331756591796875,131365.09417649728,0.0,0.0,0.0,1
52200,inverse_warmup_m1,1.0,0.048459820449352264,0.018721647560596466,0.02166928133616845,0.8098574181397756,0.0,0.014266167767345905,0.07847326001938301,0.010045988485217094,0.990330696105957,0.4999280571937561,0.20856863260269165,0.028331756591796875,131365.09417649728,0.0,0.0,0.0,1
52400,inverse_warmup_m1,1.0,0.04809559881687164,0.018297482281923294,0.02159768824155132,0.8092723538478216,0.0,0.014279293827712536,0.04046817819950234,0.010045988485217094,0.990330696105957,0.4999280571937561,0.20856863260269165,0.028331756591796875,131365.09417649728,0.0,0.0,0.0,1
52600,inverse_warmup_m1,1.0,0.04793400317430496,0.01832105591893196,0.0213844560397168,0.8125222971041998,0.0,0.013918460346758366,0.04386527667177806,0.010045988485217094,0.990330696105957,0.4999280571937561,0.20856863260269165,0.028331756591796875,131365.09417649728,0.0,0.0,0.0,1
52800,inverse_warmup_m1,1.0,0.04763054847717285,0.01797506958246231,0.021515303757041693,0.8100218027830124,0.0,0.013831980526447296,0.04302884842118434,0.010045988485217094,0.990330696105957,0.4999280571937561,0.20856863260269165,0.028331756591796875,131365.09417649728,0.0,0.0,0.0,1
53000,inverse_warmup_m1,1.0,0.04860229045152664,0.01851547509431839,0.02156149735674262,0.8103003998597463,0.0,0.013874135911464691,0.047853918305159907,0.010045988485217094,0.990330696105957,0.4999280571937561,0.20856863260269165,0.028331756591796875,131365.09417649728,0.0,0.0,0.0,1
53200,inverse_warmup_m1,1.0,0.04750417172908783,0.018034059554338455,0.021954242140054703,0.8077291945616404,0.0,0.014246691949665546,0.05873567644659756,0.010045988485217094,0.990330696105957,0.4999280571937561,0.20856863260269165,0.028331756591796875,131365.09417649728,0.0,0.0,0.0,1
53400,inverse_warmup_m1,1.0,0.04848839342594147,0.018691441044211388,0.021421411850800116,0.8121611078580221,0.0,0.014227996580302715,0.05307481896183504,0.010045988485217094,0.990330696105957,0.4999280571937561,0.20856863260269165,0.028331756591796875,131365.09417649728,0.0,0.0,0.0,1
53600,inverse_warmup_m1,1.0,0.04823344200849533,0.018467318266630173,0.021256896822402876,0.8109642962614695,0.0,0.013897847384214401,0.04599063339943153,0.010045988485217094,0.990330696105957,0.4999280571937561,0.20856863260269165,0.028331756591796875,131365.09417649728,0.0,0.0,0.0,1
53800,inverse_warmup_m1,1.0,0.04903727024793625,0.018758131191134453,0.021628879631559055,0.8121461619933447,0.0,0.014316428452730179,0.055955623981741164,0.010045988485217094,0.990330696105957,0.4999280571937561,0.20856863260269165,0.028331756591796875,131365.09417649728,0.0,0.0,0.0,1
54000,inverse_warmup_m1,1.0,0.048081472516059875,0.018208513036370277,0.022204442260166008,0.805733342965444,0.0,0.014027591794729233,0.05329115316987328,0.010045988485217094,0.990330696105957,0.4999280571937561,0.20856863260269165,0.028331756591796875,131365.09417649728,0.0,0.0,0.0,1
54200,inverse_warmup_m1,1.0,0.048517219722270966,0.018639661371707916,0.02133108675479889,0.8117019236087799,0.0,0.014447037130594254,0.07503137338690156,0.010045988485217094,0.990330696105957,0.4999280571937561,0.20856863260269165,0.028331756591796875,131365.09417649728,0.0,0.0,0.0,1
54400,inverse_warmup_m1,1.0,0.04839674010872841,0.01859418675303459,0.021499167972554762,0.8112370918194453,0.0,0.013994034379720688,0.05321818705560183,0.010045988485217094,0.990330696105957,0.4999280571937561,0.20856863260269165,0.028331756591796875,131365.09417649728,0.0,0.0,0.0,1
54600,inverse_warmup_m1,1.0,0.047875721007585526,0.018266741186380386,0.021417463508745033,0.8117668976386389,0.0,0.014453012496232986,0.059397608285034584,0.010045988485217094,0.990330696105957,0.4999280571937561,0.20856863260269165,0.028331756591796875,131365.09417649728,0.0,0.0,0.0,1
54800,inverse_warmup_m1,1.0,0.04766359180212021,0.018184449523687363,0.021763136610388756,0.8104570358991623,0.0,0.013920463621616364,0.07650970613448918,0.010045988485217094,0.990330696105957,0.4999280571937561,0.20856863260269165,0.028331756591796875,131365.09417649728,0.0,0.0,0.0,1
55000,inverse_warmup_m1,1.0,0.04855642840266228,0.01865222491323948,0.02138709230348468,0.8121679226557413,0.0,0.014005647040903568,0.05185671911291791,0.010045988485217094,0.990330696105957,0.4999280571937561,0.20856863260269165,0.028331756591796875,131365.09417649728,0.0,0.0,0.0,1
55200,inverse_warmup_m1,1.0,0.04792296513915062,0.01818786934018135,0.021319979336112738,0.8120960692564646,0.0,0.013976619578897953,0.05058033616262613,0.010045988485217094,0.990330696105957,0.4999280571937561,0.20856863260269165,0.028331756591796875,131365.09417649728,0.0,0.0,0.0,1
55400,inverse_warmup_m1,1.0,0.04858315363526344,0.01855619251728058,0.021680685070653755,0.8125274131695429,0.0,0.01360674574971199,0.042259577442901784,0.010045988485217094,0.990330696105957,0.4999280571937561,0.20856863260269165,0.028331756591796875,131365.09417649728,0.0,0.0,0.0,1
55600,inverse_warmup_m1,1.0,0.047750357538461685,0.018283603712916374,0.02167090338965257,0.808772956331571,0.0,0.013703862205147743,0.033244110306433185,0.010045988485217094,0.990330696105957,0.4999280571937561,0.20856863260269165,0.028331756591796875,131365.09417649728,0.0,0.0,0.0,1
55800,inverse_warmup_m1,1.0,0.04884300008416176,0.018710142001509666,0.021312215210249025,0.8111001402139664,0.0,0.01396199595183134,0.03863026639938426,0.010045988485217094,0.990330696105957,0.4999280571937561,0.20856863260269165,0.028331756591796875,131365.09417649728,0.0,0.0,0.0,1
56000,inverse_warmup_m1,1.0,0.048520222306251526,0.01864347979426384,0.02139636951809128,0.8107900470495224,0.0,0.013902571052312851,0.03738212855451514,0.010045988485217094,0.990330696105957,0.4999280571937561,0.20856863260269165,0.028331756591796875,131365.09417649728,0.0,0.0,0.0,1
56200,inverse_warmup_m1,1.0,0.04854699596762657,0.018518004566431046,0.021364085686703522,0.8134964605172476,0.0,0.013878108002245426,0.0373863548081148,0.010045988485217094,0.990330696105957,0.4999280571937561,0.20856863260269165,0.028331756591796875,131365.09417649728,0.0,0.0,0.0,1
56400,inverse_warmup_m1,1.0,0.04666341468691826,0.017297424376010895,0.02134790535395344,0.8128740539153417,0.0,0.015606208704411983,0.06133672935828,0.010045988485217094,0.990330696105957,0.4999280571937561,0.20856863260269165,0.028331756591796875,131365.09417649728,0.0,0.0,0.0,1
56600,inverse_warmup_m1,1.0,0.04792390763759613,0.018055032938718796,0.02129638862485687,0.8120855738719305,0.0,0.01365564577281475,0.061287763599837404,0.010045988485217094,0.990330696105957,0.4999280571937561,0.20856863260269165,0.028331756591796875,131365.09417649728,0.0,0.0,0.0,1
56800,inverse_warmup_m1,1.0,0.04756937175989151,0.017983444035053253,0.02110677647093932,0.8122592916091284,0.0,0.01395948976278305,0.05438156006808506,0.010045988485217094,0.990330696105957,0.4999280571937561,0.20856863260269165,0.028331756591796875,131365.09417649728,0.0,0.0,0.0,1
57000,inverse_warmup_m1,1.0,0.04821152612566948,0.0184023380279541,0.02146532650416096,0.8137939870357513,0.0,0.01391486544162035,0.0510613613827165,0.010045988485217094,0.990330696105957,0.4999280571937561,0.20856863260269165,0.028331756591796875,131365.09417649728,0.0,0.0,0.0,1
57200,inverse_warmup_m1,1.0,0.048653438687324524,0.018592748790979385,0.021596909500658512,0.8091694662968317,0.0,0.014158140867948532,0.048130500632781265,0.010045988485217094,0.990330696105957,0.4999280571937561,0.20856863260269165,0.028331756591796875,131365.09417649728,0.0,0.0,0.0,1
57400,inverse_warmup_m1,1.0,0.04796012490987778,0.018113471567630768,0.021283083750555914,0.8117607831954956,0.0,0.013708549551665783,0.0671885430760511,0.010045988485217094,0.990330696105957,0.4999280571937561,0.20856863260269165,0.028331756591796875,131365.09417649728,0.0,0.0,0.0,1
57600,inverse_warmup_m1,1.0,0.049046922475099564,0.018899794667959213,0.021511215716600418,0.8122014502684275,0.0,0.014140103943645954,0.06838239988129381,0.010045988485217094,0.990330696105957,0.4999280571937561,0.20856863260269165,0.028331756591796875,131365.09417649728,0.0,0.0,0.0,1
57800,inverse_warmup_m1,1.0,0.04819054156541824,0.01835530623793602,0.02105070510879159,0.8130162705977758,0.0,0.013678218238055706,0.046407526954999716,0.010045988485217094,0.990330696105957,0.4999280571937561,0.20856863260269165,0.028331756591796875,131365.09417649728,0.0,0.0,0.0,1
58000,inverse_warmup_m1,1.0,0.048207834362983704,0.018191907554864883,0.02139606016377608,0.8124541292587916,0.0,0.013542655855417252,0.06136126412326854,0.010045988485217094,0.990330696105957,0.4999280571937561,0.20856863260269165,0.028331756591796875,131365.09417649728,0.0,0.0,0.0,1
58200,inverse_warmup_m1,1.0,0.04822935909032822,0.018323998898267746,0.021031580710162718,0.8111150711774826,0.0,0.013938247226178646,0.05030920914004732,0.010045988485217094,0.990330696105957,0.4999280571937561,0.20856863260269165,0.028331756591796875,131365.09417649728,0.0,0.0,0.0,1
58400,inverse_warmup_m1,1.0,0.04856133460998535,0.01835964433848858,0.021270455326884985,0.8101824373006821,0.0,0.013618740253150463,0.0673327048179377,0.010045988485217094,0.990330696105957,0.4999280571937561,0.20856863260269165,0.028331756591796875,131365.09417649728,0.0,0.0,0.0,1
58600,inverse_warmup_m1,1.0,0.048785947263240814,0.01847236230969429,0.02090499270707369,0.8130138218402863,0.0,0.013479137793183327,0.044785336736374616,0.010045988485217094,0.990330696105957,0.4999280571937561,0.20856863260269165,0.028331756591796875,131365.09417649728,0.0,0.0,0.0,1
58800,inverse_warmup_m1,1.0,0.04871906340122223,0.018643029034137726,0.021242392249405384,0.8115461071332296,0.0,0.01390940323472023,0.060131458516376794,0.010045988485217094,0.990330696105957,0.4999280571937561,0.20856863260269165,0.028331756591796875,131365.09417649728,0.0,0.0,0.0,1
59000,inverse_warmup_m1,1.0,0.04866643622517586,0.01853785291314125,0.02145843083659808,0.8111276924610138,0.0,0.013288108631968498,0.05274729982044261,0.010045988485217094,0.990330696105957,0.4999280571937561,0.20856863260269165,0.028331756591796875,131365.09417649728,0.0,0.0,0.0,1
59200,inverse_warmup_m1,1.0,0.04812980070710182,0.018257267773151398,0.02147278670842449,0.8102805117766062,0.0,0.013599802739918232,0.05373384988898198,0.010045988485217094,0.990330696105957,0.4999280571937561,0.20856863260269165,0.028331756591796875,131365.09417649728,0.0,0.0,0.0,1
59400,inverse_warmup_m1,1.0,0.04798828065395355,0.018179383128881454,0.02123336400836706,0.8127473145723343,0.0,0.013207356445491314,0.06904972842246918,0.010045988485217094,0.990330696105957,0.4999280571937561,0.20856863260269165,0.028331756591796875,131365.09417649728,0.0,0.0,0.0,1
59600,inverse_warmup_m1,1.0,0.047857899218797684,0.017967505380511284,0.021329421550035477,0.8105259339014689,0.0,0.013405376113951206,0.05071600714348533,0.010045988485217094,0.990330696105957,0.4999280571937561,0.20856863260269165,0.028331756591796875,131365.09417649728,0.0,0.0,0.0,1
59800,inverse_warmup_m1,1.0,0.04915725439786911,0.018741918727755547,0.021054551626245182,0.8126232673724493,0.0,0.013580845668911934,0.052520915857173514,0.010045988485217094,0.990330696105957,0.4999280571937561,0.20856863260269165,0.028331756591796875,131365.09417649728,0.0,0.0,0.0,1
60000,inverse_warmup_m1,1.0,0.04827183857560158,0.01842193678021431,0.02199703191096584,0.8074121723572413,0.0,0.014052166603505611,0.06706742788842827,0.010045988485217094,0.990330696105957,0.4999280571937561,0.20856863260269165,0.028331756591796875,131365.09417649728,0.0,0.0,0.0,1
60200,inverse_warmup_m1,1.0,0.048335157334804535,0.018459133803844452,0.02108824144427975,0.8127980331579844,0.0,0.013391169719398022,0.052864036597964986,0.010045988485217094,0.990330696105957,0.4999280571937561,0.20856863260269165,0.028331756591796875,131365.09417649728,0.0,0.0,0.0,1
60400,inverse_warmup_m1,1.0,0.047842107713222504,0.018273934721946716,0.021494891960173845,0.8110983322064081,0.0,0.013507354073226452,0.05023309922404191,0.010045988485217094,0.990330696105957,0.4999280571937561,0.20856863260269165,0.028331756591796875,131365.09417649728,0.0,0.0,0.0,1
60600,inverse_warmup_m1,1.0,0.048294804990291595,0.018275100737810135,0.021114578004926443,0.8129054556290308,0.0,0.013390789739787579,0.04777873387342326,0.010045988485217094,0.990330696105957,0.4999280571937561,0.20856863260269165,0.028331756591796875,131365.09417649728,0.0,0.0,0.0,1
60750,inverse_warmup_m1,1.0,0.04830098897218704,0.018122054636478424,0.021162312012165785,0.8136768788099289,0.0,0.013336499221622944,0.052381100385481376,0.010045988485217094,0.990330696105957,0.4999280571937561,0.20856863260269165,0.028331756591796875,131365.09417649728,0.0,0.0,0.0,1
60800,joint_m1,1.0,0.046732544898986816,0.017473232001066208,0.02025780128315091,0.8192621171474457,1.7711029158817837e-06,0.012616090476512909,0.04389296112761601,0.010028893128037453,0.9903087019920349,0.4999137222766876,0.20856669545173645,0.028270721435546875,131350.56336384706,14.530812650220469,1.8879661560058594,8.379551887512207,0
61000,joint_m1,1.0,0.04436188191175461,0.01589548960328102,0.01865516308074196,0.8298645714918772,1.4741137874807464e-06,0.010830719955265522,0.04214469934646921,0.010033860802650452,0.9902134537696838,0.4998614490032196,0.20860472321510315,0.028148651123046875,131330.24559483622,34.84858166106278,6.83966588973999,30.018430709838867,0
61200,joint_m1,1.0,0.042980510741472244,0.015122023411095142,0.017159372568130493,0.8422563771406809,1.3833354159942246e-06,0.010461045429110527,0.05350025267202181,0.010046951472759247,0.990145206451416,0.4998190701007843,0.20866520702838898,0.02799224853515625,131329.19297703766,35.90119945962215,10.438638687133789,45.82208251953125,0
61400,joint_m1,1.0,0.04126755893230438,0.014065464958548546,0.015807889789963763,0.8533110668261846,1.2951868484378792e-06,0.00999478343874216,0.07849326484569855,0.010057153180241585,0.9900919198989868,0.49977973103523254,0.208740696310997,0.02790069580078125,131340.6465645727,24.447611924580997,13.429861068725586,58.99698257446289,0
61600,joint_m1,1.0,0.040400221943855286,0.013540688902139664,0.015028826892375946,0.8600578159093857,1.2208222415210912e-06,0.00939585454761982,0.054040344235192,0.010066784918308258,0.9900319576263428,0.49974334239959717,0.2088230550289154,0.02785491943359375,131358.4370187161,6.657157781184651,16.048336029052734,70.5555191040039,0
61800,joint_m1,1.0,0.03954724967479706,0.012818572111427784,0.014346700627356768,0.8641599069039027,1.16046066978015e-06,0.009000081568956375,0.0701145958818407,0.010048607364296913,0.9899839162826538,0.49971044063568115,0.20890173316001892,0.027744293212890625,131375.43003164633,10.335855149052804,18.387638092041016,80.9039535522461,0
62000,joint_m1,1.0,0.0388692207634449,0.012523734010756016,0.013995164151613912,0.8695587168137232,1.129382894760056e-06,0.008700479753315449,0.05121484233468985,0.010045599192380905,0.9899390339851379,0.4996759295463562,0.20898671448230743,0.027561187744140625,131397.65793955384,32.563763056561584,20.524274826049805,90.37178039550781,0
62200,joint_m1,1.0,0.037809163331985474,0.012004002928733826,0.013331106087813774,0.8722658554712931,1.0832591215148568e-06,0.008512682281434536,0.03554118554452355,0.010044874623417854,0.9898990988731384,0.49964481592178345,0.2090749591588974,0.027469635009765625,131423.13902810265,58.04485160537297,22.498180389404297,99.13399505615234,0
62400,joint_m1,1.0,0.0379970446228981,0.011955061927437782,0.012932236539199948,0.8775671670834223,1.0432419230710366e-06,0.0081193707883358,0.03711973585976255,0.010049758478999138,0.989861249923706,0.49961334466934204,0.20916785299777985,0.02732086181640625,131452.75945372923,87.66527723195031,24.352079391479492,107.3747787475586,0
62600,joint_m1,1.0,0.036653291434049606,0.011202115565538406,0.01267359273818632,0.8802040815353394,1.0291527132721967e-06,0.008006229065358639,0.03610899726581259,0.010053716599941254,0.9898239970207214,0.49958235025405884,0.20926499366760254,0.02716827392578125,131486.08808539403,120.99390889675124,26.09552574157715,115.13863372802734,0
62800,joint_m1,1.0,0.03693140670657158,0.011611534282565117,0.012403545047466954,0.8832554717858633,1.0163215620195842e-06,0.007981694303452969,0.0431022561909659,0.010065669193863869,0.9897884130477905,0.49955248832702637,0.20935960114002228,0.027088165283203125,131518.44281316595,153.34863666867022,27.732576370239258,122.43707275390625,0
63000,joint_m1,1.0,0.03599730134010315,0.010990076698362827,0.01211628170373539,0.8850653817256292,1.0064816251542652e-06,0.0078132264316082,0.037929499620232614,0.010071134194731712,0.9897527694702148,0.49952131509780884,0.20946000516414642,0.027019500732421875,131555.91139891814,190.8172224208538,29.288330078125,129.38526916503906,0
63200,joint_m1,1.0,0.035959988832473755,0.010745716281235218,0.011721515019113818,0.8885343372821808,9.705636330181733e-07,0.007496684789657593,0.04067048754418582,0.010081426240503788,0.9897186756134033,0.4994891285896301,0.20956464111804962,0.026935577392578125,131597.0654991972,231.97132269991562,30.7708797454834,136.01422119140625,0
63400,joint_m1,1.0,0.0349905788898468,0.010433437302708626,0.011432056780904531,0.8915729969739914,9.66745801633806e-07,0.007376505061984062,0.027783397067197745,0.010081450454890728,0.9896863102912903,0.4994584918022156,0.20967140793800354,0.026836395263671875,131640.579275541,275.4850990437262,32.186614990234375,142.3513946533203,0
63600,joint_m1,1.0,0.03464135527610779,0.010203296318650246,0.011179166457926234,0.8935062934954962,9.526879694021773e-07,0.0075019351206719875,0.04737842175946035,0.010090624913573265,0.989662766456604,0.4994280934333801,0.20977768301963806,0.026744842529296875,131684.7240950901,319.62991859280737,33.53820037841797,148.41036987304688,0
63800,joint_m1,1.0,0.034416407346725464,0.010189971886575222,0.011216933839023113,0.8922033508618673,9.295391691921395e-07,0.007210324052721262,0.02944625507781201,0.010099750012159348,0.9896352887153625,0.49939775466918945,0.20988649129867554,0.026691436767578125,131731.45045887865,366.35628238136997,34.83531951904297,154.23277282714844,0
64000,joint_m1,1.0,0.03402111679315567,0.009916242212057114,0.010878235644971332,0.8982434074083964,9.236132996193192e-07,0.007122805807739496,0.0247950554315378,0.010106721892952919,0.9896109104156494,0.4993690550327301,0.2099904716014862,0.026638031005859375,131775.83681388633,410.74263738904847,36.07376480102539,159.79820251464844,0
64200,joint_m1,1.0,0.03327546268701553,0.009440149180591106,0.010667366053288182,0.897902915875117,8.888404749995971e-07,0.0069366213865578175,0.03627047596005192,0.010112210176885128,0.989589512348175,0.4993412494659424,0.2100914716720581,0.026569366455078125,131819.2216636102,454.1274871129135,37.258644104003906,165.1328582763672,0
64400,joint_m1,1.0,0.0336284413933754,0.00961345061659813,0.01039744222847124,0.9011308600505193,9.011653219204163e-07,0.006920246407389641,0.02299396994855361,0.010120155289769173,0.9895702600479126,0.49931269884109497,0.21019713580608368,0.026470184326171875,131866.23428307945,501.1401065821701,38.40624237060547,170.30368041992188,0
64600,joint_m1,1.0,0.03300429880619049,0.009300818666815758,0.01027949620038271,0.9029703239599863,8.763820460444549e-07,0.006704536732286215,0.05195514935303251,0.01012494694441557,0.9895520806312561,0.4992741048336029,0.21030469238758087,0.026393890380859375,131914.8835878651,549.7894113678194,39.5164909362793,175.3110809326172,0
64800,joint_m1,1.0,0.03312309831380844,0.009536156430840492,0.010227322267989317,0.9041693210601807,8.784361966718279e-07,0.006740147713571787,0.031958942146930465,0.010133922100067139,0.9895377159118652,0.4992442727088928,0.21040961146354675,0.02635955810546875,131962.73898339638,597.6448068991012,40.585662841796875,180.13819885253906,0
65000,joint_m1,1.0,0.03224450349807739,0.009056570008397102,0.010101281339302659,0.9045911779006323,8.681359418005741e-07,0.0065498026087880135,0.03543257873481522,0.010137515142560005,0.9895228743553162,0.49921679496765137,0.21051569283008575,0.02629852294921875,132012.00430263908,646.9101261417964,41.61724853515625,184.8025360107422,0
65200,joint_m1,1.0,0.03275970742106438,0.009232444688677788,0.009990299819037318,0.9054483522971472,8.579711447964655e-07,0.006491731386631727,0.020751318502700577,0.010143818333745003,0.9895128607749939,0.49918878078460693,0.21061956882476807,0.0261993408203125,132060.43707333397,695.3428968366934,42.60969543457031,189.2947998046875,0
65400,joint_m1,1.0,0.032225530594587326,0.009011601097881794,0.009782279763991633,0.9070936938126882,8.610912800577353e-07,0.00652263592928648,0.03363718412057825,0.01014946959912777,0.9894970655441284,0.49915754795074463,0.21073246002197266,0.026210784912109375,132115.44818074835,750.3540042510722,43.57872009277344,193.6856689453125,0
65600,joint_m1,1.0,0.03195520117878914,0.00876762717962265,0.009517107391729951,0.9105598678191503,8.42152701352461e-07,0.0064036049880087376,0.021153338491362503,0.010153121314942837,0.9894911050796509,0.49913132190704346,0.21083849668502808,0.02606964111328125,132166.26038441126,801.1662079139787,44.51410675048828,197.92776489257812,0
65800,joint_m1,1.0,0.03126627951860428,0.008411388844251633,0.009390240690360466,0.9116328905026118,9.67914161265071e-07,0.0072948262095451355,0.02513806484170453,0.010155205614864826,0.9894799590110779,0.4991051256656647,0.21093741059303284,0.025970458984375,132213.21156374653,848.1173872492509,45.40974807739258,201.99533081054688,0
66000,joint_m1,1.0,0.031203193590044975,0.00846911408007145,0.009422336549808582,0.9131979594628016,8.320263304995024e-07,0.006377877201884985,0.01658156000024954,0.01016173604875803,0.9894735217094421,0.4990801215171814,0.21103405952453613,0.02587890625,132259.17054026914,894.0763637718628,46.274757385253906,205.92955017089844,0
66200,joint_m1,1.0,0.031183725222945213,0.008434182964265347,0.009251796873286366,0.9123174349466959,8.252524708041165e-07,0.006242011673748493,0.029838813904011087,0.010163731873035431,0.9894639253616333,0.49905848503112793,0.2111298143863678,0.02582550048828125,132305.33800266715,940.2438261698699,47.11229705810547,209.74398803710938,0
66400,joint_m1,1.0,0.03105056844651699,0.008318174630403519,0.009249253974606594,0.9137396266063055,8.059349170252972e-07,0.006106125190854073,0.03348155649076184,0.010165991261601448,0.9894559979438782,0.49903416633605957,0.2112235128879547,0.02574920654296875,132350.60734276968,985.5131662724016,47.92368698120117,213.44203186035156,0
66600,joint_m1,1.0,0.03137782961130142,0.008508531376719475,0.009178148272136847,0.9157709280649821,8.377781455237709e-07,0.0063203079625964165,0.04656302348583712,0.010167598724365234,0.9894494414329529,0.4990091323852539,0.2113201767206192,0.025699615478515625,132398.56820978087,1033.4740332835936,48.7149543762207,217.05233764648438,0
66800,joint_m1,1.0,0.03039296343922615,0.008119255304336548,0.008905030321329832,0.9158322016398112,8.122063377413724e-07,0.006052115000784397,0.02800494717682139,0.010168183594942093,0.989448070526123,0.4989858865737915,0.21141701936721802,0.025638580322265625,132446.9292056256,1081.8350291283277,49.48940658569336,220.58750915527344,0
67000,joint_m1,1.0,0.030841164290905,0.00831620953977108,0.008959670163070163,0.9174622396628062,8.043709840421798e-07,0.00602694321423769,0.03857575666571782,0.010171961970627308,0.989443302154541,0.49896183609962463,0.21150851249694824,0.025592803955078125,132492.3047425774,1127.2105660801171,50.23307800292969,223.98817443847656,0
67200,joint_m1,1.0,0.030280273407697678,0.00802888348698616,0.008784555364400148,0.9187021404504776,7.923278531052347e-07,0.005953100509941578,0.04210999835199416,0.010174070484936237,0.989443302154541,0.4989393353462219,0.2115996778011322,0.0254974365234375,132538.08195382942,1172.987777332135,50.9544792175293,227.29104614257812,0
67400,joint_m1,1.0,0.03016081638634205,0.0079532191157341,0.008636650396510959,0.9199313024679819,7.914741786407831e-07,0.005983981769531965,0.021217491632508814,0.01017806213349104,0.9894375801086426,0.4989168643951416,0.2116936296224594,0.025432586669921875,132586.06768435362,1220.973507856339,51.66160583496094,230.52993774414062,0
67600,joint_m1,1.0,0.030013034120202065,0.007955042645335197,0.008634410100057721,0.9208260675271353,8.032977234506689e-07,0.005961054936051369,0.03242533641675449,0.01018099207431078,0.9894367456436157,0.4988967180252075,0.21178098022937775,0.025386810302734375,132630.09082406602,1264.9966475687397,52.343021392822266,233.65614318847656,0
67800,joint_m1,1.0,0.029979368671774864,0.007878102362155914,0.008582058983544508,0.9193906883398691,7.815817184564366e-07,0.005883745849132538,0.03721404254810494,0.010181443765759468,0.9894325733184814,0.4988764524459839,0.21186645328998566,0.025341033935546875,132673.62854765073,1308.5343711534515,53.005615234375,236.7003631591797,0
68000,joint_m1,1.0,0.03009875677525997,0.00782966148108244,0.00843537226319313,0.9212403893470764,7.863956170695019e-07,0.005834188777953386,0.041424155924560425,0.010180925019085407,0.9894309043884277,0.4988534450531006,0.21195317804813385,0.02532196044921875,132718.34791015144,1353.2537336541573,53.65205001831055,239.67233276367188,0
68200,joint_m1,1.0,0.029554428532719612,0.00773349404335022,0.008409604507808885,0.9224826544523239,7.742888215034327e-07,0.0058189863339066505,0.024777127958659346,0.010182702913880348,0.9894277453422546,0.4988330602645874,0.21203595399856567,0.025279998779296875,132760.74600573772,1395.6518292404362,54.27949905395508,242.55921936035156,0
68400,joint_m1,1.0,0.029559709131717682,0.007685909513384104,0.00838094352123638,0.9220238129297892,7.683254352741642e-07,0.005653538275510073,0.017210619421682068,0.010181626304984093,0.989429771900177,0.4988133907318115,0.21211670339107513,0.025310516357421875,132802.27467931414,1437.18050281686,54.88946533203125,245.36964416503906,0
68600,joint_m1,1.0,0.029690340161323547,0.00767673272639513,0.008252844602490464,0.9220601469278336,7.673720574530307e-07,0.0057579223066568375,0.06208409452235184,0.010182121768593788,0.9894269704818726,0.4987925887107849,0.21219801902770996,0.025279998779296875,132844.63828096338,1479.5441044660984,55.486427307128906,248.12191772460938,0
68800,joint_m1,1.0,0.029135163873434067,0.0075867511332035065,0.008222754423817,0.9235671361287435,7.530448442594206e-07,0.005489485338330269,0.02591594087844788,0.010176888667047024,0.9894262552261353,0.4987717866897583,0.2122785598039627,0.025238037109375,132887.04231790247,1521.9481414051843,56.06930923461914,250.8123321533203,0
69000,joint_m1,1.0,0.029136642813682556,0.007595658767968416,0.008250906364992261,0.924136276046435,7.697390174143948e-07,0.005713687743991613,0.04395482733173017,0.010177619755268097,0.989421546459198,0.4987521469593048,0.21235695481300354,0.02516937255859375,132928.2619159673,1563.1677394700237,56.637420654296875,253.43690490722656,0
69200,joint_m1,1.0,0.029572119936347008,0.007628539111465216,0.008038020227104425,0.9253755211830139,8.052022053561814e-07,0.005911785177886486,0.04792355857897483,0.010178114287555218,0.9894192218780518,0.4987313151359558,0.21243640780448914,0.025146484375,132970.82410814788,1605.729931650596,57.19502258300781,256.0161437988281,0
69400,joint_m1,1.0,0.029065411537885666,0.007595807779580355,0.008149383589625359,0.9256232033173243,7.709051601523242e-07,0.005571932997554541,0.04611757883821363,0.010181448422372341,0.9894179701805115,0.49871140718460083,0.21251703798770905,0.025119781494140625,133014.1348278445,1649.0406513472262,57.744834899902344,258.5599365234375,0
69600,joint_m1,1.0,0.0291941836476326,0.007487292401492596,0.008016161310176054,0.925669069091479,7.705847338002059e-07,0.005761440377682447,0.042407361164197695,0.010180569253861904,0.9894149303436279,0.49869075417518616,0.2125975787639618,0.02506256103515625,133058.13947293867,1693.0452964413853,58.28242874145508,261.0510559082031,0
69800,joint_m1,1.0,0.028484385460615158,0.007245538756251335,0.007965700856099526,0.9259966512521108,7.564016755168268e-07,0.005532575771212578,0.036250071260313155,0.010181741788983345,0.9894105792045593,0.49867063760757446,0.21267853677272797,0.025054931640625,133102.26035646428,1737.1661799669964,58.80880355834961,263.4894714355469,0
70000,joint_m1,1.0,0.028940387070178986,0.007403966970741749,0.00798051431775093,0.9274492015441259,7.666189389965439e-07,0.005713232792913914,0.05842141222841847,0.010180703364312649,0.9894104599952698,0.49865061044692993,0.2127588838338852,0.025051116943359375,133146.8434473758,1781.7492708785285,59.324405670166016,265.8819274902344,0
70200,joint_m1,1.0,0.028866736218333244,0.00733950873836875,0.00783704430796206,0.9268181324005127,7.343687684624456e-07,0.0053946771658957005,0.037805976210558805,0.01017975714057684,0.9894102811813354,0.4986304044723511,0.21283867955207825,0.0250244140625,133191.35779771899,1826.263621221704,59.83007049560547,268.2306213378906,0
70400,joint_m1,1.0,0.0285296980291605,0.007211732212454081,0.008019277127459645,0.9256926675637563,7.39471317956486e-07,0.005410327576100826,0.037070814537519904,0.010176697745919228,0.9894090890884399,0.4986116588115692,0.2129160463809967,0.02497100830078125,133234.47385718158,1869.379680684302,60.322227478027344,270.51861572265625,0
70600,joint_m1,1.0,0.028613494709134102,0.007252109237015247,0.007822372407341996,0.9282942662636439,7.431306130456505e-07,0.005465112626552582,0.037013514221104174,0.010179800912737846,0.9894073605537415,0.4985915720462799,0.2129964530467987,0.024929046630859375,133279.75029988613,1914.6561233888497,60.80841827392578,272.77960205078125,0
70800,joint_m1,1.0,0.027999458834528923,0.0070255352184176445,0.007667514495551586,0.9286343504985174,7.309623697437928e-07,0.005248106084764004,0.02926386944206376,0.01017946470528841,0.9894075989723206,0.4985726475715637,0.2130710780620575,0.024913787841796875,133321.30164381085,1956.2074673135648,61.28096389770508,274.9788513183594,0
71000,joint_m1,1.0,0.027619393542408943,0.006836185231804848,0.007737565242374937,0.927749032775561,7.131386041692167e-07,0.005154089070856571,0.035277085630497765,0.010187914595007896,0.9894052147865295,0.4985547363758087,0.2131432294845581,0.02487945556640625,133361.55008097348,1996.455904476199,61.74130630493164,277.1240539550781,0
71200,joint_m1,1.0,0.027809640392661095,0.006871012970805168,0.00762257104118665,0.928909033536911,7.377842052846972e-07,0.005357811227440834,0.03728724774398524,0.010188105516135693,0.9894039630889893,0.4985378384590149,0.21321165561676025,0.02483367919921875,133399.61403242513,2034.5198559278506,62.19035339355469,279.2174377441406,0
71400,joint_m1,1.0,0.027804676443338394,0.006903684698045254,0.0076094596879556775,0.9296642740567526,7.336055887208204e-07,0.005271648522466421,0.03020795519120511,0.01018981821835041,0.9894025325775146,0.49852225184440613,0.21327528357505798,0.0247802734375,133434.88911075695,2069.7949342596694,62.6268424987793,281.25634765625,0
71600,joint_m1,1.0,0.027543189004063606,0.0068866414949297905,0.007734044222161174,0.9303536415100098,7.398306252071052e-07,0.005328669212758541,0.04727005034168911,0.010189996100962162,0.9894047975540161,0.4985068440437317,0.21333487331867218,0.024730682373046875,133467.72277970432,2102.6286032070348,63.052764892578125,283.2469177246094,0
71800,joint_m1,1.0,0.027849555015563965,0.006902438588440418,0.00752375313701729,0.9309455007314682,7.148685767788265e-07,0.005145111586898565,0.027102019120636513,0.01018916442990303,0.989406406879425,0.49849075078964233,0.21339519321918488,0.024677276611328125,133501.05461755724,2135.960441059957,63.47117233276367,285.20318603515625,0
72000,joint_m1,1.0,0.027359528467059135,0.006733857095241547,0.007493120812190075,0.930682823061943,7.080544719428872e-07,0.005096904002130032,0.0412794096885936,0.010186788626015186,0.9894038438796997,0.4984750747680664,0.21345342695713043,0.024684906005859375,133533.3122183375,2168.218041840213,63.880802154541016,287.1198425292969,0
72200,joint_m1,1.0,0.030084576457738876,0.007930314168334007,0.008861257849882046,0.920661191145579,7.286605523404432e-07,0.005282526835799217,0.02113760503986341,0.010158274322748184,0.9893960356712341,0.4984458088874817,0.2135612815618515,0.0246734619140625,133600.05748501758,2234.963308520295,64.32196044921875,289.1866149902344,0
72400,joint_m1,1.0,0.027786985039711,0.006927075795829296,0.007481467095203698,0.9299797068039576,7.139591957638913e-07,0.0051213596016168594,0.02386792942135353,0.010154031217098236,0.9893991947174072,0.49841195344924927,0.21368612349033356,0.0246734619140625,133677.14180068334,2312.0476241860597,64.79680633544922,291.39874267578125,0
72600,joint_m1,1.0,0.027884848415851593,0.006862670183181763,0.007364129919248323,0.9310525953769684,7.142547246985487e-07,0.005078502465039492,0.034791997549788026,0.010156399570405483,0.9893980026245117,0.49839064478874207,0.21376195549964905,0.02465057373046875,133721.58682875402,2356.4926522567403,65.22172546386719,293.3858337402344,0
72800,joint_m1,1.0,0.027223479002714157,0.00661608437076211,0.007446439083044727,0.9306865334510803,7.160250561355497e-07,0.005063632503151894,0.03227583130162799,0.010153734125196934,0.9893980026245117,0.4983707666397095,0.21383367478847504,0.024662017822265625,133763.44493171517,2398.3507552178926,65.63384246826172,295.3143615722656,0
73000,joint_m1,1.0,0.027120552957057953,0.006639624945819378,0.007296164015618463,0.9331996689240137,6.972468327148817e-07,0.0049843876622617245,0.02410033122729147,0.010153508745133877,0.9893950819969177,0.4983524680137634,0.2138982117176056,0.02466583251953125,133800.64454254322,2435.5503660459362,66.03191375732422,297.1806335449219,0
73200,joint_m1,1.0,0.027169089764356613,0.006671485956758261,0.00743476115167141,0.9304572741190592,6.951149202905071e-07,0.00495440699160099,0.029777074156000338,0.01015444379299879,0.9893948435783386,0.49833768606185913,0.21396072208881378,0.02466583251953125,133836.53312903768,2471.4389525403967,66.42008972167969,299.00079345703125,0
73400,joint_m1,1.0,0.02715294063091278,0.006621583364903927,0.007187227834947407,0.9341192493836085,7.089540758897783e-07,0.0050961291417479515,0.03829552863979591,0.01015470176935196,0.9893925189971924,0.49831917881965637,0.2140185832977295,0.024639129638671875,133869.68899642667,2504.5948199293925,66.79689025878906,300.7699890136719,0
73600,joint_m1,1.0,0.026566801592707634,0.006394949741661549,0.007161140829945604,0.9334510167439779,6.974785264901584e-07,0.00494706304743886,0.032746933158685355,0.010154549032449722,0.9893894791603088,0.4983029067516327,0.21407073736190796,0.024593353271484375,133899.21941520047,2534.1252387031855,67.16182708740234,302.4856262207031,0
73800,joint_m1,1.0,0.027140602469444275,0.006685557775199413,0.007175705938910444,0.933467427889506,6.910178171892767e-07,0.004974747076630592,0.03529300587186941,0.010158220306038857,0.989387035369873,0.49828746914863586,0.2141209989786148,0.024562835693359375,133927.77229536822,2562.678118870943,67.51846313476562,304.1647644042969,0
74000,joint_m1,1.0,0.026672247797250748,0.006436391733586788,0.007084146103200813,0.9347246338923773,6.964505701034795e-07,0.004937664605677128,0.028407573454729343,0.010159596800804138,0.9893865585327148,0.498271644115448,0.21417105197906494,0.024562835693359375,133956.30380090367,2591.209624406387,67.8700180053711,305.8207702636719,0
74200,joint_m1,1.0,0.026965051889419556,0.006550665013492107,0.007152999169193208,0.9345327963431677,7.004998110460292e-07,0.0049615888856351376,0.043779184007266735,0.010161740705370903,0.9893859624862671,0.49825531244277954,0.21422164142131805,0.02457427978515625,133985.38714352399,2620.292967026704,68.21591186523438,307.4512939453125,0
74400,joint_m1,1.0,0.026490777730941772,0.0064176879823207855,0.00710518720249335,0.9352328280607859,7.075711323523137e-07,0.00491567887365818,0.04266561608464177,0.010160019621253014,0.9893825054168701,0.49823814630508423,0.2142757922410965,0.024547576904296875,134017.11556364733,2652.0213871500455,68.55943298339844,309.0713806152344,0
74600,joint_m1,1.0,0.026964740827679634,0.006570453755557537,0.0070656116198127466,0.9356927921374639,6.828599907748867e-07,0.004823467694222927,0.024591837018121454,0.010159975849092007,0.9893808364868164,0.4982214570045471,0.21432730555534363,0.024532318115234375,134047.21699460977,2682.1228181124898,68.89543914794922,310.6575622558594,0
74800,joint_m1,1.0,0.026423681527376175,0.006302052177488804,0.007059782782259087,0.9364539086818695,6.857410994598467e-07,0.004765182733535767,0.01869715418310768,0.01016116514801979,0.9893797039985657,0.4982047975063324,0.21437658369541168,0.0244903564453125,134076.0744055404,2710.9802290431107,69.22463989257812,312.2125244140625,0
75000,joint_m1,1.0,0.02668057754635811,0.0063399383798241615,0.007027318235486746,0.9355862488349279,6.858859933345229e-07,0.004835779778659344,0.0436085577747923,0.010160551406443119,0.9893779158592224,0.49818816781044006,0.21442684531211853,0.024509429931640625,134105.71209310959,2740.617916612304,69.54818725585938,313.74224853515625,0
75200,joint_m1,1.0,0.026122836396098137,0.0061540864408016205,0.00697792274877429,0.9364887674649557,7.595265856252809e-07,0.005343487020581961,0.028787438002349036,0.010160844773054123,0.9893753528594971,0.498171329498291,0.2144794911146164,0.024509429931640625,134137.05325524337,2771.959078746091,69.86972045898438,315.261474609375,0
75400,joint_m1,1.0,0.02640124410390854,0.006367944646626711,0.0070044427799681825,0.9370760122934977,6.858829806333233e-07,0.00484981806948781,0.031099799556984883,0.010162388905882835,0.9893742203712463,0.4981556534767151,0.2145269215106964,0.0244598388671875,134165.01362128652,2799.919444789237,70.18280792236328,316.7436218261719,0
75600,joint_m1,1.0,0.026331771165132523,0.006297053769230843,0.006960217918579777,0.9359377572933832,6.826923026892473e-07,0.004740804433822632,0.024224550858973754,0.010162187740206718,0.9893719553947449,0.4981400966644287,0.214574933052063,0.024425506591796875,134193.47179352652,2828.3776170292404,70.4919204711914,318.2079772949219,0
75800,joint_m1,1.0,0.026405785232782364,0.006258600857108831,0.0069839173229411244,0.9366405556599299,6.916485517649562e-07,0.004866005387157202,0.038016050024580375,0.010163016617298126,0.98936927318573,0.49812352657318115,0.21462421119213104,0.024410247802734375,134222.86994398534,2857.775767488056,70.79783630371094,319.656982421875,0
76000,joint_m1,1.0,0.026767291128635406,0.006370368413627148,0.0069218775412688656,0.9357636819283167,6.795095259803929e-07,0.004785969853401184,0.04292231464327366,0.010164652951061726,0.9893664717674255,0.49810856580734253,0.21467237174510956,0.024444580078125,134251.8802847841,2886.7861082868185,71.09825134277344,321.0821228027344,0
76200,joint_m1,1.0,0.026233771815896034,0.006212301552295685,0.006884907449906071,0.9366101870934168,7.007431008787535e-07,0.0048760115168988705,0.04843166607812024,0.010165601968765259,0.989366352558136,0.4980909824371338,0.21472565829753876,0.0244293212890625,134284.67433031963,2919.580153822346,71.39933013916016,322.51019287109375,0
76400,joint_m1,1.0,0.02648545429110527,0.006316342391073704,0.0068598515742147965,0.9377024273077647,6.862387067485543e-07,0.0047338274307549,0.03981507550510424,0.010167349129915237,0.9893691539764404,0.49807506799697876,0.21477648615837097,0.02442169189453125,134315.6611568435,2950.5669803462224,71.69330596923828,323.9054260253906,0
76600,joint_m1,1.0,0.026099354028701782,0.006207345053553581,0.006807141743289928,0.9384444355964661,6.80517814544146e-07,0.004713854286819696,0.030772990139421294,0.01016576960682869,0.9893695116043091,0.4980565905570984,0.21483206748962402,0.024417877197265625,134350.131700717,2985.0375242197188,71.98835754394531,325.3056640625,0
76800,joint_m1,1.0,0.026323644444346428,0.006277074571698904,0.0068121519483005,0.9383559226989746,6.772951337552513e-07,0.004761790856719017,0.03852580929170557,0.010164878331124783,0.9893683791160583,0.498041033744812,0.21488215029239655,0.024379730224609375,134381.00437189775,3015.9101954004727,72.27508544921875,326.66827392578125,0
77000,joint_m1,1.0,0.02609417214989662,0.006203631870448589,0.006923565175384283,0.9385750492413839,6.883562946313759e-07,0.004768179729580879,0.022533599192846136,0.010167152620851994,0.9893661737442017,0.4980257749557495,0.21492865681648254,0.02437591552734375,134409.70631617345,3044.6121396761737,72.55570983886719,328.0035705566406,0
77200,joint_m1,1.0,0.026450717821717262,0.006237092427909374,0.0067705798816556735,0.9376628895600637,6.721001568621432e-07,0.004727125633507967,0.06571430912383602,0.010169120505452156,0.9893642663955688,0.49801111221313477,0.2149747610092163,0.02434539794921875,134438.2193276897,3073.12515119242,72.8328628540039,329.3242492675781,0
77400,joint_m1,1.0,0.02637195959687233,0.006246560253202915,0.006750003357107441,0.9376207987467448,6.914280561431951e-07,0.004750942811369896,0.04435287078107444,0.010168313980102539,0.989361584186554,0.49799683690071106,0.2150176763534546,0.02434539794921875,134464.44930910176,3099.3551326044835,73.10433197021484,330.6168518066406,0
77600,joint_m1,1.0,0.02608930692076683,0.006181950680911541,0.006980781094171107,0.9384408642848333,6.853782110738393e-07,0.004779287613928318,0.04520433383040574,0.010169590823352337,0.9893583059310913,0.4979822039604187,0.21506309509277344,0.02433013916015625,134492.69184606278,3127.597669565497,73.37366485595703,331.9007263183594,0
77800,joint_m1,1.0,0.026242375373840332,0.006241371855139732,0.0067679977510124445,0.9380350361267725,6.864261763439572e-07,0.004702580161392689,0.04605893408379918,0.010171419940888882,0.9893587827682495,0.4979664385318756,0.21511238813400269,0.024311065673828125,134523.67642909556,3158.5822525982803,73.64375305175781,333.18743896484375,0
78000,joint_m1,1.0,0.025957316160202026,0.006115389056503773,0.006717175361700356,0.9379080484310786,6.781711476833152e-07,0.004637366626411676,0.033151615054851195,0.010173320770263672,0.9893577694892883,0.4979499578475952,0.21516449749469757,0.02429962158203125,134556.69341953972,3191.5992430424376,73.91291046142578,334.47003173828125,0
78200,joint_m1,1.0,0.025758128613233566,0.006076326593756676,0.006717616071303685,0.9393220047156016,6.598763206966396e-07,0.004495858680456877,0.03656858237975551,0.01017100177705288,0.9893544912338257,0.49793535470962524,0.21521058678627014,0.02428436279296875,134585.83723408642,3220.743057589134,74.17362976074219,335.714599609375,0
78400,joint_m1,1.0,0.02571815624833107,0.006071949377655983,0.006786376315479477,0.9372789810101191,6.766608180441835e-07,0.004630802199244499,0.037063779391099665,0.010173373855650425,0.9893529415130615,0.49791887402534485,0.21525582671165466,0.024272918701171875,134614.53353928766,3249.4393627903773,74.43153381347656,336.9461669921875,0
78600,joint_m1,1.0,0.026107974350452423,0.006154752802103758,0.006777338683605194,0.9389788111050924,6.638858280894055e-07,0.004537281114608049,0.0399062021012364,0.010174592956900597,0.989351212978363,0.4979054629802704,0.2152981013059616,0.02428436279296875,134641.23112924956,3276.1369527522766,74.68360137939453,338.1512451171875,0
78800,joint_m1,1.0,0.025804979726672173,0.006131421774625778,0.006686788944837947,0.9391663670539856,6.889547989885614e-07,0.0045960089191794395,0.03474777646244761,0.010177206248044968,0.9893473386764526,0.4978925287723541,0.21533901989459991,0.02428436279296875,134666.9501251142,3301.855948616925,74.9322738647461,339.34014892578125,0
79000,joint_m1,1.0,0.02613944187760353,0.006169523112475872,0.00662193784955889,0.9399456530809402,6.665418368356768e-07,0.004636168014258146,0.048809987841519346,0.010174564085900784,0.989343523979187,0.4978797435760498,0.21537847816944122,0.024261474609375,134691.96477889837,3326.87060240109,75.17666625976562,340.5093994140625,0
79200,joint_m1,1.0,0.02545344829559326,0.005934921093285084,0.006602016044780612,0.9402623325586319,6.593037369384547e-07,0.004487291909754276,0.02402045103092654,0.01017641369253397,0.9893400073051453,0.4978684186935425,0.21541334688663483,0.024250030517578125,134713.56184141224,3348.4676649149624,75.41522979736328,341.6509094238281,0
79400,joint_m1,1.0,0.02574094943702221,0.005996948108077049,0.006628409183273713,0.9398226539293925,6.672166819043923e-07,0.0045451452024281025,0.036974282967957774,0.010175736621022224,0.9893394112586975,0.4978567957878113,0.21545013785362244,0.0242156982421875,134736.91865260983,3371.8244761125534,75.65258026123047,342.7880859375,0
79600,joint_m1,1.0,0.025848522782325745,0.006103772670030594,0.006589708267711103,0.9398581683635712,6.53752465495927e-07,0.004443195648491383,0.0373446772307265,0.010175078175961971,0.9893378019332886,0.4978437125682831,0.21548837423324585,0.0242156982421875,134761.25924018372,3396.165063686436,75.88784790039062,343.9149475097656,0
79800,joint_m1,1.0,0.025747176259756088,0.0060739521868526936,0.006627411426355441,0.9391878942648569,6.700055337205413e-07,0.004527694545686245,0.029416420617624575,0.010172931477427483,0.9893353581428528,0.49783146381378174,0.2155240923166275,0.024196624755859375,134783.83285839588,3418.738681898598,76.11903381347656,345.02337646484375,0
80000,joint_m1,1.0,0.025816945359110832,0.006052847020328045,0.006576403548630576,0.9410628527402878,6.589027066183917e-07,0.00451132794842124,0.039369251493367424,0.010174962691962719,0.9893321990966797,0.4978194832801819,0.21555985510349274,0.02422332763671875,134806.60019450088,3441.5060180035944,76.34777069091797,346.1207275390625,0
80200,joint_m1,1.0,0.025331856682896614,0.005849039182066917,0.006569282035343349,0.9397377471129099,6.627471407227858e-07,0.004468489438295364,0.03679830602148154,0.0101742809638381,0.9893313646316528,0.49780622124671936,0.21559862792491913,0.024211883544921875,134831.61931831864,3466.5251418213593,76.57676696777344,347.2200012207031,0
80400,joint_m1,1.0,0.025088831782341003,0.005779593251645565,0.0065124197863042355,0.9409012049436569,6.453755645452475e-07,0.004377104341983795,0.031379820079822304,0.010177845135331154,0.9893258810043335,0.4977931082248688,0.21563611924648285,0.0241851806640625,134855.69223432877,3490.598057831492,76.80306243896484,348.305419921875,0
80600,joint_m1,1.0,0.025313355028629303,0.005859243683516979,0.006575488058539729,0.9400817503531774,6.652052775280026e-07,0.00456100981682539,0.05016634916905103,0.010174785740673542,0.9893218278884888,0.49778059124946594,0.2156722992658615,0.024139404296875,134878.97888106952,3513.884704572236,77.02604675292969,349.37603759765625,0
80800,joint_m1,1.0,0.02552657574415207,0.005957505665719509,0.006549897448470195,0.9396588901678721,6.781997399230022e-07,0.004553443286567926,0.05724130771448045,0.010177715681493282,0.9893191456794739,0.4977659583091736,0.21571354568004608,0.02416229248046875,134905.79112847603,3540.6969519787526,77.2502670288086,350.4525451660156,0
81000,joint_m1,1.0,0.02582191675901413,0.006172419060021639,0.006873203480305771,0.9356658856074015,7.187155119936506e-07,0.004721348639577627,0.0835497273414213,0.01017788890749216,0.989318311214447,0.49775397777557373,0.215748593211174,0.024143218994140625,134928.48476137276,3563.3905848754803,77.46797180175781,351.4985046386719,0
81200,joint_m1,1.0,0.025532301515340805,0.005880486220121384,0.006515580423486729,0.9418501257896423,8.388436185668979e-07,0.005289793014526367,0.036161253747843104,0.010178440250456333,0.9893156290054321,0.497738242149353,0.21579305827617645,0.024143218994140625,134957.5862261918,3592.492049694527,77.69180297851562,352.5722961425781,0
81400,joint_m1,1.0,0.024960020557045937,0.005719751585274935,0.006494407580854992,0.9410338004430135,6.415463076336891e-07,0.004360215272754431,0.04050454223500525,0.010176192969083786,0.9893129467964172,0.4977264404296875,0.21582549810409546,0.02411651611328125,134978.4883601828,3613.3941836855083,77.90364074707031,353.5912780761719,0
81600,joint_m1,1.0,0.025233497843146324,0.005822698585689068,0.006461053349388142,0.9412051985661188,6.433508588088444e-07,0.004351246636360884,0.030898252657816,0.010176971554756165,0.9893099069595337,0.49771440029144287,0.2158585488796234,0.0241241455078125,134999.96373332845,3634.869556831167,78.11381530761719,354.60284423828125,0
81800,joint_m1,1.0,0.02490590140223503,0.005705268122255802,0.006550189534512659,0.9388476461172104,6.341556968436635e-07,0.004268463235348463,0.024549854543533523,0.010177148506045341,0.9893087148666382,0.49769747257232666,0.21589340269565582,0.024082183837890625,135022.76288093056,3657.6687044332793,78.32349395751953,355.6124572753906,0
82000,joint_m1,1.0,0.025219343602657318,0.005762913729995489,0.006377016582215826,0.9423778504133224,6.49746255021455e-07,0.0043632942251861095,0.022221166242671973,0.010178321041166782,0.9893053770065308,0.497685968875885,0.21592473983764648,0.02410888671875,135043.05588959396,3677.96171309668,78.529052734375,356.60174560546875,0
82200,joint_m1,1.0,0.02490881271660328,0.005698762368410826,0.006467771988051633,0.9415389398733774,6.471948381658876e-07,0.004311577882617712,0.03573063159216566,0.010176196694374084,0.9893013834953308,0.49767422676086426,0.21595680713653564,0.024082183837890625,135063.99028608625,3698.896109588968,78.73283386230469,357.5832824707031,0
82400,joint_m1,1.0,0.025149833410978317,0.005745496600866318,0.006368743527370195,0.9424933940172195,6.627419679716695e-07,0.004479176364839077,0.055955173262368096,0.010175813920795918,0.9892983436584473,0.4976620674133301,0.21598811447620392,0.02408599853515625,135084.51967564604,3719.425499148754,78.93437957763672,358.55560302734375,0
82600,joint_m1,1.0,0.02495906874537468,0.005777969025075436,0.006496376590803266,0.9395569711923599,6.376881174219307e-07,0.004261729307472706,0.03561835106888754,0.010174142196774483,0.9892961382865906,0.4976484179496765,0.21602198481559753,0.024066925048828125,135106.89527925657,3741.8011027592875,79.13613891601562,359.5273742675781,0
82800,joint_m1,1.0,0.024916112422943115,0.00570947490632534,0.006506733053053419,0.9402514894803365,6.488842814178497e-07,0.004330585710704327,0.031870058064693355,0.010172739624977112,0.9892964959144592,0.4976360499858856,0.2160560041666031,0.024059295654296875,135129.43389210213,3764.339715604845,79.33592987060547,360.490478515625,0
83000,joint_m1,1.0,0.024485357105731964,0.005525030195713043,0.006401478856181105,0.9426024953524271,6.366134357449482e-07,0.004235907457768917,0.022021766411253366,0.010170920751988888,0.9892929792404175,0.49762439727783203,0.2160876840353012,0.024066925048828125,135150.49886700383,3785.404690506548,79.53132629394531,361.4344787597656,0
83200,joint_m1,1.0,0.02528596669435501,0.0058797551319003105,0.0064985089702531695,0.9416954765717188,6.547708153448184e-07,0.004360140301287174,0.03546330416305469,0.010172384791076183,0.9892900586128235,0.4976094961166382,0.21612508594989777,0.0240478515625,135175.89370890064,3810.7995324033545,79.7307357788086,362.3987121582031,0
83400,joint_m1,1.0,0.024747293442487717,0.005647414363920689,0.006366052160349985,0.9422212392091751,6.397424954229791e-07,0.004262336064130068,0.03763147975927191,0.010172240436077118,0.9892870187759399,0.49759548902511597,0.21615809202194214,0.02404022216796875,135197.81489358473,3832.7207170874462,79.92383575439453,363.3320617675781,0
83600,joint_m1,1.0,0.025168653577566147,0.005717724561691284,0.00644107263845702,0.94105693201224,6.488877488664002e-07,0.004335727076977491,0.03926663740660103,0.010172562673687935,0.9892818927764893,0.49758487939834595,0.21618586778640747,0.024051666259765625,135216.23381828086,3851.1396417835786,80.11095428466797,364.2369689941406,0
83800,joint_m1,1.0,0.024698540568351746,0.005635322071611881,0.006433160277083516,0.9413920094569524,6.391103966052469e-07,0.0042084152810275555,0.036674197964379464,0.010171525180339813,0.9892787337303162,0.4975714087486267,0.21622364223003387,0.02402496337890625,135241.99489803455,3876.9007215372694,80.30352020263672,365.16876220703125,0
84000,joint_m1,1.0,0.025264956057071686,0.0057936012744903564,0.006389418345255156,0.9423035432895025,6.492234660981921e-07,0.004319517873227596,0.03705565268914344,0.010172500275075436,0.9892773628234863,0.49755609035491943,0.21626801788806915,0.02407073974609375,135271.99030102277,3906.8961245254904,80.50040435791016,366.1189270019531,0
84200,joint_m1,1.0,0.025182295590639114,0.00572615023702383,0.0063773719205831485,0.9413976222276688,6.701129109387693e-07,0.0044524939730763435,0.07331298638215289,0.010173901915550232,0.9892756938934326,0.49754154682159424,0.21631218492984772,0.02410125732421875,135301.888235161,3936.7940586637123,80.69558715820312,367.0607604980469,0
84400,joint_m1,1.0,0.025007370859384537,0.005701839923858643,0.006332729361020029,0.9418675303459167,6.581952902706689e-07,0.004294226877391338,0.0455221692673584,0.010173402726650238,0.9892742037773132,0.4975265562534332,0.2163572907447815,0.024112701416015625,135332.74808412042,3967.653907623142,80.88935852050781,367.9966125488281,0
84600,joint_m1,1.0,0.02461409382522106,0.0055801160633563995,0.00638012863540401,0.9428272744019827,7.426712045344175e-07,0.004765352234244347,0.04233219722289077,0.010173589922487736,0.9892695546150208,0.4975132942199707,0.21639686822891235,0.024120330810546875,135359.9167848444,3994.822608347109,81.07807159423828,368.9096984863281,0
84800,joint_m1,1.0,0.024781934916973114,0.005615283735096455,0.006311197842781742,0.942485029498736,6.469072104664519e-07,0.004274278413504362,0.049090791100402,0.010175035335123539,0.989266037940979,0.4975012540817261,0.2164333611726761,0.02413177490234375,135385.16645482252,4020.072278325242,81.262939453125,369.8066101074219,0
85000,joint_m1,1.0,0.02486620470881462,0.005715200677514076,0.006379607444008191,0.9431182146072388,6.39038091776456e-07,0.004143245983868837,0.03350947442484714,0.01017468050122261,0.989263117313385,0.49748945236206055,0.2164696455001831,0.02414703369140625,135410.1921127062,4045.097936208913,81.44524383544922,370.6911315917969,0
85200,joint_m1,1.0,0.02505522221326828,0.005691533908247948,0.006352435836258034,0.9423875858386358,6.559897656188696e-07,0.004317238926887512,0.04313392125016412,0.010173968970775604,0.9892600774765015,0.49747878313064575,0.2165018618106842,0.024139404296875,135432.45342236105,4067.3592458637722,81.62374114990234,371.55743408203125,0
85400,joint_m1,1.0,0.024970244616270065,0.005697320215404034,0.006349324559171994,0.9432952851057053,6.33355853096873e-07,0.004130499437451363,0.017455381903582163,0.010174622759222984,0.9892567992210388,0.49746763706207275,0.21653538942337036,0.024158477783203125,135455.7391918113,4090.6450153140177,81.80186462402344,372.42236328125,0
85600,joint_m1,1.0,0.02456800639629364,0.005556125659495592,0.0063621548082058626,0.9417287409305573,6.359128974509076e-07,0.0041848220862448215,0.03187173205952606,0.01017427071928978,0.9892557859420776,0.49745646119117737,0.21656879782676697,0.02414703369140625,135478.9604920262,4113.866315528925,81.97899627685547,373.2827453613281,0
85800,joint_m1,1.0,0.02486521750688553,0.005702138878405094,0.006299556853870551,0.9437019725640615,6.410747346308199e-07,0.00415480462834239,0.04110491652111878,0.010176202282309532,0.9892534613609314,0.49744439125061035,0.21660560369491577,0.0241851806640625,135504.55827019253,4139.464093695249,82.15745544433594,374.1487121582031,0
86000,joint_m1,1.0,0.024592306464910507,0.005608473904430866,0.006197366979904473,0.9443194617827734,6.350791181830573e-07,0.0041648996993899345,0.02891362454548637,0.010173019021749496,0.989252507686615,0.497432678937912,0.21663984656333923,0.02417755126953125,135528.4965459294,4163.402369432122,82.33141326904297,374.99462890625,0
86200,joint_m1,1.0,0.02482202649116516,0.005646940786391497,0.006340319174341857,0.9417160848776499,6.244518999665161e-07,0.004096523858606815,0.035179283623933945,0.010174017399549484,0.9892491102218628,0.49742192029953003,0.21667079627513885,0.0241851806640625,135550.0207598656,4184.926583368331,82.50157165527344,375.8223876953125,0
86400,joint_m1,1.0,0.024708058685064316,0.005544628947973251,0.006181537212493519,0.9444616238276163,6.316661824712355e-07,0.0041420035995543,0.03999865165587788,0.010174919851124287,0.9892449378967285,0.4974113702774048,0.2166992723941803,0.024196624755859375,135570.02335324723,4204.929176749953,82.6689682006836,376.6376953125,0
86600,joint_m1,1.0,0.024765415117144585,0.0055954717099666595,0.006214547591904799,0.9428886771202087,6.315867153716681e-07,0.004079361446201801,0.05016700457855123,0.010176504962146282,0.9892414212226868,0.4974004924297333,0.21672794222831726,0.024211883544921875,135590.17403927175,4225.079862774466,82.83602142333984,377.4510192871094,0
86800,joint_m1,1.0,0.02480681613087654,0.005628081038594246,0.00618457611805449,0.944397101799647,6.364247155943303e-07,0.00410262867808342,0.019148363544458733,0.010176246054470539,0.9892372488975525,0.4973906874656677,0.21675491333007812,0.024196624755859375,135608.93233117057,4243.838154673285,83.00013732910156,378.25018310546875,0
87000,joint_m1,1.0,0.024606002494692802,0.005612170323729515,0.006177916036297877,0.9448361148436865,6.80492064475402e-07,0.004264666698873043,0.05198136620494067,0.010178051888942719,0.9892343282699585,0.49738165736198425,0.2167796790599823,0.02419281005859375,135626.38185839803,4261.287681900751,83.16093444824219,379.0350341796875,0
87200,joint_m1,1.0,0.02519707754254341,0.005822747480124235,0.006379486449683706,0.9409804592529932,6.624124466725334e-07,0.004298903048038483,0.050608615154814345,0.01017651055008173,0.9892326593399048,0.4973735213279724,0.2168036699295044,0.024173736572265625,135643.34599234862,4278.251815851341,83.32006072998047,379.811767578125,0
87400,joint_m1,1.0,0.024816391989588737,0.005596754606813192,0.006198751740157604,0.9433430780967077,6.523108595501981e-07,0.004175615031272173,0.04307407100803257,0.010177979245781898,0.9892298579216003,0.49736082553863525,0.21684211492538452,0.02413177490234375,135670.58080512518,4305.486628627899,83.489013671875,380.63482666015625,0
87600,joint_m1,1.0,0.024450961500406265,0.0054980553686618805,0.00611729333953311,0.9446910272041956,6.178515832289122e-07,0.00400538882240653,0.027753643047137067,0.010175404138863087,0.9892280101776123,0.4973493218421936,0.21687400341033936,0.024120330810546875,135692.8522214785,4327.758044981223,83.65205383300781,381.42840576171875,0
87800,joint_m1,1.0,0.024466291069984436,0.0055343229323625565,0.006190154546250899,0.9434392799933752,6.551665592269273e-07,0.004184602294117212,0.043388556931455595,0.010177119635045528,0.9892234802246094,0.49733805656433105,0.21690581738948822,0.024139404296875,135715.42179133513,4350.32761483785,83.81364440917969,382.2173767089844,0
88000,joint_m1,1.0,0.024840522557497025,0.00559749361127615,0.006334384127209584,0.9430657128492991,7.382853368653741e-07,0.004523136653006077,0.04535011527003192,0.01017796527594328,0.9892206788063049,0.49732694029808044,0.21693430840969086,0.024150848388671875,135735.76212627237,4370.667949775088,83.97179412841797,382.989990234375,0
88200,joint_m1,1.0,0.024500861763954163,0.005496234633028507,0.0063159815811862545,0.9409607003132502,6.419795113288274e-07,0.004098393488675356,0.03041932930011521,0.010178469121456146,0.9892182350158691,0.49731528759002686,0.21696504950523376,0.024166107177734375,135757.53256449528,4392.438387998001,84.1305923461914,383.76531982421875,0
88400,joint_m1,1.0,0.024795912206172943,0.005667685531079769,0.006127940335621436,0.9452892492214838,6.43959879198519e-07,0.00417890353128314,0.03536638768601154,0.010176687501370907,0.9892130494117737,0.49730491638183594,0.21699276566505432,0.024150848388671875,135777.3688358999,4412.27465940261,84.28673553466797,384.5278625488281,0
88600,joint_m1,1.0,0.024311557412147522,0.0054679932072758675,0.006210873990009229,0.9446954727172852,6.395079026333406e-07,0.004022493492811918,0.028539774460409305,0.010178176686167717,0.9892113208770752,0.4972941279411316,0.2170243114233017,0.02414703369140625,135799.64536036167,4434.551183864387,84.44355773925781,385.2936096191406,0
88800,joint_m1,1.0,0.024540748447179794,0.0055319624952971935,0.0061379283045729,0.9449848781029383,6.420052045541524e-07,0.0041388352401554585,0.03540323509234741,0.010177316144108772,0.9892100691795349,0.49728304147720337,0.21705467998981476,0.024166107177734375,135821.57142368806,4456.477247190778,84.59900665283203,386.0545959472656,0
89000,joint_m1,1.0,0.024536075070500374,0.0055523039773106575,0.006074035579028229,0.9455887873967489,6.087005886001862e-07,0.003907056525349617,0.02086848665115906,0.010178792290389538,0.9892078042030334,0.49727287888526917,0.21708019077777863,0.02414703369140625,135839.951001169,4474.856824671733,84.74950408935547,386.79095458984375,0
89200,joint_m1,1.0,0.02439674362540245,0.0054680402390658855,0.006078483381619056,0.9454997628927231,6.139202355370799e-07,0.003920265007764101,0.03155247280652807,0.010176264680922031,0.9892070293426514,0.497263640165329,0.2171025276184082,0.02414703369140625,135856.06689434225,4490.972717844968,84.8963851928711,387.5103759765625,0
89400,joint_m1,1.0,0.024531545117497444,0.005568442866206169,0.006049990692796807,0.9454264293114344,6.214457926034811e-07,0.004023357760161161,0.02669225070408424,0.010177691467106342,0.9892033934593201,0.4972530007362366,0.21712492406368256,0.0241546630859375,135872.35421527075,4507.260038773471,85.04219818115234,388.2254638671875,0
89600,joint_m1,1.0,0.024071156978607178,0.005419032648205757,0.006169931497424841,0.9456299891074499,6.07494314408541e-07,0.0039034623187035322,0.03179068472390287,0.010176903568208218,0.9892013072967529,0.49724453687667847,0.21714220941066742,0.024139404296875,135885.21838669575,4520.124210198468,85.18439483642578,388.9228210449219,0
89800,joint_m1,1.0,0.024060998111963272,0.005362309981137514,0.006114279308045904,0.9443729867537817,6.253244464460295e-07,0.004023206420242786,0.03685424439196387,0.010177849791944027,0.989198625087738,0.4972357153892517,0.21716158092021942,0.02411651611328125,135899.65615850542,4534.561982008134,85.32748413085938,389.625732421875,0
90000,joint_m1,1.0,0.024136783555150032,0.005389770492911339,0.006141313390495877,0.9442529777685801,6.234810143723735e-07,0.00398159259930253,0.04908653328360531,0.010176236741244793,0.9891965389251709,0.4972267746925354,0.21718047559261322,0.024112701416015625,135913.81363202198,4548.719455524697,85.46937561035156,390.3226623535156,0
90200,joint_m1,1.0,0.024069052189588547,0.0053094420582056046,0.006042662736338873,0.9455860505501429,6.203094358170347e-07,0.003913236316293478,0.028345457538536577,0.010178935714066029,0.9891952276229858,0.49721863865852356,0.21719706058502197,0.024127960205078125,135926.14653553598,4561.052359038702,85.60810089111328,391.00408935546875,0
90400,joint_m1,1.0,0.023754822090268135,0.005299428477883339,0.006068312330171466,0.9459532896677653,6.151830120870727e-07,0.003942273557186127,0.02632932031284152,0.010179243050515652,0.9891949892044067,0.49720948934555054,0.21721768379211426,0.0241241455078125,135941.2880327386,4576.193856241327,85.74891662597656,391.6944885253906,0
90600,joint_m1,1.0,0.02426726743578911,0.005364700686186552,0.006024883012287319,0.9452699273824692,6.149684281808732e-07,0.003924333490431309,0.021094887091825346,0.010179598815739155,0.9891940355300903,0.49720001220703125,0.21723809838294983,0.024120330810546875,135956.38265267285,4591.28847617557,85.88831329345703,392.37939453125,0
90800,joint_m1,1.0,0.023891828954219818,0.005323342978954315,0.006090063756952683,0.944758877158165,6.107514991526841e-07,0.003859949531033635,0.0362598185563708,0.010177983902394772,0.9891931414604187,0.4971914291381836,0.2172580510377884,0.024112701416015625,135971.340038995,4606.245862497715,86.02689361572266,393.0604553222656,0
91000,joint_m1,1.0,0.024074744433164597,0.0053771669045090675,0.006121993685762088,0.9456046720345815,6.101006420067279e-07,0.0038783666677773,0.028735088330784045,0.010179685428738594,0.9891910552978516,0.49717313051223755,0.2172946333885193,0.024127960205078125,135999.3072923535,4634.213115856226,86.17827606201172,393.80499267578125,0
91200,joint_m1,1.0,0.024008924141526222,0.005362261552363634,0.006076829585557182,0.9448743810256323,6.211790264387673e-07,0.0039259702898561954,0.0379853359041823,0.01018030010163784,0.9891897439956665,0.4971630573272705,0.21731489896774292,0.02416229248046875,136014.3728875739,4649.278711076622,86.31375122070312,394.47198486328125,0
91400,joint_m1,1.0,0.024259984493255615,0.005369305610656738,0.006010449569051464,0.9462671826283137,6.347194130285061e-07,0.004060789477080107,0.04667858480145594,0.01018141582608223,0.9891882538795471,0.4971538186073303,0.2173340767621994,0.024173736572265625,136028.63886696802,4663.544690470735,86.44872283935547,395.1356506347656,0
91600,joint_m1,1.0,0.023888684809207916,0.005342093762010336,0.0060417900094762444,0.9448755631844202,6.233746603356849e-07,0.0039413669146597385,0.04562794528575385,0.010179810225963593,0.9891870617866516,0.49714386463165283,0.21735365688800812,0.024188995361328125,136043.36249887387,4678.268322376593,86.58341979980469,395.7983703613281,0
91800,joint_m1,1.0,0.024094518274068832,0.005422751419246197,0.006195247677775721,0.9458050529162089,6.309555828920566e-07,0.004006706643849611,0.04192987625728671,0.010181967169046402,0.9891856908798218,0.4971333146095276,0.21737748384475708,0.024200439453125,136061.2831337409,4696.188957243605,86.72024536132812,396.4717712402344,0
92000,joint_m1,1.0,0.02436775341629982,0.0053713456727564335,0.006152968426855902,0.9434641897678375,6.194107982082642e-07,0.004012706223875284,0.06420825645136723,0.010181203484535217,0.9891854524612427,0.49712038040161133,0.2174098789691925,0.0241851806640625,136085.21377431127,4720.119597813988,86.86125946044922,397.1650390625,0
92200,joint_m1,1.0,0.02408483810722828,0.005378616973757744,0.0060849523870274425,0.9460613578557968,6.327429673547158e-07,0.004013571422547102,0.04017547277781919,0.01018080860376358,0.98918217420578,0.49710801243782043,0.2174404263496399,0.024204254150390625,136107.40982033272,4742.3156438354345,87.00012969970703,397.8462829589844,0
92400,joint_m1,1.0,0.02360747754573822,0.00521448440849781,0.006016837549395859,0.94636669754982,6.24275514837791e-07,0.003933857660740614,0.03706949172586767,0.010178551077842712,0.9891799688339233,0.4970974922180176,0.21746282279491425,0.024204254150390625,136124.21621445613,4759.1220379588485,87.13298034667969,398.5001220703125,0
92600,joint_m1,1.0,0.024117179214954376,0.005390506237745285,0.00596008434270819,0.9464259594678879,6.112804271651839e-07,0.0038135850336402655,0.021879615025051532,0.010179156437516212,0.9891753792762756,0.4970874488353729,0.21748462319374084,0.02420806884765625,136140.6294094456,4775.535232948314,87.26454162597656,399.1478271484375,0
92800,joint_m1,1.0,0.023830492049455643,0.0052611343562603,0.0059406389482319355,0.9459693282842636,6.154662628432561e-07,0.0038465396501123905,0.022220255582042558,0.010179022327065468,0.9891722202301025,0.49707692861557007,0.21750858426094055,0.02420806884765625,136158.56732501264,4793.473148515361,87.39693450927734,399.8004455566406,0
93000,joint_m1,1.0,0.024116383865475655,0.005375501699745655,0.005970108206383884,0.9472451359033585,6.134114300948568e-07,0.0038106071297079325,0.029556005903711005,0.010177590884268284,0.9891701340675354,0.4970662295818329,0.21752381324768066,0.02420806884765625,136170.40430284402,4805.31012634674,87.52290344238281,400.4212646484375,0
93200,joint_m1,1.0,0.023513181135058403,0.005144459195435047,0.005948725777367751,0.9464783718188604,6.003086809869274e-07,0.003728973912075162,0.014846299803547494,0.01017715409398079,0.9891665577888489,0.4970586597919464,0.21753549575805664,0.02420806884765625,136179.98443236804,4814.890255870763,87.64603424072266,401.0296936035156,0
93400,joint_m1,1.0,0.024091146886348724,0.005338612478226423,0.005955384112894535,0.9466093083222707,5.994080538584967e-07,0.0037676142528653145,0.01577316807107258,0.010176721028983593,0.9891641736030579,0.4970513880252838,0.2175462245941162,0.02419281005859375,136188.7743978923,4823.680221395014,87.76746368408203,401.63006591796875,0
93600,joint_m1,1.0,0.023741886019706726,0.005209583323448896,0.005940280621871352,0.9464901139338812,6.218430144144804e-07,0.0038131470791995525,0.029372866989277966,0.010175822302699089,0.9891625642776489,0.4970438480377197,0.21756024658679962,0.024158477783203125,136199.80428767143,4834.71011117415,87.88963317871094,402.2336730957031,0
93800,joint_m1,1.0,0.023997098207473755,0.005347731988877058,0.006023770353446404,0.9467161148786545,6.789574626964168e-07,0.004298800602555275,0.04253620731400048,0.01017458364367485,0.9891614317893982,0.49703365564346313,0.21757934987545013,0.024181365966796875,136214.45679515813,4849.362618660845,88.0147705078125,402.85186767578125,0
94000,joint_m1,1.0,0.023453380912542343,0.005068245343863964,0.005936198984272778,0.9470943560202917,6.913818424436613e-07,0.004314573481678963,0.025343610714171984,0.010174291208386421,0.989158034324646,0.4970238208770752,0.21759824454784393,0.0242156982421875,136229.18289412148,4864.088717624196,88.14002227783203,403.4703674316406,0
94200,joint_m1,1.0,0.023799462243914604,0.005228050053119659,0.005991761262218158,0.9468340327342352,6.126150537966168e-07,0.0038879550993442535,0.033350174345294574,0.010174348019063473,0.9891557097434998,0.4970143437385559,0.21761548519134521,0.024211883544921875,136242.65223490036,4877.558058403083,88.26277923583984,404.0773010253906,0
94400,joint_m1,1.0,0.023755697533488274,0.005244969855993986,0.005900070304051042,0.9464806119600931,6.102112024564121e-07,0.00377390393987298,0.030292328233652424,0.010175333358347416,0.9891531467437744,0.4970036745071411,0.21763339638710022,0.024250030517578125,136256.6538265196,4891.559650022333,88.3861312866211,404.6874084472656,0
94600,joint_m1,1.0,0.02393672801554203,0.005312815308570862,0.005929306576338907,0.946941981712977,6.169809694256401e-07,0.003841951722279191,0.04697404159885019,0.010175351984798908,0.9891495108604431,0.49699345231056213,0.21765317022800446,0.024257659912109375,136271.9314312379,4906.837254740618,88.50957489013672,405.29754638671875,0
94800,joint_m1,1.0,0.024157283827662468,0.005358413327485323,0.0059643158844361705,0.946663111448288,6.476321914306027e-07,0.004001603927463293,0.031033575686541803,0.01017683558166027,0.9891464710235596,0.4969834089279175,0.21767356991767883,0.02428436279296875,136287.75581100452,4922.66163450724,88.63272094726562,405.90704345703125,0
95000,joint_m1,1.0,0.023785166442394257,0.005226478911936283,0.005932753284772237,0.9459748864173889,6.155070764179982e-07,0.003925421740859747,0.04964751519401861,0.010178003460168839,0.9891446232795715,0.49697303771972656,0.21769501268863678,0.024311065673828125,136304.25448972604,4939.160313228756,88.7552261352539,406.5136413574219,0
95200,joint_m1,1.0,0.024101097136735916,0.005356948357075453,0.006089593400247395,0.9466939171155294,6.449265015362471e-07,0.0038853571750223637,0.033414611125328134,0.010178392753005028,0.9891435503959656,0.4969632625579834,0.21771438419818878,0.024303436279296875,136319.4140832479,4954.319906750607,88.87644958496094,407.1133728027344,0
95400,joint_m1,1.0,0.023832423612475395,0.005316666327416897,0.006056351160320143,0.9453517198562622,6.328255608423206e-07,0.003899628296494484,0.04057775122611305,0.010177047923207283,0.9891422986984253,0.4969523251056671,0.2177407294511795,0.024333953857421875,136339.31130822102,4974.217131723737,89.00086975097656,407.7281494140625,0
95600,joint_m1,1.0,0.02423870749771595,0.005385144148021936,0.005976972674640517,0.9471581975618998,6.333988835649507e-07,0.0038925374392420053,0.06276164846032338,0.01017875224351883,0.9891392588615417,0.4969412088394165,0.21776871383190155,0.024326324462890625,136360.6324420652,4995.538265567913,89.12651062011719,408.35003662109375,0
95800,joint_m1,1.0,0.023844372481107712,0.005208116956055164,0.005881728604435921,0.9475275774796804,6.097849905017938e-07,0.0037826080806553364,0.02087493383157369,0.010180012322962284,0.9891381859779358,0.4969281554222107,0.2177944928407669,0.024326324462890625,136380.60624590286,5015.51206940558,89.25020599365234,408.96258544921875,0
96000,joint_m1,1.0,0.02401946857571602,0.005229701288044453,0.0058817253448069096,0.9470885048309962,6.903289317961026e-07,0.004033204633742571,0.05567279109400342,0.010180771350860596,0.9891363382339478,0.49691975116729736,0.21781021356582642,0.0243682861328125,136393.5200806842,5028.425904186908,89.36738586425781,409.5446472167969,0
96200,joint_m1,1.0,0.024068128317594528,0.0052981069311499596,0.006017101113684475,0.9430576165517172,6.134548016234476e-07,0.0037985914386808872,0.045316875616711425,0.010180079378187656,0.989133894443512,0.4969102740287781,0.2178269773721695,0.0243682861328125,136407.0857983558,5041.991621858528,89.48461151123047,410.125732421875,0
96400,joint_m1,1.0,0.023861367255449295,0.00530170276761055,0.005884725716896355,0.9482147097587585,6.524025479848206e-07,0.003878034185618162,0.05169397348255855,0.010180179961025715,0.9891307353973389,0.49690234661102295,0.21784096956253052,0.024364471435546875,136418.59345411827,5053.499277620984,89.59869384765625,410.6916809082031,0
96600,joint_m1,1.0,0.02386798895895481,0.005259614437818527,0.0058272942357386155,0.9481756140788397,6.352969990075508e-07,0.0038257960695773363,0.026807727254961815,0.01017946470528841,0.9891290068626404,0.4968947172164917,0.21785038709640503,0.02440643310546875,136427.03028359154,5061.936107094254,89.70913696289062,411.2402648925781,0
96800,joint_m1,1.0,0.02377554401755333,0.005239284597337246,0.005846462057282527,0.9480782747268677,6.074059228922124e-07,0.0037044312339276075,0.031580114545132765,0.010180213488638401,0.9891284108161926,0.49688586592674255,0.21786543726921082,0.0244293212890625,136439.3243020501,5074.230125552829,89.82232666015625,411.8020324707031,0
97000,joint_m1,1.0,0.02364298328757286,0.005186965689063072,0.005817240181689461,0.9474031031131744,5.954488528914226e-07,0.0036735732574015856,0.04400091081782848,0.010178412310779095,0.9891263842582703,0.49687862396240234,0.21787507832050323,0.0244140625,136447.81238261022,5082.718206112942,89.93161010742188,412.34490966796875,0
97195,joint_m1,1.0,0.023812711238861084,0.005231470335274935,0.005875525608037909,0.9484943151473999,6.24983215402608e-07,0.003807798493653536,0.027834753190574085,0.010179055854678154,0.9891232848167419,0.496870756149292,0.2178877592086792,0.0244140625,136458.4761456759,5093.381969178619,90.03968811035156,412.8818054199219,0
97200,harden_m2,2.0,0.02868250384926796,0.007033724803477526,0.009945166374867162,0.9046923021475474,9.374577984999632e-07,0.003527764230966568,0.04324797573182688,0.00010575822670944035,0.999879002571106,0.4949163794517517,0.3267832398414612,0.31453704833984375,136450.2213702858,5085.127193788532,129.44154357910156,412.859130859375,0
97400,harden_m2,2.0,0.024911921471357346,0.005606736522167921,0.006019939629671474,0.9445036302010218,6.769389528926695e-07,0.0027199045289307833,0.02376810241400775,0.00010536102490732446,0.9998784065246582,0.49565547704696655,0.3255937099456787,0.3125038146972656,136057.30933691142,4692.21516041414,128.67897033691406,411.3446960449219,0
97600,harden_m2,2.0,0.024370279163122177,0.005460647866129875,0.006008015208256741,0.9464179128408432,7.450447583323694e-07,0.002825154224410653,0.01939187108836522,0.00010512699373066425,0.9998780488967896,0.4960819482803345,0.3248257339000702,0.3111572265625,135803.96600983344,4438.871833336161,128.23887634277344,410.5612487792969,0
97800,harden_m2,2.0,0.024530628696084023,0.005505257286131382,0.005883508633511762,0.9463495562473933,6.684169875370571e-07,0.002721180208027363,0.03326575279531131,0.0001049344937200658,0.9998778104782104,0.49640437960624695,0.3242139220237732,0.3101234436035156,135602.2116633796,4237.117486882315,127.925537109375,410.0748291015625,0
98000,harden_m2,2.0,0.02420022338628769,0.005450143478810787,0.006021305996303757,0.9462658812602361,9.576285719958832e-07,0.003376133507117629,0.054071240848856984,0.0001048007034114562,0.9998775720596313,0.49667131900787354,0.32369551062583923,0.3092536926269531,135430.9563430754,4065.8621665781247,127.68462371826172,409.7545471191406,0
98200,harden_m2,2.0,0.024060994386672974,0.005352589767426252,0.0058167217842613654,0.9472477038701376,6.664628813268791e-07,0.0026851596776396036,0.017173127736267505,0.00010466726962476969,0.9998773336410522,0.49688899517059326,0.323248028755188,0.3084602355957031,135283.66263521992,3918.5684587226424,127.49967193603516,409.5636291503906,0
98400,harden_m2,2.0,0.024375492706894875,0.00547030009329319,0.005895069179435571,0.9464355905850729,6.876288694002142e-07,0.0027632478158921003,0.037871020622046725,0.00010459344048285857,0.9998772144317627,0.4970829486846924,0.32284730672836304,0.3077354431152344,135151.0898513216,3785.995674824313,127.34941864013672,409.44976806640625,0
98600,harden_m2,2.0,0.024135880172252655,0.005342784337699413,0.005915232157955567,0.9463812957207361,7.114022650966945e-07,0.0028186512645334005,0.03642635632798181,0.00010438937169965357,0.9998770952224731,0.4972468614578247,0.3224859833717346,0.3070182800292969,135031.3627569536,3666.2685804563225,127.2297134399414,409.40625,0
98800,harden_m2,2.0,0.024085504934191704,0.005332041997462511,0.005853769602254033,0.9463152984778086,7.78119328970206e-07,0.003008235478773713,0.03148000075890973,0.00010427893721498549,0.9998769760131836,0.4973900318145752,0.32215598225593567,0.3063926696777344,134921.55563882296,3556.4614623256784,127.1322250366211,409.4093017578125,0
99000,harden_m2,2.0,0.023627769201993942,0.005180945619940758,0.00589057329731683,0.9465788106123606,6.858772394480184e-07,0.0026913590263575315,0.026958371839300773,0.00010417438170406967,0.999876856803894,0.4975180923938751,0.32185742259025574,0.3058967590332031,134822.0117339895,3456.917557492212,127.05863189697266,409.4658203125,0
99200,harden_m2,2.0,0.023353533819317818,0.005110184662044048,0.005880194716155529,0.9478971213102341,6.722180501128605e-07,0.0026206523180007935,0.01794366188361843,0.0001041365394485183,0.9998767375946045,0.4976367950439453,0.3215726912021637,0.305389404296875,134726.9014859319,3361.8073094346328,126.99407958984375,409.5411071777344,0
99400,harden_m2,2.0,0.023535463958978653,0.0051270355470478535,0.005844460295823713,0.9465293834606806,7.476237442460842e-07,0.002782173454761505,0.026680760808745988,0.00010400862083770335,0.9998767375946045,0.4977434277534485,0.3213091194629669,0.3048286437988281,134638.5844251194,3273.490248622111,126.94574737548828,409.6512145996094,0
99600,harden_m2,2.0,0.023712849244475365,0.005171528086066246,0.005795293138362467,0.9478945235411326,7.635957786078507e-07,0.002834876999258995,0.03678839928635489,0.00010401953477412462,0.9998766183853149,0.49784135818481445,0.3210618793964386,0.30437469482421875,134555.78019542675,3190.6860189294675,126.90753173828125,409.7826843261719,0
99800,harden_m2,2.0,0.023458195850253105,0.00513340812176466,0.005757445857549707,0.9483507871627808,7.331304345825629e-07,0.0028454915154725313,0.05067482014381181,0.00010399721941212192,0.9998766183853149,0.4979313910007477,0.32082730531692505,0.3038978576660156,134476.80852845966,3111.7143519623787,126.87890625,409.932861328125,0
100000,harden_m2,2.0,0.02365768328309059,0.005133429542183876,0.005708696320652962,0.9488175362348557,6.822367595304968e-07,0.0026590232737362385,0.018994536565400493,0.00010396875586593524,0.9998766183853149,0.4980219304561615,0.32059675455093384,0.3034515380859375,134398.80380420058,3033.709627703298,126.8504638671875,410.08050537109375,0
100200,harden_m2,2.0,0.023187894374132156,0.004994281101971865,0.005721378411787252,0.9483979046344757,6.876136353639595e-07,0.0026692484971135855,0.020443857561622945,0.00010385689529357478,0.9998764991760254,0.4981089234352112,0.32037436962127686,0.30306243896484375,134322.9798359164,2957.8856594191166,126.82711791992188,410.23724365234375,0
100400,harden_m2,2.0,0.02340097352862358,0.0050830235704779625,0.0057385958498343825,0.9488585789998373,7.010551712482993e-07,0.0027041968423873186,0.024240399986265735,0.0001038182745105587,0.9998764991760254,0.49819034337997437,0.32016393542289734,0.3027229309082031,134251.27008710196,2886.175910604681,126.81277465820312,410.41424560546875,0
100600,harden_m2,2.0,0.023357313126325607,0.005097145214676857,0.005756059428676963,0.9480692595243454,6.909522198839113e-07,0.002702859463170171,0.037542740349053194,0.0001037801630445756,0.9998763799667358,0.49826809763908386,0.3199620246887207,0.30225372314453125,134182.17777335408,2817.083596856799,126.80412292480469,410.6039123535156,0
100800,harden_m2,2.0,0.023920312523841858,0.005250375717878342,0.006116198414626221,0.9467618515094122,7.234554004753591e-07,0.002927459543570876,0.038115041280835316,0.00010375274723628536,0.9998763799667358,0.4983367919921875,0.3197694718837738,0.30194854736328125,134116.03525305988,2750.9410765625944,126.80068969726562,410.80242919921875,0
101000,harden_m2,2.0,0.023171313107013702,0.005027575418353081,0.005678922597629328,0.9492163161436716,6.952701028239971e-07,0.002654632553458214,0.02292943541988149,0.0001036794637911953,0.9998763799667358,0.49839597940444946,0.3195849061012268,0.3014945983886719,134052.72467204835,2687.6304955510714,126.8035659790039,411.0155334472656,0
101200,harden_m2,2.0,0.02325814589858055,0.005044165067374706,0.005759867878320317,0.9491164982318878,6.861845918137988e-07,0.0026725579518824816,0.0168046249026719,0.00010368994117015973,0.9998763799667358,0.49846237897872925,0.31940728425979614,0.3012809753417969,133991.29476201057,2626.2005855132884,126.81034088134766,411.234619140625,0
101245,harden_m2,2.0,0.023368123918771744,0.005111086182296276,0.005806365942892929,0.9475110024213791,6.987983738326875e-07,0.002680781064555049,0.041831503088236736,0.00010362075408920646,0.9998763799667358,0.4984778165817261,0.3193686008453369,0.3012123107910156,133977.80544552894,2612.711269031657,126.81243133544922,411.2830810546875,0
101400,harden_m3,3.0,0.02375055104494095,0.005236702039837837,0.005784810520708561,0.9470870544513067,8.089660923360498e-07,0.00253367074765265,0.032769467818058826,1.0540024959482253e-06,0.9999985694885254,0.4989899694919586,0.37028583884239197,0.4794769287109375,133801.6853705513,2436.5911940540245,150.4186248779297,410.79473876953125,0
101600,harden_m3,3.0,0.02353842183947563,0.0051122731529176235,0.005797825598468383,0.9479444473981857,8.014388299670827e-07,0.0024725624825805426,0.032180486388998314,1.052098355103226e-06,0.9999985694885254,0.4995877146720886,0.3694697618484497,0.47777557373046875,133650.95650985817,2285.862333360885,149.9994659423828,410.51666259765625,0
101800,harden_m3,3.0,0.02303124964237213,0.004986572079360485,0.005770771608998378,0.9485683441162109,7.96343329056981e-07,0.0024305637925863266,0.012557779936766423,1.0493868103367276e-06,0.9999985694885254,0.5000605583190918,0.36881861090660095,0.4762077331542969,133527.3459932459,2162.2518167486123,149.69863891601562,410.384033203125,0
102000,harden_m3,3.0,0.023620616644620895,0.005190251860767603,0.005705066684943934,0.9486093968153,8.084749651970924e-07,0.0024448896292597055,0.015089536064307938,1.0482266361577786e-06,0.9999985694885254,0.5004503726959229,0.36826908588409424,0.4747428894042969,133420.59906925916,2055.5048927618773,149.4700164794922,410.3408203125,0
102200,harden_m3,3.0,0.023291200399398804,0.005067571997642517,0.005763148656114936,0.9476000070571899,8.038117016440083e-07,0.002416019793599844,0.01320984412600428,1.0471325140315457e-06,0.9999985694885254,0.5007833242416382,0.3677908480167389,0.473602294921875,133326.0328668036,1960.9386903063278,149.2904815673828,410.3572998046875,0
102400,harden_m3,3.0,0.023524660617113113,0.005096850451081991,0.005710192762004833,0.949163019657135,1.151569449575618e-06,0.003159470157697797,0.03022016607244908,1.0459278882990475e-06,0.9999985694885254,0.5010766983032227,0.3673582971096039,0.47251129150390625,133239.37724261548,1874.2830661181943,149.14297485351562,410.4140319824219,0
102600,harden_m3,3.0,0.023148659616708755,0.004989670589566231,0.0057048288484414416,0.9491471995910009,8.230461503444531e-07,0.0024739843793213367,0.03350026141231595,1.0440921869303565e-06,0.9999985694885254,0.5013346076011658,0.3669619560241699,0.4716529846191406,133159.16346988667,1794.069293389388,149.0192108154297,410.4989929199219,0
102800,harden_m3,3.0,0.023655161261558533,0.005174174439162016,0.005717523590040703,0.9479895830154419,8.307354164571734e-07,0.0024679373018443584,0.026159115690618902,1.0438960771352868e-06,0.9999985694885254,0.5015701055526733,0.3666008412837982,0.4705810546875,133084.99539767808,1719.9012211808003,148.9212188720703,410.6190185546875,0
103000,harden_m3,3.0,0.023228734731674194,0.005038311239331961,0.00572466404022028,0.9479338377714157,8.322528515236627e-07,0.002458293456584215,0.022799214514247615,1.0421115348435706e-06,0.9999985694885254,0.5017747282981873,0.36626511812210083,0.4696159362792969,133015.54363306568,1650.4494565684,148.83920288085938,410.75335693359375,0
103200,harden_m3,3.0,0.023402517661452293,0.005103446543216705,0.005705259197081129,0.9492680182059606,8.320921551785432e-07,0.002487601013854146,0.022053956798439852,1.0406903356852126e-06,0.9999985694885254,0.5019696354866028,0.36595237255096436,0.4688262939453125,132950.18399385537,1585.0898173580936,148.7711944580078,410.90447998046875,0
103400,harden_m3,3.0,0.022897839546203613,0.004804547410458326,0.00568401060687999,0.9490213692188263,9.82039637165144e-07,0.002892668591812253,0.041733655623714595,1.0388182545284508e-06,0.9999985694885254,0.5021536350250244,0.3656506836414337,0.4680366516113281,132886.81114392052,1521.7169674232427,148.70887756347656,411.05987548828125,0
103600,harden_m3,3.0,0.023135606199502945,0.004964289255440235,0.005634142629181345,0.9492467741171519,8.060148388722155e-07,0.00241769733838737,0.023826420150044995,1.0378774959463044e-06,0.9999985694885254,0.5023226141929626,0.3653889298439026,0.46728515625,132833.50709817157,1468.4129216742876,148.67214965820312,411.2586975097656,0
103800,harden_m3,3.0,0.023084335029125214,0.005001240409910679,0.0056476619793102145,0.949214314421018,8.187352023014682e-07,0.002427077619358897,0.021805890042675607,1.0371018106525298e-06,0.9999985694885254,0.5024872422218323,0.36511504650115967,0.466552734375,132775.400131199,1410.3059547017328,148.62525939941406,411.42681884765625,0
104000,harden_m3,3.0,0.023178037256002426,0.004976646974682808,0.00564122941189756,0.9487146437168121,8.678124459038372e-07,0.002532700775191188,0.023739432851428082,1.036465050674451e-06,0.9999985694885254,0.5026471018791199,0.36485573649406433,0.46579742431640625,132719.75213961184,1354.6579631145578,148.58737182617188,411.6045227050781,0
104200,harden_m3,3.0,0.023613395169377327,0.005082615185528994,0.005736985360272229,0.9475703040758768,8.681296321810805e-07,0.002687647473067045,0.043967281291604716,1.0357388191550854e-06,0.9999985694885254,0.5027995109558105,0.3646095395088196,0.4651908874511719,132666.5507805189,1301.4566040216305,148.5580291748047,411.79351806640625,0
104400,harden_m3,3.0,0.023194223642349243,0.005061791278421879,0.005622329694839816,0.9492459843556086,8.600648584433657e-07,0.0025626225396990776,0.045155738486482536,1.0358306781199644e-06,0.9999985694885254,0.5029403567314148,0.36437541246414185,0.4645423889160156,132615.59823791467,1250.5040614173922,148.53692626953125,411.9928283691406,0
104600,harden_m3,3.0,0.02331022173166275,0.005050661042332649,0.005630087456665933,0.9497828682263693,8.097283625829732e-07,0.0023967521265149117,0.016884763478570652,1.0344091379010933e-06,0.9999985694885254,0.503078818321228,0.3641478419303894,0.4638175964355469,132565.59939893908,1200.5052224418032,148.5183563232422,412.19024658203125,0
104800,harden_m3,3.0,0.023103445768356323,0.00497546186670661,0.0056008923177917795,0.949682796994845,8.763067853578832e-07,0.0025694495998322964,0.04630491376554474,1.0329865745006828e-06,0.9999985694885254,0.5032171607017517,0.36392509937286377,0.46326446533203125,132516.46261502756,1151.3684385302768,148.49969482421875,412.3831787109375,0
105000,harden_m3,3.0,0.023201821371912956,0.005008208565413952,0.005605153390206397,0.949513370792071,8.470188390674593e-07,0.002500549890100956,0.01994343900900128,1.0316546195099363e-06,0.9999985694885254,0.5033525228500366,0.3637102246284485,0.462646484375,132468.869097611,1103.7749211137125,148.48631286621094,412.5831604003906,0
105200,harden_m3,3.0,0.023271087557077408,0.005066832527518272,0.005683978010589878,0.9496299624443054,8.71112263212126e-07,0.00260975887067616,0.049473655251220834,1.031241481541656e-06,0.9999985694885254,0.5034831166267395,0.36350440979003906,0.4620552062988281,132422.69678570968,1057.6026092123939,148.47996520996094,412.7909851074219,0
105295,harden_m3,3.0,0.023237179964780807,0.005045031197369099,0.005615724832750857,0.9498856514692307,8.397889246225532e-07,0.0024539141450077295,0.028665650971574183,1.0308727951269248e-06,0.9999985694885254,0.5035401582717896,0.36341002583503723,0.4617805480957031,132401.44530933187,1036.3511328345921,148.47918701171875,412.893310546875,0
105400,harden_m4,4.0,0.02331552281975746,0.0050126914866268635,0.005673683558901151,0.9492127249638239,9.95938080450287e-07,0.0024175173602998257,0.03845362405314576,1.0410378337155635e-08,1.0,0.5047332644462585,0.3912043273448944,0.5568428039550781,132326.69003643974,961.595859942463,162.46139526367188,412.8011169433594,0
105600,harden_m4,4.0,0.023455973714590073,0.005049633793532848,0.005615913347962002,0.9491102794806162,9.88042870631034e-07,0.0024327815044671297,0.02785914468630524,1.0390182936248493e-08,1.0,0.5053989887237549,0.3903694152832031,0.554901123046875,132234.57847325713,869.4842967598524,162.08139038085938,412.78704833984375,0
105800,harden_m4,4.0,0.023107361048460007,0.004993325565010309,0.00569796209068348,0.9495950837930044,9.812674761633389e-07,0.002383137121796608,0.02875809550615215,1.0382318116342049e-08,1.0,0.5058634281158447,0.38977140188217163,0.5534019470214844,132164.09097784467,798.9968013473845,161.85443115234375,412.8763122558594,0
106000,harden_m4,4.0,0.023265764117240906,0.005027804523706436,0.005596238033225139,0.949463278055191,1.0045771432487527e-06,0.0024123676121234894,0.02377914510761061,1.0375964087927514e-08,1.0,0.506217360496521,0.38926786184310913,0.5520248413085938,132102.57347985313,737.4793033558526,161.68202209472656,412.99468994140625,0
106200,harden_m4,4.0,0.023200152441859245,0.005021957680583,0.00559785539129128,0.9499965409437815,1.0892363206949085e-06,0.0025228552985936403,0.045592562973385535,1.0356232316155456e-08,1.0,0.5065484046936035,0.38883399963378906,0.5508384704589844,132047.35538434685,682.2612078495731,161.5528564453125,413.1376953125,0
106400,harden_m4,4.0,0.02295600436627865,0.00494884978979826,0.005576551736642917,0.9499434481064478,9.671306315794936e-07,0.002315751276910305,0.022318475055405712,1.0328418120764127e-08,1.0,0.5068396329879761,0.3884480595588684,0.5497703552246094,131996.74565685322,631.6514803559403,161.45281982421875,413.2991638183594,0
106600,harden_m4,4.0,0.02283444255590439,0.004843307659029961,0.005581372611535092,0.9495292901992798,1.0044623195426539e-06,0.00238213874399662,0.018261865113912323,1.0308992770546865e-08,1.0,0.5071118474006653,0.3880927860736847,0.5486412048339844,131949.46135547504,584.3671789777582,161.36724853515625,413.46258544921875,0
106800,harden_m4,4.0,0.023208241909742355,0.005004695616662502,0.00556476681958884,0.9502053360144297,1.0517422879274818e-06,0.002523626433685422,0.021662092711395263,1.0301267394652314e-08,1.0,0.5073548555374146,0.38776522874832153,0.5477561950683594,131904.91605698402,539.8218804867356,161.2981414794922,413.63555908203125,0
107000,harden_m4,4.0,0.022915352135896683,0.004891921766102314,0.005591858644038439,0.9492341379324595,1.0483531696081627e-06,0.0024358215741813183,0.023808802540899378,1.028848473083599e-08,1.0,0.5075803995132446,0.3874610960483551,0.54681396484375,131862.81744297745,497.7232664801704,161.24435424804688,413.8209533691406,0
107200,harden_m4,4.0,0.023224839940667152,0.00502019003033638,0.005554416333325207,0.950132797161738,1.0246806141367415e-06,0.0024577234871685505,0.019666104956895556,1.0266550276583075e-08,1.0,0.5078006982803345,0.38718080520629883,0.5459251403808594,131823.12124965028,458.0270731530036,161.20639038085938,414.01708984375,0
107400,harden_m4,4.0,0.02279381826519966,0.004876738414168358,0.005564585134076576,0.9500109752019247,1.010266601042531e-06,0.0023539462126791477,0.022228406777499342,1.0257897642418357e-08,1.0,0.507997989654541,0.38691025972366333,0.544952392578125,131784.65634511478,419.5621686175,161.17144775390625,414.21075439453125,0
107600,harden_m4,4.0,0.023039206862449646,0.004965768661350012,0.0055625249321262045,0.9497797389825186,1.0165946378037916e-06,0.0024395384825766087,0.027317272408428232,1.0247748427616443e-08,1.0,0.508190393447876,0.38665375113487244,0.5442008972167969,131747.73470538307,382.6405288857932,161.1414031982422,414.4017333984375,0
107800,harden_m4,4.0,0.023134473711252213,0.005022379569709301,0.005561076143446068,0.9502926121155421,1.0179096534557175e-06,0.0024032217916101217,0.0224272568518821,3.7359280113946625e-09,1.0,0.5079904794692993,0.38647568225860596,0.5438194274902344,131809.1769794501,444.0828029528202,161.1442108154297,415.0069885253906,0
108000,harden_m4,4.0,0.02295319363474846,0.004907320719212294,0.005656523785243432,0.9485292086998621,1.020831859932514e-06,0.0024038581177592278,0.034389745631653486,3.6929097557703017e-09,1.0,0.5081577301025391,0.3862570524215698,0.543060302734375,131778.77413301432,413.67995651703677,161.1271209716797,415.19354248046875,0
108200,harden_m4,4.0,0.023173116147518158,0.0049599092453718185,0.005602674131902556,0.9490383068720499,1.1824806733784499e-06,0.0026634896639734507,0.040284790440761116,3.671027037910335e-09,1.0,0.5083178281784058,0.38604819774627686,0.5425224304199219,131749.00160532526,383.90742882798077,161.11753845214844,415.3871765136719,0
108400,harden_m4,4.0,0.022624805569648743,0.0047973874025046825,0.005559156610009571,0.9503721098105112,1.0240840992992162e-06,0.0023583234287798405,0.017927860149080755,3.647053770094999e-09,1.0,0.5084737539291382,0.38584601879119873,0.5418777465820312,131719.92979044592,354.8356139486423,161.11282348632812,415.5836486816406,0
108600,harden_m4,4.0,0.022441186010837555,0.004737411625683308,0.005509789373415212,0.9503940989573797,1.0187040970777161e-06,0.002347801113501191,0.012458941495663737,3.6333622777107166e-09,1.0,0.5086287260055542,0.38565024733543396,0.5412101745605469,131691.1936919094,326.0995154121192,161.11134338378906,415.7799987792969,0
108800,harden_m4,4.0,0.022685827687382698,0.004838850349187851,0.005521526637797554,0.9506779809792837,1.0240369192615617e-06,0.0023689575027674437,0.025927935401463834,3.6316927243262853e-09,1.0,0.5087803602218628,0.38545966148376465,0.5406150817871094,131663.00352035117,297.9093438538839,161.11172485351562,415.97686767578125,0
109000,harden_m4,4.0,0.02274871990084648,0.00485236756503582,0.005618839059025049,0.948793093363444,1.0433320767333498e-06,0.0024225905071944,0.03800231375958215,3.6216070142813805e-09,1.0,0.508926510810852,0.3852750360965729,0.5399398803710938,131635.4140799504,270.3199034531135,161.11294555664062,416.1695556640625,0
109200,harden_m4,4.0,0.0224784966558218,0.004789643920958042,0.005538404065494736,0.9498626788457235,1.0435135209263535e-06,0.0024149632081389427,0.031923562122402674,3.619701427481914e-09,1.0,0.5090605020523071,0.38509878516197205,0.5393218994140625,131608.54245830703,243.44828180974582,161.12225341796875,416.37091064453125,0
109345,harden_m4,4.0,0.022612163797020912,0.004827712196856737,0.005499506640868883,0.950202688574791,1.0172562951993314e-06,0.0023511576000601053,0.012570379374154847,3.6142373538439188e-09,1.0,0.5091633796691895,0.3849745988845825,0.5388755798339844,131589.30728596455,224.2131094672659,161.12985229492188,416.51519775390625,0
109400,harden_m5,5.0,0.02307899110019207,0.004891942720860243,0.005586303731737037,0.9492461184660593,1.1697169384206063e-06,0.0023605336900800467,0.03436432211904469,2.796295833773499e-11,1.0,0.5103628635406494,0.4023507237434387,0.5977706909179688,131563.2201490979,198.12597260062466,170.30636596679688,416.53466796875,0
109600,harden_m5,5.0,0.02271326072514057,0.004881124943494797,0.0055896341024587555,0.9496212850014368,1.2917729463879368e-06,0.002612064126878977,0.049456093554185204,2.782128520617544e-11,1.0,0.5109753608703613,0.4015057384967804,0.5960273742675781,131507.16044383286,142.0662673355837,169.94924926757812,416.6327209472656,0
109800,harden_m5,5.0,0.02294081076979637,0.004919165745377541,0.005710204713977873,0.9485182215770086,1.1976992482232163e-06,0.002361759776249528,0.03317792836546217,2.773286288115795e-11,1.0,0.5113664865493774,0.40097078680992126,0.5947761535644531,131466.18850487756,101.09432838027715,169.76918029785156,416.78076171875,0
110000,harden_m5,5.0,0.022551745176315308,0.0047502401284873486,0.005546265592177709,0.9492069333791733,1.1820352483482566e-06,0.002323874970898032,0.014674331367427018,2.7541514208140327e-11,1.0,0.5116853713989258,0.4005346894264221,0.593780517578125,131430.48632642275,65.39214992546476,169.6453094482422,416.9432373046875,0
110200,harden_m5,5.0,0.022735796868801117,0.004810510203242302,0.005525917978957295,0.9509338289499283,1.2054485978296725e-06,0.0023448120336979628,0.020715656719296163,2.746906174744268e-11,1.0,0.5119612216949463,0.4001668691635132,0.5926895141601562,131398.36711314187,33.27293664458557,169.55487060546875,417.107666015625,0
110400,harden_m5,5.0,0.022476818412542343,0.004728314932435751,0.005481127183884382,0.9508871833483378,1.236967250406451e-06,0.002393851289525628,0.015702998988409798,2.7326765850155255e-11,1.0,0.5122106075286865,0.3998408615589142,0.59161376953125,131368.72662852448,3.6324520272028167,169.48870849609375,417.2803649902344,0
110600,harden_m5,5.0,0.022619616240262985,0.004768633283674717,0.0055147573196639614,0.949403832356135,1.189969111692335e-06,0.0023468006402254105,0.020166249935246162,2.7241577049696986e-11,1.0,0.5124373435974121,0.39954352378845215,0.5906143188476562,131341.01300050947,24.081175987812458,169.43983459472656,417.4606018066406,0
110800,harden_m5,5.0,0.02266351506114006,0.00482181366533041,0.005575537953215341,0.9495262404282888,1.1995529121122672e-06,0.002340882085263729,0.02326401946960218,2.7204141717085406e-11,1.0,0.5126297473907471,0.39927369356155396,0.5897254943847656,131314.8453450713,50.24883142596809,169.40570068359375,417.6439208984375,0
111000,harden_m5,5.0,0.022540882229804993,0.004744130186736584,0.005537367697494726,0.9496958951155344,1.2097920034648268e-06,0.002363357925787568,0.0254894318294433,2.712176316865822e-11,1.0,0.5128214359283447,0.39902234077453613,0.5889434814453125,131289.73321627246,75.36096022481797,169.37991333007812,417.82440185546875,0
111200,harden_m5,5.0,0.022264748811721802,0.00465746596455574,0.005509650683961809,0.9501136839389801,1.2141778142904514e-06,0.00237605394795537,0.030638510072839922,2.704314203128e-11,1.0,0.5130106210708618,0.3987840712070465,0.5880393981933594,131265.6772199039,99.41695659336983,169.36062622070312,418.00665283203125,0
111400,harden_m5,5.0,0.0229719877243042,0.004926120862364769,0.005541287750626604,0.9506906966368357,1.2756194109897478e-06,0.002467924961820245,0.03920454731795825,2.6976686509638803e-11,1.0,0.513159453868866,0.39856448769569397,0.5872726440429688,131242.70134373187,122.39283276541391,169.3557586669922,418.2009582519531,0
111600,harden_m5,5.0,0.02559123933315277,0.0060825832188129425,0.0064325646962970495,0.9422102471192678,3.5037901398027316e-06,0.009047825820744038,0.02916138643109641,1.3619984179308967e-21,1.0,0.5132037401199341,0.3984837532043457,0.5868759155273438,131356.7999610222,8.294215475092642,169.4606170654297,419.2196960449219,0
111800,harden_m5,5.0,0.023129289969801903,0.004965405445545912,0.005537728390966852,0.9509528875350952,1.1846339020848973e-06,0.0022682626731693745,0.02665204489434361,2.984117168657465e-22,1.0,0.5133093595504761,0.39831966161727905,0.5863533020019531,131346.61856325043,18.47561324684648,169.50274658203125,419.4944152832031,0
112000,harden_m5,5.0,0.02247871831059456,0.004710065200924873,0.0055198101326823235,0.9511263271172842,1.1944697462240583e-06,0.0023375912569463253,0.024868532445973254,3.0700469666478484e-22,1.0,0.5134646892547607,0.39812782406806946,0.5858078002929688,131327.95321636595,37.140960131335305,169.5011749267578,419.6702880859375,0
112200,harden_m5,5.0,0.02289664000272751,0.0048682731576263905,0.005452951998449862,0.9506888141234716,1.2204108088553767e-06,0.0023024503607302904,0.014162921671170956,3.1033459845258032e-22,1.0,0.5136083364486694,0.3979487419128418,0.5852165222167969,131310.2678087285,54.826367768779164,169.5028533935547,419.84271240234375,0
112400,harden_m5,5.0,0.022530455142259598,0.0047336178831756115,0.005433884371692936,0.951134443283081,1.248183480129228e-06,0.0023664108011871576,0.01796152323726251,3.0715580454890174e-22,1.0,0.5137332081794739,0.39778316020965576,0.5848236083984375,131293.4535458642,71.64063063307549,169.510986328125,420.0157775878906,0
112600,harden_m5,5.0,0.02269076555967331,0.004804331809282303,0.005474426473180453,0.9510738849639893,1.2078559166184277e-06,0.0023106299340724945,0.01666233894023561,3.0421843994754423e-22,1.0,0.513857901096344,0.39762482047080994,0.5843048095703125,131276.2627134091,88.83146308819414,169.52210998535156,420.18634033203125,0
112800,harden_m5,5.0,0.022193826735019684,0.004551433026790619,0.005409035831689835,0.9512889583905538,1.3633672324431245e-06,0.002601309446617961,0.0195353839316888,3.0349516178253967e-22,1.0,0.5139870643615723,0.39747190475463867,0.5838203430175781,131259.6859359339,105.4082405633817,169.53465270996094,420.35546875,0
113000,harden_m5,5.0,0.022566664963960648,0.004764363169670105,0.005500938859768212,0.9512703319390615,1.2255588899279246e-06,0.0023552444763481617,0.04290249967775221,3.038588960796062e-22,1.0,0.5141037702560425,0.3973267078399658,0.5833015441894531,131243.2475063003,121.84667019697372,169.5531768798828,420.5287170410156,0
113200,harden_m5,5.0,0.022447336465120316,0.004715310409665108,0.005463512614369392,0.9497424761454264,1.2060284007020527e-06,0.0022940882481634617,0.012350667784385122,3.0424163876904497e-22,1.0,0.5142086744308472,0.3971923887729645,0.58282470703125,131227.06452557718,138.0296509200998,169.5797119140625,420.70623779296875,0
113395,harden_m5,5.0,0.02289564535021782,0.0048623885959386826,0.0054099621484056115,0.9514055053393046,1.250618652193225e-06,0.002368108369410038,0.02565761194541546,3.04480821395508e-22,1.0,0.514319121837616,0.3970593214035034,0.5824012756347656,131211.6599696841,153.4342068131955,169.60189819335938,420.87744140625,0
113400,harden_m6,6.0,0.022715285420417786,0.004822473973035812,0.005535060927892725,0.9506946057081223,1.3838696304446785e-06,0.0023079942911863327,0.023638423463689637,1.5151726903033794e-26,1.0,0.5153211951255798,0.4092767834663391,0.6220207214355469,131210.2630132262,154.83116327106836,176.2725830078125,420.8802490234375,0
113600,harden_m6,6.0,0.02296486124396324,0.00482594221830368,0.005451101150053243,0.9503493259350458,1.3833018783770967e-06,0.002352361101657152,0.03802754957293205,1.5167051142415294e-26,1.0,0.5159083604812622,0.4082796573638916,0.6201248168945312,131167.4262002575,197.66797623978346,175.85316467285156,421.012939453125,0
113800,harden_m6,6.0,0.022525301203131676,0.004779567942023277,0.005466356912317376,0.9504855076471964,1.8560544958745595e-06,0.002744358265772462,0.022524463131529067,1.5210158076802547e-26,1.0,0.5162089467048645,0.40779200196266174,0.6191177368164062,131141.3956918257,223.69848467159318,175.696533203125,421.15966796875,0
114000,harden_m6,6.0,0.022915493696928024,0.0048751309514045715,0.005491950976041456,0.9510101129611334,1.4154808241073624e-06,0.0023709102533757687,0.04273180595852901,1.5224379143511902e-26,1.0,0.5164211988449097,0.4074331223964691,0.6182212829589844,131119.71006679354,245.3841097037366,175.60789489746094,421.311767578125,0
114200,harden_m6,6.0,0.02259201556444168,0.004770100116729736,0.005431665612074236,0.950660785039266,1.3824873121848213e-06,0.002323147375136614,0.024194858325833103,1.5277496291378102e-26,1.0,0.5166316032409668,0.4071255326271057,0.6173171997070312,131100.34068605618,264.75349044110044,175.54440307617188,421.4629211425781,0
114400,harden_m6,6.0,0.02259998396039009,0.004752118140459061,0.005390039606330295,0.9515534391005834,1.3811190910928417e-06,0.002276515355333686,0.015623136195806872,1.5314899391642058e-26,1.0,0.5168136358261108,0.4068591296672821,0.61651611328125,131082.5230150839,282.57116141339066,175.49757385253906,421.6097412109375,0
114600,harden_m6,6.0,0.022596392780542374,0.004764755256474018,0.005433960390898089,0.9514466275771459,1.5015804137874511e-06,0.002421234268695116,0.024914239029146107,1.5354971060436956e-26,1.0,0.5169796347618103,0.40661677718162537,0.6157264709472656,131065.57015478931,299.52402170796995,175.46563720703125,421.7620544433594,0
114800,harden_m6,6.0,0.02258697897195816,0.004742460325360298,0.00551083260991921,0.9493238975604376,1.4742226994712837e-06,0.0023770970292389393,0.03460826059972298,1.5425772867424498e-26,1.0,0.5171287655830383,0.4063979685306549,0.6150932312011719,131049.51369615989,315.5804803373903,175.44459533691406,421.9122314453125,0
115000,harden_m6,6.0,0.022862669080495834,0.004823521710932255,0.00541069102473557,0.9509160071611404,1.4618063914895174e-06,0.0023936715442687273,0.031566043585419756,1.546643001892249e-26,1.0,0.5172557830810547,0.40620189905166626,0.6144523620605469,131034.44774562145,330.64643087582954,175.4365692138672,422.06597900390625,0
115200,harden_m6,6.0,0.02249278500676155,0.004714760929346085,0.005428282039550443,0.9516176084677378,1.4159562624627142e-06,0.002536242827773094,0.03573809935962745,1.5492115761404794e-26,1.0,0.5174112319946289,0.4060135781764984,0.6139335632324219,131020.20851761762,344.8856588796625,175.42958068847656,422.21636962890625,0
115400,harden_m6,6.0,0.02285623550415039,0.004893425386399031,0.005586706994411846,0.9504953175783157,1.43247370942845e-06,0.0023288577795028687,0.022458468967563202,1.5527495864855165e-26,1.0,0.5174436569213867,0.4058630168437958,0.6134796142578125,131007.10112051178,357.99305598549836,175.4465789794922,422.3780822753906,0
115600,harden_m6,6.0,0.02255258336663246,0.004751753062009811,0.0054061270008484525,0.9514722873767217,1.433299871678173e-06,0.0023126816377043724,0.02886747762319706,1.556622400492086e-26,1.0,0.5175353288650513,0.4056931436061859,0.6129074096679688,130993.32795222817,371.7662242691149,175.44520568847656,422.52197265625,0
115800,harden_m6,6.0,0.02233143523335457,0.004713588394224644,0.005431799838940303,0.95174340903759,1.3810591781293624e-06,0.0022416086867451668,0.01673762049868421,1.55899345136522e-26,1.0,0.5176552534103394,0.40553411841392517,0.6122894287109375,130980.14750335258,384.9466731447028,175.45208740234375,422.671142578125,0
116000,harden_m6,6.0,0.022382842376828194,0.004673219285905361,0.0053800385212525725,0.9517051378885905,1.4186969110596692e-06,0.0023899127263575792,0.04807023558425689,1.5625539565720075e-26,1.0,0.5177825093269348,0.4053823947906494,0.6117210388183594,130967.72023670566,397.3739397916215,175.46006774902344,422.8164978027344,0
116200,harden_m6,6.0,0.02271861955523491,0.004796186927706003,0.0054065434184546275,0.951345682144165,1.494914840804995e-06,0.0023685041815042496,0.036442001246574186,1.567485261676012e-26,1.0,0.517900824546814,0.4052434265613556,0.6111907958984375,130955.69449245039,409.3996840468899,175.47752380371094,422.96844482421875,0
116400,harden_m6,6.0,0.022420816123485565,0.004709115717560053,0.0053939589609702425,0.9515515714883804,1.4503186775982613e-06,0.0023262477479875088,0.018641043672945383,1.571088907713554e-26,1.0,0.5179754495620728,0.405121773481369,0.6107139587402344,130944.2971648632,420.79701163408754,175.50120544433594,423.11700439453125,0
116600,harden_m6,6.0,0.022663535550236702,0.004798377398401499,0.005374435801059008,0.9516375263532003,1.4375009413925e-06,0.0023538025561720133,0.016358622717866658,1.5744367902544812e-26,1.0,0.5181207656860352,0.40498241782188416,0.6102333068847656,130932.6329377058,432.4612387914822,175.51089477539062,423.25604248046875,0
116800,harden_m6,6.0,0.022194717079401016,0.004634074401110411,0.005504625422569613,0.9516489058732986,1.4399290648725582e-06,0.0022741390857845545,0.012474834120710864,1.5785622862697542e-26,1.0,0.5182296633720398,0.40485680103302,0.6098251342773438,130921.39394308327,443.7002334140125,175.52926635742188,423.3966064453125,0
117000,harden_m6,6.0,0.022488808259367943,0.004740609787404537,0.0053615661260361476,0.951914002497991,1.403017563461617e-06,0.002278362400829792,0.021243993229092234,1.5823483563916284e-26,1.0,0.5183169841766357,0.4047732353210449,0.609619140625,130912.17208495167,452.9220915456099,175.5786590576172,423.55841064453125,0
117200,harden_m6,6.0,0.02254251204431057,0.004785418510437012,0.005445900605991483,0.9520877748727798,1.4213819667929783e-06,0.002288200194016099,0.013997034535531902,1.5847890488915515e-26,1.0,0.5184083580970764,0.4046499729156494,0.6091270446777344,130901.36549325984,463.7286832374375,175.58998107910156,423.6878662109375,0
117400,harden_m6,6.0,0.022423408925533295,0.004702054895460606,0.005407480678210656,0.95062988003095,1.474561145187181e-06,0.002402105601504445,0.02977867033456558,1.585768499824069e-26,1.0,0.5185079574584961,0.4045332670211792,0.6086006164550781,130890.91397037459,474.18020612269174,175.6044921875,423.81707763671875,0
117445,harden_m6,6.0,0.022271472960710526,0.004611117299646139,0.0053669574748103814,0.951929638783137,1.4103867442827323e-06,0.0022678093519061804,0.018811958561343163,1.5892203825819932e-26,1.0,0.5185455083847046,0.4045066237449646,0.6084747314453125,130888.61389746628,476.4802790310059,175.60739135742188,423.847412109375,0
117600,harden_m7,7.0,0.022520527243614197,0.004767348989844322,0.005414937506429851,0.9514884452025095,1.5862859754633973e-06,0.002284636255353689,0.013759763183735013,7.953314844047741e-31,1.0,0.5198957920074463,0.4126785099506378,0.6358909606933594,130860.22735728377,504.8668192135083,180.3006134033203,423.9305114746094,0
117800,harden_m7,7.0,0.022416653111577034,0.004678531549870968,0.0054129956212515635,0.9520448297262192,1.6332820678144344e-06,0.0025131898000836372,0.055482758056164955,7.968681846597171e-31,1.0,0.5200965404510498,0.4121977686882019,0.6347846984863281,130840.85086852653,524.2433079707553,180.13233947753906,424.0445556640625,0
118000,harden_m7,7.0,0.022053219377994537,0.004564901813864708,0.005366410012356937,0.9516043215990067,1.5970950926202931e-06,0.0022245130967348814,0.024880334843127162,7.98499112541822e-31,1.0,0.5202600359916687,0.4119110107421875,0.6338653564453125,130828.93869477043,536.1554817268479,180.0731964111328,424.1858825683594,0
118200,harden_m7,7.0,0.022295799106359482,0.0046789380721747875,0.005437308844799797,0.9511586477359136,1.720302179819555e-06,0.002461793599650264,0.040158504995149,8.002067766951485e-31,1.0,0.5204520225524902,0.41163867712020874,0.6332130432128906,130815.72602711036,549.3681493869226,180.0125274658203,424.303955078125,0
118400,harden_m7,7.0,0.02214142680168152,0.004574423655867577,0.005374190319950382,0.9513342380523682,1.5949549379001837e-06,0.002209670143201947,0.012554490177705763,8.017895563286437e-31,1.0,0.5205942392349243,0.41141417622566223,0.6324920654296875,130803.80373674154,561.2904397557431,179.97586059570312,424.4227600097656,0
118600,harden_m7,7.0,0.022004511207342148,0.004613135475665331,0.005370482491950194,0.9517017950614294,1.5971019138305564e-06,0.0022599981166422367,0.021031332794852232,8.025177985888651e-31,1.0,0.5207043886184692,0.4112184941768646,0.6319084167480469,130793.10171411946,571.9924623778206,179.9508819580078,424.5400695800781,0
118800,harden_m7,7.0,0.022572826594114304,0.004761719144880772,0.005439435209458073,0.9514403889576594,1.6096018953248858e-06,0.0022802380844950676,0.03222252427362577,8.027443398601556e-31,1.0,0.5208388566970825,0.41104385256767273,0.6313819885253906,130782.80987958625,582.2842969110352,179.9329071044922,424.6499328613281,0
119000,harden_m7,7.0,0.022177862003445625,0.004633243195712566,0.0054165811743587255,0.9504713614781698,1.6519647942914162e-06,0.002322707325220108,0.034246109516353436,8.030873961314996e-31,1.0,0.5209342241287231,0.4108893573284149,0.6307907104492188,130773.27678084694,591.8173956503451,179.92562866210938,424.7608642578125,0
119200,harden_m7,7.0,0.02248876914381981,0.004745924845337868,0.005394676933065057,0.9522326042254766,1.7584802662895527e-06,0.0024761343374848366,0.05085327390318887,8.050566783075452e-31,1.0,0.5210047960281372,0.4107450246810913,0.6302375793457031,130764.11103968856,600.983136808718,179.9243927001953,424.87646484375,0
119400,harden_m7,7.0,0.022319726645946503,0.004713685251772404,0.005434240524967511,0.9519653966029485,1.6349711131624645e-06,0.002312359167262912,0.04898695425421676,8.063106016414543e-31,1.0,0.5210885405540466,0.4106103777885437,0.6295623779296875,130755.55159150987,609.5425849874155,179.9258270263672,424.9888610839844,0
119600,harden_m7,7.0,0.02240634337067604,0.004635204095393419,0.0053834926802664995,0.9511945396661758,1.6954955981418607e-06,0.0023702890612185,0.037577963594741914,8.073879187040959e-31,1.0,0.5211922526359558,0.410486102104187,0.6291007995605469,130747.13647342338,617.9577030739019,179.9392852783203,425.109375,0
119800,harden_m7,7.0,0.022078510373830795,0.004589420277625322,0.005349233513697982,0.9521579096714655,1.6136855265358463e-06,0.002244300441816449,0.021377913564758013,8.086578287611762e-31,1.0,0.5212770700454712,0.410374253988266,0.6286735534667969,130739.38265113538,625.7115253618977,179.96006774902344,425.23126220703125,0
120000,harden_m7,7.0,0.02215207740664482,0.004591645672917366,0.005357695743441582,0.9518566826979319,1.6121720136652584e-06,0.002243812894448638,0.01626471567787214,8.090095366709423e-31,1.0,0.5213541984558105,0.4102590084075928,0.6282424926757812,130731.63620180082,633.4579746964591,179.9749755859375,425.3494873046875,0
120200,harden_m7,7.0,0.02225189469754696,0.004633685573935509,0.005343422216052811,0.9524156848589579,1.7024621001837659e-06,0.0023770451080054045,0.038565189721506764,8.088737435635353e-31,1.0,0.521400511264801,0.41016343235969543,0.6277923583984375,130724.20654186432,640.8876346329635,180.0015106201172,425.4701232910156,0
120400,harden_m7,7.0,0.022137880325317383,0.004618905019015074,0.00538739519348989,0.9516951690117518,1.6512358342879452e-06,0.0022808262147009373,0.02466741737281654,8.093861650609457e-31,1.0,0.5214811563491821,0.4100742042064667,0.6273994445800781,130717.18772984676,647.9064466505224,180.0249481201172,425.5797119140625,0
120600,harden_m7,7.0,0.02175041288137436,0.004466034937649965,0.005344373368037243,0.9519240955511729,1.5809015394552262e-06,0.002220926573500037,0.01623372550062417,8.093367942982112e-31,1.0,0.521551251411438,0.40997201204299927,0.626922607421875,130710.25079923915,654.8433772581338,180.03677368164062,425.68511962890625,0
120800,harden_m7,7.0,0.022318201139569283,0.004671289119869471,0.005345086140247683,0.9518567125002543,1.6226539401031914e-06,0.0022151516750454903,0.037035801602648216,8.101522112194896e-31,1.0,0.5216227769851685,0.40987807512283325,0.6265640258789062,130703.68172320166,661.4124532956193,180.05032348632812,425.7874755859375,0
121000,harden_m7,7.0,0.022081464529037476,0.004589419811964035,0.005326605440738301,0.952533428867658,1.6230574146902654e-06,0.0022685364820063114,0.018177132317274126,8.107581080276774e-31,1.0,0.5216305255889893,0.40980279445648193,0.626251220703125,130698.74980274295,666.3443737543275,180.0734100341797,425.9012145996094,0
121200,harden_m7,7.0,0.022324873134493828,0.004641873762011528,0.005397511878982186,0.9522750327984492,1.6017920643207617e-06,0.0022264737635850906,0.027863960021787117,8.120334723785456e-31,1.0,0.5217056274414062,0.4097212255001068,0.6259765625,130692.36035820916,672.7338182881213,180.09951782226562,426.0101623535156,0
121400,harden_m7,7.0,0.02187507227063179,0.004486010409891605,0.005355482028486828,0.9519768953323364,1.6140198795255856e-06,0.002198014175519347,0.02564060440523603,8.12870236277235e-31,1.0,0.5217561721801758,0.40964770317077637,0.6256065368652344,130686.09597045892,678.9982060383627,180.1297149658203,426.12091064453125,0
121495,harden_m7,7.0,0.022038158029317856,0.0045705134980380535,0.0053979171595225734,0.9514133880535761,1.6006565601855982e-06,0.002229186939075589,0.020073700531786955,8.12944715599303e-31,1.0,0.5217729806900024,0.4096146821975708,0.6255149841308594,130683.2281205205,681.8660559767741,180.14083862304688,426.167724609375,0
121500,harden_m8,8.0,0.02219802886247635,0.004613874480128288,0.005423503811471164,0.9523362815380096,1.9404162685532356e-06,0.002334124641492963,0.02746852181145923,4.08745329308574e-35,1.0,0.522576093673706,0.4166533648967743,0.6487884521484375,130682.34267872611,682.7514977711689,184.1785125732422,426.16973876953125,0
