step,phase,m,loss,train_mse,val_mse,val_ssim,grad_norm_illum,grad_norm_upsampler,grad_norm_recon,H_t_min,H_t_max,H_t_mean,H_t_std,H_t_binary_fraction,illum_l2,illum_delta,H_t_displacement,tau_displacement,illum_frozen
200,inverse_warmup_m1,1.0,0.10453261435031891,0.05872197076678276,0.060287470618883766,0.5243645111719767,0.0,0.02042350172996521,0.4892829702500556,0.010045968927443027,0.990330696105957,0.4999280869960785,0.20856866240501404,0.028331756591796875,513.144960025917,0.0,0.0,0.0,1
400,inverse_warmup_m1,1.0,0.08863721042871475,0.04469854384660721,0.04484669677913189,0.6207617421944936,0.0,0.019917728379368782,0.12097702365150373,0.010045968927443027,0.990330696105957,0.4999280869960785,0.20856866240501404,0.028331756591796875,513.144960025917,0.0,0.0,0.0,1
600,inverse_warmup_m1,1.0,0.08115939795970917,0.039545029401779175,0.03842026460915804,0.675109843413035,0.0,0.028246639296412468,0.23465743264764952,0.010045968927443027,0.990330696105957,0.4999280869960785,0.20856866240501404,0.028331756591796875,513.144960025917,0.0,0.0,0.0,1
800,inverse_warmup_m1,1.0,0.07543965429067612,0.03465541452169418,0.034113047954936825,0.7036484181880951,0.0,0.03483467549085617,0.21051573959280276,0.010045968927443027,0.990330696105957,0.4999280869960785,0.20856866240501404,0.028331756591796875,513.144960025917,0.0,0.0,0.0,1
1000,inverse_warmup_m1,1.0,0.07098213583230972,0.03237735480070114,0.03252290499707063,0.7191005498170853,0.0,0.03836340457201004,0.17927415570304012,0.010045968927443027,0.990330696105957,0.4999280869960785,0.20856866240501404,0.028331756591796875,513.144960025917,0.0,0.0,0.0,1
1200,inverse_warmup_m1,1.0,0.06931829452514648,0.03157981485128403,0.03137094217042128,0.7335448314746221,0.0,0.03954574465751648,0.20348423018928777,0.010045968927443027,0.990330696105957,0.4999280869960785,0.20856866240501404,0.028331756591796875,513.144960025917,0.0,0.0,0.0,1
1400,inverse_warmup_m1,1.0,0.06643340736627579,0.029781170189380646,0.03069481315712134,0.7304612745841345,0.0,0.03692404553294182,0.2552712306215839,0.010045968927443027,0.990330696105957,0.4999280869960785,0.20856866240501404,0.028331756591796875,513.144960025917,0.0,0.0,0.0,1
1600,inverse_warmup_m1,1.0,0.06530579924583435,0.02822699025273323,0.029699796500305336,0.7422397683064142,0.0,0.03790615499019623,0.1564306891947595,0.010045968927443027,0.990330696105957,0.4999280869960785,0.20856866240501404,0.028331756591796875,513.144960025917,0.0,0.0,0.0,1
1800,inverse_warmup_m1,1.0,0.0638774111866951,0.02825270965695381,0.029056986793875694,0.7487509548664093,0.0,0.03656576946377754,0.25272956987009976,0.010045968927443027,0.990330696105957,0.4999280869960785,0.20856866240501404,0.028331756591796875,513.144960025917,0.0,0.0,0.0,1
2000,inverse_warmup_m1,1.0,0.06398186832666397,0.027483075857162476,0.02804306661710143,0.754311258594195,0.0,0.03645766153931618,0.13869863788325812,0.010045968927443027,0.990330696105957,0.4999280869960785,0.20856866240501404,0.028331756591796875,513.144960025917,0.0,0.0,0.0,1
2200,inverse_warmup_m1,1.0,0.06228315085172653,0.02685340866446495,0.027607785382618506,0.7593786269426346,0.0,0.03742821142077446,0.1454765981196087,0.010045968927443027,0.990330696105957,0.4999280869960785,0.20856866240501404,0.028331756591796875,513.144960025917,0.0,0.0,0.0,1
2400,inverse_warmup_m1,1.0,0.0617845356464386,0.026337755843997,0.027633728925138712,0.7613168110450109,0.0,0.037234921008348465,0.10640091895530736,0.010045968927443027,0.990330696105957,0.4999280869960785,0.20856866240501404,0.028331756591796875,513.144960025917,0.0,0.0,0.0,1
2600,inverse_warmup_m1,1.0,0.06117420643568039,0.025756876915693283,0.026980632139990728,0.7606976826985677,0.0,0.03612643480300903,0.11344692308303986,0.010045968927443027,0.990330696105957,0.4999280869960785,0.20856866240501404,0.028331756591796875,513.144960025917,0.0,0.0,0.0,1
2800,inverse_warmup_m1,1.0,0.06048538535833359,0.025657914578914642,0.026974072214215994,0.7663508206605911,0.0,0.03653053566813469,0.10809816145706881,0.010045968927443027,0.990330696105957,0.4999280869960785,0.20856866240501404,0.028331756591796875,513.144960025917,0.0,0.0,0.0,1
3000,inverse_warmup_m1,1.0,0.059637170284986496,0.025414559990167618,0.02701915443564455,0.7624906500180563,0.0,0.03652742877602577,0.1613694151093351,0.010045968927443027,0.990330696105957,0.4999280869960785,0.20856866240501404,0.028331756591796875,513.144960025917,0.0,0.0,0.0,1
3200,inverse_warmup_m1,1.0,0.05934897065162659,0.024594366550445557,0.026618462211141985,0.7684385379155477,0.0,0.035164084285497665,0.1853661154998582,0.010045968927443027,0.990330696105957,0.4999280869960785,0.20856866240501404,0.028331756591796875,513.144960025917,0.0,0.0,0.0,1
3400,inverse_warmup_m1,1.0,0.05999328941106796,0.0257449708878994,0.02613299945369363,0.7703278859456381,0.0,0.03673410415649414,0.12125659575693228,0.010045968927443027,0.990330696105957,0.4999280869960785,0.20856866240501404,0.028331756591796875,513.144960025917,0.0,0.0,0.0,1
3600,inverse_warmup_m1,1.0,0.05842865630984306,0.024715540930628777,0.02580815569187204,0.7732537935177485,0.0,0.03624850511550903,0.10496785220761827,0.010045968927443027,0.990330696105957,0.4999280869960785,0.20856866240501404,0.028331756591796875,513.144960025917,0.0,0.0,0.0,1
3800,inverse_warmup_m1,1.0,0.058934345841407776,0.025113966315984726,0.027619038708508015,0.7646392285823822,0.0,0.03497706726193428,0.13731707352233663,0.010045968927443027,0.990330696105957,0.4999280869960785,0.20856866240501404,0.028331756591796875,513.144960025917,0.0,0.0,0.0,1
4000,inverse_warmup_m1,1.0,0.058408066630363464,0.02490844950079918,0.02687827202801903,0.7493176857630411,0.0,0.0360536091029644,0.14808511748923772,0.010045968927443027,0.990330696105957,0.4999280869960785,0.20856866240501404,0.028331756591796875,513.144960025917,0.0,0.0,0.0,1
4200,inverse_warmup_m1,1.0,0.05802281200885773,0.02426106669008732,0.025518164193878572,0.775675430893898,0.0,0.03454606607556343,0.10806751127613555,0.010045968927443027,0.990330696105957,0.4999280869960785,0.20856866240501404,0.028331756591796875,513.144960025917,0.0,0.0,0.0,1
4400,inverse_warmup_m1,1.0,0.05714213103055954,0.023619728162884712,0.025440618861466646,0.7794264058272043,0.0,0.03276454284787178,0.09508443271251808,0.010045968927443027,0.990330696105957,0.4999280869960785,0.20856866240501404,0.028331756591796875,513.144960025917,0.0,0.0,0.0,1
4600,inverse_warmup_m1,1.0,0.05740641802549362,0.023457717150449753,0.024929753815134365,0.7793348083893458,0.0,0.03321933001279831,0.1390303086311261,0.010045968927443027,0.990330696105957,0.4999280869960785,0.20856866240501404,0.028331756591796875,513.144960025917,0.0,0.0,0.0,1
4800,inverse_warmup_m1,1.0,0.056887198239564896,0.02345573902130127,0.024734202306717634,0.7836433748404185,0.0,0.033438682556152344,0.11511891653737827,0.010045968927443027,0.990330696105957,0.4999280869960785,0.20856866240501404,0.028331756591796875,513.144960025917,0.0,0.0,0.0,1
5000,inverse_warmup_m1,1.0,0.05649644881486893,0.023134510964155197,0.024812714972843725,0.7819851239522299,0.0,0.03177668899297714,0.1578709186705659,0.010045968927443027,0.990330696105957,0.4999280869960785,0.20856866240501404,0.028331756591796875,513.144960025917,0.0,0.0,0.0,1
5200,inverse_warmup_m1,1.0,0.05613408237695694,0.02286073938012123,0.02501361770555377,0.7787127941846848,0.0,0.032243791967630386,0.13331761307903456,0.010045968927443027,0.990330696105957,0.4999280869960785,0.20856866240501404,0.028331756591796875,513.144960025917,0.0,0.0,0.0,1
5400,inverse_warmup_m1,1.0,0.056054141372442245,0.022968271747231483,0.02527362434193492,0.774042064944903,0.0,0.03297322243452072,0.09748896681067061,0.010045968927443027,0.990330696105957,0.4999280869960785,0.20856866240501404,0.028331756591796875,513.144960025917,0.0,0.0,0.0,1
5600,inverse_warmup_m1,1.0,0.0550355426967144,0.022554967552423477,0.024449310110261042,0.782192642490069,0.0,0.031459033489227295,0.08705476748522105,0.010045968927443027,0.990330696105957,0.4999280869960785,0.20856866240501404,0.028331756591796875,513.144960025917,0.0,0.0,0.0,1
5800,inverse_warmup_m1,1.0,0.05470435321331024,0.02228410542011261,0.024982055338720482,0.7783736536900202,0.0,0.03174230828881264,0.08077230646384514,0.010045968927443027,0.990330696105957,0.4999280869960785,0.20856866240501404,0.028331756591796875,513.144960025917,0.0,0.0,0.0,1
6000,inverse_warmup_m1,1.0,0.05583760887384415,0.022938333451747894,0.024291923890511196,0.7868576546510061,0.0,0.03148239478468895,0.08991985228852908,0.010045968927443027,0.990330696105957,0.4999280869960785,0.20856866240501404,0.028331756591796875,513.144960025917,0.0,0.0,0.0,1
6200,inverse_warmup_m1,1.0,0.05478376895189285,0.02230655774474144,0.023989298846572638,0.7881307899951935,0.0,0.03162623569369316,0.08168114482508067,0.010045968927443027,0.990330696105957,0.4999280869960785,0.20856866240501404,0.028331756591796875,513.144960025917,0.0,0.0,0.0,1
6400,inverse_warmup_m1,1.0,0.055751122534275055,0.022912558168172836,0.024730929173529148,0.7869037687778473,0.0,0.030543463304638863,0.08287717448602729,0.010045968927443027,0.990330696105957,0.4999280869960785,0.20856866240501404,0.028331756591796875,513.144960025917,0.0,0.0,0.0,1
6600,inverse_warmup_m1,1.0,0.05502717196941376,0.02282055839896202,0.02430890112494429,0.7861858208974203,0.0,0.030480558052659035,0.1958982867746056,0.010045968927443027,0.990330696105957,0.4999280869960785,0.20856866240501404,0.028331756591796875,513.144960025917,0.0,0.0,0.0,1
6800,inverse_warmup_m1,1.0,0.0556148961186409,0.022920003160834312,0.02441722775499026,0.7906317959229151,0.0,0.030593737959861755,0.11583265651436907,0.010045968927443027,0.990330696105957,0.4999280869960785,0.20856866240501404,0.028331756591796875,513.144960025917,0.0,0.0,0.0,1
7000,inverse_warmup_m1,1.0,0.05513634532690048,0.022374574095010757,0.023673522441337507,0.7887797107299169,0.0,0.029472747817635536,0.13969231890649952,0.010045968927443027,0.990330696105957,0.4999280869960785,0.20856866240501404,0.028331756591796875,513.144960025917,0.0,0.0,0.0,1
7200,inverse_warmup_m1,1.0,0.05466675013303757,0.0222795307636261,0.025488929357379675,0.7757214456796646,0.0,0.029586415737867355,0.11670466307170685,0.010045968927443027,0.990330696105957,0.4999280869960785,0.20856866240501404,0.028331756591796875,513.144960025917,0.0,0.0,0.0,1
7400,inverse_warmup_m1,1.0,0.0544830784201622,0.02194618619978428,0.024130907685806353,0.7854954252640406,0.0,0.029664713889360428,0.07291552993451116,0.010045968927443027,0.990330696105957,0.4999280869960785,0.20856866240501404,0.028331756591796875,513.144960025917,0.0,0.0,0.0,1
7600,inverse_warmup_m1,1.0,0.05440489575266838,0.022252827882766724,0.023907746343563,0.7898833354314169,0.0,0.030945012345910072,0.09870745404510643,0.010045968927443027,0.990330696105957,0.4999280869960785,0.20856866240501404,0.028331756591796875,513.144960025917,0.0,0.0,0.0,1
7800,inverse_warmup_m1,1.0,0.053923606872558594,0.022009868174791336,0.023549177528669436,0.7916522522767385,0.0,0.029677579179406166,0.1258529888209044,0.010045968927443027,0.990330696105957,0.4999280869960785,0.20856866240501404,0.028331756591796875,513.144960025917,0.0,0.0,0.0,1
8000,inverse_warmup_m1,1.0,0.05495230853557587,0.022861558943986893,0.023962260223925114,0.7818854699532191,0.0,0.02961445041000843,0.15211396444506867,0.010045968927443027,0.990330696105957,0.4999280869960785,0.20856866240501404,0.028331756591796875,513.144960025917,0.0,0.0,0.0,1
8200,inverse_warmup_m1,1.0,0.053736746311187744,0.021711796522140503,0.023643148907770712,0.7902061740557352,0.0,0.02957037463784218,0.11491328783122146,0.010045968927443027,0.990330696105957,0.4999280869960785,0.20856866240501404,0.028331756591796875,513.144960025917,0.0,0.0,0.0,1
8400,inverse_warmup_m1,1.0,0.05433009937405586,0.02216809242963791,0.024319452078392107,0.7913467983404795,0.0,0.02911793813109398,0.09843655956873612,0.010045968927443027,0.990330696105957,0.4999280869960785,0.20856866240501404,0.028331756591796875,513.144960025917,0.0,0.0,0.0,1
8600,inverse_warmup_m1,1.0,0.05388949066400528,0.021751850843429565,0.02382181662445267,0.7882181257009506,0.0,0.027084708213806152,0.08672170585107991,0.010045968927443027,0.990330696105957,0.4999280869960785,0.20856866240501404,0.028331756591796875,513.144960025917,0.0,0.0,0.0,1
8800,inverse_warmup_m1,1.0,0.054730672389268875,0.02205968275666237,0.024173542701949675,0.7909294366836548,0.0,0.02772328443825245,0.11485322687210522,0.010045968927443027,0.990330696105957,0.4999280869960785,0.20856866240501404,0.028331756591796875,513.144960025917,0.0,0.0,0.0,1
9000,inverse_warmup_m1,1.0,0.05456786975264549,0.02231258526444435,0.023444711230695248,0.793040951093038,0.0,0.02929697185754776,0.12400799592436386,0.010045968927443027,0.990330696105957,0.4999280869960785,0.20856866240501404,0.028331756591796875,513.144960025917,0.0,0.0,0.0,1
9200,inverse_warmup_m1,1.0,0.05388673394918442,0.02180054783821106,0.023277813103049994,0.7960730493068695,0.0,0.02792002260684967,0.058858349803633754,0.010045968927443027,0.990330696105957,0.4999280869960785,0.20856866240501404,0.028331756591796875,513.144960025917,0.0,0.0,0.0,1
9400,inverse_warmup_m1,1.0,0.05221332609653473,0.020726356655359268,0.02355066454038024,0.7912136316299438,0.0,0.030447157099843025,0.07050662727921325,0.010045968927443027,0.990330696105957,0.4999280869960785,0.20856866240501404,0.028331756591796875,513.144960025917,0.0,0.0,0.0,1
9600,inverse_warmup_m1,1.0,0.05365099012851715,0.02185710333287716,0.02384600245083372,0.7902237226565679,0.0,0.028259065002202988,0.12958612622371612,0.010045968927443027,0.990330696105957,0.4999280869960785,0.20856866240501404,0.028331756591796875,513.144960025917,0.0,0.0,0.0,1
9800,inverse_warmup_m1,1.0,0.05265490710735321,0.020836589857935905,0.023087446422626574,0.7956586132446924,0.0,0.02684052661061287,0.08229830752425428,0.010045968927443027,0.990330696105957,0.4999280869960785,0.20856866240501404,0.028331756591796875,513.144960025917,0.0,0.0,0.0,1
10000,inverse_warmup_m1,1.0,0.0533650778234005,0.021343328058719635,0.02304021657134096,0.7955025434494019,0.0,0.02737816423177719,0.08253144923524379,0.010045968927443027,0.990330696105957,0.4999280869960785,0.20856866240501404,0.028331756591796875,513.144960025917,0.0,0.0,0.0,1
10200,inverse_warmup_m1,1.0,0.05386897921562195,0.02161867544054985,0.023756915237754583,0.7900688399871191,0.0,0.026390181854367256,0.07957678089823829,0.010045968927443027,0.990330696105957,0.4999280869960785,0.20856866240501404,0.028331756591796875,513.144960025917,0.0,0.0,0.0,1
10400,inverse_warmup_m1,1.0,0.053280994296073914,0.021828200668096542,0.023143442037204903,0.7972255746523539,0.0,0.0283059049397707,0.17967025475310713,0.010045968927443027,0.990330696105957,0.4999280869960785,0.20856866240501404,0.028331756591796875,513.144960025917,0.0,0.0,0.0,1
10600,inverse_warmup_m1,1.0,0.05415107682347298,0.02205919474363327,0.022911824596424896,0.7974185695250829,0.0,0.02789703756570816,0.13043245589093208,0.010045968927443027,0.990330696105957,0.4999280869960785,0.20856866240501404,0.028331756591796875,513.144960025917,0.0,0.0,0.0,1
10800,inverse_warmup_m1,1.0,0.053399458527565,0.021889226511120796,0.023237617841611307,0.7949990034103394,0.0,0.02802923135459423,0.12222599822016517,0.010045968927443027,0.990330696105957,0.4999280869960785,0.20856866240501404,0.028331756591796875,513.144960025917,0.0,0.0,0.0,1
11000,inverse_warmup_m1,1.0,0.05375764146447182,0.021793240681290627,0.023152299070109923,0.7948220024506251,0.0,0.026350371539592743,0.1459909782344664,0.010045968927443027,0.990330696105957,0.4999280869960785,0.20856866240501404,0.028331756591796875,513.144960025917,0.0,0.0,0.0,1
11200,inverse_warmup_m1,1.0,0.05308854579925537,0.021344339475035667,0.023612540525694687,0.7890073706706365,0.0,0.02567804418504238,0.09882263752335149,0.010045968927443027,0.990330696105957,0.4999280869960785,0.20856866240501404,0.028331756591796875,513.144960025917,0.0,0.0,0.0,1
11400,inverse_warmup_m1,1.0,0.053860440850257874,0.02151043713092804,0.02311136806383729,0.793923020362854,0.0,0.02576950192451477,0.11430934517104303,0.010045968927443027,0.990330696105957,0.4999280869960785,0.20856866240501404,0.028331756591796875,513.144960025917,0.0,0.0,0.0,1
11600,inverse_warmup_m1,1.0,0.05353240668773651,0.021518928930163383,0.02314185118302703,0.796241874496142,0.0,0.026460828259587288,0.12029352720828661,0.010045968927443027,0.990330696105957,0.4999280869960785,0.20856866240501404,0.028331756591796875,513.144960025917,0.0,0.0,0.0,1
11800,inverse_warmup_m1,1.0,0.053654108196496964,0.021698936820030212,0.023140328004956245,0.7940996785958608,0.0,0.026352688670158386,0.13013927239284434,0.010045968927443027,0.990330696105957,0.4999280869960785,0.20856866240501404,0.028331756591796875,513.144960025917,0.0,0.0,0.0,1
12000,inverse_warmup_m1,1.0,0.05318877100944519,0.02123861573636532,0.02314041166876753,0.7961047838131586,0.0,0.02640439383685589,0.09392486864858841,0.010045968927443027,0.990330696105957,0.4999280869960785,0.20856866240501404,0.028331756591796875,513.144960025917,0.0,0.0,0.0,1
12200,inverse_warmup_m1,1.0,0.05283747985959053,0.021039966493844986,0.02274104580283165,0.7969900965690613,0.0,0.02503819577395916,0.07902555588471348,0.010045968927443027,0.990330696105957,0.4999280869960785,0.20856866240501404,0.028331756591796875,513.144960025917,0.0,0.0,0.0,1
12400,inverse_warmup_m1,1.0,0.052369825541973114,0.021073751151561737,0.02434933853025238,0.7882516980171204,0.0,0.025163518264889717,0.07123574201241539,0.010045968927443027,0.990330696105957,0.4999280869960785,0.20856866240501404,0.028331756591796875,513.144960025917,0.0,0.0,0.0,1
12600,inverse_warmup_m1,1.0,0.05216050148010254,0.020818786695599556,0.02274820643166701,0.7988517135381699,0.0,0.025212235748767853,0.08416462159043792,0.010045968927443027,0.990330696105957,0.4999280869960785,0.20856866240501404,0.028331756591796875,513.144960025917,0.0,0.0,0.0,1
12800,inverse_warmup_m1,1.0,0.05366415157914162,0.02136368304491043,0.02294974758600195,0.7968279123306274,0.0,0.025146974250674248,0.11013579033730005,0.010045968927443027,0.990330696105957,0.4999280869960785,0.20856866240501404,0.028331756591796875,513.144960025917,0.0,0.0,0.0,1
13000,inverse_warmup_m1,1.0,0.052457861602306366,0.021094579249620438,0.023274735702822607,0.7988259941339493,0.0,0.02477193810045719,0.10130416606987386,0.010045968927443027,0.990330696105957,0.4999280869960785,0.20856866240501404,0.028331756591796875,513.144960025917,0.0,0.0,0.0,1
13200,inverse_warmup_m1,1.0,0.052702438086271286,0.02085176110267639,0.02287895263483127,0.7969327121973038,0.0,0.02540358528494835,0.11761084267494212,0.010045968927443027,0.990330696105957,0.4999280869960785,0.20856866240501404,0.028331756591796875,513.144960025917,0.0,0.0,0.0,1
13400,inverse_warmup_m1,1.0,0.05287221819162369,0.021229548379778862,0.022996076693137486,0.7973954876263937,0.0,0.02610092982649803,0.10540744042571179,0.010045968927443027,0.990330696105957,0.4999280869960785,0.20856866240501404,0.028331756591796875,513.144960025917,0.0,0.0,0.0,1
13600,inverse_warmup_m1,1.0,0.05260138213634491,0.021093452349305153,0.022449681845804054,0.8005570520957311,0.0,0.02485433965921402,0.09259341896296405,0.010045968927443027,0.990330696105957,0.4999280869960785,0.20856866240501404,0.028331756591796875,513.144960025917,0.0,0.0,0.0,1
13800,inverse_warmup_m1,1.0,0.0528988316655159,0.021113961935043335,0.02278990050156911,0.7983776877323786,0.0,0.024117127060890198,0.14755454865480291,0.010045968927443027,0.990330696105957,0.4999280869960785,0.20856866240501404,0.028331756591796875,513.144960025917,0.0,0.0,0.0,1
14000,inverse_warmup_m1,1.0,0.0525774285197258,0.020891770720481873,0.023297426290810108,0.7934928288062414,0.0,0.02370920404791832,0.06752521606111202,0.010045968927443027,0.990330696105957,0.4999280869960785,0.20856866240501404,0.028331756591796875,513.144960025917,0.0,0.0,0.0,1
14200,inverse_warmup_m1,1.0,0.05285746604204178,0.021387146785855293,0.02299542259424925,0.7908617754777273,0.0,0.02491379715502262,0.13182478055732721,0.010045968927443027,0.990330696105957,0.4999280869960785,0.20856866240501404,0.028331756591796875,513.144960025917,0.0,0.0,0.0,1
14400,inverse_warmup_m1,1.0,0.051514603197574615,0.020175278186798096,0.023141168523579836,0.7958351075649261,0.0,0.022482100874185562,0.08651379509647382,0.010045968927443027,0.990330696105957,0.4999280869960785,0.20856866240501404,0.028331756591796875,513.144960025917,0.0,0.0,0.0,1
14600,inverse_warmup_m1,1.0,0.052173733711242676,0.02071259543299675,0.02286836551502347,0.7987934152285258,0.0,0.024917906150221825,0.11570212086816994,0.010045968927443027,0.990330696105957,0.4999280869960785,0.20856866240501404,0.028331756591796875,513.144960025917,0.0,0.0,0.0,1
14800,inverse_warmup_m1,1.0,0.05176674574613571,0.02063223347067833,0.02255919746433695,0.7967184136311213,0.0,0.02401047945022583,0.1255515348684881,0.010045968927443027,0.990330696105957,0.4999280869960785,0.20856866240501404,0.028331756591796875,513.144960025917,0.0,0.0,0.0,1
15000,inverse_warmup_m1,1.0,0.0512826070189476,0.02010279707610607,0.02316931759317716,0.7981126805146536,0.0,0.023549122735857964,0.08166420287911828,0.010045968927443027,0.990330696105957,0.4999280869960785,0.20856866240501404,0.028331756591796875,513.144960025917,0.0,0.0,0.0,1
15200,inverse_warmup_m1,1.0,0.05095988139510155,0.020039381459355354,0.022914434938381117,0.7971548537413279,0.0,0.023163076490163803,0.07407318650629464,0.010045968927443027,0.990330696105957,0.4999280869960785,0.20856866240501404,0.028331756591796875,513.144960025917,0.0,0.0,0.0,1
15400,inverse_warmup_m1,1.0,0.05221898853778839,0.020769696682691574,0.02246942448740204,0.8010281374057134,0.0,0.02250627614557743,0.10996594557507389,0.010045968927443027,0.990330696105957,0.4999280869960785,0.20856866240501404,0.028331756591796875,513.144960025917,0.0,0.0,0.0,1
15600,inverse_warmup_m1,1.0,0.05124567076563835,0.020217619836330414,0.023117123326907556,0.7968461811542511,0.0,0.02293512597680092,0.07135105053056583,0.010045968927443027,0.990330696105957,0.4999280869960785,0.20856866240501404,0.028331756591796875,513.144960025917,0.0,0.0,0.0,1
15800,inverse_warmup_m1,1.0,0.051806166768074036,0.02056635543704033,0.022097386419773102,0.8030474235614141,0.0,0.02308947779238224,0.08773689079471637,0.010045968927443027,0.990330696105957,0.4999280869960785,0.20856866240501404,0.028331756591796875,513.144960025917,0.0,0.0,0.0,1
16000,inverse_warmup_m1,1.0,0.05082503706216812,0.02000781148672104,0.02232538443058729,0.802407925327619,0.0,0.022663511335849762,0.07016211438601387,0.010045968927443027,0.990330696105957,0.4999280869960785,0.20856866240501404,0.028331756591796875,513.144960025917,0.0,0.0,0.0,1
16200,inverse_warmup_m1,1.0,0.051836900413036346,0.020606612786650658,0.022617915955682594,0.8014905800422033,0.0,0.02372380532324314,0.09571259855107986,0.010045968927443027,0.990330696105957,0.4999280869960785,0.20856866240501404,0.028331756591796875,513.144960025917,0.0,0.0,0.0,1
16400,inverse_warmup_m1,1.0,0.05102881044149399,0.019899094477295876,0.02235745716219147,0.7993705322345098,0.0,0.022717071697115898,0.07111374774750943,0.010045968927443027,0.990330696105957,0.4999280869960785,0.20856866240501404,0.028331756591796875,513.144960025917,0.0,0.0,0.0,1
16600,inverse_warmup_m1,1.0,0.051073189824819565,0.020400460809469223,0.02248814593379696,0.802091101805369,0.0,0.02284276857972145,0.09295229485112616,0.010045968927443027,0.990330696105957,0.4999280869960785,0.20856866240501404,0.028331756591796875,513.144960025917,0.0,0.0,0.0,1
16800,inverse_warmup_m1,1.0,0.051290467381477356,0.02026638388633728,0.023245409596711397,0.7893167038758596,0.0,0.022429216653108597,0.08613072835061121,0.010045968927443027,0.990330696105957,0.4999280869960785,0.20856866240501404,0.028331756591796875,513.144960025917,0.0,0.0,0.0,1
17000,inverse_warmup_m1,1.0,0.0512363538146019,0.020263297483325005,0.02226480081056555,0.8023387591044108,0.0,0.0226997509598732,0.08603605622709827,0.010045968927443027,0.990330696105957,0.4999280869960785,0.20856866240501404,0.028331756591796875,513.144960025917,0.0,0.0,0.0,1
17200,inverse_warmup_m1,1.0,0.05043787881731987,0.019916746765375137,0.02301396041487654,0.7974232782920202,0.0,0.02179846353828907,0.08761087694425801,0.010045968927443027,0.990330696105957,0.4999280869960785,0.20856866240501404,0.028331756591796875,513.144960025917,0.0,0.0,0.0,1
17400,inverse_warmup_m1,1.0,0.05164014920592308,0.0204700268805027,0.022656402705858152,0.8019005606571833,0.0,0.021776938810944557,0.09341173959769816,0.010045968927443027,0.990330696105957,0.4999280869960785,0.20856866240501404,0.028331756591796875,513.144960025917,0.0,0.0,0.0,1
17600,inverse_warmup_m1,1.0,0.05085418373346329,0.020167861133813858,0.02264006311694781,0.8028957098722458,0.0,0.022768568247556686,0.08004609264903628,0.010045968927443027,0.990330696105957,0.4999280869960785,0.20856866240501404,0.028331756591796875,513.144960025917,0.0,0.0,0.0,1
17800,inverse_warmup_m1,1.0,0.051314935088157654,0.02029520273208618,0.022332198607424896,0.8027265518903732,0.0,0.02210620790719986,0.07908862925679748,0.010045968927443027,0.990330696105957,0.4999280869960785,0.20856866240501404,0.028331756591796875,513.144960025917,0.0,0.0,0.0,1
18000,inverse_warmup_m1,1.0,0.050266679376363754,0.019523443654179573,0.022359884344041348,0.8010798593362173,0.0,0.020850107073783875,0.05134634801306588,0.010045968927443027,0.990330696105957,0.4999280869960785,0.20856866240501404,0.028331756591796875,513.144960025917,0.0,0.0,0.0,1
18200,inverse_warmup_m1,1.0,0.051438093185424805,0.020164670422673225,0.02260981701935331,0.8025286694367727,0.0,0.021648183465003967,0.048254976999041015,0.010045968927443027,0.990330696105957,0.4999280869960785,0.20856866240501404,0.028331756591796875,513.144960025917,0.0,0.0,0.0,1
18400,inverse_warmup_m1,1.0,0.051471684128046036,0.020260605961084366,0.02233359481518467,0.8043829500675201,0.0,0.02187497913837433,0.08509612505438433,0.010045968927443027,0.990330696105957,0.4999280869960785,0.20856866240501404,0.028331756591796875,513.144960025917,0.0,0.0,0.0,1
18600,inverse_warmup_m1,1.0,0.051350731402635574,0.02022102288901806,0.022474472566197317,0.8028577466805776,0.0,0.021658172830939293,0.08211207197271135,0.010045968927443027,0.990330696105957,0.4999280869960785,0.20856866240501404,0.028331756591796875,513.144960025917,0.0,0.0,0.0,1
18800,inverse_warmup_m1,1.0,0.050232090055942535,0.019593847915530205,0.02272612803305189,0.800451378027598,0.0,0.024076515808701515,0.09648960900559019,0.010045968927443027,0.990330696105957,0.4999280869960785,0.20856866240501404,0.028331756591796875,513.144960025917,0.0,0.0,0.0,1
19000,inverse_warmup_m1,1.0,0.05071285367012024,0.019852880388498306,0.021959302946925163,0.8053331226110458,0.0,0.021652061492204666,0.07135615909473084,0.010045968927443027,0.990330696105957,0.4999280869960785,0.20856866240501404,0.028331756591796875,513.144960025917,0.0,0.0,0.0,1
19200,inverse_warmup_m1,1.0,0.05028633400797844,0.01949712634086609,0.022112742997705936,0.8037328819433848,0.0,0.021391721442341805,0.07542515524661846,0.010045968927443027,0.990330696105957,0.4999280869960785,0.20856866240501404,0.028331756591796875,513.144960025917,0.0,0.0,0.0,1
19400,inverse_warmup_m1,1.0,0.05149036645889282,0.019971366971731186,0.022289685904979706,0.8011741836865743,0.0,0.021960947662591934,0.10437123754607175,0.010045968927443027,0.990330696105957,0.4999280869960785,0.20856866240501404,0.028331756591796875,513.144960025917,0.0,0.0,0.0,1
19600,inverse_warmup_m1,1.0,0.05170419067144394,0.02037833444774151,0.02221518304819862,0.8027631441752116,0.0,0.021751558408141136,0.11933419085679337,0.010045968927443027,0.990330696105957,0.4999280869960785,0.20856866240501404,0.028331756591796875,513.144960025917,0.0,0.0,0.0,1
19800,inverse_warmup_m1,1.0,0.050455328077077866,0.01967565342783928,0.022405735372255247,0.8029773384332657,0.0,0.021222298964858055,0.08001350109929632,0.010045968927443027,0.990330696105957,0.4999280869960785,0.20856866240501404,0.028331756591796875,513.144960025917,0.0,0.0,0.0,1
20000,inverse_warmup_m1,1.0,0.05165008082985878,0.020326852798461914,0.022185991052538157,0.8035679509242376,0.0,0.021702170372009277,0.1160753671262416,0.010045968927443027,0.990330696105957,0.4999280869960785,0.20856866240501404,0.028331756591796875,513.144960025917,0.0,0.0,0.0,1
20200,inverse_warmup_m1,1.0,0.05116071552038193,0.020295515656471252,0.02223138076563676,0.8042901108662287,0.0,0.021876711398363113,0.13115802703036128,0.010045968927443027,0.990330696105957,0.4999280869960785,0.20856866240501404,0.028331756591796875,513.144960025917,0.0,0.0,0.0,1
20400,inverse_warmup_m1,1.0,0.05117383226752281,0.02009759657084942,0.022734183973322313,0.7975603491067886,0.0,0.020769458264112473,0.08180810730770134,0.010045968927443027,0.990330696105957,0.4999280869960785,0.20856866240501404,0.028331756591796875,513.144960025917,0.0,0.0,0.0,1
20600,inverse_warmup_m1,1.0,0.05056925117969513,0.019847147166728973,0.02208770780513684,0.8059930751721064,0.0,0.02100723795592785,0.05058897412722999,0.010045968927443027,0.990330696105957,0.4999280869960785,0.20856866240501404,0.028331756591796875,513.144960025917,0.0,0.0,0.0,1
20800,inverse_warmup_m1,1.0,0.05114322155714035,0.019871477037668228,0.021817995545764763,0.8051142444213232,0.0,0.020611915737390518,0.08467325335190498,0.010045968927443027,0.990330696105957,0.4999280869960785,0.20856866240501404,0.028331756591796875,513.144960025917,0.0,0.0,0.0,1
21000,inverse_warmup_m1,1.0,0.05124474689364433,0.020260876044631004,0.02199999832858642,0.8059674799442291,0.0,0.02043958008289337,0.09604849431844051,0.010045968927443027,0.990330696105957,0.4999280869960785,0.20856866240501404,0.028331756591796875,513.144960025917,0.0,0.0,0.0,1
21200,inverse_warmup_m1,1.0,0.051374442875385284,0.020143335685133934,0.022394411421070497,0.8031482150157293,0.0,0.02075994573533535,0.11818391196765006,0.010045968927443027,0.990330696105957,0.4999280869960785,0.20856866240501404,0.028331756591796875,513.144960025917,0.0,0.0,0.0,1
21400,inverse_warmup_m1,1.0,0.0510658398270607,0.01994641125202179,0.022228327269355457,0.8025317490100861,0.0,0.020495055243372917,0.07826748513075645,0.010045968927443027,0.990330696105957,0.4999280869960785,0.20856866240501404,0.028331756591796875,513.144960025917,0.0,0.0,0.0,1
21600,inverse_warmup_m1,1.0,0.050944093614816666,0.020068174228072166,0.022451850585639477,0.8027186393737793,0.0,0.020423591136932373,0.1025789526843752,0.010045968927443027,0.990330696105957,0.4999280869960785,0.20856866240501404,0.028331756591796875,513.144960025917,0.0,0.0,0.0,1
21800,inverse_warmup_m1,1.0,0.05045347660779953,0.019700266420841217,0.02191566101585825,0.8058803727229437,0.0,0.02040562964975834,0.08647974753454939,0.010045968927443027,0.990330696105957,0.4999280869960785,0.20856866240501404,0.028331756591796875,513.144960025917,0.0,0.0,0.0,1
22000,inverse_warmup_m1,1.0,0.05126582086086273,0.02033880539238453,0.02244208597888549,0.8017641305923462,0.0,0.020527780055999756,0.159019616260358,0.010045968927443027,0.990330696105957,0.4999280869960785,0.20856866240501404,0.028331756591796875,513.144960025917,0.0,0.0,0.0,1
22200,inverse_warmup_m1,1.0,0.05324031412601471,0.021462634205818176,0.022897206712514162,0.7977185944716135,0.0,0.021533923223614693,0.21802388012234084,0.010045968927443027,0.990330696105957,0.4999280869960785,0.20856866240501404,0.028331756591796875,513.144960025917,0.0,0.0,0.0,1
22400,inverse_warmup_m1,1.0,0.05128106102347374,0.020188618451356888,0.022458733059465885,0.8005018383264542,0.0,0.019610939547419548,0.08192828466320719,0.010045968927443027,0.990330696105957,0.4999280869960785,0.20856866240501404,0.028331756591796875,513.144960025917,0.0,0.0,0.0,1
22600,inverse_warmup_m1,1.0,0.050955161452293396,0.020080022513866425,0.02197292974839608,0.8047627806663513,0.0,0.020278675481677055,0.09304561530746892,0.010045968927443027,0.990330696105957,0.4999280869960785,0.20856866240501404,0.028331756591796875,513.144960025917,0.0,0.0,0.0,1
22800,inverse_warmup_m1,1.0,0.050022125244140625,0.019466903060674667,0.02177628471205632,0.8061997046073278,0.0,0.01990490034222603,0.057765826756026276,0.010045968927443027,0.990330696105957,0.4999280869960785,0.20856866240501404,0.028331756591796875,513.144960025917,0.0,0.0,0.0,1
23000,inverse_warmup_m1,1.0,0.05072282254695892,0.019661182537674904,0.021790745357672375,0.8055133024851481,0.0,0.019926967099308968,0.10421368512698942,0.010045968927443027,0.990330696105957,0.4999280869960785,0.20856866240501404,0.028331756591796875,513.144960025917,0.0,0.0,0.0,1
23200,inverse_warmup_m1,1.0,0.05091667175292969,0.01971110701560974,0.022130952682346106,0.8041111181179682,0.0,0.01977127604186535,0.1365968125999753,0.010045968927443027,0.990330696105957,0.4999280869960785,0.20856866240501404,0.028331756591796875,513.144960025917,0.0,0.0,0.0,1
23400,inverse_warmup_m1,1.0,0.05063645914196968,0.01984672248363495,0.022850371121118467,0.7978911250829697,0.0,0.01957143098115921,0.04605540591291174,0.010045968927443027,0.990330696105957,0.4999280869960785,0.20856866240501404,0.028331756591796875,513.144960025917,0.0,0.0,0.0,1
23600,inverse_warmup_m1,1.0,0.05051005631685257,0.01989820972084999,0.022284079032639664,0.8042175670464834,0.0,0.0197340976446867,0.07132479090305531,0.010045968927443027,0.990330696105957,0.4999280869960785,0.20856866240501404,0.028331756591796875,513.144960025917,0.0,0.0,0.0,1
23800,inverse_warmup_m1,1.0,0.04995216801762581,0.01961323618888855,0.022068971923242014,0.8044354319572449,0.0,0.02013087272644043,0.10795946731939382,0.010045968927443027,0.990330696105957,0.4999280869960785,0.20856866240501404,0.028331756591796875,513.144960025917,0.0,0.0,0.0,1
24000,inverse_warmup_m1,1.0,0.049940187484025955,0.01944567635655403,0.021734805932889383,0.8048603187004725,0.0,0.019186023622751236,0.09607565864619383,0.010045968927443027,0.990330696105957,0.4999280869960785,0.20856866240501404,0.028331756591796875,513.144960025917,0.0,0.0,0.0,1
24200,inverse_warmup_m1,1.0,0.05019517242908478,0.019525684416294098,0.021901626139879227,0.806436225771904,0.0,0.019749976694583893,0.06398104941970964,0.010045968927443027,0.990330696105957,0.4999280869960785,0.20856866240501404,0.028331756591796875,513.144960025917,0.0,0.0,0.0,1
24400,inverse_warmup_m1,1.0,0.04992993548512459,0.019293582066893578,0.02226680051535368,0.8057820200920105,0.0,0.01924857310950756,0.09679410943901692,0.010045968927443027,0.990330696105957,0.4999280869960785,0.20856866240501404,0.028331756591796875,513.144960025917,0.0,0.0,0.0,1
24600,inverse_warmup_m1,1.0,0.049421850591897964,0.019232988357543945,0.022128646727651358,0.801951085527738,0.0,0.01922079361975193,0.07061858267337429,0.010045968927443027,0.990330696105957,0.4999280869960785,0.20856866240501404,0.028331756591796875,513.144960025917,0.0,0.0,0.0,1
24800,inverse_warmup_m1,1.0,0.05060768127441406,0.01973550207912922,0.02157372065509359,0.8056274106105169,0.0,0.018737658858299255,0.0773671820142479,0.010045968927443027,0.990330696105957,0.4999280869960785,0.20856866240501404,0.028331756591796875,513.144960025917,0.0,0.0,0.0,1
25000,inverse_warmup_m1,1.0,0.05050157383084297,0.01968558132648468,0.02329785966624816,0.7958589295546213,0.0,0.019541766494512558,0.12758212917970585,0.010045968927443027,0.990330696105957,0.4999280869960785,0.20856866240501404,0.028331756591796875,513.144960025917,0.0,0.0,0.0,1
25200,inverse_warmup_m1,1.0,0.05121108889579773,0.020219147205352783,0.021897639303157728,0.8036828090747198,0.0,0.019553115591406822,0.09481495427397169,0.010045968927443027,0.990330696105957,0.4999280869960785,0.20856866240501404,0.028331756591796875,513.144960025917,0.0,0.0,0.0,1
25400,inverse_warmup_m1,1.0,0.05048608407378197,0.020020533353090286,0.022833809877435367,0.8031932363907496,0.0,0.018709853291511536,0.12702951743921465,0.010045968927443027,0.990330696105957,0.4999280869960785,0.20856866240501404,0.028331756591796875,513.144960025917,0.0,0.0,0.0,1
25600,inverse_warmup_m1,1.0,0.05089445412158966,0.019752874970436096,0.022087959262231987,0.8050471246242523,0.0,0.01977827027440071,0.0657449966998833,0.010045968927443027,0.990330696105957,0.4999280869960785,0.20856866240501404,0.028331756591796875,513.144960025917,0.0,0.0,0.0,1
25800,inverse_warmup_m1,1.0,0.04980331286787987,0.019365079700946808,0.021968966039518516,0.8071887244780859,0.0,0.018980465829372406,0.09518695891069621,0.010045968927443027,0.990330696105957,0.4999280869960785,0.20856866240501404,0.028331756591796875,513.144960025917,0.0,0.0,0.0,1
26000,inverse_warmup_m1,1.0,0.05042874813079834,0.01976671814918518,0.022461095359176397,0.8045805990695953,0.0,0.01984274573624134,0.12889532995821426,0.010045968927443027,0.990330696105957,0.4999280869960785,0.20856866240501404,0.028331756591796875,513.144960025917,0.0,0.0,0.0,1
26200,inverse_warmup_m1,1.0,0.050246451050043106,0.019717875868082047,0.022927259871115286,0.7764922827482224,0.0,0.01942836306989193,0.08962106693098408,0.010045968927443027,0.990330696105957,0.4999280869960785,0.20856866240501404,0.028331756591796875,513.144960025917,0.0,0.0,0.0,1
26400,inverse_warmup_m1,1.0,0.0505906343460083,0.02010979689657688,0.022372746529678505,0.8055529693762461,0.0,0.01880216784775257,0.11502588022218155,0.010045968927443027,0.990330696105957,0.4999280869960785,0.20856866240501404,0.028331756591796875,513.144960025917,0.0,0.0,0.0,1
26600,inverse_warmup_m1,1.0,0.0494549497961998,0.019070815294981003,0.02198114152997732,0.8047753870487213,0.0,0.018818829208612442,0.06080757111490769,0.010045968927443027,0.990330696105957,0.4999280869960785,0.20856866240501404,0.028331756591796875,513.144960025917,0.0,0.0,0.0,1
26800,inverse_warmup_m1,1.0,0.0503031462430954,0.019648520275950432,0.021693233711024124,0.8078781962394714,0.0,0.01848169043660164,0.06223243228506008,0.010045968927443027,0.990330696105957,0.4999280869960785,0.20856866240501404,0.028331756591796875,513.144960025917,0.0,0.0,0.0,1
27000,inverse_warmup_m1,1.0,0.04955145716667175,0.019287561997771263,0.021775176438192528,0.8068224191665649,0.0,0.018625760450959206,0.06714454278323907,0.010045968927443027,0.990330696105957,0.4999280869960785,0.20856866240501404,0.028331756591796875,513.144960025917,0.0,0.0,0.0,1
27200,inverse_warmup_m1,1.0,0.05034147948026657,0.019793272018432617,0.02235131726289789,0.8052946825822195,0.0,0.018792971968650818,0.07863668334702097,0.010045968927443027,0.990330696105957,0.4999280869960785,0.20856866240501404,0.028331756591796875,513.144960025917,0.0,0.0,0.0,1
27400,inverse_warmup_m1,1.0,0.04930204898118973,0.018921954557299614,0.021982667036354542,0.806929940978686,0.0,0.01771407574415207,0.05580117806033856,0.010045968927443027,0.990330696105957,0.4999280869960785,0.20856866240501404,0.028331756591796875,513.144960025917,0.0,0.0,0.0,1
27600,inverse_warmup_m1,1.0,0.0503457710146904,0.019443724304437637,0.021720860463877518,0.8090791900952657,0.0,0.018634986132383347,0.0939445157009596,0.010045968927443027,0.990330696105957,0.4999280869960785,0.20856866240501404,0.028331756591796875,513.144960025917,0.0,0.0,0.0,1
27800,inverse_warmup_m1,1.0,0.050317782908678055,0.01963784359395504,0.02209730927521984,0.7963764915863673,0.0,0.018253425136208534,0.07228050303809103,0.010045968927443027,0.990330696105957,0.4999280869960785,0.20856866240501404,0.028331756591796875,513.144960025917,0.0,0.0,0.0,1
28000,inverse_warmup_m1,1.0,0.0505513921380043,0.019653014838695526,0.021853760350495577,0.8060226887464523,0.0,0.01901879534125328,0.0952064867277106,0.010045968927443027,0.990330696105957,0.4999280869960785,0.20856866240501404,0.028331756591796875,513.144960025917,0.0,0.0,0.0,1
28200,inverse_warmup_m1,1.0,0.048826854676008224,0.018559103831648827,0.021618634617576998,0.8089794268210729,0.0,0.020101206377148628,0.12081984512933928,0.010045968927443027,0.990330696105957,0.4999280869960785,0.20856866240501404,0.028331756591796875,513.144960025917,0.0,0.0,0.0,1
28400,inverse_warmup_m1,1.0,0.0495968759059906,0.019178256392478943,0.021656016043076914,0.8073928952217102,0.0,0.018120216205716133,0.059413565452351075,0.010045968927443027,0.990330696105957,0.4999280869960785,0.20856866240501404,0.028331756591796875,513.144960025917,0.0,0.0,0.0,1
28600,inverse_warmup_m1,1.0,0.049499936401844025,0.01897279918193817,0.021862832208474476,0.8080333669980367,0.0,0.01798989810049534,0.09758368308958441,0.010045968927443027,0.990330696105957,0.4999280869960785,0.20856866240501404,0.028331756591796875,513.144960025917,0.0,0.0,0.0,1
28800,inverse_warmup_m1,1.0,0.05169302225112915,0.020870454609394073,0.02281243959441781,0.8044568796952566,0.0,0.021336881443858147,0.1641084015977917,0.010045968927443027,0.990330696105957,0.4999280869960785,0.20856866240501404,0.028331756591796875,513.144960025917,0.0,0.0,0.0,1
29000,inverse_warmup_m1,1.0,0.050805043429136276,0.019684456288814545,0.021771577497323353,0.806046669681867,0.0,0.018771380186080933,0.10013351083129643,0.010045968927443027,0.990330696105957,0.4999280869960785,0.20856866240501404,0.028331756591796875,513.144960025917,0.0,0.0,0.0,1
29200,inverse_warmup_m1,1.0,0.04955253750085831,0.01903388649225235,0.022536409242699545,0.806181808312734,0.0,0.017967240884900093,0.0644288844927625,0.010045968927443027,0.990330696105957,0.4999280869960785,0.20856866240501404,0.028331756591796875,513.144960025917,0.0,0.0,0.0,1
29400,inverse_warmup_m1,1.0,0.05083721503615379,0.020030152052640915,0.022229228944828112,0.8048828989267349,0.0,0.018945416435599327,0.09902008116174763,0.010045968927443027,0.990330696105957,0.4999280869960785,0.20856866240501404,0.028331756591796875,513.144960025917,0.0,0.0,0.0,1
29600,inverse_warmup_m1,1.0,0.05010954290628433,0.01960425265133381,0.02219003423427542,0.8057988534371058,0.0,0.018305961042642593,0.08379012665256774,0.010045968927443027,0.990330696105957,0.4999280869960785,0.20856866240501404,0.028331756591796875,513.144960025917,0.0,0.0,0.0,1
29800,inverse_warmup_m1,1.0,0.050657615065574646,0.020094819366931915,0.02215334850673874,0.8061023106177648,0.0,0.01801942102611065,0.10599861393887428,0.010045968927443027,0.990330696105957,0.4999280869960785,0.20856866240501404,0.028331756591796875,513.144960025917,0.0,0.0,0.0,1
30000,inverse_warmup_m1,1.0,0.05009780824184418,0.019443776458501816,0.02161468332633376,0.807753324508667,0.0,0.018141746520996094,0.08883897038890533,0.010045968927443027,0.990330696105957,0.4999280869960785,0.20856866240501404,0.028331756591796875,513.144960025917,0.0,0.0,0.0,1
30200,inverse_warmup_m1,1.0,0.05001232773065567,0.019466523081064224,0.02222459577023983,0.8044175903002421,0.0,0.018115662038326263,0.06879601628054041,0.010045968927443027,0.990330696105957,0.4999280869960785,0.20856866240501404,0.028331756591796875,513.144960025917,0.0,0.0,0.0,1
30400,inverse_warmup_m1,1.0,0.050034042447805405,0.019498426467180252,0.0218438805701832,0.8079874018828074,0.0,0.017645681276917458,0.06512649996131264,0.010045968927443027,0.990330696105957,0.4999280869960785,0.20856866240501404,0.028331756591796875,513.144960025917,0.0,0.0,0.0,1
30600,inverse_warmup_m1,1.0,0.05004799738526344,0.019498873502016068,0.021695673000067472,0.8079354564348856,0.0,0.018726767972111702,0.08612034606916905,0.010045968927443027,0.990330696105957,0.4999280869960785,0.20856866240501404,0.028331756591796875,513.144960025917,0.0,0.0,0.0,1
30800,inverse_warmup_m1,1.0,0.049961693584918976,0.019299427047371864,0.02158382348716259,0.8090835064649582,0.0,0.0180087611079216,0.07686358268062117,0.010045968927443027,0.990330696105957,0.4999280869960785,0.20856866240501404,0.028331756591796875,513.144960025917,0.0,0.0,0.0,1
31000,inverse_warmup_m1,1.0,0.049901582300662994,0.019450854510068893,0.0220110312414666,0.8053846309582392,0.0,0.017976442351937294,0.07072934207415281,0.010045968927443027,0.990330696105957,0.4999280869960785,0.20856866240501404,0.028331756591796875,513.144960025917,0.0,0.0,0.0,1
31200,inverse_warmup_m1,1.0,0.04982607066631317,0.019192125648260117,0.021856753155589104,0.806920717159907,0.0,0.017502378672361374,0.08702273114090368,0.010045968927443027,0.990330696105957,0.4999280869960785,0.20856866240501404,0.028331756591796875,513.144960025917,0.0,0.0,0.0,1
31400,inverse_warmup_m1,1.0,0.05005478858947754,0.019477954134345055,0.022175317630171776,0.8019837737083435,0.0,0.017003258690238,0.08465509848599649,0.010045968927443027,0.990330696105957,0.4999280869960785,0.20856866240501404,0.028331756591796875,513.144960025917,0.0,0.0,0.0,1
31600,inverse_warmup_m1,1.0,0.051056914031505585,0.019976504147052765,0.022025196347385645,0.8038548827171326,0.0,0.017911961302161217,0.08245683031961162,0.010045968927443027,0.990330696105957,0.4999280869960785,0.20856866240501404,0.028331756591796875,513.144960025917,0.0,0.0,0.0,1
31800,inverse_warmup_m1,1.0,0.049948953092098236,0.019693396985530853,0.02215678710490465,0.8052700012922287,0.0,0.01766784116625786,0.06358097397549638,0.010045968927443027,0.990330696105957,0.4999280869960785,0.20856866240501404,0.028331756591796875,513.144960025917,0.0,0.0,0.0,1
32000,inverse_warmup_m1,1.0,0.04995567351579666,0.01960884779691696,0.021716720890253782,0.8076611359914144,0.0,0.018042489886283875,0.06545234941611955,0.010045968927443027,0.990330696105957,0.4999280869960785,0.20856866240501404,0.028331756591796875,513.144960025917,0.0,0.0,0.0,1
32200,inverse_warmup_m1,1.0,0.04936130717396736,0.01898062229156494,0.02152868810420235,0.8086416323979696,0.0,0.01764514483511448,0.08455117760438399,0.010045968927443027,0.990330696105957,0.4999280869960785,0.20856866240501404,0.028331756591796875,513.144960025917,0.0,0.0,0.0,1
32400,inverse_warmup_m1,1.0,0.050022199749946594,0.01944195106625557,0.021977796219289303,0.8086325228214264,0.0,0.018013469874858856,0.07671178551164845,0.010045968927443027,0.990330696105957,0.4999280869960785,0.20856866240501404,0.028331756591796875,513.144960025917,0.0,0.0,0.0,1
32600,inverse_warmup_m1,1.0,0.050198592245578766,0.019275566563010216,0.021757767690966528,0.8075518707434336,0.0,0.017600063234567642,0.08575535027829968,0.010045968927443027,0.990330696105957,0.4999280869960785,0.20856866240501404,0.028331756591796875,513.144960025917,0.0,0.0,0.0,1
32800,inverse_warmup_m1,1.0,0.050030384212732315,0.01921900361776352,0.02136664589246114,0.8084717045227686,0.0,0.01699962094426155,0.07826943835794098,0.010045968927443027,0.990330696105957,0.4999280869960785,0.20856866240501404,0.028331756591796875,513.144960025917,0.0,0.0,0.0,1
33000,inverse_warmup_m1,1.0,0.04965067654848099,0.0191953107714653,0.021786856465041637,0.8078821152448654,0.0,0.017267880961298943,0.062494646341953106,0.010045968927443027,0.990330696105957,0.4999280869960785,0.20856866240501404,0.028331756591796875,513.144960025917,0.0,0.0,0.0,1
33200,inverse_warmup_m1,1.0,0.04924360662698746,0.018897198140621185,0.021695348899811506,0.8064163575569788,0.0,0.017082875594496727,0.08606201700511153,0.010045968927443027,0.990330696105957,0.4999280869960785,0.20856866240501404,0.028331756591796875,513.144960025917,0.0,0.0,0.0,1
33400,inverse_warmup_m1,1.0,0.04930268973112106,0.01907208561897278,0.021504975700130064,0.8089148799578348,0.0,0.017485352233052254,0.11123454741461761,0.010045968927443027,0.990330696105957,0.4999280869960785,0.20856866240501404,0.028331756591796875,513.144960025917,0.0,0.0,0.0,1
33600,inverse_warmup_m1,1.0,0.04925194010138512,0.01901322603225708,0.021681210802247126,0.8071252256631851,0.0,0.016836024820804596,0.047105282980369055,0.010045968927443027,0.990330696105957,0.4999280869960785,0.20856866240501404,0.028331756591796875,513.144960025917,0.0,0.0,0.0,1
33800,inverse_warmup_m1,1.0,0.04906625300645828,0.019008208066225052,0.021744506899267435,0.8100173274676005,0.0,0.016525544226169586,0.06963215403894651,0.010045968927443027,0.990330696105957,0.4999280869960785,0.20856866240501404,0.028331756591796875,513.144960025917,0.0,0.0,0.0,1
34000,inverse_warmup_m1,1.0,0.04880575090646744,0.018987569957971573,0.02157095167785883,0.8087829450766245,0.0,0.01731082983314991,0.07960594911176128,0.010045968927443027,0.990330696105957,0.4999280869960785,0.20856866240501404,0.028331756591796875,513.144960025917,0.0,0.0,0.0,1
34200,inverse_warmup_m1,1.0,0.05005847290158272,0.01935209147632122,0.021582651883363724,0.8076426535844803,0.0,0.017557820305228233,0.09391799721204631,0.010045968927443027,0.990330696105957,0.4999280869960785,0.20856866240501404,0.028331756591796875,513.144960025917,0.0,0.0,0.0,1
34400,inverse_warmup_m1,1.0,0.048709437251091,0.018530607223510742,0.02199036271000902,0.8059195727109909,0.0,0.01636098325252533,0.06000356923128427,0.010045968927443027,0.990330696105957,0.4999280869960785,0.20856866240501404,0.028331756591796875,513.144960025917,0.0,0.0,0.0,1
34600,inverse_warmup_m1,1.0,0.049714624881744385,0.01931009814143181,0.021637946212043364,0.8086474140485128,0.0,0.01659509725868702,0.05580555673310504,0.010045968927443027,0.990330696105957,0.4999280869960785,0.20856866240501404,0.028331756591796875,513.144960025917,0.0,0.0,0.0,1
34800,inverse_warmup_m1,1.0,0.04888615012168884,0.018514519557356834,0.02168347438176473,0.8084629476070404,0.0,0.016016444191336632,0.09915388333158452,0.010045968927443027,0.990330696105957,0.4999280869960785,0.20856866240501404,0.028331756591796875,513.144960025917,0.0,0.0,0.0,1
35000,inverse_warmup_m1,1.0,0.05039726942777634,0.019313860684633255,0.02155117690563202,0.8069288531939188,0.0,0.01695958338677883,0.14995957360323176,0.010045968927443027,0.990330696105957,0.4999280869960785,0.20856866240501404,0.028331756591796875,513.144960025917,0.0,0.0,0.0,1
35200,inverse_warmup_m1,1.0,0.049304015934467316,0.018917309120297432,0.02166860441987713,0.8085337181886038,0.0,0.016782017424702644,0.060620009092468015,0.010045968927443027,0.990330696105957,0.4999280869960785,0.20856866240501404,0.028331756591796875,513.144960025917,0.0,0.0,0.0,1
35400,inverse_warmup_m1,1.0,0.04922031611204147,0.01918782666325569,0.022087559880067904,0.8079398274421692,0.0,0.016664793714880943,0.058116010231305706,0.010045968927443027,0.990330696105957,0.4999280869960785,0.20856866240501404,0.028331756591796875,513.144960025917,0.0,0.0,0.0,1
35600,inverse_warmup_m1,1.0,0.049163803458213806,0.019156599417328835,0.02155673534919818,0.8088065286477407,0.0,0.016934210434556007,0.06740312633662209,0.010045968927443027,0.990330696105957,0.4999280869960785,0.20856866240501404,0.028331756591796875,513.144960025917,0.0,0.0,0.0,1
35800,inverse_warmup_m1,1.0,0.049077555537223816,0.018777554854750633,0.02174107466513912,0.8076343486706415,0.0,0.01668667048215866,0.060988378186536206,0.010045968927443027,0.990330696105957,0.4999280869960785,0.20856866240501404,0.028331756591796875,513.144960025917,0.0,0.0,0.0,1
36000,inverse_warmup_m1,1.0,0.04909433424472809,0.018692709505558014,0.022401861070344847,0.8024799029032389,0.0,0.016460895538330078,0.11619002796070325,0.010045968927443027,0.990330696105957,0.4999280869960785,0.20856866240501404,0.028331756591796875,513.144960025917,0.0,0.0,0.0,1
36200,inverse_warmup_m1,1.0,0.050016045570373535,0.019465819001197815,0.021882946292559307,0.8077354927857717,0.0,0.016941245645284653,0.09616475576649584,0.010045968927443027,0.990330696105957,0.4999280869960785,0.20856866240501404,0.028331756591796875,513.144960025917,0.0,0.0,0.0,1
36400,inverse_warmup_m1,1.0,0.04922838509082794,0.01896125264465809,0.022861565618465345,0.7989833901325861,0.0,0.016578273847699165,0.09050605593939592,0.010045968927443027,0.990330696105957,0.4999280869960785,0.20856866240501404,0.028331756591796875,513.144960025917,0.0,0.0,0.0,1
36600,inverse_warmup_m1,1.0,0.049793221056461334,0.019167926162481308,0.02173674727479617,0.8087280690670013,0.0,0.016185695305466652,0.06965302839775289,0.010045968927443027,0.990330696105957,0.4999280869960785,0.20856866240501404,0.028331756591796875,513.144960025917,0.0,0.0,0.0,1
36800,inverse_warmup_m1,1.0,0.04868999868631363,0.01873643696308136,0.02249999064952135,0.803681825598081,0.0,0.015996254980564117,0.05354785384204819,0.010045968927443027,0.990330696105957,0.4999280869960785,0.20856866240501404,0.028331756591796875,513.144960025917,0.0,0.0,0.0,1
37000,inverse_warmup_m1,1.0,0.05002264678478241,0.019534755498170853,0.022778947992871206,0.8016146272420883,0.0,0.016374515369534492,0.08327249705331873,0.010045968927443027,0.990330696105957,0.4999280869960785,0.20856866240501404,0.028331756591796875,513.144960025917,0.0,0.0,0.0,1
37200,inverse_warmup_m1,1.0,0.05026641860604286,0.019814906641840935,0.02271775823707382,0.8016602347294489,0.0,0.017219385132193565,0.1272268703655432,0.010045968927443027,0.990330696105957,0.4999280869960785,0.20856866240501404,0.028331756591796875,513.144960025917,0.0,0.0,0.0,1
37400,inverse_warmup_m1,1.0,0.04987819492816925,0.019183102995157242,0.021701113631327946,0.8078136493762335,0.0,0.016305044293403625,0.08127971968517952,0.010045968927443027,0.990330696105957,0.4999280869960785,0.20856866240501404,0.028331756591796875,513.144960025917,0.0,0.0,0.0,1
37600,inverse_warmup_m1,1.0,0.048211656510829926,0.0180201455950737,0.02176172425970435,0.807875449458758,0.0,0.01797439530491829,0.08467613686597876,0.010045968927443027,0.990330696105957,0.4999280869960785,0.20856866240501404,0.028331756591796875,513.144960025917,0.0,0.0,0.0,1
37800,inverse_warmup_m1,1.0,0.04992091655731201,0.01937081292271614,0.021782836876809597,0.8079246828953425,0.0,0.016245294362306595,0.1369942235851522,0.010045968927443027,0.990330696105957,0.4999280869960785,0.20856866240501404,0.028331756591796875,513.144960025917,0.0,0.0,0.0,1
38000,inverse_warmup_m1,1.0,0.04892272129654884,0.01868528500199318,0.02151113422587514,0.8088609079519907,0.0,0.01672932133078575,0.09564114948317236,0.010045968927443027,0.990330696105957,0.4999280869960785,0.20856866240501404,0.028331756591796875,513.144960025917,0.0,0.0,0.0,1
38200,inverse_warmup_m1,1.0,0.04906599223613739,0.01875966042280197,0.021664827596396208,0.8107862124840418,0.0,0.01643717847764492,0.07106747772887946,0.010045968927443027,0.990330696105957,0.4999280869960785,0.20856866240501404,0.028331756591796875,513.144960025917,0.0,0.0,0.0,1
38400,inverse_warmup_m1,1.0,0.04937460273504257,0.018960509449243546,0.021637358857939642,0.8072841167449951,0.0,0.01621880568563938,0.04917959232504104,0.010045968927443027,0.990330696105957,0.4999280869960785,0.20856866240501404,0.028331756591796875,513.144960025917,0.0,0.0,0.0,1
38600,inverse_warmup_m1,1.0,0.04841092228889465,0.01845676824450493,0.02180910777921478,0.8081543197234472,0.0,0.015787571668624878,0.051991543114766774,0.010045968927443027,0.990330696105957,0.4999280869960785,0.20856866240501404,0.028331756591796875,513.144960025917,0.0,0.0,0.0,1
38800,inverse_warmup_m1,1.0,0.04965794086456299,0.019137317314743996,0.02167892176657915,0.8101649731397629,0.0,0.01597597822546959,0.044314764072130045,0.010045968927443027,0.990330696105957,0.4999280869960785,0.20856866240501404,0.028331756591796875,513.144960025917,0.0,0.0,0.0,1
39000,inverse_warmup_m1,1.0,0.049031760543584824,0.01891466975212097,0.021579879491279524,0.80978491405646,0.0,0.015688927844166756,0.07473448525693589,0.010045968927443027,0.990330696105957,0.4999280869960785,0.20856866240501404,0.028331756591796875,513.144960025917,0.0,0.0,0.0,1
39200,inverse_warmup_m1,1.0,0.049221768975257874,0.01884416490793228,0.02147461147978902,0.8091042637825012,0.0,0.01598535105586052,0.07442833091273877,0.010045968927443027,0.990330696105957,0.4999280869960785,0.20856866240501404,0.028331756591796875,513.144960025917,0.0,0.0,0.0,1
39400,inverse_warmup_m1,1.0,0.0490887276828289,0.018776632845401764,0.021924216765910387,0.8078554968039194,0.0,0.015842663124203682,0.07205201750381068,0.010045968927443027,0.990330696105957,0.4999280869960785,0.20856866240501404,0.028331756591796875,513.144960025917,0.0,0.0,0.0,1
39600,inverse_warmup_m1,1.0,0.04943856596946716,0.019341761246323586,0.02182267637302478,0.8092388957738876,0.0,0.016547059640288353,0.08348151809450734,0.010045968927443027,0.990330696105957,0.4999280869960785,0.20856866240501404,0.028331756591796875,513.144960025917,0.0,0.0,0.0,1
39800,inverse_warmup_m1,1.0,0.049225155264139175,0.018858835101127625,0.021439025178551674,0.8082396487394968,0.0,0.01559116505086422,0.0513352301169451,0.010045968927443027,0.990330696105957,0.4999280869960785,0.20856866240501404,0.028331756591796875,513.144960025917,0.0,0.0,0.0,1
40000,inverse_warmup_m1,1.0,0.049460478127002716,0.01911228895187378,0.02164253545925021,0.8099423348903656,0.0,0.01624881662428379,0.0721297555887588,0.010045968927443027,0.990330696105957,0.4999280869960785,0.20856866240501404,0.028331756591796875,513.144960025917,0.0,0.0,0.0,1
40200,inverse_warmup_m1,1.0,0.04912247508764267,0.018796540796756744,0.021653227197627228,0.8116738845904669,0.0,0.015842048451304436,0.05860642651901711,0.010045968927443027,0.990330696105957,0.4999280869960785,0.20856866240501404,0.028331756591796875,513.144960025917,0.0,0.0,0.0,1
40400,inverse_warmup_m1,1.0,0.04908616840839386,0.01872185431420803,0.02139401885991295,0.8111619551976522,0.0,0.015903238207101822,0.0653173304014141,0.010045968927443027,0.990330696105957,0.4999280869960785,0.20856866240501404,0.028331756591796875,513.144960025917,0.0,0.0,0.0,1
40600,inverse_warmup_m1,1.0,0.04889129102230072,0.018768928945064545,0.02151745806137721,0.8084220190842947,0.0,0.01579638198018074,0.10998609653966314,0.010045968927443027,0.990330696105957,0.4999280869960785,0.20856866240501404,0.028331756591796875,513.144960025917,0.0,0.0,0.0,1
40800,inverse_warmup_m1,1.0,0.04869755357503891,0.018736325204372406,0.02146597874040405,0.809947744011879,0.0,0.015347431413829327,0.06574672484784444,0.010045968927443027,0.990330696105957,0.4999280869960785,0.20856866240501404,0.028331756591796875,513.144960025917,0.0,0.0,0.0,1
41000,inverse_warmup_m1,1.0,0.05006551742553711,0.019310805946588516,0.021426346618682146,0.8094111333290736,0.0,0.015952711924910545,0.125306934470867,0.010045968927443027,0.990330696105957,0.4999280869960785,0.20856866240501404,0.028331756591796875,513.144960025917,0.0,0.0,0.0,1
41200,inverse_warmup_m1,1.0,0.049677759408950806,0.019367150962352753,0.02245502717172106,0.8032926917076111,0.0,0.015570919960737228,0.06962704984433378,0.010045968927443027,0.990330696105957,0.4999280869960785,0.20856866240501404,0.028331756591796875,513.144960025917,0.0,0.0,0.0,1
41400,inverse_warmup_m1,1.0,0.049266304820775986,0.01895635947585106,0.021357421297580004,0.8109224736690521,0.0,0.01565754972398281,0.07006522687667349,0.010045968927443027,0.990330696105957,0.4999280869960785,0.20856866240501404,0.028331756591796875,513.144960025917,0.0,0.0,0.0,1
41600,inverse_warmup_m1,1.0,0.04853561520576477,0.018477626144886017,0.02132741470510761,0.8114199737707773,0.0,0.015684189274907112,0.05111624826307422,0.010045968927443027,0.990330696105957,0.4999280869960785,0.20856866240501404,0.028331756591796875,513.144960025917,0.0,0.0,0.0,1
41800,inverse_warmup_m1,1.0,0.049212753772735596,0.019045572727918625,0.021400182973593473,0.8105237036943436,0.0,0.01638370007276535,0.1013618928654871,0.010045968927443027,0.990330696105957,0.4999280869960785,0.20856866240501404,0.028331756591796875,513.144960025917,0.0,0.0,0.0,1
42000,inverse_warmup_m1,1.0,0.049113545566797256,0.018863258883357048,0.021291942490885656,0.8104212284088135,0.0,0.015805093571543694,0.08260966188275287,0.010045968927443027,0.990330696105957,0.4999280869960785,0.20856866240501404,0.028331756591796875,513.144960025917,0.0,0.0,0.0,1
42200,inverse_warmup_m1,1.0,0.049070194363594055,0.01898913085460663,0.02186259813606739,0.8068950573603312,0.0,0.015316243283450603,0.048760566505517106,0.010045968927443027,0.990330696105957,0.4999280869960785,0.20856866240501404,0.028331756591796875,513.144960025917,0.0,0.0,0.0,1
42400,inverse_warmup_m1,1.0,0.04909258708357811,0.01897040754556656,0.021198130833605926,0.8100928366184235,0.0,0.01542481780052185,0.058053236706509324,0.010045968927443027,0.990330696105957,0.4999280869960785,0.20856866240501404,0.028331756591796875,513.144960025917,0.0,0.0,0.0,1
42600,inverse_warmup_m1,1.0,0.048248693346977234,0.01842009834945202,0.021384846108655136,0.8101810167233149,0.0,0.01520710438489914,0.06273278551550941,0.010045968927443027,0.990330696105957,0.4999280869960785,0.20856866240501404,0.028331756591796875,513.144960025917,0.0,0.0,0.0,1
42800,inverse_warmup_m1,1.0,0.048430681228637695,0.018479323014616966,0.021472418836007517,0.8081447333097458,0.0,0.015158222988247871,0.06388695845184367,0.010045968927443027,0.990330696105957,0.4999280869960785,0.20856866240501404,0.028331756591796875,513.144960025917,0.0,0.0,0.0,1
43000,inverse_warmup_m1,1.0,0.04914821684360504,0.018882840871810913,0.02130021108314395,0.808815931280454,0.0,0.015995875000953674,0.10041273359677215,0.010045968927443027,0.990330696105957,0.4999280869960785,0.20856866240501404,0.028331756591796875,513.144960025917,0.0,0.0,0.0,1
43200,inverse_warmup_m1,1.0,0.04829351231455803,0.01849135383963585,0.021271885372698307,0.810110275944074,0.0,0.01478324644267559,0.03645055119492041,0.010045968927443027,0.990330696105957,0.4999280869960785,0.20856866240501404,0.028331756591796875,513.144960025917,0.0,0.0,0.0,1
43400,inverse_warmup_m1,1.0,0.047852758318185806,0.01829877868294716,0.021932955520848434,0.8057751705249151,0.0,0.01483642216771841,0.05430957769359458,0.010045968927443027,0.990330696105957,0.4999280869960785,0.20856866240501404,0.028331756591796875,513.144960025917,0.0,0.0,0.0,1
43600,inverse_warmup_m1,1.0,0.049467459321022034,0.019272487610578537,0.0213025879735748,0.8118747969468435,0.0,0.015193775296211243,0.097509775715439,0.010045968927443027,0.990330696105957,0.4999280869960785,0.20856866240501404,0.028331756591796875,513.144960025917,0.0,0.0,0.0,1
43800,inverse_warmup_m1,1.0,0.048407454043626785,0.018439974635839462,0.02147111389786005,0.8088282148043314,0.0,0.01521014142781496,0.07324406511171946,0.010045968927443027,0.990330696105957,0.4999280869960785,0.20856866240501404,0.028331756591796875,513.144960025917,0.0,0.0,0.0,1
44000,inverse_warmup_m1,1.0,0.04932212829589844,0.01932588964700699,0.021609841225047905,0.8074544568856558,0.0,0.015463867224752903,0.0747502426417503,0.010045968927443027,0.990330696105957,0.4999280869960785,0.20856866240501404,0.028331756591796875,513.144960025917,0.0,0.0,0.0,1
44200,inverse_warmup_m1,1.0,0.04866674542427063,0.018386520445346832,0.021564444837470848,0.8063513388236364,0.0,0.014529804699122906,0.07012765161638831,0.010045968927443027,0.990330696105957,0.4999280869960785,0.20856866240501404,0.028331756591796875,513.144960025917,0.0,0.0,0.0,1
44400,inverse_warmup_m1,1.0,0.04964684695005417,0.0191049724817276,0.021496412499497335,0.8088085303703944,0.0,0.015612210147082806,0.09369155948425249,0.010045968927443027,0.990330696105957,0.4999280869960785,0.20856866240501404,0.028331756591796875,513.144960025917,0.0,0.0,0.0,1
44600,inverse_warmup_m1,1.0,0.04861640930175781,0.01884395070374012,0.021629261784255505,0.8091948280731837,0.0,0.015432581305503845,0.07462502391823467,0.010045968927443027,0.990330696105957,0.4999280869960785,0.20856866240501404,0.028331756591796875,513.144960025917,0.0,0.0,0.0,1
44800,inverse_warmup_m1,1.0,0.048580706119537354,0.01870555616915226,0.02160541635627548,0.8099475651979446,0.0,0.014884533360600471,0.09064739991571748,0.010045968927443027,0.990330696105957,0.4999280869960785,0.20856866240501404,0.028331756591796875,513.144960025917,0.0,0.0,0.0,1
45000,inverse_warmup_m1,1.0,0.048767589032649994,0.018906647339463234,0.022145934868603945,0.8057317237059275,0.0,0.015617089346051216,0.07577667026602355,0.010045968927443027,0.990330696105957,0.4999280869960785,0.20856866240501404,0.028331756591796875,513.144960025917,0.0,0.0,0.0,1
45200,inverse_warmup_m1,1.0,0.048684075474739075,0.018545718863606453,0.02127435974155863,0.8103605061769485,0.0,0.0150421978905797,0.09182286691812827,0.010045968927443027,0.990330696105957,0.4999280869960785,0.20856866240501404,0.028331756591796875,513.144960025917,0.0,0.0,0.0,1
45400,inverse_warmup_m1,1.0,0.048049941658973694,0.018415918573737144,0.021448694945623476,0.8102976580460867,0.0,0.014615259133279324,0.0731568368060115,0.010045968927443027,0.990330696105957,0.4999280869960785,0.20856866240501404,0.028331756591796875,513.144960025917,0.0,0.0,0.0,1
45600,inverse_warmup_m1,1.0,0.04900406301021576,0.018752863630652428,0.021537943743169308,0.8070798714955648,0.0,0.014890615828335285,0.07263630349167757,0.010045968927443027,0.990330696105957,0.4999280869960785,0.20856866240501404,0.028331756591796875,513.144960025917,0.0,0.0,0.0,1
45800,inverse_warmup_m1,1.0,0.048452455550432205,0.01863052323460579,0.021851123155405123,0.8074368238449097,0.0,0.014845588244497776,0.0672665151942623,0.010045968927443027,0.990330696105957,0.4999280869960785,0.20856866240501404,0.028331756591796875,513.144960025917,0.0,0.0,0.0,1
46000,inverse_warmup_m1,1.0,0.04906590282917023,0.01877715438604355,0.021502580183247726,0.8105682631333669,0.0,0.014864599332213402,0.07713882226131355,0.010045968927443027,0.990330696105957,0.4999280869960785,0.20856866240501404,0.028331756591796875,513.144960025917,0.0,0.0,0.0,1
46200,inverse_warmup_m1,1.0,0.0482640266418457,0.01850724220275879,0.02152520635475715,0.8105574746926626,0.0,0.014362131245434284,0.06679446787953126,0.010045968927443027,0.990330696105957,0.4999280869960785,0.20856866240501404,0.028331756591796875,513.144960025917,0.0,0.0,0.0,1
46400,inverse_warmup_m1,1.0,0.04902610927820206,0.018971960991621017,0.021667216749240954,0.807924156387647,0.0,0.014834627509117126,0.05345242579998177,0.010045968927443027,0.990330696105957,0.4999280869960785,0.20856866240501404,0.028331756591796875,513.144960025917,0.0,0.0,0.0,1
46600,inverse_warmup_m1,1.0,0.049253351986408234,0.018879717215895653,0.021322825147459906,0.8102366824944814,0.0,0.014907759614288807,0.08527459929639931,0.010045968927443027,0.990330696105957,0.4999280869960785,0.20856866240501404,0.028331756591796875,513.144960025917,0.0,0.0,0.0,1
46800,inverse_warmup_m1,1.0,0.04902143031358719,0.018920328468084335,0.021628865506500006,0.810890461007754,0.0,0.014941304922103882,0.05647808073282538,0.010045968927443027,0.990330696105957,0.4999280869960785,0.20856866240501404,0.028331756591796875,513.144960025917,0.0,0.0,0.0,1
47000,inverse_warmup_m1,1.0,0.047229018062353134,0.017608828842639923,0.02136689641823371,0.8113768547773361,0.0,0.01676470786333084,0.052721022955320336,0.010045968927443027,0.990330696105957,0.4999280869960785,0.20856866240501404,0.028331756591796875,513.144960025917,0.0,0.0,0.0,1
47200,inverse_warmup_m1,1.0,0.048196643590927124,0.018327200785279274,0.02139087440446019,0.8099362105131149,0.0,0.014527256600558758,0.03978594732182785,0.010045968927443027,0.990330696105957,0.4999280869960785,0.20856866240501404,0.028331756591796875,513.144960025917,0.0,0.0,0.0,1
47400,inverse_warmup_m1,1.0,0.04789026826620102,0.01830148510634899,0.021375388527909916,0.8112951268752416,0.0,0.014982929453253746,0.04729358114843537,0.010045968927443027,0.990330696105957,0.4999280869960785,0.20856866240501404,0.028331756591796875,513.144960025917,0.0,0.0,0.0,1
47600,inverse_warmup_m1,1.0,0.04844736307859421,0.01839597523212433,0.021466014441102743,0.8098791340986887,0.0,0.014977450482547283,0.05047462279762354,0.010045968927443027,0.990330696105957,0.4999280869960785,0.20856866240501404,0.028331756591796875,513.144960025917,0.0,0.0,0.0,1
47800,inverse_warmup_m1,1.0,0.048978038132190704,0.01889917068183422,0.021514547057449818,0.8103379706541697,0.0,0.014878944493830204,0.06226581960827168,0.010045968927443027,0.990330696105957,0.4999280869960785,0.20856866240501404,0.028331756591796875,513.144960025917,0.0,0.0,0.0,1
48000,inverse_warmup_m1,1.0,0.048134468495845795,0.01822800002992153,0.021456923025349777,0.8100121120611826,0.0,0.014230795204639435,0.06581077102126669,0.010045968927443027,0.990330696105957,0.4999280869960785,0.20856866240501404,0.028331756591796875,513.144960025917,0.0,0.0,0.0,1
48200,inverse_warmup_m1,1.0,0.04928390681743622,0.019043155014514923,0.02171679741392533,0.8107003917296728,0.0,0.01455317996442318,0.05783553516884138,0.010045968927443027,0.990330696105957,0.4999280869960785,0.20856866240501404,0.028331756591796875,513.144960025917,0.0,0.0,0.0,1
48400,inverse_warmup_m1,1.0,0.048723943531513214,0.018749328330159187,0.021273084295292694,0.8121979087591171,0.0,0.014662457630038261,0.06524088619462011,0.010045968927443027,0.990330696105957,0.4999280869960785,0.20856866240501404,0.028331756591796875,513.144960025917,0.0,0.0,0.0,1
48600,inverse_warmup_m1,1.0,0.048766303807497025,0.01861015148460865,0.021427692690243322,0.8095230658849081,0.0,0.014720574952661991,0.06050694616815376,0.010045968927443027,0.990330696105957,0.4999280869960785,0.20856866240501404,0.028331756591796875,513.144960025917,0.0,0.0,0.0,1
48800,inverse_warmup_m1,1.0,0.048991113901138306,0.01865595206618309,0.021409545093774796,0.8116559485594431,0.0,0.014822768047451973,0.10638238850521382,0.010045968927443027,0.990330696105957,0.4999280869960785,0.20856866240501404,0.028331756591796875,513.144960025917,0.0,0.0,0.0,1
49000,inverse_warmup_m1,1.0,0.04887789860367775,0.01880919747054577,0.021394902219374973,0.8104476730028788,0.0,0.014802715741097927,0.07405729527746148,0.010045968927443027,0.990330696105957,0.4999280869960785,0.20856866240501404,0.028331756591796875,513.144960025917,0.0,0.0,0.0,1
49200,inverse_warmup_m1,1.0,0.04896370694041252,0.018772542476654053,0.021375476382672787,0.8108872373898824,0.0,0.014084558933973312,0.0527037834324564,0.010045968927443027,0.990330696105957,0.4999280869960785,0.20856866240501404,0.028331756591796875,513.144960025917,0.0,0.0,0.0,1
49400,inverse_warmup_m1,1.0,0.048861779272556305,0.01877659559249878,0.02102948244040211,0.8117657552162806,0.0,0.014872130937874317,0.04609945673679239,0.010045968927443027,0.990330696105957,0.4999280869960785,0.20856866240501404,0.028331756591796875,513.144960025917,0.0,0.0,0.0,1
49600,inverse_warmup_m1,1.0,0.048816557973623276,0.018507912755012512,0.02133447506154577,0.8118535528580347,0.0,0.014244500547647476,0.06293243106582051,0.010045968927443027,0.990330696105957,0.4999280869960785,0.20856866240501404,0.028331756591796875,513.144960025917,0.0,0.0,0.0,1
49800,inverse_warmup_m1,1.0,0.04850679636001587,0.018567418679594994,0.021760196269800264,0.8098647197087606,0.0,0.01408152375370264,0.049502306035563375,0.010045968927443027,0.990330696105957,0.4999280869960785,0.20856866240501404,0.028331756591796875,513.144960025917,0.0,0.0,0.0,1
50000,inverse_warmup_m1,1.0,0.04822041839361191,0.018376901745796204,0.02153173368424177,0.8092844486236572,0.0,0.014439012855291367,0.06265775650913556,0.010045968927443027,0.990330696105957,0.4999280869960785,0.20856866240501404,0.028331756591796875,513.144960025917,0.0,0.0,0.0,1
50200,inverse_warmup_m1,1.0,0.04840882867574692,0.018685821443796158,0.021669405046850443,0.8107074201107025,0.0,0.014520551078021526,0.06483636687672943,0.010045968927443027,0.990330696105957,0.4999280869960785,0.20856866240501404,0.028331756591796875,513.144960025917,0.0,0.0,0.0,1
50400,inverse_warmup_m1,1.0,0.04941340163350105,0.019015148282051086,0.021600843562434118,0.8095318526029587,0.0,0.014927981421351433,0.04488056200407469,0.010045968927443027,0.990330696105957,0.4999280869960785,0.20856866240501404,0.028331756591796875,513.144960025917,0.0,0.0,0.0,1
50600,inverse_warmup_m1,1.0,0.04890360310673714,0.01860095001757145,0.021172632618496817,0.8106829176346461,0.0,0.014312241226434708,0.0825613941061019,0.010045968927443027,0.990330696105957,0.4999280869960785,0.20856866240501404,0.028331756591796875,513.144960025917,0.0,0.0,0.0,1
50800,inverse_warmup_m1,1.0,0.04895368218421936,0.018863525241613388,0.021406540647149086,0.8101363331079483,0.0,0.014379400759935379,0.06951180814617351,0.010045968927443027,0.990330696105957,0.4999280869960785,0.20856866240501404,0.028331756591796875,513.144960025917,0.0,0.0,0.0,1
51000,inverse_warmup_m1,1.0,0.048273585736751556,0.01822700724005699,0.0212220954708755,0.8106960852940878,0.0,0.014210917986929417,0.05663121040626933,0.010045968927443027,0.990330696105957,0.4999280869960785,0.20856866240501404,0.028331756591796875,513.144960025917,0.0,0.0,0.0,1
51200,inverse_warmup_m1,1.0,0.04862050712108612,0.018609998747706413,0.02133192742864291,0.8102956016858419,0.0,0.014523030258715153,0.0442699273440455,0.010045968927443027,0.990330696105957,0.4999280869960785,0.20856866240501404,0.028331756591796875,513.144960025917,0.0,0.0,0.0,1
51400,inverse_warmup_m1,1.0,0.04893437772989273,0.01886862888932228,0.022106436857332785,0.8089576065540314,0.0,0.016811756417155266,0.08108538277578238,0.010045968927443027,0.990330696105957,0.4999280869960785,0.20856866240501404,0.028331756591796875,513.144960025917,0.0,0.0,0.0,1
51600,inverse_warmup_m1,1.0,0.048842333257198334,0.018877387046813965,0.021838802844285965,0.8104074199994405,0.0,0.014319749549031258,0.058015194316892886,0.010045968927443027,0.990330696105957,0.4999280869960785,0.20856866240501404,0.028331756591796875,513.144960025917,0.0,0.0,0.0,1
51800,inverse_warmup_m1,1.0,0.049064163118600845,0.019036520272493362,0.021919908933341503,0.8101615508397421,0.0,0.01471514068543911,0.08091049644241025,0.010045968927443027,0.990330696105957,0.4999280869960785,0.20856866240501404,0.028331756591796875,513.144960025917,0.0,0.0,0.0,1
52000,inverse_warmup_m1,1.0,0.048087842762470245,0.01833934336900711,0.021600892612089712,0.8112656821807226,0.0,0.014148645102977753,0.08072060130388342,0.010045968927443027,0.990330696105957,0.4999280869960785,0.20856866240501404,0.028331756591796875,513.144960025917,0.0,0.0,0.0,1
52200,inverse_warmup_m1,1.0,0.04835766553878784,0.01863214001059532,0.021848627521346014,0.8097958564758301,0.0,0.014576763845980167,0.060096283373933614,0.010045968927443027,0.990330696105957,0.4999280869960785,0.20856866240501404,0.028331756591796875,513.144960025917,0.0,0.0,0.0,1
52400,inverse_warmup_m1,1.0,0.04850711673498154,0.018509801477193832,0.02146824961528182,0.8092207809289297,0.0,0.01416209526360035,0.05400393814515931,0.010045968927443027,0.990330696105957,0.4999280869960785,0.20856866240501404,0.028331756591796875,513.144960025917,0.0,0.0,0.0,1
52600,inverse_warmup_m1,1.0,0.047954216599464417,0.018202731385827065,0.021404118587573368,0.8117358783880869,0.0,0.01349545270204544,0.0531488583339343,0.010045968927443027,0.990330696105957,0.4999280869960785,0.20856866240501404,0.028331756591796875,513.144960025917,0.0,0.0,0.0,1
52800,inverse_warmup_m1,1.0,0.04789457097649574,0.018154356628656387,0.021443300259610016,0.8100366840759913,0.0,0.013885930180549622,0.09774697249890715,0.010045968927443027,0.990330696105957,0.4999280869960785,0.20856866240501404,0.028331756591796875,513.144960025917,0.0,0.0,0.0,1
53000,inverse_warmup_m1,1.0,0.049190156161785126,0.018902897834777832,0.021790879623343546,0.8094847351312637,0.0,0.014050730504095554,0.07126642858748777,0.010045968927443027,0.990330696105957,0.4999280869960785,0.20856866240501404,0.028331756591796875,513.144960025917,0.0,0.0,0.0,1
53200,inverse_warmup_m1,1.0,0.048154570162296295,0.018297500908374786,0.022046163212507963,0.805249830087026,0.0,0.014024434611201286,0.0923417452866782,0.010045968927443027,0.990330696105957,0.4999280869960785,0.20856866240501404,0.028331756591796875,513.144960025917,0.0,0.0,0.0,1
53400,inverse_warmup_m1,1.0,0.048839665949344635,0.01873166486620903,0.02156561395774285,0.8104059845209122,0.0,0.013724383898079395,0.06019828851155692,0.010045968927443027,0.990330696105957,0.4999280869960785,0.20856866240501404,0.028331756591796875,513.144960025917,0.0,0.0,0.0,1
53600,inverse_warmup_m1,1.0,0.048012856394052505,0.01821669563651085,0.021888302949567635,0.8073593775431315,0.0,0.013562614098191261,0.06837601338591287,0.010045968927443027,0.990330696105957,0.4999280869960785,0.20856866240501404,0.028331756591796875,513.144960025917,0.0,0.0,0.0,1
53800,inverse_warmup_m1,1.0,0.0488978736102581,0.018734559416770935,0.021414415445178747,0.8117560843626658,0.0,0.014082365669310093,0.045837766175024754,0.010045968927443027,0.990330696105957,0.4999280869960785,0.20856866240501404,0.028331756591796875,513.144960025917,0.0,0.0,0.0,1
54000,inverse_warmup_m1,1.0,0.04807382822036743,0.01841007173061371,0.02115449293827017,0.8113442460695902,0.0,0.014135112054646015,0.06277993583148479,0.010045968927443027,0.990330696105957,0.4999280869960785,0.20856866240501404,0.028331756591796875,513.144960025917,0.0,0.0,0.0,1
54200,inverse_warmup_m1,1.0,0.048139557242393494,0.018577806651592255,0.02139355257774393,0.8111937741438547,0.0,0.014021285809576511,0.07551060940355737,0.010045968927443027,0.990330696105957,0.4999280869960785,0.20856866240501404,0.028331756591796875,513.144960025917,0.0,0.0,0.0,1
54400,inverse_warmup_m1,1.0,0.04814840480685234,0.018447693437337875,0.021935176569968462,0.8067233214775721,0.0,0.014049995690584183,0.06565996107701187,0.010045968927443027,0.990330696105957,0.4999280869960785,0.20856866240501404,0.028331756591796875,513.144960025917,0.0,0.0,0.0,1
54600,inverse_warmup_m1,1.0,0.04825955629348755,0.018358033150434494,0.021583340596407652,0.8102628588676453,0.0,0.01386487390846014,0.07655066357451357,0.010045968927443027,0.990330696105957,0.4999280869960785,0.20856866240501404,0.028331756591796875,513.144960025917,0.0,0.0,0.0,1
54800,inverse_warmup_m1,1.0,0.047961000353097916,0.01816401444375515,0.02229544287547469,0.8039390395085017,0.0,0.013982811011373997,0.08864605145134,0.010045968927443027,0.990330696105957,0.4999280869960785,0.20856866240501404,0.028331756591796875,513.144960025917,0.0,0.0,0.0,1
55000,inverse_warmup_m1,1.0,0.04964347183704376,0.019382786005735397,0.021723749426503975,0.8076614439487457,0.0,0.014717504382133484,0.10972824398493752,0.010045968927443027,0.990330696105957,0.4999280869960785,0.20856866240501404,0.028331756591796875,513.144960025917,0.0,0.0,0.0,1
55200,inverse_warmup_m1,1.0,0.04812508076429367,0.01820041425526142,0.021403840898225706,0.8085834681987762,0.0,0.013595342636108398,0.06498930176440872,0.010045968927443027,0.990330696105957,0.4999280869960785,0.20856866240501404,0.028331756591796875,513.144960025917,0.0,0.0,0.0,1
55400,inverse_warmup_m1,1.0,0.0489984005689621,0.01843312568962574,0.02144322684034705,0.8104083885749181,0.0,0.013315556570887566,0.12521598066611458,0.010045968927443027,0.990330696105957,0.4999280869960785,0.20856866240501404,0.028331756591796875,513.144960025917,0.0,0.0,0.0,1
55600,inverse_warmup_m1,1.0,0.048168305307626724,0.01846875436604023,0.021974715714653332,0.8089630703131357,0.0,0.013243172317743301,0.05539930522708938,0.010045968927443027,0.990330696105957,0.4999280869960785,0.20856866240501404,0.028331756591796875,513.144960025917,0.0,0.0,0.0,1
55800,inverse_warmup_m1,1.0,0.048881154507398605,0.01885433867573738,0.021541462900737923,0.8111874808867773,0.0,0.013438202440738678,0.056331213068562654,0.010045968927443027,0.990330696105957,0.4999280869960785,0.20856866240501404,0.028331756591796875,513.144960025917,0.0,0.0,0.0,1
56000,inverse_warmup_m1,1.0,0.048414986580610275,0.01847510039806366,0.021591367510457832,0.8094000468651453,0.0,0.01353518757969141,0.06131559405285357,0.010045968927443027,0.990330696105957,0.4999280869960785,0.20856866240501404,0.028331756591796875,513.144960025917,0.0,0.0,0.0,1
56200,inverse_warmup_m1,1.0,0.048644281923770905,0.018601298332214355,0.02156477142125368,0.8119494467973709,0.0,0.013453400693833828,0.05144582820824404,0.010045968927443027,0.990330696105957,0.4999280869960785,0.20856866240501404,0.028331756591796875,513.144960025917,0.0,0.0,0.0,1
56400,inverse_warmup_m1,1.0,0.04680061340332031,0.0174400694668293,0.021294037501017254,0.8123381187518438,0.0,0.015330163761973381,0.05364799825690129,0.010045968927443027,0.990330696105957,0.4999280869960785,0.20856866240501404,0.028331756591796875,513.144960025917,0.0,0.0,0.0,1
56600,inverse_warmup_m1,1.0,0.047975413501262665,0.018180575221776962,0.021462377160787582,0.8118226180473963,0.0,0.01346229575574398,0.055219864719416714,0.010045968927443027,0.990330696105957,0.4999280869960785,0.20856866240501404,0.028331756591796875,513.144960025917,0.0,0.0,0.0,1
56800,inverse_warmup_m1,1.0,0.04776071757078171,0.018188919872045517,0.021660396363586187,0.8108463635047277,0.0,0.01400841772556305,0.0722627072493593,0.010045968927443027,0.990330696105957,0.4999280869960785,0.20856866240501404,0.028331756591796875,513.144960025917,0.0,0.0,0.0,1
57000,inverse_warmup_m1,1.0,0.04811495542526245,0.01815280318260193,0.021259672939777374,0.8124196032683054,0.0,0.013916718773543835,0.06749536985291751,0.010045968927443027,0.990330696105957,0.4999280869960785,0.20856866240501404,0.028331756591796875,513.144960025917,0.0,0.0,0.0,1
57200,inverse_warmup_m1,1.0,0.04854441434144974,0.018556516617536545,0.021396438125520945,0.8104998270670573,0.0,0.013674542307853699,0.04330490217460553,0.010045968927443027,0.990330696105957,0.4999280869960785,0.20856866240501404,0.028331756591796875,513.144960025917,0.0,0.0,0.0,1
57400,inverse_warmup_m1,1.0,0.047946300357580185,0.01817883923649788,0.021263409561167162,0.8120691825946172,0.0,0.013436006382107735,0.08147043096909821,0.010045968927443027,0.990330696105957,0.4999280869960785,0.20856866240501404,0.028331756591796875,513.144960025917,0.0,0.0,0.0,1
57600,inverse_warmup_m1,1.0,0.049343742430210114,0.0190264992415905,0.021577056652555864,0.8096719831228256,0.0,0.014197989366948605,0.10046170771363425,0.010045968927443027,0.990330696105957,0.4999280869960785,0.20856866240501404,0.028331756591796875,513.144960025917,0.0,0.0,0.0,1
57800,inverse_warmup_m1,1.0,0.048541128635406494,0.018692903220653534,0.021829271068175633,0.8095532953739166,0.0,0.013560262508690357,0.0717411275650702,0.010045968927443027,0.990330696105957,0.4999280869960785,0.20856866240501404,0.028331756591796875,513.144960025917,0.0,0.0,0.0,1
58000,inverse_warmup_m1,1.0,0.048843495547771454,0.018784455955028534,0.021428802516311407,0.8103397488594055,0.0,0.01414402388036251,0.08479732541865338,0.010045968927443027,0.990330696105957,0.4999280869960785,0.20856866240501404,0.028331756591796875,513.144960025917,0.0,0.0,0.0,1
58200,inverse_warmup_m1,1.0,0.04839884489774704,0.018281301483511925,0.021465282421559095,0.8104776193698248,0.0,0.013322155922651291,0.06430195548624212,0.010045968927443027,0.990330696105957,0.4999280869960785,0.20856866240501404,0.028331756591796875,513.144960025917,0.0,0.0,0.0,1
58400,inverse_warmup_m1,1.0,0.048523835837841034,0.018477875739336014,0.0214130034049352,0.811387633283933,0.0,0.013708136975765228,0.07352684297341716,0.010045968927443027,0.990330696105957,0.4999280869960785,0.20856866240501404,0.028331756591796875,513.144960025917,0.0,0.0,0.0,1
58600,inverse_warmup_m1,1.0,0.04895326495170593,0.018768390640616417,0.021219345120092232,0.8126371602217356,0.0,0.01361033320426941,0.05655290683240734,0.010045968927443027,0.990330696105957,0.4999280869960785,0.20856866240501404,0.028331756591796875,513.144960025917,0.0,0.0,0.0,1
58800,inverse_warmup_m1,1.0,0.048643119633197784,0.01865813508629799,0.021070015151053667,0.8126095632712046,0.0,0.013452861458063126,0.047594595587989855,0.010045968927443027,0.990330696105957,0.4999280869960785,0.20856866240501404,0.028331756591796875,513.144960025917,0.0,0.0,0.0,1
59000,inverse_warmup_m1,1.0,0.04870261996984482,0.018515247851610184,0.020888627041131258,0.8125591725111008,0.0,0.01349393930286169,0.07338338320273538,0.010045968927443027,0.990330696105957,0.4999280869960785,0.20856866240501404,0.028331756591796875,513.144960025917,0.0,0.0,0.0,1
59200,inverse_warmup_m1,1.0,0.04836505651473999,0.01848725974559784,0.021420676882068317,0.8111388434966406,0.0,0.013126474805176258,0.04890118417231112,0.010045968927443027,0.990330696105957,0.4999280869960785,0.20856866240501404,0.028331756591796875,513.144960025917,0.0,0.0,0.0,1
59400,inverse_warmup_m1,1.0,0.04831636697053909,0.01869303174316883,0.021135411070038874,0.8125355839729309,0.0,0.013627388514578342,0.0760593316117518,0.010045968927443027,0.990330696105957,0.4999280869960785,0.20856866240501404,0.028331756591796875,513.144960025917,0.0,0.0,0.0,1
59600,inverse_warmup_m1,1.0,0.04798125475645065,0.01826286129653454,0.021407166961580515,0.8081503063440323,0.0,0.013115218840539455,0.07148566661559344,0.010045968927443027,0.990330696105957,0.4999280869960785,0.20856866240501404,0.028331756591796875,513.144960025917,0.0,0.0,0.0,1
59800,inverse_warmup_m1,1.0,0.049007829278707504,0.01872023567557335,0.02150710780794422,0.8083903541167577,0.0,0.013423609547317028,0.07124271962988003,0.010045968927443027,0.990330696105957,0.4999280869960785,0.20856866240501404,0.028331756591796875,513.144960025917,0.0,0.0,0.0,1
60000,inverse_warmup_m1,1.0,0.048370569944381714,0.018472954630851746,0.02124145549411575,0.8116153925657272,0.0,0.013268792070448399,0.06233921298928718,0.010045968927443027,0.990330696105957,0.4999280869960785,0.20856866240501404,0.028331756591796875,513.144960025917,0.0,0.0,0.0,1
60200,inverse_warmup_m1,1.0,0.04827282950282097,0.018251461908221245,0.02118452001983921,0.81283271809419,0.0,0.013201727531850338,0.04732211553820895,0.010045968927443027,0.990330696105957,0.4999280869960785,0.20856866240501404,0.028331756591796875,513.144960025917,0.0,0.0,0.0,1
60400,inverse_warmup_m1,1.0,0.04785635322332382,0.017988255247473717,0.021067845014234383,0.8135708123445511,0.0,0.013376954011619091,0.050684330024594736,0.010045968927443027,0.990330696105957,0.4999280869960785,0.20856866240501404,0.028331756591796875,513.144960025917,0.0,0.0,0.0,1
60600,inverse_warmup_m1,1.0,0.04818683862686157,0.018310174345970154,0.021017118201901514,0.8135707229375839,0.0,0.013425837270915508,0.05010273200770769,0.010045968927443027,0.990330696105957,0.4999280869960785,0.20856866240501404,0.028331756591796875,513.144960025917,0.0,0.0,0.0,1
60750,inverse_warmup_m1,1.0,0.0482994019985199,0.018380485475063324,0.021776035738488037,0.8081047187248865,0.0,0.013736138120293617,0.060085106866354744,0.010045968927443027,0.990330696105957,0.4999280869960785,0.20856866240501404,0.028331756591796875,513.144960025917,0.0,0.0,0.0,1
60800,joint_m1,1.0,0.05422574281692505,0.022070998325943947,0.0218364791944623,0.8054072260856628,1.754675031406805e-05,0.0031863416079431772,0.013833596519246852,4.029091542179231e-06,0.9999973773956299,0.5274213552474976,0.4804111123085022,0.9357757568359375,3275.4211942893694,2762.2762342634524,228.44393920898438,3108.423828125,0
61000,joint_m1,1.0,0.04137355089187622,0.013771213591098785,0.013835113029927015,0.8688082545995712,8.993850315164309e-06,0.002926065120846033,0.031722432193582346,6.098633154039135e-09,1.0,0.5565780401229858,0.48907285928726196,0.9816131591796875,3533.0853372088254,3019.9403771829084,233.87432861328125,3371.309326171875,0
61200,joint_m1,1.0,0.03778020292520523,0.011766217648983002,0.011863007598246137,0.8868877788384756,7.681875104026403e-06,0.0029544869903475046,0.023169246278392713,5.265435865098311e-10,1.0,0.5664643049240112,0.4897419810295105,0.9874153137207031,3651.5174927692733,3138.3725327433563,236.50985717773438,3500.36865234375,0
61400,joint_m1,1.0,0.03537709638476372,0.010624287649989128,0.010875607763106624,0.8978566279013952,6.623258741456084e-06,0.0028824699111282825,0.02191634138900467,3.952130567252965e-10,1.0,0.5710350275039673,0.4901599586009979,0.99041748046875,3765.9248532067127,3252.7798931807956,238.54620361328125,3623.68310546875,0
61600,joint_m1,1.0,0.03376641124486923,0.009693628177046776,0.010138678054014841,0.9026873111724854,6.119288627814967e-06,0.002882716478779912,0.026170626165817508,4.511751042213241e-11,1.0,0.5721503496170044,0.49086201190948486,0.9926719665527344,3896.5672071709478,3383.4222471450307,240.29617309570312,3761.779296875,0
61800,joint_m1,1.0,0.03295457735657692,0.009296977892518044,0.009647130422915021,0.9084767798582712,5.267009328235872e-06,0.0028977852780371904,0.01506759732407877,2.056506007153125e-11,1.0,0.5726739168167114,0.49129199981689453,0.9939231872558594,4004.0960278195125,3490.9510677935955,241.44873046875,3874.31201171875,0
62000,joint_m1,1.0,0.03223353624343872,0.008975078351795673,0.00926187246417006,0.9122061183055242,4.853087375522591e-06,0.0028519576881080866,0.01048192725218585,2.056506007153125e-11,1.0,0.5729827284812927,0.4917229115962982,0.9952888488769531,4105.3550394576105,3592.2100794316934,242.34263610839844,3978.677734375,0
62200,joint_m1,1.0,0.03127027302980423,0.008523151278495789,0.008988443218792478,0.9152220884958903,4.657589670387097e-06,0.002947137923911214,0.02560070008218901,1.0980401483895452e-11,1.0,0.5734039545059204,0.4920094311237335,0.9960479736328125,4202.943730291901,3689.7987702659843,242.99900817871094,4078.24560546875,0
62400,joint_m1,1.0,0.03146941214799881,0.008491206914186478,0.008788530326758822,0.9170513997475306,3.901031050190795e-06,0.0028899675235152245,0.01731328162674696,2.0247143805302015e-12,1.0,0.5732271671295166,0.49230700731277466,0.9966850280761719,4292.584769110565,3779.4398090846475,243.5533447265625,4169.5703125,0
62600,joint_m1,1.0,0.03046773001551628,0.008158802054822445,0.008587323129177094,0.9189643859863281,3.7675661133107496e-06,0.0028584329411387444,0.03482583300321174,1.216824709569797e-12,1.0,0.5732764005661011,0.49255767464637756,0.9972877502441406,4378.947818825888,3865.802858799971,243.94174194335938,4256.94921875,0
62800,joint_m1,1.0,0.030446060001850128,0.00806896761059761,0.008437422337010503,0.9201326668262482,3.49930587617564e-06,0.0029340863693505526,0.02285888811779751,1.1273231697098152e-12,1.0,0.5734223127365112,0.4927097260951996,0.9975357055664062,4455.611293638618,3942.466333612701,244.2626953125,4334.31689453125,0
63000,joint_m1,1.0,0.0299413800239563,0.007953417487442493,0.008375933781887094,0.9209911574920019,3.263256985519547e-06,0.002926067216321826,0.03370479350925245,1.1273231697098152e-12,1.0,0.5732484459877014,0.49291175603866577,0.997955322265625,4526.909762741025,4013.7648027151076,244.5347900390625,4405.96826171875,0
63200,joint_m1,1.0,0.02996440976858139,0.007873776368796825,0.008270607019464174,0.9230130861202875,3.1592073810315924e-06,0.0029658584389835596,0.02761161276467122,1.1273231697098152e-12,1.0,0.5732071995735168,0.4930451214313507,0.9981880187988281,4596.050913556115,4082.905953530198,244.73550415039062,4475.42431640625,0
63400,joint_m1,1.0,0.02939828485250473,0.00765333604067564,0.008076193664843837,0.9243387232224146,2.9449586236296454e-06,0.0028921691700816154,0.009662006578081044,1.1273231697098152e-12,1.0,0.5730435848236084,0.4932211935520172,0.9985771179199219,4656.214771678815,4143.069811652898,244.94735717773438,4535.779296875,0
63600,joint_m1,1.0,0.02912909910082817,0.007587334141135216,0.008121202156568566,0.9252780973911285,2.7838827918458264e-06,0.0029680528677999973,0.022368108685674702,1.1273231697098152e-12,1.0,0.5728406310081482,0.4933125972747803,0.9985923767089844,4713.293964946383,4200.149004920466,245.0525360107422,4593.04345703125,0
63800,joint_m1,1.0,0.02902989462018013,0.00750320591032505,0.00805125719246765,0.92182490726312,2.4066564492386533e-06,0.00291745294816792,0.019668193661325613,1.0551021184133577e-13,1.0,0.5726208686828613,0.49349862337112427,0.9989204406738281,4774.704179318338,4261.559219292421,245.24752807617188,4654.72900390625,0
64000,joint_m1,1.0,0.02890920639038086,0.007372296415269375,0.007854242653896412,0.9261355996131897,2.475853989380994e-06,0.002966080093756318,0.034991523644269926,1.0551021184133577e-13,1.0,0.5724323987960815,0.4935610294342041,0.9988365173339844,4824.250822666666,4311.1058626407485,245.3190155029297,4704.390625,0
64200,joint_m1,1.0,0.028344621881842613,0.007230877876281738,0.00787066233654817,0.9237154771884283,2.43712634073745e-06,0.0029561573173850775,0.03729654575960143,1.0551021184133577e-13,1.0,0.5723485946655273,0.49364665150642395,0.99896240234375,4870.582716677749,4357.437756651832,245.44593811035156,4750.91845703125,0
64400,joint_m1,1.0,0.02881905436515808,0.00736610684543848,0.0077552621175224585,0.9267955273389816,2.255280605822918e-06,0.0029843696393072605,0.01491411393964954,1.0551021184133577e-13,1.0,0.5722250938415527,0.49376171827316284,0.9992256164550781,4918.635583167348,4405.490623141432,245.57086181640625,4799.05078125,0
64600,joint_m1,1.0,0.029240170493721962,0.0075330352410674095,0.008002917980775237,0.9233362823724747,2.550821818658733e-06,0.0029519135132431984,0.010409381111564014,1.8029704028447438e-15,1.0,0.5718551278114319,0.4938889443874359,0.9989128112792969,5007.553494472126,4494.408534446209,245.71913146972656,4887.70703125,0
64800,joint_m1,1.0,0.028647512197494507,0.0073620774783194065,0.007940866324740151,0.9284364581108093,2.182307298426167e-06,0.0028856084682047367,0.025740562041006006,1.7776064247556874e-15,1.0,0.5717408657073975,0.49401673674583435,0.9992752075195312,5068.141868574715,4554.996908548797,245.87449645996094,4948.4951171875,0
65000,joint_m1,1.0,0.028066616505384445,0.007089012302458286,0.007584815224011739,0.9288363754749298,1.828901417866291e-06,0.0028959999326616526,0.015846849722440763,1.7776064247556874e-15,1.0,0.5717382431030273,0.4940558671951294,0.9993362426757812,5110.376111403152,4597.231151377235,245.96778869628906,4990.92138671875,0
65200,joint_m1,1.0,0.028541401028633118,0.0072402385994791985,0.007591630060536166,0.9287722110748291,1.8856136421163683e-06,0.002915700664743781,0.020296595435633544,1.7776064247556874e-15,1.0,0.5716506838798523,0.49408867955207825,0.9994430541992188,5145.189209348865,4632.0442493229475,246.02903747558594,5025.8779296875,0
65400,joint_m1,1.0,0.0278608575463295,0.006974493153393269,0.00754179017773519,0.9301719516515732,2.016961389017524e-06,0.0028951563872396946,0.018287597826442875,1.7776064247556874e-15,1.0,0.5716222524642944,0.4941011071205139,0.9994583129882812,5175.266176729464,4662.121216703546,246.0747528076172,5056.18115234375,0
65600,joint_m1,1.0,0.027886733412742615,0.006922517437487841,0.007451787707395852,0.9306124150753021,1.6616274933767272e-06,0.0029370549600571394,0.0150532923644236,1.7776064247556874e-15,1.0,0.5715899467468262,0.494137167930603,0.9995346069335938,5206.677251376352,4693.532291350435,246.1300048828125,5087.72265625,0
65800,joint_m1,1.0,0.027539877220988274,0.00677923858165741,0.00745574664324522,0.930570567647616,2.0347351892269216e-06,0.0033243841025978327,0.021108976407777365,1.7776064247556874e-15,1.0,0.5715149641036987,0.49416106939315796,0.9995498657226562,5234.913943896308,4721.768983870392,246.17689514160156,5115.99072265625,0
66000,joint_m1,1.0,0.027581512928009033,0.006858677137643099,0.007464137549201648,0.9315494547287623,1.656762492530106e-06,0.0029535412322729826,0.01593643434221228,1.7776064247556874e-15,1.0,0.5715893507003784,0.4941651225090027,0.9995384216308594,5261.497125343698,4748.352165317781,246.2047576904297,5142.59228515625,0
66200,joint_m1,1.0,0.02745852619409561,0.006796089466661215,0.007396476188053687,0.9317799508571625,1.5868695300014224e-06,0.002919828286394477,0.012830647346589553,1.7776064247556874e-15,1.0,0.5715222358703613,0.49417540431022644,0.9995651245117188,5284.855532557158,4771.710572531241,246.22532653808594,5166.02001953125,0
66400,joint_m1,1.0,0.02770131826400757,0.006828443147242069,0.007387632698131104,0.9303503483533859,1.510918082203716e-06,0.002958556404337287,0.02079226869792481,1.7776064247556874e-15,1.0,0.571478009223938,0.4941958785057068,0.9995841979980469,5309.236856648986,4796.091896623069,246.25909423828125,5190.470703125,0
66600,joint_m1,1.0,0.028026582673192024,0.006892043631523848,0.007368714820283155,0.9314645876487097,2.0942379705957137e-06,0.003006496001034975,0.059498058543983295,1.7776064247556874e-15,1.0,0.571487545967102,0.4942108988761902,0.9995536804199219,5334.561462763364,4821.416502737447,246.28744506835938,5215.81689453125,0
66800,joint_m1,1.0,0.02756732888519764,0.006764904595911503,0.007404355177034934,0.928925077120463,1.4434640434046742e-06,0.002985288156196475,0.04771617613723544,1.7776064247556874e-15,1.0,0.5714855194091797,0.49425008893013,0.9996795654296875,5360.017350718186,4846.87239069227,246.33164978027344,5241.267578125,0
67000,joint_m1,1.0,0.02764642797410488,0.0068677207455039024,0.007282273766274254,0.932151714960734,1.5007140063971747e-06,0.0029892197344452143,0.024976506044922527,1.7776064247556874e-15,1.0,0.5714716911315918,0.4942645728588104,0.9996986389160156,5380.868145569078,4867.72318554316,246.3565673828125,5262.18603515625,0
67200,joint_m1,1.0,0.027320578694343567,0.006749829743057489,0.007268271447780232,0.9319009234507879,1.5023234709587996e-06,0.002925686538219452,0.0238920543945474,1.7776064247556874e-15,1.0,0.5714460611343384,0.4942548871040344,0.9996185302734375,5403.4126253692675,4890.26766534335,246.3683624267578,5284.67138671875,0
67400,joint_m1,1.0,0.027469145134091377,0.006807120516896248,0.007354872883297503,0.9312371065219244,1.4813007283009938e-06,0.0029662165325134993,0.014762774312533453,1.7776064247556874e-15,1.0,0.571361780166626,0.49429646134376526,0.9996299743652344,5426.905563947101,4913.760603921184,246.42218017578125,5308.20361328125,0
67600,joint_m1,1.0,0.02733432874083519,0.006737560033798218,0.00726394933493187,0.9330291946729025,1.2706674397122697e-06,0.0030109670478850603,0.04146202748566324,1.7776064247556874e-15,1.0,0.5713663101196289,0.49429619312286377,0.9996757507324219,5444.458099756118,4931.3131397302,246.43368530273438,5325.78369140625,0
67800,joint_m1,1.0,0.027177350595593452,0.0066459509544074535,0.007358610746450722,0.9314582099517187,1.4257724387789494e-06,0.0029641464352607727,0.025401493711579955,1.7776064247556874e-15,1.0,0.5714227557182312,0.49429047107696533,0.9996833801269531,5461.971805126789,4948.826845100872,246.44224548339844,5343.3369140625,0
68000,joint_m1,1.0,0.02747507393360138,0.00668302783742547,0.0072211152873933315,0.9324668695529302,1.4105019090493442e-06,0.002971068723127246,0.04933872764785037,1.7776064247556874e-15,1.0,0.5713760256767273,0.49429407715797424,0.9996986389160156,5478.142933513144,4964.997973487227,246.46185302734375,5359.59033203125,0
68200,joint_m1,1.0,0.02707216888666153,0.006615206599235535,0.007224259005549054,0.9332036972045898,1.54455563006195e-06,0.0029305533971637487,0.024528700632416016,1.7776064247556874e-15,1.0,0.5713919997215271,0.4943018853664398,0.99969482421875,5496.620416219406,4983.47545619349,246.48477172851562,5378.0908203125,0
68400,joint_m1,1.0,0.027294620871543884,0.00668423343449831,0.007142890593968332,0.9333544125159582,1.2714600643448648e-06,0.002916598692536354,0.020178373990889578,1.7776064247556874e-15,1.0,0.5713276863098145,0.4943223297595978,0.9997367858886719,5512.142958958884,4998.997998932968,246.50704956054688,5393.75927734375,0
68600,joint_m1,1.0,0.027139443904161453,0.0065777841955423355,0.007181695701243977,0.9319277952114741,1.5911710988802952e-06,0.0029668528586626053,0.03271010760570042,1.7776064247556874e-15,1.0,0.5713135004043579,0.4943079948425293,0.9996871948242188,5525.266328422549,5012.1213683966325,246.5097198486328,5406.94775390625,0
68800,joint_m1,1.0,0.026933304965496063,0.006607808638364077,0.007210730419804652,0.9329943458239237,1.834479121498589e-06,0.0029189097695052624,0.044007709121983,1.7776064247556874e-15,1.0,0.5713266730308533,0.4943104684352875,0.9997062683105469,5539.9660648780155,5026.821104852099,246.53216552734375,5421.56494140625,0
69000,joint_m1,1.0,0.027155235409736633,0.006718411576002836,0.007399131466324131,0.9303052177031835,1.3800794249618775e-06,0.0030048792250454426,0.01919337976843822,1.7776064247556874e-15,1.0,0.5713082551956177,0.4943316876888275,0.9997177124023438,5557.734790361987,5044.58983033607,246.5665283203125,5439.3056640625,0
69200,joint_m1,1.0,0.02729034796357155,0.006626740097999573,0.007164255521881084,0.933110182483991,1.1764674354708404e-06,0.002999028190970421,0.03595231243794419,1.7776064247556874e-15,1.0,0.5713170766830444,0.49436014890670776,0.9997329711914062,5579.2304128795395,5066.085452853622,246.59559631347656,5460.779296875,0
69400,joint_m1,1.0,0.02709779143333435,0.006615725811570883,0.0071843037925039726,0.9331013758977255,1.384125880576903e-06,0.0029283335898071527,0.016118545672049716,1.7776064247556874e-15,1.0,0.5712520480155945,0.4943312406539917,0.9996604919433594,5591.754822951379,5078.609862925461,246.59365844726562,5473.43994140625,0
69600,joint_m1,1.0,0.027120552957057953,0.00662499712780118,0.007116006609673302,0.9341087887684504,1.3032113201916218e-06,0.003005589358508587,0.029359965714598573,1.7776064247556874e-15,1.0,0.5712864995002747,0.49437904357910156,0.9997673034667969,5613.729241778588,5100.584281752672,246.6390838623047,5495.275390625,0
69800,joint_m1,1.0,0.02652806043624878,0.0063507212325930595,0.007084852899424732,0.9341503232717514,1.2892930953967152e-06,0.0029042218811810017,0.014919543482950926,1.7776064247556874e-15,1.0,0.5712724924087524,0.4943803548812866,0.9997787475585938,5625.338389821541,5112.193429795623,246.64939880371094,5506.923828125,0
70000,joint_m1,1.0,0.026875264942646027,0.006518515758216381,0.007139704539440572,0.9328400741020838,1.2779890994352172e-06,0.003003738122060895,0.017748338992863728,1.7776064247556874e-15,1.0,0.5712577104568481,0.4943659007549286,0.9997711181640625,5636.030518015316,5122.885557989399,246.64686584472656,5517.6220703125,0
70200,joint_m1,1.0,0.027029121294617653,0.006718455348163843,0.007224377244710922,0.93422199289004,1.22690187254193e-06,0.0029084489215165377,0.034213422556568326,1.7776064247556874e-15,1.0,0.5712791085243225,0.4943796396255493,0.9998092651367188,5648.910691451937,5135.76573142602,246.66513061523438,5530.56201171875,0
70400,joint_m1,1.0,0.026795726269483566,0.006501391530036926,0.007152555743232369,0.9332235256830851,1.2165152156740078e-06,0.002928395988419652,0.01583856136215297,1.7776064247556874e-15,1.0,0.5712798237800598,0.49437564611434937,0.9997711181640625,5660.903638112912,5147.758678086995,246.6862335205078,5542.5849609375,0
70600,joint_m1,1.0,0.026881370693445206,0.006524238735437393,0.007117711706086993,0.9340258439381918,1.2711423096334329e-06,0.0029526595026254654,0.027558421104934144,1.7776064247556874e-15,1.0,0.5712659358978271,0.49439090490341187,0.9998130798339844,5673.098800479329,5159.953840453412,246.70199584960938,5554.68896484375,0
70800,joint_m1,1.0,0.02650119550526142,0.006372186820954084,0.007039245683699846,0.9341667940219244,1.152937898041273e-06,0.0029035715851932764,0.023257203849186548,1.7776064247556874e-15,1.0,0.5712517499923706,0.49439382553100586,0.9998130798339844,5685.035444040785,5171.890484014868,246.70944213867188,5566.67919921875,0
71000,joint_m1,1.0,0.026190239936113358,0.006296902894973755,0.00704705265040199,0.9333449403444926,1.3102355751470895e-06,0.00291334162466228,0.027906801416557662,1.7776064247556874e-15,1.0,0.5712807774543762,0.4943992495536804,0.99981689453125,5697.448727281361,5184.303767255444,246.7243194580078,5579.09765625,0
71200,joint_m1,1.0,0.026526011526584625,0.006380171049386263,0.00706173883130153,0.9340989589691162,1.2491534562286688e-06,0.0029502911493182182,0.026132333294785672,1.7776064247556874e-15,1.0,0.5712249875068665,0.4943907856941223,0.99981689453125,5706.429531677404,5193.284571651488,246.72442626953125,5588.21728515625,0
71400,joint_m1,1.0,0.026396237313747406,0.0063401819206774235,0.007077051831098895,0.9342028399308523,1.2211205557832727e-06,0.0029299170710146427,0.028420122548001435,1.7776064247556874e-15,1.0,0.5712234973907471,0.4943874776363373,0.9997673034667969,5717.427043697191,5204.282083671274,246.72802734375,5599.25048828125,0
71600,joint_m1,1.0,0.026167314499616623,0.006272501312196255,0.007025774025047819,0.9343731999397278,1.0528888196859043e-06,0.0029909817967563868,0.02695569848464398,1.7776064247556874e-15,1.0,0.5712000727653503,0.4943895637989044,0.9997825622558594,5727.083725597174,5213.938765571256,246.73023986816406,5608.91162109375,0
71800,joint_m1,1.0,0.026714209467172623,0.006434805691242218,0.007036964370248218,0.9351081997156143,1.2339573913777713e-06,0.002918480196967721,0.020008809884664608,1.7776064247556874e-15,1.0,0.5712051391601562,0.4943907856941223,0.9998054504394531,5736.925657527732,5223.780697501816,246.73648071289062,5618.77880859375,0
72000,joint_m1,1.0,0.026071801781654358,0.006158098578453064,0.007053072486693661,0.9347978035608927,8.86832879132271e-07,0.0028664025012403727,0.01444115133676931,1.7776064247556874e-15,1.0,0.5711981058120728,0.49439653754234314,0.9998359680175781,5745.784889812705,5232.639929786788,246.7469482421875,5627.70263671875,0
72200,joint_m1,1.0,0.02643989399075508,0.006318440195173025,0.0070504541508853436,0.9346939225991567,1.1973045275226468e-06,0.002893423428758979,0.01702852172154872,1.7776064247556874e-15,1.0,0.5711897611618042,0.4943956136703491,0.9998435974121094,5753.870697191587,5240.725737165671,246.75184631347656,5635.806640625,0
72400,joint_m1,1.0,0.02632339671254158,0.0064003486186265945,0.007072646132049461,0.9343774219353994,1.110813741433958e-06,0.0029634430538862944,0.03386749112488031,1.7776064247556874e-15,1.0,0.5712016224861145,0.4943937063217163,0.9998512268066406,5762.34570292342,5249.200742897503,246.75479125976562,5644.30029296875,0
72600,joint_m1,1.0,0.0264750886708498,0.006295055150985718,0.007045569674422343,0.9353518088658651,9.833066769715515e-07,0.0029534786008298397,0.02784698116578074,1.7776064247556874e-15,1.0,0.5711898803710938,0.4943917691707611,0.9998283386230469,5770.379883508537,5257.23492348262,246.7626495361328,5652.3701171875,0
72800,joint_m1,1.0,0.026243221014738083,0.00624298769980669,0.007038525228078167,0.9351042012373606,1.007050173029711e-06,0.002886453876271844,0.023560249831874155,1.7776064247556874e-15,1.0,0.5711967945098877,0.494401216506958,0.9998283386230469,5780.168682659702,5267.023722633785,246.77001953125,5662.19775390625,0
73000,joint_m1,1.0,0.026298651471734047,0.006332914344966412,0.007202052394859493,0.9341823905706406,1.0548227464823867e-06,0.002970763947814703,0.02630422183717458,1.7776064247556874e-15,1.0,0.5712092518806458,0.49439144134521484,0.9998054504394531,5787.698851875415,5274.5538918494985,246.77835083007812,5669.80419921875,0
73200,joint_m1,1.0,0.02622746303677559,0.006265738047659397,0.007154748969090481,0.9343870530525843,1.3105238849675516e-06,0.0028867449145764112,0.0163994959892109,1.7776064247556874e-15,1.0,0.5712279081344604,0.49439290165901184,0.9998245239257812,5795.9737749579235,5282.828814932007,246.7852783203125,5678.02197265625,0
73400,joint_m1,1.0,0.026311863213777542,0.0062484429217875,0.007019440139022966,0.9351499974727631,1.1984633374595433e-06,0.0029275910928845406,0.025357368060225687,1.7776064247556874e-15,1.0,0.5712366700172424,0.4943910539150238,0.9998054504394531,5803.391422263365,5290.246462237448,246.7846221923828,5685.45751953125,0
73600,joint_m1,1.0,0.02599642425775528,0.00616882462054491,0.007076845775979261,0.9324291547139486,1.0161152204091195e-06,0.002927512163296342,0.032794676621497834,1.7776064247556874e-15,1.0,0.5712206363677979,0.49439653754234314,0.9997901916503906,5811.926702910146,5298.781742884228,246.79098510742188,5694.00537109375,0
73800,joint_m1,1.0,0.026364559307694435,0.0063302889466285706,0.00700527123020341,0.9344622790813446,1.0579425406831433e-06,0.0029269924852997065,0.010904056301284855,1.1455345047072082e-16,1.0,0.5712034106254578,0.4944228529930115,0.9998397827148438,5826.558847209903,5313.413887183986,246.8083953857422,5708.474609375,0
74000,joint_m1,1.0,0.0259251669049263,0.006141940131783485,0.007043590730366607,0.9329435626665751,1.4748113699170062e-06,0.002873517805710435,0.01814127084701361,1.1455345047072082e-16,1.0,0.571218729019165,0.4944204092025757,0.9998054504394531,5835.281312841738,5322.136352815822,246.81495666503906,5717.21728515625,0
74200,joint_m1,1.0,0.028768710792064667,0.007453928701579571,0.00799799842449526,0.926745186249415,1.6087980156953563e-06,0.002973068505525589,0.05219820430339954,1.1455345047072082e-16,1.0,0.5710299015045166,0.49450016021728516,0.9996871948242188,5879.962584914975,5366.817624889058,246.88900756835938,5761.5478515625,0
74400,joint_m1,1.0,0.026584861800074577,0.006406751461327076,0.007129326152304809,0.9338603864113489,1.2438426892913412e-06,0.002851876663044095,0.011312523261950284,1.1455345047072082e-16,1.0,0.5710521936416626,0.49453556537628174,0.9998054504394531,5907.585970597465,5394.441010571549,246.94415283203125,5789.18359375,0
74600,joint_m1,1.0,0.026836588978767395,0.00646597146987915,0.007068453589454293,0.934160128235817,1.0179442142543849e-06,0.002846097806468606,0.01486265608727748,1.1455345047072082e-16,1.0,0.571012020111084,0.4945429861545563,0.9998435974121094,5917.286540298686,5404.14158027277,246.9568328857422,5798.9892578125,0
74800,joint_m1,1.0,0.026268908753991127,0.006220369599759579,0.007161972190563877,0.9339693089326223,9.541919325783965e-07,0.002861341694369912,0.01964186304661863,1.1455345047072082e-16,1.0,0.5710031390190125,0.49453192949295044,0.9998817443847656,5922.538644871809,5409.3936848458925,246.96217346191406,5804.3740234375,0
75000,joint_m1,1.0,0.026437459513545036,0.006234119180589914,0.006989268003962934,0.9349076797564825,9.973663281925838e-07,0.0029754298739135265,0.02907166078966112,1.1455345047072082e-16,1.0,0.5709989666938782,0.49452146887779236,0.9998512268066406,5928.377855703869,5415.232895677951,246.97303771972656,5810.29052734375,0
75200,joint_m1,1.0,0.02602359652519226,0.0060950154438614845,0.006974798200341563,0.9349747896194458,1.2153763009337126e-06,0.0032629615161567926,0.021231182082538463,1.1455345047072082e-16,1.0,0.5709741115570068,0.4945152997970581,0.999847412109375,5934.044152178175,5420.8991921522575,246.97398376464844,5816.01318359375,0
75400,joint_m1,1.0,0.026370476931333542,0.006376582197844982,0.007011805389386912,0.9354299505551656,9.533122806715255e-07,0.002899015322327614,0.024739031494783122,1.1455345047072082e-16,1.0,0.5709554553031921,0.4945160448551178,0.9998664855957031,5939.5649672345535,5426.420007208637,246.9741668701172,5821.58837890625,0
75600,joint_m1,1.0,0.026253823190927505,0.00621239747852087,0.006995448415788512,0.9346939474344254,8.718802746443544e-07,0.0029033736791461706,0.02788583444141085,1.1455345047072082e-16,1.0,0.5709245204925537,0.4945157766342163,0.9998588562011719,5945.837871990793,5432.692911964876,246.98245239257812,5827.841796875,0
75800,joint_m1,1.0,0.026505915448069572,0.006363180465996265,0.0069968112123509245,0.9346278409163157,9.005564720609982e-07,0.002912182128056884,0.022492243214790448,1.1455345047072082e-16,1.0,0.5709015130996704,0.494518905878067,0.9998779296875,5951.90524118118,5438.760281155262,246.9830322265625,5833.86767578125,0
76000,joint_m1,1.0,0.026653354987502098,0.006380198057740927,0.00698346671803544,0.9354494909445444,1.0153861467188108e-06,0.0029842054937034845,0.035493016106839394,1.1455345047072082e-16,1.0,0.570878267288208,0.49451714754104614,0.9998512268066406,5958.057065856285,5444.912105830368,246.99014282226562,5840.0751953125,0
76200,joint_m1,1.0,0.02627139538526535,0.006280479487031698,0.007027498174769183,0.9337117026249567,9.830507678998401e-07,0.0029287184588611126,0.03359615367169761,1.1455345047072082e-16,1.0,0.5708853006362915,0.4945257902145386,0.9998664855957031,5967.088737399504,5453.943777373586,246.99888610839844,5849.02392578125,0
76400,joint_m1,1.0,0.026614030823111534,0.006445862352848053,0.007019551082824667,0.9353238642215729,1.1879661769853556e-06,0.002886188682168722,0.04104491104990967,1.1455345047072082e-16,1.0,0.570866048336029,0.4945215582847595,0.99981689453125,5973.034069884417,5459.889109858499,247.00833129882812,5855.001953125,0
76600,joint_m1,1.0,0.026199903339147568,0.006306745577603579,0.007027237171617647,0.9352438499530157,8.383785825571977e-07,0.0028599724173545837,0.020273661069421342,1.1455345047072082e-16,1.0,0.5708392858505249,0.4945307672023773,0.9998703002929688,5979.385252682754,5466.2402926568375,247.01116943359375,5861.33544921875,0
76800,joint_m1,1.0,0.026491116732358932,0.006330930627882481,0.006978490739129484,0.9350127081076304,1.0726429309215746e-06,0.00293096830137074,0.031210173775052273,1.1455345047072082e-16,1.0,0.5708308219909668,0.4945351779460907,0.9998664855957031,5986.293009868461,5473.148049842544,247.01577758789062,5868.15673828125,0
77000,joint_m1,1.0,0.0262614618986845,0.006200632080435753,0.006923102967751523,0.9358128706614176,8.786745411271113e-07,0.0029352090787142515,0.02815469547796099,1.1455345047072082e-16,1.0,0.570812463760376,0.4945266544818878,0.9998512268066406,5990.913786727364,5477.768826701447,247.01438903808594,5872.80029296875,0
77200,joint_m1,1.0,0.026182135567069054,0.00618771044537425,0.006973946699872613,0.935963049530983,1.1756029607568053e-06,0.0028650444000959396,0.02710631966831922,1.1455345047072082e-16,1.0,0.5707983374595642,0.4945215880870819,0.9998207092285156,5996.010006662764,5482.865046636847,247.0170135498047,5877.96240234375,0
77400,joint_m1,1.0,0.026506483554840088,0.006231681443750858,0.006939393274175624,0.9356111387411753,1.0187019370277994e-06,0.0029733520932495594,0.04057487025672596,1.1455345047072082e-16,1.0,0.5707953572273254,0.4945295751094818,0.999847412109375,6002.164942751907,5489.019982725989,247.02407836914062,5884.06884765625,0
77600,joint_m1,1.0,0.026135629042983055,0.006173262372612953,0.00693555335359027,0.9354653060436249,9.542171710563707e-07,0.002868603216484189,0.025136196846392588,1.1455345047072082e-16,1.0,0.5707440376281738,0.4945679008960724,0.9998550415039062,6017.5726003098625,5504.427640283946,247.05026245117188,5899.33740234375,0
77800,joint_m1,1.0,0.026317283511161804,0.006258184555917978,0.006885301399355133,0.9355662862459818,8.484456657242845e-07,0.0028390539810061455,0.017756126392771722,1.1455345047072082e-16,1.0,0.5707590579986572,0.4945595860481262,0.9998435974121094,6023.113480584605,5509.968520558688,247.05667114257812,5904.974609375,0
78000,joint_m1,1.0,0.026318177580833435,0.006257077679038048,0.0069290309911593795,0.9340739498535792,9.954512734111631e-07,0.0029152999632060528,0.04478476429131376,1.1455345047072082e-16,1.0,0.5707499980926514,0.4945523738861084,0.9998588562011719,6027.835432391963,5514.690472366046,247.06082153320312,5909.6865234375,0
78200,joint_m1,1.0,0.026466157287359238,0.006429133005440235,0.007005331184094151,0.9363242834806442,1.0781984656205168e-06,0.0028907605446875095,0.07106650759481876,1.1455345047072082e-16,1.0,0.5707433223724365,0.4945429563522339,0.9998588562011719,6031.081495055427,5517.93653502951,247.05935668945312,5912.96044921875,0
78400,joint_m1,1.0,0.02595394104719162,0.0061758277006447315,0.00693751956957082,0.935759961605072,1.2813250123144826e-06,0.0028837707359343767,0.023326125978164643,1.1455345047072082e-16,1.0,0.5707657933235168,0.49454110860824585,0.9998779296875,6035.4121648815335,5522.267204855616,247.0647735595703,5917.3046875,0
78600,joint_m1,1.0,0.026527555659413338,0.006262248381972313,0.006898731381321947,0.935213103890419,9.78169850895938e-07,0.0029306758660823107,0.04786154183733598,1.1455345047072082e-16,1.0,0.5707566142082214,0.4945296347141266,0.9998512268066406,6039.439046798966,5526.294086773049,247.05966186523438,5921.39111328125,0
78800,joint_m1,1.0,0.026134440675377846,0.006231327541172504,0.006895864615216851,0.9361996601025263,1.0089162287840736e-06,0.002855797065421939,0.0312699820306265,1.1455345047072082e-16,1.0,0.5707476735115051,0.4945269227027893,0.9998283386230469,6043.61481234534,5530.469852319424,247.0648956298828,5925.6044921875,0
79000,joint_m1,1.0,0.0263243168592453,0.006287207826972008,0.006913464283570647,0.9360628575086594,1.2301907190703787e-06,0.0029662202578037977,0.03727591015463674,1.1455345047072082e-16,1.0,0.5707487463951111,0.4945249557495117,0.9998092651367188,6048.7360663199715,5535.591106294054,247.06838989257812,5930.7548828125,0
79200,joint_m1,1.0,0.025805223733186722,0.006084441673010588,0.006866299935306112,0.9360803067684174,1.138230459218903e-06,0.0031407501082867384,0.03414266718512289,1.1455345047072082e-16,1.0,0.570737361907959,0.49452218413352966,0.9998054504394531,6052.610015522229,5539.465055496312,247.0652313232422,5934.65087890625,0
79400,joint_m1,1.0,0.02625102549791336,0.006260657217353582,0.006988903585200508,0.9350952754418055,1.2820719348383136e-06,0.00291543360799551,0.035617104377791045,1.1455345047072082e-16,1.0,0.5707350373268127,0.49453380703926086,0.9998245239257812,6060.079537431831,5546.934577405915,247.08006286621094,5942.14794921875,0
79600,joint_m1,1.0,0.026274487376213074,0.006309208460152149,0.006900835200212896,0.9357905189196268,1.0818405371537665e-06,0.002909995149821043,0.0289880964817859,1.1455345047072082e-16,1.0,0.5707226991653442,0.49454858899116516,0.9998359680175781,6066.222547846394,5553.077587820477,247.08718872070312,5948.28369140625,0
79800,joint_m1,1.0,0.026110293343663216,0.006142943166196346,0.006891308779207368,0.9352591782808304,1.038432628774899e-06,0.0028662453405559063,0.028965937824046044,1.1455345047072082e-16,1.0,0.5707278251647949,0.49455684423446655,0.9998664855957031,6072.055994471724,5558.911034445808,247.09263610839844,5954.0703125,0
80000,joint_m1,1.0,0.02618219144642353,0.006257355213165283,0.006960011436603963,0.935239851474762,9.544959311824641e-07,0.0028936562594026327,0.0233087351512705,1.1455345047072082e-16,1.0,0.5707200765609741,0.4945555329322815,0.9998435974121094,6076.394654727424,5563.249694701506,247.09854125976562,5958.3818359375,0
80200,joint_m1,1.0,0.02583882585167885,0.006085505243390799,0.006918694474734366,0.9355152100324631,7.53713607082318e-07,0.002820679685100913,0.029741887658019873,1.1455345047072082e-16,1.0,0.5707032084465027,0.4945589303970337,0.9998626708984375,6080.845664872609,5567.700704846691,247.09579467773438,5962.779296875,0
80400,joint_m1,1.0,0.025665462017059326,0.006078424863517284,0.006891959540856381,0.9344996362924576,9.17220972951327e-07,0.0028548543341457844,0.04428245668456488,1.1455345047072082e-16,1.0,0.5706956386566162,0.4945509731769562,0.9998321533203125,6086.171867438513,5573.026907412595,247.0903778076172,5968.03515625,0
80600,joint_m1,1.0,0.025903519243001938,0.006138206459581852,0.0068525590080146985,0.9367166807254156,1.121318518926273e-06,0.002863354980945587,0.026567031639460975,1.1455345047072082e-16,1.0,0.5706732273101807,0.4945504367351532,0.9998245239257812,6090.396374621278,5577.251414595361,247.09194946289062,5972.29248046875,0
80800,joint_m1,1.0,0.025808919221162796,0.006024286150932312,0.006850633188150823,0.936509981751442,1.031473857437959e-06,0.002850637072697282,0.037275844542741465,1.1455345047072082e-16,1.0,0.5706607699394226,0.494550883769989,0.9998359680175781,6095.3388749108935,5582.193914884976,247.09364318847656,5977.2587890625,0
81000,joint_m1,1.0,0.0261518657207489,0.0061258901841938496,0.007387119151341419,0.9320733298858007,1.307186039412045e-06,0.09760735183954239,0.2695129410738435,1.1455345047072082e-16,1.0,0.5706477165222168,0.494555801153183,0.9998741149902344,6099.203882475154,5586.058922449238,247.09814453125,5981.14013671875,0
81200,joint_m1,1.0,0.026237253099679947,0.006224687676876783,0.006920091846647362,0.9365205764770508,1.1203889016542234e-06,0.0028656101785600185,0.01838672193827879,1.1455345047072082e-16,1.0,0.5706387758255005,0.4946095049381256,0.9998626708984375,6120.009477116845,5606.864517090928,247.13003540039062,6001.58203125,0
81400,joint_m1,1.0,0.025629129260778427,0.005954320076853037,0.006863679892073075,0.9359605014324188,1.0637670584401349e-06,0.0027698976919054985,0.01705861347474298,1.1455345047072082e-16,1.0,0.5706403851509094,0.49459612369537354,0.9998703002929688,6123.655117656447,5610.51015763053,247.1214141845703,6005.29248046875,0
81600,joint_m1,1.0,0.025902360677719116,0.00609320355579257,0.006885974163499971,0.9361686458190283,8.869932344168774e-07,0.0028118956834077835,0.012562580255716773,1.1455345047072082e-16,1.0,0.570634663105011,0.4945834279060364,0.9998817443847656,6125.922624388917,5612.777664363,247.12222290039062,6007.65576171875,0
81800,joint_m1,1.0,0.0258123017847538,0.006101097445935011,0.006907932149867217,0.9363158494234085,9.892576144920895e-07,0.0028328250627964735,0.029033764934567354,1.1455345047072082e-16,1.0,0.5706071853637695,0.494579017162323,0.9998703002929688,6128.492800028405,5615.347840002489,247.12046813964844,6010.25634765625,0
82000,joint_m1,1.0,0.02603757753968239,0.006067768670618534,0.006825141453494628,0.9362128625313441,1.337206981588679e-06,0.0029740703757852316,0.039038610471878336,1.1455345047072082e-16,1.0,0.5705968141555786,0.4945700466632843,0.9998512268066406,6132.060665061949,5618.915705036032,247.11688232421875,6013.83544921875,0
82200,joint_m1,1.0,0.02569665014743805,0.00601452449336648,0.00682947082289805,0.9361743529637655,9.911999541145633e-07,0.002779243513941765,0.015438825286357689,1.1455345047072082e-16,1.0,0.5705878734588623,0.49457305669784546,0.9998779296875,6135.478139476988,5622.3331794510705,247.12680053710938,6017.28271484375,0
82400,joint_m1,1.0,0.025691039860248566,0.0060550980269908905,0.0068431996818011,0.9369417379299799,9.225267945112137e-07,0.0028512163553386927,0.013989356515273398,1.1455345047072082e-16,1.0,0.5705846548080444,0.4945681691169739,0.9998741149902344,6138.972226684203,5625.827266658285,247.1337890625,6020.7900390625,0
82600,joint_m1,1.0,0.0257286224514246,0.0060469708405435085,0.006918857921846211,0.9358569780985514,9.858746352620074e-07,0.0027834102511405945,0.023432643182171,1.1455345047072082e-16,1.0,0.5705699324607849,0.4945699870586395,0.9998779296875,6142.038098221144,5628.893138195226,247.13230895996094,6023.89501953125,0
82800,joint_m1,1.0,0.02583380788564682,0.006059008184820414,0.006913730835852523,0.9366633544365565,1.0567574690867332e-06,0.002855186117812991,0.022738635673771428,1.1455345047072082e-16,1.0,0.5705853700637817,0.4945683777332306,0.9998588562011719,6146.2600010087435,5633.115040982826,247.1383819580078,6028.17041015625,0
83000,joint_m1,1.0,0.02531339041888714,0.005849350243806839,0.006829405281071861,0.9363483389218649,1.0112601103173802e-06,0.0027739168144762516,0.01830273939792651,1.1455345047072082e-16,1.0,0.5705816149711609,0.494584321975708,0.9998435974121094,6153.481616125947,5640.336656100029,247.1436004638672,6035.29150390625,0
83200,joint_m1,1.0,0.025941845029592514,0.0060981279239058495,0.006836669713569184,0.9366270502408346,1.0585027894194354e-06,0.0028232154436409473,0.032192960434170324,1.1455345047072082e-16,1.0,0.5705925226211548,0.49458047747612,0.9998626708984375,6156.835550832911,5643.690590806995,247.14869689941406,6038.64111328125,0
83400,joint_m1,1.0,0.025622578337788582,0.00604837853461504,0.006848903566909333,0.9356871743996938,9.857590157480445e-07,0.0028981759678572416,0.04395157673209967,1.1455345047072082e-16,1.0,0.5705772638320923,0.49458423256874084,0.9998664855957031,6162.082115648898,5648.937155622982,247.15489196777344,6043.8955078125,0
83600,joint_m1,1.0,0.026145849376916885,0.00619387486949563,0.00698757676097254,0.9368645896514257,1.0482666539246566e-06,0.0028892827685922384,0.03984348341297119,1.1455345047072082e-16,1.0,0.5705991387367249,0.49458441138267517,0.9998703002929688,6166.552034970596,5653.407074944678,247.15821838378906,6048.32861328125,0
83800,joint_m1,1.0,0.025967292487621307,0.006127522327005863,0.00693051874016722,0.9348539561033249,1.1992162853857735e-06,0.002860806416720152,0.030711822356400527,1.1455345047072082e-16,1.0,0.5705552101135254,0.4945823550224304,0.9998359680175781,6171.9458844030705,5658.800924377154,247.1595916748047,6053.7412109375,0
84000,joint_m1,1.0,0.02601661905646324,0.00612024636939168,0.0068862638824308915,0.9362543771664301,1.1330314464430558e-06,0.00278364191763103,0.0222246690571473,1.1455345047072082e-16,1.0,0.5705686211585999,0.4946092367172241,0.9998970031738281,6180.909965369177,5667.765005343261,247.17843627929688,6062.5478515625,0
84200,joint_m1,1.0,0.025572460144758224,0.0058831823989748955,0.006790007309367259,0.9366613229115804,1.2572888863360276e-06,0.0027767315041273832,0.022066760694114555,1.1455345047072082e-16,1.0,0.5705496072769165,0.4945986270904541,0.9998741149902344,6184.183697142251,5671.038737116334,247.1734619140625,6065.8916015625,0
84400,joint_m1,1.0,0.02573750913143158,0.005977792665362358,0.0068218071246519685,0.9366960326830546,9.353609584650258e-07,0.002892950549721718,0.02764717293726301,1.1455345047072082e-16,1.0,0.5705360174179077,0.494594544172287,0.999847412109375,6187.506767673067,5674.36180764715,247.1793975830078,6069.22216796875,0
84600,joint_m1,1.0,0.025495007634162903,0.005915861576795578,0.0068517179461196065,0.9367933521668116,1.1659344636427704e-06,0.00332643766887486,0.033166891103785914,1.1455345047072082e-16,1.0,0.5705450773239136,0.4945908784866333,0.9998893737792969,6189.758638266923,5676.613678241007,247.17880249023438,6071.49853515625,0
84800,joint_m1,1.0,0.025718778371810913,0.0060546379536390305,0.006847616401501,0.9372401088476181,9.898518555928604e-07,0.0027669903356581926,0.021561090667042072,1.1455345047072082e-16,1.0,0.570536732673645,0.4945988059043884,0.9998741149902344,6194.193087077606,5681.048127051688,247.18740844726562,6075.9287109375,0
85000,joint_m1,1.0,0.025598639622330666,0.005936897359788418,0.006781180156394839,0.9369647999604543,1.1043568974855589e-06,0.0027964722830802202,0.04110272980096465,1.1455345047072082e-16,1.0,0.5705562829971313,0.49459096789360046,0.9998779296875,6196.520636615358,5683.375676589441,247.18922424316406,6078.3037109375,0
85200,joint_m1,1.0,0.025892671197652817,0.0061197709292173386,0.006893612948867182,0.9367555727561315,8.452157658211945e-07,0.0028720952104777098,0.03174249757454712,1.1455345047072082e-16,1.0,0.5705710053443909,0.49458903074264526,0.9998817443847656,6199.4415877561105,5686.296627730193,247.18716430664062,6081.21875,0
85400,joint_m1,1.0,0.026004403829574585,0.006107646971940994,0.006837434407013158,0.9371830324331919,9.571589316692553e-07,0.0028477602172642946,0.021020565895192425,1.1455345047072082e-16,1.0,0.5705664753913879,0.494586706161499,0.9998588562011719,6202.906093114742,5689.761133088825,247.19125366210938,6084.7294921875,0
85600,joint_m1,1.0,0.02566174790263176,0.005984761752188206,0.0068105524793888135,0.93685682117939,9.62537455961865e-07,0.0027630480471998453,0.029492071005279626,1.1455345047072082e-16,1.0,0.5705681443214417,0.4945894479751587,0.9998741149902344,6206.74858520949,5693.603625183572,247.1912384033203,6088.56640625,0
85800,joint_m1,1.0,0.02593895234167576,0.006138465367257595,0.006849057700795432,0.9370765288670858,1.1709643104040879e-06,0.0028270981274545193,0.024739737073901036,1.1455345047072082e-16,1.0,0.5705591440200806,0.4945865869522095,0.9998741149902344,6209.702730405055,5696.557770379139,247.19668579101562,6091.53173828125,0
86000,joint_m1,1.0,0.02561035007238388,0.006048017181456089,0.006808245127710204,0.9368739674488703,7.452293857568293e-07,0.0027284801471978426,0.016919446642313107,1.1455345047072082e-16,1.0,0.5705349445343018,0.4945929944515228,0.9998703002929688,6213.249391421529,5700.104431395612,247.20114135742188,6095.0634765625,0
86200,joint_m1,1.0,0.026082199066877365,0.006169402040541172,0.006893986603245139,0.9351939459641775,1.0853137837329996e-06,0.0029166301246732473,0.03499547151928177,1.1455345047072082e-16,1.0,0.570525050163269,0.49459439516067505,0.9998588562011719,6217.111869670675,5703.966909644758,247.1990966796875,6098.892578125,0
86400,joint_m1,1.0,0.02587485872209072,0.0061161150224506855,0.006873976633263131,0.9371332575877508,8.296267992591311e-07,0.0029534336645156145,0.03694115429767631,1.1455345047072082e-16,1.0,0.5705100297927856,0.4946061670780182,0.9998779296875,6222.058823251352,5708.913863225434,247.2102508544922,6103.84228515625,0
86600,joint_m1,1.0,0.025686539709568024,0.005945894401520491,0.0068325762792179985,0.9367400954167048,7.855542207835242e-07,0.0028201660607010126,0.026007847008721226,1.1455345047072082e-16,1.0,0.5704929232597351,0.4946015179157257,0.9999122619628906,6223.971722300801,5710.8267622748845,247.20729064941406,6105.7802734375,0
86800,joint_m1,1.0,0.025886334478855133,0.005999938119202852,0.0067780504856879515,0.9372238963842392,1.0254551625621389e-06,0.00282680313102901,0.02517762226840529,1.1455345047072082e-16,1.0,0.5704697966575623,0.4945904016494751,0.9998321533203125,6226.566630174289,5713.421670148371,247.200439453125,6108.3720703125,0
87000,joint_m1,1.0,0.025540685281157494,0.005950823426246643,0.0068166578421369195,0.9367281248172125,7.755173783152713e-07,0.002727519255131483,0.011363064034468948,1.1455345047072082e-16,1.0,0.5704808235168457,0.49459308385849,0.9998779296875,6229.557929741082,5716.412969715166,247.1989288330078,6111.31396484375,0
87200,joint_m1,1.0,0.02597641944885254,0.006156688556075096,0.006744251431276401,0.937226265668869,9.719155968923587e-07,0.00322786346077919,0.0390751595234865,1.1455345047072082e-16,1.0,0.5705020427703857,0.49460741877555847,0.9998931884765625,6235.953816378053,5722.808856352136,247.2120361328125,6117.63037109375,0
87400,joint_m1,1.0,0.025707416236400604,0.006042047869414091,0.006795205796758334,0.9367180069287618,8.398218938054924e-07,0.0027495992835611105,0.01653853264353336,1.1455345047072082e-16,1.0,0.5704867839813232,0.4946044087409973,0.9998893737792969,6238.373505970927,5725.22854594501,247.218505859375,6120.13330078125,0
87600,joint_m1,1.0,0.025524163618683815,0.005992203019559383,0.006917053212722142,0.9374782045682272,9.133101457337034e-07,0.0026989970356225967,0.021073596458958222,1.1455345047072082e-16,1.0,0.5704936981201172,0.4946027398109436,0.9998779296875,6241.04414341062,5727.899183384703,247.22015380859375,6122.787109375,0
87800,joint_m1,1.0,0.02571040764451027,0.006021510809659958,0.006939062344220777,0.9344687014818192,1.3687631508219056e-06,0.0028849453665316105,0.03864979525786957,1.1455345047072082e-16,1.0,0.570468544960022,0.49460604786872864,0.9998664855957031,6245.389979817113,5732.245019791197,247.22332763671875,6127.109375,0
88000,joint_m1,1.0,0.026106595993041992,0.0060691735707223415,0.006952467180478076,0.9342790991067886,8.559947559660941e-07,0.002897450001910329,0.06140187558356377,1.1455345047072082e-16,1.0,0.5704687833786011,0.4946189820766449,0.9998893737792969,6250.66524459597,5737.520284570053,247.22720336914062,6132.33154296875,0
88200,joint_m1,1.0,0.02583363652229309,0.006145983934402466,0.007147153218587239,0.9360413601001104,9.41924781727721e-07,0.0028866564389318228,0.05084335551195022,1.1455345047072082e-16,1.0,0.5704667568206787,0.4946214556694031,0.9998970031738281,6255.637777237425,5742.492817211509,247.23890686035156,6137.27783203125,0
88400,joint_m1,1.0,0.026223011314868927,0.0061462256126105785,0.007023359998129308,0.9330641130606333,8.46538739551761e-07,0.0035031053703278303,0.061965370093686474,1.1455345047072082e-16,1.0,0.570449709892273,0.49462807178497314,0.9998779296875,6259.966773074758,5746.82181304884,247.242431640625,6141.57568359375,0
88600,joint_m1,1.0,0.026002217084169388,0.006144220940768719,0.007029623297664027,0.9364224870999655,8.435103495685325e-07,0.0037440278101712465,0.06812982720396307,1.1455345047072082e-16,1.0,0.5704374313354492,0.4946344196796417,0.9999008178710938,6264.3352400713675,5751.19028004545,247.25363159179688,6145.9306640625,0
88800,joint_m1,1.0,0.025958094745874405,0.0061025796458125114,0.0069205089239403605,0.9339476724465688,7.877832217673131e-07,0.0028057261370122433,0.03457232160587775,1.1455345047072082e-16,1.0,0.5704455375671387,0.4946416914463043,0.9999122619628906,6269.319261291452,5756.174301265535,247.2603759765625,6150.94287109375,0
89000,joint_m1,1.0,0.0261980127543211,0.006187775172293186,0.0067695930289725465,0.9368008822202682,1.007568016575533e-06,0.003883018624037504,0.04923799939038494,1.1455345047072082e-16,1.0,0.5704290270805359,0.4946359097957611,0.9999008178710938,6272.038265189395,5758.893305163478,247.25791931152344,6153.66748046875,0
89200,joint_m1,1.0,0.025843635201454163,0.006063920445740223,0.006806130598609646,0.9370951801538467,9.301122645410942e-07,0.0028252233751118183,0.02838814077706503,1.1455345047072082e-16,1.0,0.5704284310340881,0.4946248531341553,0.9998703002929688,6274.594170143596,5761.449210117678,247.255126953125,6156.212890625,0
89400,joint_m1,1.0,0.025894487276673317,0.0061675021424889565,0.006923793776271244,0.9364458819230398,1.0060199429062777e-06,0.002840029541403055,0.033848727775078205,1.1455345047072082e-16,1.0,0.5704272985458374,0.49462682008743286,0.9998931884765625,6277.178984225318,5764.034024199402,247.26144409179688,6158.8837890625,0
89600,joint_m1,1.0,0.02547616884112358,0.005886775907129049,0.006789503192218642,0.9364398966232935,7.48763227420568e-07,0.0026816939935088158,0.024760621683240606,1.1455345047072082e-16,1.0,0.5704392790794373,0.4946216642856598,0.9998855590820312,6279.306331116519,5766.161371090602,247.2621612548828,6161.05908203125,0
89800,joint_m1,1.0,0.025397008284926414,0.006002635229378939,0.006811781243110697,0.9368392030398051,1.0574984798950027e-06,0.0036520068533718586,0.05142134147234593,1.1455345047072082e-16,1.0,0.5704542398452759,0.4946148693561554,0.9999046325683594,6282.281432728082,5769.136472702165,247.26219177246094,6164.00927734375,0
90000,joint_m1,1.0,0.025595232844352722,0.0059713078662753105,0.0068945693007359905,0.9352188209692637,9.806053640204482e-07,0.0030507876072078943,0.037637837604724396,1.1455345047072082e-16,1.0,0.5704436302185059,0.49462437629699707,0.9998970031738281,6287.668566328858,5774.523606302941,247.26947021484375,6169.3935546875,0
90200,joint_m1,1.0,0.025778137147426605,0.006016815546900034,0.0068401632985721035,0.9365636557340622,1.3336193660506979e-06,0.002736327238380909,0.03769509237746422,1.1455345047072082e-16,1.0,0.5704381465911865,0.4946320354938507,0.9998817443847656,6292.871522603969,5779.726562578053,247.2764434814453,6174.5244140625,0
90400,joint_m1,1.0,0.025261355563998222,0.005891337990760803,0.0068294495188941555,0.9366453538338343,8.08708307431516e-07,0.0028585621621459723,0.02971656995836469,1.1455345047072082e-16,1.0,0.5704505443572998,0.49464401602745056,0.9999046325683594,6297.44202037621,5784.297060350293,247.28228759765625,6179.064453125,0
90600,joint_m1,1.0,0.025873234495520592,0.005976055283099413,0.006786219542846084,0.9358329723278681,1.1828012702608248e-06,0.0027872773353010416,0.02964452688053784,1.1455345047072082e-16,1.0,0.5704529881477356,0.4946378767490387,0.9998817443847656,6301.8660728390605,5788.721112813144,247.28207397460938,6183.4736328125,0
90800,joint_m1,1.0,0.025277843698859215,0.0058622476644814014,0.006918496491077046,0.9372431139151255,9.51687525230227e-07,0.0026988647878170013,0.01973143541412594,1.1455345047072082e-16,1.0,0.5704662799835205,0.49464577436447144,0.9998893737792969,6307.329704399477,5794.1847443735605,247.28607177734375,6188.89208984375,0
91000,joint_m1,1.0,0.025797322392463684,0.00602238392457366,0.0068646025999138756,0.9364780634641647,1.0354697224101983e-06,0.002844445640221238,0.03310925889856755,1.1455345047072082e-16,1.0,0.5704361796379089,0.4946352541446686,0.9998703002929688,6308.758039424241,5795.613079398325,247.2798614501953,6190.34912109375,0
91200,joint_m1,1.0,0.025520499795675278,0.005918892566114664,0.006741035380400717,0.9370195915301641,9.856147471509757e-07,0.002733615692704916,0.025735380982574652,1.1455345047072082e-16,1.0,0.570452094078064,0.49463579058647156,0.9998817443847656,6311.937262045623,5798.792302019707,247.28147888183594,6193.46484375,0
91400,joint_m1,1.0,0.02564161643385887,0.00598992221057415,0.0068495389229307575,0.9364749739567438,7.803965331731888e-07,0.0027571870014071465,0.02471003280520968,1.1455345047072082e-16,1.0,0.5704642534255981,0.4946215748786926,0.9998779296875,6312.925470809869,5799.780510783952,247.27716064453125,6194.53564453125,0
91600,joint_m1,1.0,0.025442669168114662,0.0059593841433525085,0.006741044654821356,0.9370475858449936,1.1464943554528872e-06,0.0028611915186047554,0.0275913014378586,1.1455345047072082e-16,1.0,0.5704373717308044,0.49463021755218506,0.999908447265625,6315.810003475405,5802.665043449488,247.28379821777344,6197.462890625,0
91800,joint_m1,1.0,0.02538740076124668,0.005917106755077839,0.006760896222355465,0.9369338651498159,8.034912752918899e-07,0.0028632062021642923,0.019601867990238633,1.1455345047072082e-16,1.0,0.5704392194747925,0.49462804198265076,0.9999122619628906,6318.043368005636,5804.898407979719,247.28700256347656,6199.71240234375,0
92000,joint_m1,1.0,0.025507021695375443,0.005984685383737087,0.00682870065793395,0.935910647114118,1.0879726914936327e-06,0.002700145822018385,0.02356638425787374,1.1455345047072082e-16,1.0,0.5704289674758911,0.4946301281452179,0.9998817443847656,6321.1840662964405,5808.039106270524,247.2841796875,6202.8349609375,0
92200,joint_m1,1.0,0.025531087070703506,0.005929465871304274,0.006784739050393303,0.9374443193276724,9.189720344693342e-07,0.0029780904296785593,0.025365165475910043,1.1455345047072082e-16,1.0,0.5704292058944702,0.4946291446685791,0.9998893737792969,6324.189750473969,5811.044790448052,247.28707885742188,6205.83837890625,0
92400,joint_m1,1.0,0.025107204914093018,0.005781259853392839,0.006889797281473875,0.9372027566035589,7.832328492440865e-07,0.002749975072219968,0.028985622385678853,1.1455345047072082e-16,1.0,0.5704323053359985,0.4946267604827881,0.9998893737792969,6326.576325312135,5813.431365286218,247.2925567626953,6208.27880859375,0
92600,joint_m1,1.0,0.025757553055882454,0.0059712775982916355,0.006818032280231516,0.9368486702442169,7.776510528856306e-07,0.0026791004929691553,0.025012608218596882,1.1455345047072082e-16,1.0,0.5704002380371094,0.4946340322494507,0.9998855590820312,6330.649571726428,5817.504611700511,247.2932891845703,6212.27197265625,0
92800,joint_m1,1.0,0.02536970004439354,0.005798807367682457,0.006737583666108549,0.9367100695768992,1.1952529348491225e-06,0.003171280724927783,0.03579460329224007,1.1455345047072082e-16,1.0,0.5704227685928345,0.494640588760376,0.9998817443847656,6335.139461764043,5821.994501738125,247.29815673828125,6216.71630859375,0
93000,joint_m1,1.0,0.02561194822192192,0.005982325412333012,0.007044545219590266,0.9367411037286123,1.0284070413035806e-06,0.00267681828700006,0.014521107006182908,1.1455345047072082e-16,1.0,0.5704190731048584,0.49464085698127747,0.9998931884765625,6339.147576764561,5826.002616738644,247.29830932617188,6220.6796875,0
93200,joint_m1,1.0,0.025302477180957794,0.005874428898096085,0.006801844458095729,0.9359978636105856,1.1071705330323312e-06,0.0028041074983775616,0.023604359705790473,1.1455345047072082e-16,1.0,0.5704264640808105,0.4946410059928894,0.9999046325683594,6342.596629141727,5829.45166911581,247.30804443359375,6224.22509765625,0
93400,joint_m1,1.0,0.025958750396966934,0.006191622465848923,0.00680610064106683,0.9370115349690119,1.0319247394363629e-06,0.002771960571408272,0.028015685187833907,1.1455345047072082e-16,1.0,0.5704100131988525,0.49464651942253113,0.9999046325683594,6346.214304607118,5833.069344581201,247.31417846679688,6227.88037109375,0
93600,joint_m1,1.0,0.02536962926387787,0.0058493297547101974,0.006860833615064621,0.9349310944477717,1.0523563105380163e-06,0.003074275329709053,0.02766072731779258,1.1455345047072082e-16,1.0,0.5703871250152588,0.49465030431747437,0.9998893737792969,6350.36124956683,5837.216289540913,247.3185272216797,6231.96533203125,0
93800,joint_m1,1.0,0.02562927082180977,0.006012040190398693,0.007045984462214013,0.9364569634199142,8.906355333238025e-07,0.002710738917812705,0.028078669461289122,1.1455345047072082e-16,1.0,0.5703907012939453,0.4946477711200714,0.9998550415039062,6354.373611930605,5841.228651904688,247.31936645507812,6235.9677734375,0
94000,joint_m1,1.0,0.02511734329164028,0.005714771803468466,0.006833519941816728,0.9375688582658768,1.0560891041677678e-06,0.0031292978674173355,0.035106422256593335,1.1455345047072082e-16,1.0,0.5703853964805603,0.4946574568748474,0.9999008178710938,6358.137777683022,5844.992817657105,247.32083129882812,6239.66845703125,0
94200,joint_m1,1.0,0.025492306798696518,0.005857780575752258,0.006802356607901554,0.9374156097571055,1.334580247203121e-06,0.002621107967570424,0.022052923699996865,1.1455345047072082e-16,1.0,0.5703684687614441,0.49465471506118774,0.9999008178710938,6360.514444602732,5847.369484576815,247.3214874267578,6242.10107421875,0
94400,joint_m1,1.0,0.025474414229393005,0.005913592875003815,0.0068288342251131935,0.9373445858558019,8.08002198482427e-07,0.002899499610066414,0.034928304250856974,1.1455345047072082e-16,1.0,0.5703648328781128,0.4946509301662445,0.9999237060546875,6362.695340812728,5849.550380786812,247.32237243652344,6244.33203125,0
94600,joint_m1,1.0,0.025847800076007843,0.006087101995944977,0.006783954449929297,0.9377416173617045,1.4374805914485478e-06,0.0026580679696053267,0.02802988519004001,1.1455345047072082e-16,1.0,0.570342481136322,0.4946965277194977,0.9998359680175781,6386.171309947768,5873.026349921851,247.35943603515625,6267.35400390625,0
94800,joint_m1,1.0,0.025769682601094246,0.005976257845759392,0.0067231974098831415,0.9369259178638458,1.0458475117047783e-06,0.0028213374316692352,0.027811782423525215,1.1455345047072082e-16,1.0,0.5703541040420532,0.494703084230423,0.9999008178710938,6391.831349464721,5878.686389438804,247.36048889160156,6272.98876953125,0
95000,joint_m1,1.0,0.02539575845003128,0.005941104143857956,0.006816693814471364,0.9377628564834595,7.473507821487146e-07,0.002621751744300127,0.01895849222651117,1.1455345047072082e-16,1.0,0.5703519582748413,0.4946989119052887,0.9999275207519531,6393.52797757232,5880.383017546403,247.35986328125,6274.775390625,0
95200,joint_m1,1.0,0.02579648792743683,0.005994069389998913,0.0067240342032164335,0.9371571093797684,7.949987548272475e-07,0.0027140772435814142,0.024187325678944133,1.1455345047072082e-16,1.0,0.5703433752059937,0.49468645453453064,0.9999313354492188,6394.194241653909,5881.049281627991,247.35496520996094,6275.53271484375,0
95400,joint_m1,1.0,0.025437865406274796,0.005975193809717894,0.006802031847958763,0.9375103761752447,7.07072786099161e-07,0.003008137224242091,0.029659144281227904,1.1455345047072082e-16,1.0,0.5703357458114624,0.49467867612838745,0.9999198913574219,6395.209457085827,5882.06449705991,247.353759765625,6276.5537109375,0
95600,joint_m1,1.0,0.025661803781986237,0.005981894209980965,0.006711028089436392,0.9377851982911428,9.640896223572781e-07,0.002714573172852397,0.02389467311162464,1.1455345047072082e-16,1.0,0.5703288316726685,0.4946780502796173,0.9999198913574219,6396.554072311122,5883.409112285204,247.3555145263672,6277.93115234375,0
95800,joint_m1,1.0,0.025452839210629463,0.005932940170168877,0.006695047331353028,0.9383236318826675,9.277086974179838e-07,0.0027854081708937883,0.026238995760309945,1.1455345047072082e-16,1.0,0.5703457593917847,0.49466750025749207,0.9998893737792969,6398.702368449403,5885.557408423487,247.3479766845703,6280.0244140625,0
96000,joint_m1,1.0,0.025391649454832077,0.005821925587952137,0.006725935963913798,0.9374196579058965,8.945983154262649e-07,0.0028481208719313145,0.022628717385394737,1.1455345047072082e-16,1.0,0.570334255695343,0.494678258895874,0.9999122619628906,6402.159010833767,5889.014050807849,247.3524627685547,6283.388671875,0
96200,joint_m1,1.0,0.025647763162851334,0.005914921406656504,0.006723854846010606,0.9374806781609853,8.469505132779886e-07,0.002700263634324074,0.02206752401221443,1.1455345047072082e-16,1.0,0.5703353881835938,0.49467870593070984,0.9999160766601562,6405.086104027017,5891.941144001101,247.35403442382812,6286.32275390625,0
96400,joint_m1,1.0,0.025501444935798645,0.00592463556677103,0.006708320928737521,0.9378698269526163,6.618665793212131e-07,0.002768675796687603,0.03395218956381911,1.1455345047072082e-16,1.0,0.5703296661376953,0.4946799576282501,0.9999122619628906,6408.695030971594,5895.550070945677,247.3564910888672,6289.92236328125,0
96600,joint_m1,1.0,0.025727275758981705,0.006021905690431595,0.006676773579480748,0.9376540581385294,8.346818276550039e-07,0.002562431152909994,0.018072729261902447,1.1455345047072082e-16,1.0,0.5703277587890625,0.4947185218334198,0.9999160766601562,6422.629990899367,5909.485030873449,247.38192749023438,6303.666015625,0
96800,joint_m1,1.0,0.025484710931777954,0.005888568237423897,0.006713427836075425,0.9367564370234808,6.428662118196371e-07,0.002619303995743394,0.029205072808454472,1.1455345047072082e-16,1.0,0.5703407526016235,0.4947059452533722,0.9999237060546875,6423.582800898576,5910.437840872659,247.37908935546875,6304.70166015625,0
97000,joint_m1,1.0,0.0252869613468647,0.005927374120801687,0.006721558049321175,0.9383116016785303,7.223503075692861e-07,0.0025737760588526726,0.028955770851318223,1.1455345047072082e-16,1.0,0.5703461766242981,0.4946860671043396,0.9999351501464844,6422.9376456571645,5909.792685631248,247.37115478515625,6304.15283203125,0
97195,joint_m1,1.0,0.025446467101573944,0.005869277752935886,0.006720740192880233,0.9371592650810877,7.403186828014441e-07,0.002713171299546957,0.027359294392741845,1.1455345047072082e-16,1.0,0.5703529715538025,0.4946761429309845,0.9999160766601562,6423.256494956433,5910.111534930516,247.36734008789062,6304.54638671875,0
97200,harden_m2,2.0,0.025195440277457237,0.0058067562058568,0.006734949730647107,0.9374547253052393,1.2974912806384964e-06,0.002590213669463992,0.01605823108345271,1.3122493064818385e-32,1.0,0.5703930854797363,0.4950112998485565,0.999969482421875,6423.3480366550275,5910.20307662911,247.52354431152344,6304.63916015625,0
97400,harden_m2,2.0,0.025591252371668816,0.005908147431910038,0.006700303987599909,0.9379635055859884,9.907054732138931e-08,0.002608936047181487,0.017524547715095193,1.3122493064818385e-32,1.0,0.5703902244567871,0.4950161576271057,0.9999961853027344,6423.77303459579,5910.628074569873,247.52880859375,6305.08837890625,0
97600,harden_m2,2.0,0.025345005095005035,0.005884454119950533,0.006709370529279113,0.9374085366725922,1.4761987188194325e-07,0.0025894357822835445,0.023725367362926686,1.3122493064818385e-32,1.0,0.5703884363174438,0.4950160086154938,0.9999961853027344,6423.628880936382,5910.483920910465,247.52792358398438,6304.9658203125,0
97800,harden_m2,2.0,0.025539424270391464,0.005952159874141216,0.006750447559170425,0.9377362430095673,6.889251125130613e-08,0.0027321456000208855,0.01925764805281876,1.3122493064818385e-32,1.0,0.5703884363174438,0.4950161874294281,1.0,6423.382909339906,5910.237949313989,247.52804565429688,6304.74365234375,0
98000,harden_m2,2.0,0.025090299546718597,0.005782606080174446,0.006761760761340459,0.9383373508850733,6.184416179166874e-08,0.0027915146201848984,0.02506295566456105,1.3122493064818385e-32,1.0,0.57038414478302,0.495016485452652,1.0,6423.1808319554575,5910.03587192954,247.52862548828125,6304.548828125,0
98200,harden_m2,2.0,0.02545405551791191,0.005927274934947491,0.006771684197398524,0.93800617257754,9.752179153110774e-08,0.00266424473375082,0.02117243005557868,1.3122493064818385e-32,1.0,0.5703849792480469,0.4950154721736908,1.0,6422.9382684251295,5909.793308399212,247.52845764160156,6304.330078125,0
98400,harden_m2,2.0,0.025603149086236954,0.006000920198857784,0.006681523829077681,0.9383407086133957,7.155350090215506e-08,0.0028495481237769127,0.014820033847149548,1.3122493064818385e-32,1.0,0.5703880786895752,0.49501460790634155,1.0,6422.720918738412,5909.575958712496,247.527587890625,6304.11865234375,0
98600,harden_m2,2.0,0.025457169860601425,0.005863906349986792,0.006711965698438386,0.9374334911505381,7.720205985606299e-08,0.0026846618857234716,0.030449755281636823,1.3122493064818385e-32,1.0,0.5703878402709961,0.4950133264064789,1.0,6422.349102937335,5909.204142911418,247.5270233154297,6303.7705078125,0
98800,harden_m2,2.0,0.02555123157799244,0.005975502543151379,0.006711502947534124,0.93804831802845,1.1548863199095649e-07,0.00262520182877779,0.02000660835038411,1.3122493064818385e-32,1.0,0.5703872442245483,0.495010644197464,1.0,6422.180937968036,5909.03597794212,247.52574157714844,6303.61669921875,0
99000,harden_m2,2.0,0.025250043720006943,0.005854661576449871,0.0067123926322286325,0.9379057933886846,8.497860193301676e-08,0.0027794295456260443,0.03573600024716609,1.3122493064818385e-32,1.0,0.5703875422477722,0.4950125217437744,1.0,6422.287131544338,5909.142171518421,247.52664184570312,6303.7353515625,0
99200,harden_m2,2.0,0.02489609271287918,0.005732648074626923,0.006668045495947202,0.9377472599347433,6.814864406123888e-08,0.0025765709578990936,0.018440847348582663,1.3122493064818385e-32,1.0,0.570387601852417,0.495013028383255,1.0,6422.318584436621,5909.173624410703,247.52684020996094,6303.7841796875,0
99400,harden_m2,2.0,0.025195760652422905,0.005823653191328049,0.006685811327770352,0.9376267741123835,8.005350338180506e-08,0.002582369837909937,0.01886968193969187,1.3122493064818385e-32,1.0,0.5703837275505066,0.49501311779022217,1.0,6422.15041866819,5909.005458642272,247.5268096923828,6303.62646484375,0
99600,harden_m2,2.0,0.025211675092577934,0.005783890374004841,0.006747519558606048,0.9377570251623789,6.96970587910073e-08,0.0031448788940906525,0.033355789609273656,1.3122493064818385e-32,1.0,0.570387601852417,0.49501246213912964,1.0,6422.104328022086,5908.959367996169,247.52659606933594,6303.58642578125,0
99800,harden_m2,2.0,0.02497771754860878,0.005822238977998495,0.006857106268095474,0.9364033738772074,7.831108206346471e-08,0.002618385013192892,0.02526331229324685,1.3122493064818385e-32,1.0,0.5703878998756409,0.4950118064880371,1.0,6422.073185506375,5908.928225480458,247.5263214111328,6303.5712890625,0
100000,harden_m2,2.0,0.025686010718345642,0.005983549170196056,0.006709495675750077,0.9380132357279459,1.2306489338698157e-07,0.0025737625546753407,0.012915718622845648,1.3122493064818385e-32,1.0,0.5703847408294678,0.49501243233680725,0.9999961853027344,6423.850870000019,5910.705909974102,247.52793884277344,6305.2890625,0
100200,harden_m2,2.0,0.0249935295432806,0.0057185348123312,0.006730083919440706,0.9376151909430822,1.0448860621181666e-07,0.0025217689108103514,0.02534332428878247,1.3122493064818385e-32,1.0,0.5703843832015991,0.49501127004623413,1.0,6423.802612160495,5910.657652134578,247.52767944335938,6305.27978515625,0
100400,harden_m2,2.0,0.025410903617739677,0.005852859001606703,0.006713027250953019,0.9381077835957209,1.090387442559404e-07,0.002582093235105276,0.029392500394877563,1.3122493064818385e-32,1.0,0.5703838467597961,0.4950084388256073,1.0,6423.286386266768,5910.141426240851,247.52638244628906,6304.79833984375,0
100600,harden_m2,2.0,0.02515925094485283,0.00582768302410841,0.006693112043042977,0.9382911672194799,9.528776701017705e-08,0.002548323944211006,0.02899323796037469,1.3122493064818385e-32,1.0,0.5703836679458618,0.49500957131385803,1.0,6423.14408992979,5909.999129903874,247.52694702148438,6304.66259765625,0
100800,harden_m2,2.0,0.02530454471707344,0.005812005139887333,0.006704847444780171,0.9378142307202021,8.575172927294261e-08,0.0025581661611795425,0.018076421266967523,1.3122493064818385e-32,1.0,0.5703800916671753,0.49501052498817444,1.0,6422.977502685184,5909.832542659267,247.527587890625,6304.50341796875,0
101000,harden_m2,2.0,0.025081569328904152,0.005766968242824078,0.006682383401008944,0.937980110446612,8.252332150959774e-08,0.002502651419490576,0.01199746719564528,1.3122493064818385e-32,1.0,0.5703761577606201,0.4950107932090759,1.0,6422.8292831119215,5909.684323086005,247.52700805664062,6304.36376953125,0
101200,harden_m2,2.0,0.025168603286147118,0.005823031533509493,0.006764169316738844,0.9382262974977493,8.329956102670621e-08,0.0025966856628656387,0.0226456141218457,1.3122493064818385e-32,1.0,0.5703761577606201,0.49501022696495056,1.0,6422.692893171835,5909.547933145917,247.5267791748047,6304.2451171875,0
101245,harden_m2,2.0,0.025207094848155975,0.005851970985531807,0.006725277906904618,0.9377967417240143,1.0596642141535995e-07,0.0025500566698610783,0.030785736561895444,1.3122493064818385e-32,1.0,0.5703756809234619,0.49500641226768494,1.0,6422.28370597251,5909.138745946593,247.52493286132812,6303.86181640625,0
101400,harden_m3,3.0,0.025162488222122192,0.005791412200778723,0.006709212980543573,0.9375936885674795,1.5528724972568853e-08,0.002539018401876092,0.01301246707266252,0.0,1.0,0.5703772306442261,0.49502232670783997,1.0,6422.367787662118,5909.2228276362,247.53231811523438,6303.94580078125,0
101600,harden_m3,3.0,0.025386868044734,0.005861797370016575,0.006695093703456223,0.9384282131989797,3.1619666884807884e-08,0.0026359781622886658,0.036187494001669866,0.0,1.0,0.5703773498535156,0.4950218200683594,1.0,6422.2326335940215,5909.087673568105,247.5321044921875,6303.82177734375,0
101800,harden_m3,3.0,0.024848314002156258,0.005653340369462967,0.006684940735188623,0.9375275870164236,3.5522852215308376e-08,0.002565880538895726,0.020950762653038017,0.0,1.0,0.5703771710395813,0.4950212836265564,1.0,6422.11740783365,5908.972447807733,247.53182983398438,6303.71875,0
102000,harden_m3,3.0,0.025402046740055084,0.005889361258596182,0.006684528935390214,0.9376904914776484,4.3974054619866365e-08,0.002573943231254816,0.02423684569887971,0.0,1.0,0.5703772306442261,0.4950201213359833,1.0,6421.991591399042,5908.846631373124,247.5313262939453,6303.60986328125,0
102200,harden_m3,3.0,0.025115367025136948,0.005813311785459518,0.006760416552424431,0.9375977963209152,4.3529155391297536e-08,0.0027710343711078167,0.04493775911236873,0.0,1.0,0.570376992225647,0.4950205087661743,1.0,6422.009654306042,5908.864694280124,247.53146362304688,6303.63818359375,0
102400,harden_m3,3.0,0.025501862168312073,0.005915782414376736,0.006871589847529928,0.9375100036462148,4.2664151322924226e-08,0.002570533426478505,0.024804360241055808,0.0,1.0,0.5703771114349365,0.49502065777778625,1.0,6422.2463359793355,5909.101375953418,247.5315704345703,6303.8779296875,0
102600,harden_m3,3.0,0.025091206654906273,0.0057209692895412445,0.006809609515282015,0.9356011102596918,3.662618652811034e-08,0.002605477115139365,0.026678863864552437,0.0,1.0,0.5703732371330261,0.49502119421958923,1.0,6422.336646423948,5909.191686398031,247.53208923339844,6303.9716796875,0
102800,harden_m3,3.0,0.025612715631723404,0.005943248048424721,0.00670597527641803,0.9373247772455215,3.4790716085808526e-08,0.003011993132531643,0.037605989286580474,0.0,1.0,0.5703694224357605,0.49502167105674744,1.0,6422.440034753146,5909.29507472723,247.5332489013672,6304.08447265625,0
103000,harden_m3,3.0,0.025057218968868256,0.00571286678314209,0.006799165586320062,0.9378353208303452,3.895861766523012e-08,0.0025040851905941963,0.014427727204345644,0.0,1.0,0.5703693628311157,0.49502143263816833,1.0,6422.558368749948,5909.413408724031,247.5331268310547,6304.20556640625,0
103200,harden_m3,3.0,0.025204507634043694,0.005726467818021774,0.006685108024006088,0.9383000632127126,3.693192240916687e-08,0.002562310779467225,0.02558887535897014,0.0,1.0,0.5703693628311157,0.49502140283584595,1.0,6422.5705134315185,5909.425553405601,247.5331268310547,6304.22265625,0
103400,harden_m3,3.0,0.02485380694270134,0.005612888373434544,0.006861365710695584,0.9366340537865957,6.457635493006819e-08,0.0036167858634144068,0.027425174758762386,0.0,1.0,0.5703692436218262,0.4950205087661743,1.0,6422.547781060099,5909.402821034182,247.53269958496094,6304.2080078125,0
103600,harden_m3,3.0,0.025164589285850525,0.005837332457304001,0.0066737660284464555,0.9384905248880386,3.021767156496935e-07,0.002529414603486657,0.02227223987916379,0.0,1.0,0.5703659057617188,0.4950201213359833,0.9999961853027344,6422.752058113407,5909.60709808749,247.53294372558594,6304.4033203125,0
103800,harden_m3,3.0,0.026208169758319855,0.006189151667058468,0.007058442958320181,0.9328286399443945,8.356761327377171e-08,0.0025788473431020975,0.02634560983371298,0.0,1.0,0.5703766345977783,0.49501991271972656,1.0,6423.372945734975,5910.227985709058,247.53207397460938,6304.994140625,0
104000,harden_m3,3.0,0.02544778399169445,0.005878495052456856,0.006700801391464968,0.9379740456740061,3.1997686278373294e-08,0.002505286829546094,0.013377813619597709,0.0,1.0,0.5703732967376709,0.4950212240219116,1.0,6424.803810234208,5911.6588502082905,247.5376739501953,6306.4150390625,0
104200,harden_m3,3.0,0.025462061166763306,0.005867136176675558,0.006671509550263484,0.9377133051554362,4.996440239324329e-08,0.0025693045463413,0.01510619212972362,0.0,1.0,0.5703732371330261,0.4950209856033325,1.0,6424.91587493564,5911.770914909723,247.53753662109375,6306.52392578125,0
104400,harden_m3,3.0,0.02512909471988678,0.005774156656116247,0.006670188546801607,0.9382824897766113,3.982221130627295e-08,0.002500398550182581,0.014571608420776396,0.0,1.0,0.5703731775283813,0.4950208365917206,1.0,6425.005525289453,5911.860565263536,247.53746032714844,6306.61572265625,0
104600,harden_m3,3.0,0.025527114048600197,0.00597315514460206,0.006803023046813905,0.9384271750847498,4.075946691273202e-08,0.0025604038964957,0.026814062742548533,0.0,1.0,0.5703731775283813,0.49502062797546387,1.0,6425.03789872091,5911.892938694993,247.53738403320312,6306.64990234375,0
104800,harden_m3,3.0,0.025230951607227325,0.005840643774718046,0.006741178532441457,0.9376770307620367,4.193678293518133e-08,0.002516482723876834,0.021210929881788704,0.0,1.0,0.5703731775283813,0.4950205087661743,1.0,6425.046925898674,5911.9019658727575,247.5373077392578,6306.658203125,0
105000,harden_m3,3.0,0.02551008015871048,0.005968011450022459,0.006770329860349496,0.9368176311254501,5.7106959161501436e-08,0.0027035470120608807,0.03310553514064418,0.0,1.0,0.5703730583190918,0.4950198531150818,1.0,6425.087081121936,5911.942121096019,247.5369873046875,6306.69873046875,0
105200,harden_m3,3.0,0.02529948577284813,0.0058460477739572525,0.00673111726064235,0.9387688934803009,4.4592312065105943e-08,0.0026947183068841696,0.02376395703265598,0.0,1.0,0.5703654289245605,0.49502134323120117,1.0,6425.534685923032,5912.389725897116,247.5389862060547,6307.13232421875,0
105295,harden_m3,3.0,0.02540130913257599,0.005913005210459232,0.006680910203916331,0.9386622260014216,4.784935470070195e-08,0.0025080309715121984,0.014592721172932869,0.0,1.0,0.5703692436218262,0.4950208365917206,1.0,6425.605963642651,5912.461003616734,247.538818359375,6307.20068359375,0
105400,harden_m4,4.0,0.02522970363497734,0.005756032653152943,0.0066985977270329995,0.9366503357887268,1.2493990730888527e-08,0.002785036340355873,0.02988153305325295,0.0,1.0,0.5703696608543396,0.4950239360332489,1.0,6425.636777783195,5912.491817757278,247.54025268554688,6307.23193359375,0
105600,harden_m4,4.0,0.025481170043349266,0.005908716470003128,0.006719687449124952,0.9375360707441965,1.3003320198379242e-08,0.002716817893087864,0.02681545896199092,0.0,1.0,0.5703696608543396,0.49502384662628174,1.0,6425.598804780765,5912.4538447548475,247.54022216796875,6307.19921875,0
105800,harden_m4,4.0,0.025250844657421112,0.005823209881782532,0.0066687981598079205,0.9380090882380804,1.5772325667740006e-08,0.002592746401205659,0.02319597699784218,0.0,1.0,0.5703696012496948,0.4950236976146698,1.0,6425.540911082895,5912.395951056978,247.54014587402344,6307.1474609375,0
106000,harden_m4,4.0,0.025521518662571907,0.005979765206575394,0.006769628380425274,0.9379869600137075,1.8006232949119294e-08,0.0028217702638357878,0.024380307773882372,0.0,1.0,0.5703657865524292,0.49502408504486084,1.0,6425.501692475071,5912.356732449154,247.54151916503906,6307.10986328125,0
106200,harden_m4,4.0,0.02543158456683159,0.005836114287376404,0.006689694322024782,0.9381432483593622,1.8341889784778687e-08,0.00273929163813591,0.031192869910429293,0.0,1.0,0.5703657865524292,0.4950239658355713,1.0,6425.477414169316,5912.332454143399,247.5414581298828,6307.08984375,0
106400,harden_m4,4.0,0.02520960196852684,0.005837427452206612,0.006702447969776888,0.938467875123024,2.3795802661652488e-08,0.00340737565420568,0.04001833218263037,0.0,1.0,0.5703657865524292,0.49502381682395935,1.0,6425.576394378951,5912.431434353033,247.54139709472656,6307.185546875,0
106600,harden_m4,4.0,0.025159861892461777,0.005799990613013506,0.0069066190626472235,0.934691533446312,2.9422349001606563e-08,0.004629662726074457,0.0340663304930079,0.0,1.0,0.5703656673431396,0.49502357840538025,1.0,6425.563321608464,5912.418361582548,247.54127502441406,6307.17626953125,0
106800,harden_m4,4.0,0.025818735361099243,0.006046561989933252,0.00686892281131198,0.9350063701470693,2.5155648231134364e-08,0.003388329641893506,0.04516342474324365,0.0,1.0,0.5703657269477844,0.495023638010025,1.0,6425.735755538038,5912.59079551212,247.5413055419922,6307.3525390625,0
107000,harden_m4,4.0,0.025323469191789627,0.005849420092999935,0.006660615016395847,0.9375276863574982,2.2409521349686656e-08,0.0032780154142528772,0.034247069441621744,0.0,1.0,0.5703696012496948,0.4950231611728668,1.0,6425.787111319515,5912.642151293598,247.54171752929688,6307.4052734375,0
107200,harden_m4,4.0,0.025471512228250504,0.005962172523140907,0.006733741145581007,0.9372240702311198,2.4756204197728948e-08,0.0025948244147002697,0.029547126412659136,0.0,1.0,0.5703696012496948,0.4950232207775116,1.0,6425.872392134783,5912.727432108866,247.541748046875,6307.494140625,0
107400,harden_m4,4.0,0.025066014379262924,0.005775356665253639,0.006767330574803054,0.9385744879643122,3.861472208654959e-08,0.0025624153204262257,0.02707680226684775,0.0,1.0,0.57036954164505,0.4950232207775116,1.0,6425.892622819028,5912.74766279311,247.541748046875,6307.51318359375,0
107600,harden_m4,4.0,0.025560902431607246,0.005954045336693525,0.0068076265743002295,0.9374723782142004,2.2170263846987837e-08,0.003924354910850525,0.049377605754781714,0.0,1.0,0.57036954164505,0.4950232207775116,1.0,6425.957360580601,5912.812400554683,247.54176330566406,6307.57861328125,0
107800,harden_m4,4.0,0.025754833593964577,0.005975642241537571,0.006698658146585028,0.9385372400283813,2.4044071622597585e-08,0.002582260174676776,0.0348704112806981,0.0,1.0,0.5703657865524292,0.4950236678123474,1.0,6426.068160236086,5912.923200210169,247.54161071777344,6307.69287109375,0
108000,harden_m4,4.0,0.025398479774594307,0.005849416367709637,0.006670918470869462,0.9377066393693289,2.830790357677415e-08,0.0025733825750648975,0.03274576414395683,0.0,1.0,0.5703657865524292,0.49502357840538025,1.0,6426.086834147201,5912.941874121285,247.5415802001953,6307.7138671875,0
108200,harden_m4,4.0,0.025405535474419594,0.005932042375206947,0.0067774947577466564,0.9368521273136139,3.073744636594711e-08,0.002983218291774392,0.02214221790633867,0.0,1.0,0.5703656673431396,0.49502336978912354,1.0,6426.073762415119,5912.928802389202,247.54147338867188,6307.703125,0
108400,harden_m4,4.0,0.025246862322092056,0.00584273599088192,0.0067587727680802345,0.9365547150373459,2.6174598488637457e-08,0.0026271280366927385,0.04363618054686139,0.0,1.0,0.5703656673431396,0.49502354860305786,1.0,6426.157172058586,5913.012212032669,247.54156494140625,6307.78369140625,0
108600,harden_m4,4.0,0.024825073778629303,0.00573250837624073,0.006669682838643591,0.9375184377034506,2.3463814002866457e-08,0.002428700216114521,0.02526188673928925,0.0,1.0,0.5703657865524292,0.4950236678123474,1.0,6426.244004082011,5913.0990440560945,247.54161071777344,6307.8681640625,0
108800,harden_m4,4.0,0.02515960857272148,0.005812410265207291,0.006711782227891187,0.937768965959549,2.3741439036939482e-08,0.0027011316269636154,0.031159187489807675,0.0,1.0,0.5703657269477844,0.4950236678123474,1.0,6426.257075467803,5913.112115441885,247.5416259765625,6307.88134765625,0
109000,harden_m4,4.0,0.025020351633429527,0.005750054959207773,0.006666491273790598,0.9385120371977488,2.3103686075387486e-08,0.004224441014230251,0.040616508890257544,0.0,1.0,0.5703657865524292,0.4950236678123474,1.0,6426.312161730085,5913.167201704167,247.54161071777344,6307.9345703125,0
109200,harden_m4,4.0,0.025043033063411713,0.005716858431696892,0.006719059116827945,0.9378716349601746,2.194251713660833e-08,0.002639464568346739,0.0640120971060795,0.0,1.0,0.5703696012496948,0.49502313137054443,1.0,6426.372849438476,5913.227889412559,247.5417938232422,6307.99853515625,0
109345,harden_m4,4.0,0.025005046278238297,0.005784939043223858,0.0067091722739860415,0.9385163833697637,2.200353144132805e-08,0.002468861173838377,0.009542628500787947,0.0,1.0,0.57036954164505,0.49502307176589966,1.0,6426.398680443036,5913.2537204171185,247.54176330566406,6308.01953125,0
109400,harden_m5,5.0,0.02549116313457489,0.00587556604295969,0.006793553785731395,0.9361957112948099,4.259827157682139e-09,0.002531482605263591,0.031172602902431183,0.0,1.0,0.5703697204589844,0.4950241446495056,1.0,6426.4105066514385,5913.265546625522,247.54225158691406,6308.02978515625,0
109600,harden_m5,5.0,0.025193750858306885,0.005705284886062145,0.006670853899170955,0.9370351086060206,8.645869797874184e-09,0.00667860172688961,0.05784096313530915,0.0,1.0,0.5703697204589844,0.49502402544021606,1.0,6426.3600895063455,5913.215129480428,247.54220581054688,6307.98486328125,0
109800,harden_m5,5.0,0.025442034006118774,0.005932696163654327,0.006782973223986725,0.9380844980478287,1.3610549132181404e-08,0.0028057501185685396,0.037952512692808846,0.0,1.0,0.5703696012496948,0.4950238764286041,1.0,6426.328967614403,5913.184007588487,247.54212951660156,6307.96044921875,0
110000,harden_m5,5.0,0.025186963379383087,0.005801255814731121,0.006732818476545314,0.9373092750708262,2.717228753112977e-08,0.0033197151497006416,0.0327620064037221,0.0,1.0,0.57036954164505,0.4950237274169922,1.0,6426.325232977241,5913.180272951324,247.5420684814453,6307.95947265625,0
110200,harden_m5,5.0,0.025244172662496567,0.005791313014924526,0.006701138452626765,0.9383304864168167,1.556435869076722e-08,0.002504689386114478,0.016165706408628164,0.0,1.0,0.5703657865524292,0.49502429366111755,1.0,6426.343283703416,5913.1983236774995,247.54302978515625,6307.98486328125,0
110400,harden_m5,5.0,0.024992216378450394,0.005726292263716459,0.006688201062691708,0.938043937087059,1.737315713512544e-08,0.002427032683044672,0.012643271957536457,0.0,1.0,0.5703657865524292,0.49502426385879517,1.0,6426.350441735963,5913.205481710045,247.5430145263672,6307.99072265625,0
110600,harden_m5,5.0,0.025083817541599274,0.0057916659861803055,0.006725451714980106,0.9370858122905096,1.5608742742756476e-08,0.0027080364525318146,0.0289536341494156,0.0,1.0,0.5703657865524292,0.49502429366111755,1.0,6426.350752954588,5913.205792928671,247.54302978515625,6307.994140625,0
110800,harden_m5,5.0,0.025158921256661415,0.005821757018566132,0.006799293798394501,0.9365230103333791,2.3605441157315e-08,0.0032462761737406254,0.029189638191583957,0.0,1.0,0.5703657865524292,0.4950242340564728,1.0,6426.35199782894,5913.207037803022,247.5430145263672,6307.9970703125,0
111000,harden_m5,5.0,0.025220021605491638,0.005816131364554167,0.006658387525628011,0.9385368376970291,1.6605316233153644e-08,0.002564922906458378,0.034584566521920414,0.0,1.0,0.570365846157074,0.49502426385879517,1.0,6426.385920562194,5913.240960536277,247.5430145263672,6308.025390625,0
111200,harden_m5,5.0,0.024760093539953232,0.0055995481088757515,0.006657803353543083,0.9379331022500992,2.153712941321828e-08,0.0024983002804219723,0.02894699743887868,0.0,1.0,0.5703657865524292,0.4950241148471832,1.0,6426.419220685809,5913.274260659891,247.54295349121094,6308.0625,0
111400,harden_m5,5.0,0.02534649707376957,0.0059318700805306435,0.006774004083126783,0.9374584158261617,2.0185195737099093e-08,0.002512333681806922,0.021882332192828955,0.0,1.0,0.5703657865524292,0.49502408504486084,1.0,6426.442873005252,5913.297912979335,247.54293823242188,6308.08642578125,0
111600,harden_m5,5.0,0.02484939992427826,0.005677040200680494,0.006716341439945002,0.9380363722642263,1.682080075227077e-08,0.002456207759678364,0.01845961478187703,0.0,1.0,0.5703619718551636,0.49502474069595337,1.0,6426.505115535193,5913.3601555092755,247.54188537597656,6308.14697265625,0
111800,harden_m5,5.0,0.02522517554461956,0.005769297480583191,0.0067214036437993245,0.9374548594156901,1.6972439453866173e-08,0.0024630948901176453,0.018143536908577864,0.0,1.0,0.5703619718551636,0.49502477049827576,1.0,6426.540904716938,5913.395944691021,247.54188537597656,6308.1796875,0
112000,harden_m5,5.0,0.02491690404713154,0.00565632339566946,0.0066364017548039556,0.9383316040039062,1.513403447006567e-08,0.002408560598269105,0.019245085270985552,0.0,1.0,0.5703619718551636,0.49502477049827576,1.0,6426.556153959911,5913.411193933995,247.54190063476562,6308.19580078125,0
112200,harden_m5,5.0,0.025554057210683823,0.005908648483455181,0.006753134968069692,0.9358011931180954,1.5621752780248244e-08,0.0032588355243206024,0.052862927126942835,0.0,1.0,0.5703619718551636,0.49502480030059814,1.0,6426.572336790429,5913.427376764512,247.5419158935547,6308.20947265625,0
112400,harden_m5,5.0,0.02495798096060753,0.005723383277654648,0.006747910403646529,0.9374637107054392,1.782172276421079e-08,0.0024327230639755726,0.017111708818689245,0.0,1.0,0.5703619718551636,0.49502480030059814,1.0,6426.654495147533,5913.509535121617,247.5419158935547,6308.2978515625,0
112600,harden_m5,5.0,0.025092460215091705,0.005701184272766113,0.006725422494734327,0.9383961309989294,1.774714419866541e-08,0.002678419230505824,0.03436055323502499,0.0,1.0,0.5703619718551636,0.49502474069595337,1.0,6426.693706720432,5913.548746694514,247.54188537597656,6308.341796875,0
112800,harden_m5,5.0,0.02463606372475624,0.005488723516464233,0.006691572295191388,0.9386310577392578,2.1783211678894077e-08,0.0031369372736662626,0.027265066013615582,0.0,1.0,0.5703619718551636,0.4950246214866638,1.0,6426.6800138173985,5913.535053791482,247.54183959960938,6308.33203125,0
113000,harden_m5,5.0,0.025156492367386818,0.005741359665989876,0.00670951585440586,0.9382920910914739,1.999138099506581e-08,0.0027594761922955513,0.030874595980013603,0.0,1.0,0.5703619718551636,0.4950246512889862,1.0,6426.684370653346,5913.539410627429,247.54185485839844,6308.3369140625,0
113200,harden_m5,5.0,0.025041431188583374,0.005806528963148594,0.00670025668417414,0.9384336670239767,1.5698246258466497e-08,0.00300847040489316,0.03603664402472239,0.0,1.0,0.5703619718551636,0.49502477049827576,1.0,6426.714868422279,5913.569908396363,247.54188537597656,6308.36279296875,0
113395,harden_m5,5.0,0.025480762124061584,0.005854371935129166,0.006651239857698481,0.9387460301319758,1.5955365029185486e-08,0.0025816080160439014,0.021925667804453826,0.0,1.0,0.5703619718551636,0.49502480030059814,1.0,6426.732295653834,5913.587335627917,247.54190063476562,6308.37939453125,0
113400,harden_m6,6.0,0.025265734642744064,0.005791275762021542,0.006749794430409868,0.9368351747592291,3.1054643301331453e-09,0.002947332803159952,0.03187062759788081,0.0,1.0,0.5703620910644531,0.49502527713775635,1.0,6426.73354045428,5913.588580428363,247.54212951660156,6308.38037109375,0
113600,harden_m6,6.0,0.02548549696803093,0.005826438777148724,0.006683238238717119,0.9378424137830734,8.353005398475943e-09,0.004205390810966492,0.05122701640668388,0.0,1.0,0.5703620910644531,0.4950252175331116,1.0,6426.708021996954,5913.563061971037,247.54209899902344,6308.359375,0
113800,harden_m6,6.0,0.025043603032827377,0.005734856240451336,0.006704157800413668,0.938203752040863,8.72679617458516e-09,0.002517188433557749,0.027931083582914153,0.0,1.0,0.5703620910644531,0.4950251579284668,1.0,6426.68872748634,5913.543767460424,247.54208374023438,6308.34375,0
114000,harden_m6,6.0,0.02539161778986454,0.0058713941834867,0.006695088115520775,0.9385096579790115,1.0325588384318962e-08,0.002692615380510688,0.026570845870720762,0.0,1.0,0.5703620910644531,0.495025098323822,1.0,6426.681881033167,5913.5369210072495,247.54205322265625,6308.3349609375,0
114200,harden_m6,6.0,0.025074483826756477,0.005830943584442139,0.006812411438052853,0.9382871141036352,1.0600976985131183e-08,0.0023971451446413994,0.014327755195653324,0.0,1.0,0.5703620910644531,0.49502506852149963,1.0,6426.6713001366425,5913.526340110726,247.5420379638672,6308.3251953125,0
114400,harden_m6,6.0,0.025430850684642792,0.005935835652053356,0.006801439293970664,0.9380922714869181,2.31800019179218e-08,0.00259669148363173,0.02574703909109532,0.0,1.0,0.5703620314598083,0.4950249195098877,1.0,6426.662586444071,5913.517626418154,247.5419921875,6308.31982421875,0
114600,harden_m6,6.0,0.025119710713624954,0.0057472786866128445,0.006792673802313705,0.9382485946019491,1.4148111127099128e-08,0.002445274731144309,0.014291153154432516,0.0,1.0,0.5703582763671875,0.49502554535865784,1.0,6426.722026040959,5913.577066015041,247.54127502441406,6308.3740234375,0
114800,harden_m6,6.0,0.025177638977766037,0.005696995183825493,0.006740828820814689,0.9373480826616287,1.035749352951143e-08,0.002509385347366333,0.021915649112070112,0.0,1.0,0.5703582167625427,0.4950255751609802,1.0,6426.72700524925,5913.582045223333,247.54129028320312,6308.37841796875,0
115000,harden_m6,6.0,0.02557450905442238,0.005867657717317343,0.006742105547649165,0.937294120589892,1.177271524710477e-08,0.003657081164419651,0.043482450726702655,0.0,1.0,0.5703582763671875,0.4950255751609802,1.0,6426.738208453803,5913.593248427886,247.54129028320312,6308.38916015625,0
115200,harden_m6,6.0,0.02514234185218811,0.005756586790084839,0.00664295725679646,0.9383932799100876,1.0790761173495866e-08,0.003273128531873226,0.03275728634711961,0.0,1.0,0.5703582763671875,0.4950256049633026,1.0,6426.768394768867,5913.623434742951,247.5413055419922,6308.4228515625,0
115400,harden_m6,6.0,0.02535475790500641,0.005896983668208122,0.006653882757139702,0.9375457564989725,1.258807813542262e-08,0.0023960783146321774,0.017651259831243177,0.0,1.0,0.5703582763671875,0.4950255751609802,1.0,6426.79609136621,5913.651131340293,247.5413055419922,6308.4541015625,0
115600,harden_m6,6.0,0.025252744555473328,0.005819388665258884,0.006725365451226632,0.9383324881394705,1.2087670420157792e-08,0.003332063090056181,0.029430411174916946,0.0,1.0,0.5703620910644531,0.49502503871917725,1.0,6426.868599870391,5913.723639844475,247.5424346923828,6308.53369140625,0
115800,harden_m6,6.0,0.02510172128677368,0.005837690085172653,0.006715537514537573,0.9387716501951218,1.3453029801269167e-08,0.004090026021003723,0.050738010459478074,0.0,1.0,0.5703620314598083,0.49502500891685486,1.0,6426.911233244163,5913.766273218245,247.54241943359375,6308.578125,0
116000,harden_m6,6.0,0.025025736540555954,0.0057609910145401955,0.006684743527633448,0.9379973808924357,4.373570305915564e-08,0.002809724537655711,0.029264972535877717,0.0,1.0,0.5703620910644531,0.4950249195098877,1.0,6426.956044660645,5913.811084634728,247.54238891601562,6308.62109375,0
116200,harden_m6,6.0,0.025402452796697617,0.0058096619322896,0.006785247940570116,0.9383896440267563,1.3413993471544927e-08,0.0028733161743730307,0.029662031994288192,0.0,1.0,0.5703620314598083,0.49502497911453247,1.0,6426.965380333086,5913.820420307169,247.5424041748047,6308.62890625,0
116400,harden_m6,6.0,0.025080997496843338,0.005707525182515383,0.006737265697059532,0.938197116057078,1.18960148398628e-08,0.002478685462847352,0.018379050558982066,0.0,1.0,0.5703619718551636,0.49502500891685486,1.0,6426.977827875245,5913.832867849327,247.54241943359375,6308.638671875,0
116600,harden_m6,6.0,0.025489043444395065,0.0058197639882564545,0.00668733900723358,0.9377691000699997,1.1584097237005153e-08,0.0027588913217186928,0.043190824459941705,0.0,1.0,0.5703620314598083,0.49502503871917725,1.0,6426.996810330623,5913.851850304705,247.5424346923828,6308.65478515625,0
116800,harden_m6,6.0,0.025066416710615158,0.00576546136289835,0.006993712275288999,0.9373298237721125,1.138625549401695e-08,0.003985867835581303,0.04748552148540082,0.0,1.0,0.5703620910644531,0.49502503871917725,1.0,6426.999611016015,5913.854650990097,247.5424346923828,6308.65771484375,0
117000,harden_m6,6.0,0.02519805356860161,0.005747674033045769,0.00668909326971819,0.9376722127199173,1.2697386253535115e-08,0.0025181390810757875,0.027229317510939745,0.0,1.0,0.5703620910644531,0.49502503871917725,1.0,6427.014236797675,5913.869276771758,247.5424346923828,6308.67333984375,0
117200,harden_m6,6.0,0.025377195328474045,0.005855832248926163,0.006601359035509328,0.9388739764690399,1.1692378620864474e-08,0.0025110398419201374,0.020480533024968432,0.0,1.0,0.5703620910644531,0.49502503871917725,1.0,6427.018593407055,5913.873633381138,247.5424346923828,6308.6767578125,0
117400,harden_m6,6.0,0.02533436007797718,0.005835416726768017,0.006739264160084228,0.9375639508167902,1.3980526958334849e-08,0.002691162284463644,0.028980627854972834,0.0,1.0,0.5703620314598083,0.49502500891685486,1.0,6427.038509298042,5913.893549272125,247.54241943359375,6308.6953125,0
117445,harden_m6,6.0,0.025114702060818672,0.005705635063350201,0.006674930569715798,0.9382683386405309,1.2813372585185334e-08,0.00244466052390635,0.018966669063318776,0.0,1.0,0.5703620910644531,0.49502503871917725,1.0,6427.047222480943,5913.902262455025,247.5424346923828,6308.70263671875,0
117600,harden_m7,7.0,0.02526133880019188,0.005853085778653622,0.006720694247633219,0.9364908585945765,5.619819720692476e-09,0.0024492242373526096,0.02211458365994039,0.0,1.0,0.5703620910644531,0.49502527713775635,1.0,6427.031663217476,5913.88670319156,247.5425262451172,6308.68994140625,0
117800,harden_m7,7.0,0.024977389723062515,0.005777847953140736,0.006736404572923978,0.9383261402448019,8.641769078110428e-09,0.0031166570261120796,0.03280571812885077,0.0,1.0,0.5703620910644531,0.4950252175331116,1.0,6427.0170374754725,5913.872077449556,247.54251098632812,6308.67724609375,0
118000,harden_m7,7.0,0.024783413857221603,0.005656919442117214,0.006677624730703731,0.937468151251475,9.832306524515388e-09,0.002809572033584118,0.030415972487280327,0.0,1.0,0.5703620910644531,0.4950251877307892,1.0,6427.007701878068,5913.86274185215,247.54249572753906,6308.67041015625,0
118200,harden_m7,7.0,0.02502523362636566,0.005769800394773483,0.00668093857044975,0.93752454717954,9.994287175629779e-09,0.0026607282925397158,0.03368902720072966,0.0,1.0,0.5703620910644531,0.4950251579284668,1.0,6427.0005445775405,5913.855584551624,247.54248046875,6308.6640625,0
118400,harden_m7,7.0,0.02486969158053398,0.0056670112535357475,0.006743442500010133,0.9381054242451986,8.973966458825089e-09,0.0027463398873806,0.024066071734512414,0.0,1.0,0.5703659057617188,0.4950246214866638,1.0,6427.004278822288,5913.859318796371,247.54209899902344,6308.66650390625,0
118600,harden_m7,7.0,0.024762295186519623,0.005680530332028866,0.006708315884073575,0.9367229441801707,8.20788592648114e-09,0.0023864489048719406,0.021896315472534265,0.0,1.0,0.5703659057617188,0.4950246214866638,1.0,6427.007390691254,5913.862430665336,247.5421142578125,6308.6689453125,0
118800,harden_m7,7.0,0.025303896516561508,0.005822235252708197,0.006646572689836224,0.9380481541156769,9.469127704164748e-09,0.0025574173778295517,0.021612725927340908,0.0,1.0,0.5703659057617188,0.4950246214866638,1.0,6427.010191372035,5913.865231346117,247.54209899902344,6308.6728515625,0
119000,harden_m7,7.0,0.024741653352975845,0.005615235306322575,0.006661042377042274,0.9370213945706686,9.647769694254293e-09,0.002340709324926138,0.015862130433949045,0.0,1.0,0.5703659057617188,0.49502459168434143,1.0,6427.00832425165,5913.863364225734,247.54209899902344,6308.67236328125,0
119200,harden_m7,7.0,0.02529551088809967,0.005844091065227985,0.006776074490820368,0.937929113705953,1.3555932376618784e-08,0.002674817107617855,0.034250930874391766,0.0,1.0,0.5703659057617188,0.49502456188201904,1.0,6427.008635438418,5913.863675412502,247.5420684814453,6308.6728515625,0
119400,harden_m7,7.0,0.025001855567097664,0.005706445313990116,0.006696275318972766,0.9376936753590902,9.073043649721058e-09,0.0027800865937024355,0.024648257302180746,0.0,1.0,0.5703659057617188,0.49502459168434143,1.0,6427.055313283059,5913.910353257143,247.54209899902344,6308.72119140625,0
119600,harden_m7,7.0,0.025204822421073914,0.005764907691627741,0.006723987210231523,0.9379652192195257,1.0368663261317579e-08,0.002894279081374407,0.02503949517633774,0.0,1.0,0.5703659057617188,0.49502459168434143,1.0,6427.079585628297,5913.93462560238,247.54209899902344,6308.7431640625,0
119800,harden_m7,7.0,0.024970948696136475,0.0057469261810183525,0.006714517211851974,0.9369575927654902,9.286069690972454e-09,0.002869845600798726,0.03219623892644963,0.0,1.0,0.5703659057617188,0.4950246214866638,1.0,6427.085809291798,5913.94084926588,247.5421142578125,6308.75,0
120000,harden_m7,7.0,0.02500038594007492,0.005665477365255356,0.006643779731045167,0.9376906106869379,7.932447587677416e-09,0.0025810610968619585,0.020044260217976253,0.0,1.0,0.5703659057617188,0.4950246214866638,1.0,6427.091721766541,5913.946761740624,247.5421142578125,6308.75634765625,0
120200,harden_m7,7.0,0.025144049897789955,0.005748975556343794,0.006701944589925309,0.9371639688809713,1.0741457501239893e-08,0.002756907371804118,0.032360065187463205,0.0,1.0,0.5703659057617188,0.4950246214866638,1.0,6427.199701269597,5914.054741243681,247.5421142578125,6308.86474609375,0
120400,harden_m7,7.0,0.025235965847969055,0.005789816379547119,0.006752080051228404,0.937195767958959,9.445966675514228e-09,0.002409278880804777,0.031177608867289788,0.0,1.0,0.5703659057617188,0.4950246214866638,1.0,6427.200945979517,5914.055985953601,247.5421142578125,6308.86474609375,0
120600,harden_m7,7.0,0.024773919954895973,0.0055437246337533,0.00661351593832175,0.9379936705032984,1.8260420731053273e-08,0.0027603174094110727,0.03449873145818094,0.0,1.0,0.5703620910644531,0.4950251281261444,1.0,6427.202190689196,5914.0572306632785,247.54344177246094,6308.869140625,0
120800,harden_m7,7.0,0.025263959541916847,0.005848212167620659,0.006643491409098108,0.9386046528816223,1.1515379760851374e-08,0.0025329245254397392,0.024317274033093802,0.0,1.0,0.5703620910644531,0.4950251281261444,1.0,6427.220238952451,5914.075278926533,247.54344177246094,6308.89013671875,0
121000,harden_m7,7.0,0.024832114577293396,0.005608227103948593,0.006631962877387802,0.938061535358429,5.1132207801174445e-08,0.002881464082747698,0.03124369914372803,0.0,1.0,0.5703621506690979,0.495025098323822,1.0,6427.282785127787,5914.1378251018705,247.54344177246094,6308.94873046875,0
121200,harden_m7,7.0,0.025236662477254868,0.005830596666783094,0.006724609450126688,0.9384184330701828,9.62245394475758e-09,0.0032307920046150684,0.03200239582994977,0.0,1.0,0.5703620910644531,0.4950251877307892,1.0,6427.335373232052,5914.190413206135,247.54347229003906,6308.9990234375,0
121400,harden_m7,7.0,0.024853209033608437,0.005664513446390629,0.006707098490248124,0.9371922512849172,8.340530932571255e-09,0.002372387098148465,0.017815179317482582,0.0,1.0,0.5703620910644531,0.4950251877307892,1.0,6427.368979605885,5914.224019579968,247.54347229003906,6309.0322265625,0
121495,harden_m7,7.0,0.025448579341173172,0.0059564788825809956,0.006756123310575883,0.9371870557467142,8.651010574567408e-09,0.004098868928849697,0.058300208984571326,0.0,1.0,0.5703620910644531,0.4950251877307892,1.0,6427.449260787673,5914.304300761756,247.54347229003906,6309.1103515625,0
121500,harden_m8,8.0,0.024994757026433945,0.005756529048085213,0.007272431976161897,0.93597811460495,2.3632973356058073e-09,0.002512664534151554,0.01628412537397054,0.0,1.0,0.5703620910644531,0.49502530694007874,1.0,6427.449571953093,5914.304611927177,247.54354858398438,6309.1103515625,0
