step,phase,m,loss,train_mse,val_mse,val_ssim,grad_norm_illum,grad_norm_upsampler,grad_norm_recon,H_t_min,H_t_max,H_t_mean,H_t_std,H_t_binary_fraction,illum_l2,illum_delta,H_t_displacement,tau_displacement,illum_frozen
200,inverse_warmup_m1,1.0,0.0981026142835617,0.05246046185493469,0.053863558607796826,0.5610943088928858,0.0,0.015779638662934303,0.20706471111378597,0.011310596950352192,0.9884657859802246,0.4999101758003235,0.20832917094230652,0.027744293212890625,131045.43480793216,0.0,0.0,0.0,1
400,inverse_warmup_m1,1.0,0.08424519002437592,0.04169366881251335,0.04203741221378247,0.6410761525233587,0.0,0.022369680926203728,0.22752796927648666,0.011310596950352192,0.9884657859802246,0.4999101758003235,0.20832917094230652,0.027744293212890625,131045.43480793216,0.0,0.0,0.0,1
600,inverse_warmup_m1,1.0,0.07523021101951599,0.03456936776638031,0.03550905485947927,0.6994918634494146,0.0,0.03290198743343353,0.17996272816549758,0.011310596950352192,0.9884657859802246,0.4999101758003235,0.20832917094230652,0.027744293212890625,131045.43480793216,0.0,0.0,0.0,1
800,inverse_warmup_m1,1.0,0.07033446431159973,0.031193286180496216,0.03228967388470968,0.7233827362457911,0.0,0.035179316997528076,0.14949033645113557,0.011310596950352192,0.9884657859802246,0.4999101758003235,0.20832917094230652,0.027744293212890625,131045.43480793216,0.0,0.0,0.0,1
1000,inverse_warmup_m1,1.0,0.06705087423324585,0.029393477365374565,0.03071931718538205,0.7367062022288641,0.0,0.036404795944690704,0.3577425800402984,0.011310596950352192,0.9884657859802246,0.4999101758003235,0.20832917094230652,0.027744293212890625,131045.43480793216,0.0,0.0,0.0,1
1200,inverse_warmup_m1,1.0,0.0655248612165451,0.029075630009174347,0.029326530328641336,0.7463886688152949,0.0,0.03740479052066803,0.10974336990959169,0.011310596950352192,0.9884657859802246,0.4999101758003235,0.20832917094230652,0.027744293212890625,131045.43480793216,0.0,0.0,0.0,1
1400,inverse_warmup_m1,1.0,0.0626164972782135,0.02743874117732048,0.02837616732964913,0.7559440036614736,0.0,0.03750807046890259,0.312944704482676,0.011310596950352192,0.9884657859802246,0.4999101758003235,0.20832917094230652,0.027744293212890625,131045.43480793216,0.0,0.0,0.0,1
1600,inverse_warmup_m1,1.0,0.06264552474021912,0.027248241007328033,0.02750399646659692,0.7601908097664515,0.0,0.036397092044353485,0.1293453300579944,0.011310596950352192,0.9884657859802246,0.4999101758003235,0.20832917094230652,0.027744293212890625,131045.43480793216,0.0,0.0,0.0,1
1800,inverse_warmup_m1,1.0,0.061040621250867844,0.026316948235034943,0.0271335329550008,0.763208011786143,0.0,0.035951901227235794,0.265039912149128,0.011310596950352192,0.9884657859802246,0.4999101758003235,0.20832917094230652,0.027744293212890625,131045.43480793216,0.0,0.0,0.0,1
2000,inverse_warmup_m1,1.0,0.06033353880047798,0.025540683418512344,0.026657481988271076,0.7662927707036337,0.0,0.03528044372797012,0.4849773854689355,0.011310596950352192,0.9884657859802246,0.4999101758003235,0.20832917094230652,0.027744293212890625,131045.43480793216,0.0,0.0,0.0,1
2200,inverse_warmup_m1,1.0,0.05971086025238037,0.02560112252831459,0.027515624649822712,0.7660689502954483,0.0,0.036284010857343674,0.13830263770769038,0.011310596950352192,0.9884657859802246,0.4999101758003235,0.20832917094230652,0.027744293212890625,131045.43480793216,0.0,0.0,0.0,1
2400,inverse_warmup_m1,1.0,0.05927601084113121,0.024897966533899307,0.02665528344611327,0.7686891357103983,0.0,0.03470152989029884,0.3856750335236897,0.011310596950352192,0.9884657859802246,0.4999101758003235,0.20832917094230652,0.027744293212890625,131045.43480793216,0.0,0.0,0.0,1
2600,inverse_warmup_m1,1.0,0.058934081345796585,0.024745207279920578,0.02593143718938033,0.7732480267683665,0.0,0.03401193022727966,0.25462425547029666,0.011310596950352192,0.9884657859802246,0.4999101758003235,0.20832917094230652,0.027744293212890625,131045.43480793216,0.0,0.0,0.0,1
2800,inverse_warmup_m1,1.0,0.0582355372607708,0.024268824607133865,0.02578217800085743,0.7755530724922816,0.0,0.03752749413251877,0.3926540561736424,0.011310596950352192,0.9884657859802246,0.4999101758003235,0.20832917094230652,0.027744293212890625,131045.43480793216,0.0,0.0,0.0,1
3000,inverse_warmup_m1,1.0,0.05659650266170502,0.023295966908335686,0.024929121291885774,0.7812125980854034,0.0,0.03383977711200714,0.2152319134762195,0.011310596950352192,0.9884657859802246,0.4999101758003235,0.20832917094230652,0.027744293212890625,131045.43480793216,0.0,0.0,0.0,1
3200,inverse_warmup_m1,1.0,0.05742413550615311,0.02362324297428131,0.024548774274686973,0.7830088436603546,0.0,0.03375016152858734,0.4414651248265111,0.011310596950352192,0.9884657859802246,0.4999101758003235,0.20832917094230652,0.027744293212890625,131045.43480793216,0.0,0.0,0.0,1
3400,inverse_warmup_m1,1.0,0.05641855299472809,0.023386839777231216,0.024875145871192217,0.7831536084413528,0.0,0.03319176658987999,0.14484708245642725,0.011310596950352192,0.9884657859802246,0.4999101758003235,0.20832917094230652,0.027744293212890625,131045.43480793216,0.0,0.0,0.0,1
3600,inverse_warmup_m1,1.0,0.056941237300634384,0.02380705438554287,0.0253820411550502,0.7766476372877756,0.0,0.03230762109160423,0.3664358582831428,0.011310596950352192,0.9884657859802246,0.4999101758003235,0.20832917094230652,0.027744293212890625,131045.43480793216,0.0,0.0,0.0,1
3800,inverse_warmup_m1,1.0,0.05702265352010727,0.023935221135616302,0.02493414282798767,0.7856223434209824,0.0,0.03446964547038078,0.1820368165270702,0.011310596950352192,0.9884657859802246,0.4999101758003235,0.20832917094230652,0.027744293212890625,131045.43480793216,0.0,0.0,0.0,1
4000,inverse_warmup_m1,1.0,0.05484525114297867,0.02273952215909958,0.024613627543052036,0.7863031178712845,0.0,0.032628268003463745,0.18478763165860673,0.011310596950352192,0.9884657859802246,0.4999101758003235,0.20832917094230652,0.027744293212890625,131045.43480793216,0.0,0.0,0.0,1
4200,inverse_warmup_m1,1.0,0.05570627748966217,0.022798137739300728,0.024517595147093136,0.7849173694849014,0.0,0.03213673084974289,0.07736984704684537,0.011310596950352192,0.9884657859802246,0.4999101758003235,0.20832917094230652,0.027744293212890625,131045.43480793216,0.0,0.0,0.0,1
4400,inverse_warmup_m1,1.0,0.05512747913599014,0.02300412394106388,0.024862884543836117,0.7874110142389933,0.0,0.03318427875638008,0.21219573912318015,0.011310596950352192,0.9884657859802246,0.4999101758003235,0.20832917094230652,0.027744293212890625,131045.43480793216,0.0,0.0,0.0,1
4600,inverse_warmup_m1,1.0,0.056117307394742966,0.022933904081583023,0.02396929853906234,0.7918810447057089,0.0,0.03235958144068718,0.27126303505292226,0.011310596950352192,0.9884657859802246,0.4999101758003235,0.20832917094230652,0.027744293212890625,131045.43480793216,0.0,0.0,0.0,1
4800,inverse_warmup_m1,1.0,0.05494968593120575,0.022411134093999863,0.024225971040626366,0.7911689033110937,0.0,0.031502142548561096,0.2733106066376703,0.011310596950352192,0.9884657859802246,0.4999101758003235,0.20832917094230652,0.027744293212890625,131045.43480793216,0.0,0.0,0.0,1
5000,inverse_warmup_m1,1.0,0.05499150976538658,0.022517366334795952,0.024003151959429186,0.7903610467910767,0.0,0.03203009068965912,0.27895228091471447,0.011310596950352192,0.9884657859802246,0.4999101758003235,0.20832917094230652,0.027744293212890625,131045.43480793216,0.0,0.0,0.0,1
5200,inverse_warmup_m1,1.0,0.05410964414477348,0.02163727395236492,0.02348337524260084,0.7933523456255595,0.0,0.030845196917653084,0.40539134656497416,0.011310596950352192,0.9884657859802246,0.4999101758003235,0.20832917094230652,0.027744293212890625,131045.43480793216,0.0,0.0,0.0,1
5400,inverse_warmup_m1,1.0,0.05457933247089386,0.02247341349720955,0.02374218838910262,0.7920621583859125,0.0,0.029154598712921143,0.26034122536787296,0.011310596950352192,0.9884657859802246,0.4999101758003235,0.20832917094230652,0.027744293212890625,131045.43480793216,0.0,0.0,0.0,1
5600,inverse_warmup_m1,1.0,0.0537126362323761,0.021968521177768707,0.02344264912729462,0.7948806484540304,0.0,0.03055047057569027,0.10905628007638057,0.011310596950352192,0.9884657859802246,0.4999101758003235,0.20832917094230652,0.027744293212890625,131045.43480793216,0.0,0.0,0.0,1
5800,inverse_warmup_m1,1.0,0.05482814833521843,0.02249298244714737,0.02355084754526615,0.7935147782166799,0.0,0.03092583455145359,0.23159527939727456,0.011310596950352192,0.9884657859802246,0.4999101758003235,0.20832917094230652,0.027744293212890625,131045.43480793216,0.0,0.0,0.0,1
6000,inverse_warmup_m1,1.0,0.05488645285367966,0.022424325346946716,0.02326119892920057,0.7945206960042318,0.0,0.03072514571249485,0.16213166428068457,0.011310596950352192,0.9884657859802246,0.4999101758003235,0.20832917094230652,0.027744293212890625,131045.43480793216,0.0,0.0,0.0,1
6200,inverse_warmup_m1,1.0,0.05392184853553772,0.02200041152536869,0.0231868961515526,0.7978990574677786,0.0,0.03182859346270561,0.21338383039725034,0.011310596950352192,0.9884657859802246,0.4999101758003235,0.20832917094230652,0.027744293212890625,131045.43480793216,0.0,0.0,0.0,1
6400,inverse_warmup_m1,1.0,0.05378275364637375,0.021814381703734398,0.023465115421762068,0.7971013089021047,0.0,0.02973049506545067,0.14619115901415872,0.011310596950352192,0.9884657859802246,0.4999101758003235,0.20832917094230652,0.027744293212890625,131045.43480793216,0.0,0.0,0.0,1
6600,inverse_warmup_m1,1.0,0.05200912803411484,0.0207666028290987,0.023188047266254824,0.7964193423589071,0.0,0.028969915583729744,0.10929201383157695,0.011310596950352192,0.9884657859802246,0.4999101758003235,0.20832917094230652,0.027744293212890625,131045.43480793216,0.0,0.0,0.0,1
6800,inverse_warmup_m1,1.0,0.05259957164525986,0.020982293412089348,0.022892248040686052,0.7964859257141749,0.0,0.028528733178973198,0.11941981172087718,0.011310596950352192,0.9884657859802246,0.4999101758003235,0.20832917094230652,0.027744293212890625,131045.43480793216,0.0,0.0,0.0,1
7000,inverse_warmup_m1,1.0,0.05295390635728836,0.021303649991750717,0.02310861647129059,0.7979987661043803,0.0,0.028489110991358757,0.2805531442357651,0.011310596950352192,0.9884657859802246,0.4999101758003235,0.20832917094230652,0.027744293212890625,131045.43480793216,0.0,0.0,0.0,1
7200,inverse_warmup_m1,1.0,0.05304059758782387,0.021339669823646545,0.022876952930043142,0.8000666797161102,0.0,0.02867855317890644,0.10294394297347162,0.011310596950352192,0.9884657859802246,0.4999101758003235,0.20832917094230652,0.027744293212890625,131045.43480793216,0.0,0.0,0.0,1
7400,inverse_warmup_m1,1.0,0.05222325772047043,0.020561782643198967,0.022732588928192854,0.8001757115125656,0.0,0.02690405398607254,0.06286972109503647,0.011310596950352192,0.9884657859802246,0.4999101758003235,0.20832917094230652,0.027744293212890625,131045.43480793216,0.0,0.0,0.0,1
7600,inverse_warmup_m1,1.0,0.05351104587316513,0.021593989804387093,0.02275954590489467,0.8024011552333832,0.0,0.028817249462008476,0.14179399751755875,0.011310596950352192,0.9884657859802246,0.4999101758003235,0.20832917094230652,0.027744293212890625,131045.43480793216,0.0,0.0,0.0,1
7800,inverse_warmup_m1,1.0,0.05291134864091873,0.02129649557173252,0.022635397346069414,0.7970325350761414,0.0,0.02898506447672844,0.30224189598938217,0.011310596950352192,0.9884657859802246,0.4999101758003235,0.20832917094230652,0.027744293212890625,131045.43480793216,0.0,0.0,0.0,1
8000,inverse_warmup_m1,1.0,0.05270722508430481,0.021296527236700058,0.023131770081818104,0.7986965775489807,0.0,0.028324419632554054,0.12355664356811631,0.011310596950352192,0.9884657859802246,0.4999101758003235,0.20832917094230652,0.027744293212890625,131045.43480793216,0.0,0.0,0.0,1
8200,inverse_warmup_m1,1.0,0.05230598524212837,0.02057696506381035,0.02299339200059573,0.7999258985122045,0.0,0.02705109864473343,0.10402811668761462,0.011310596950352192,0.9884657859802246,0.4999101758003235,0.20832917094230652,0.027744293212890625,131045.43480793216,0.0,0.0,0.0,1
8400,inverse_warmup_m1,1.0,0.052831392735242844,0.021128304302692413,0.022838493809103966,0.7990781962871552,0.0,0.026410723105072975,0.10735242487698664,0.011310596950352192,0.9884657859802246,0.4999101758003235,0.20832917094230652,0.027744293212890625,131045.43480793216,0.0,0.0,0.0,1
8600,inverse_warmup_m1,1.0,0.052054837346076965,0.02060263603925705,0.022457480741043884,0.8039369086424509,0.0,0.026687880977988243,0.08115140559968155,0.011310596950352192,0.9884657859802246,0.4999101758003235,0.20832917094230652,0.027744293212890625,131045.43480793216,0.0,0.0,0.0,1
8800,inverse_warmup_m1,1.0,0.052805282175540924,0.021138343960046768,0.023101098214586575,0.7996901373068491,0.0,0.02750338613986969,0.1646466878912348,0.011310596950352192,0.9884657859802246,0.4999101758003235,0.20832917094230652,0.027744293212890625,131045.43480793216,0.0,0.0,0.0,1
9000,inverse_warmup_m1,1.0,0.05324772000312805,0.02106524631381035,0.023602389730513096,0.794855386018753,0.0,0.026220519095659256,0.18325249845319563,0.011310596950352192,0.9884657859802246,0.4999101758003235,0.20832917094230652,0.027744293212890625,131045.43480793216,0.0,0.0,0.0,1
9200,inverse_warmup_m1,1.0,0.05233701318502426,0.02103164792060852,0.02282007923349738,0.7998263339201609,0.0,0.028132259845733643,0.19159145386517468,0.011310596950352192,0.9884657859802246,0.4999101758003235,0.20832917094230652,0.027744293212890625,131045.43480793216,0.0,0.0,0.0,1
9400,inverse_warmup_m1,1.0,0.05115998908877373,0.02011236548423767,0.023570637218654156,0.7946245024601618,0.0,0.028246160596609116,0.22760974494706837,0.011310596950352192,0.9884657859802246,0.4999101758003235,0.20832917094230652,0.027744293212890625,131045.43480793216,0.0,0.0,0.0,1
9600,inverse_warmup_m1,1.0,0.05156648904085159,0.0208174679428339,0.022753430375208456,0.8033830771843592,0.0,0.027342289686203003,0.2680813889546928,0.011310596950352192,0.9884657859802246,0.4999101758003235,0.20832917094230652,0.027744293212890625,131045.43480793216,0.0,0.0,0.0,1
9800,inverse_warmup_m1,1.0,0.05223565548658371,0.020591091364622116,0.02251906708503763,0.8008692016204199,0.0,0.026428522542119026,0.28689340059520313,0.011310596950352192,0.9884657859802246,0.4999101758003235,0.20832917094230652,0.027744293212890625,131045.43480793216,0.0,0.0,0.0,1
10000,inverse_warmup_m1,1.0,0.05181451141834259,0.020419098436832428,0.02342131609718005,0.7987690518299738,0.0,0.025028137490153313,0.0801199664633258,0.011310596950352192,0.9884657859802246,0.4999101758003235,0.20832917094230652,0.027744293212890625,131045.43480793216,0.0,0.0,0.0,1
10200,inverse_warmup_m1,1.0,0.05216502398252487,0.020860787481069565,0.02306291243682305,0.8001285791397095,0.0,0.026373615488409996,0.210955914232385,0.011310596950352192,0.9884657859802246,0.4999101758003235,0.20832917094230652,0.027744293212890625,131045.43480793216,0.0,0.0,0.0,1
10400,inverse_warmup_m1,1.0,0.05169994756579399,0.020399685949087143,0.02197263529524207,0.8062496582667033,0.0,0.025421081110835075,0.3634342402798019,0.011310596950352192,0.9884657859802246,0.4999101758003235,0.20832917094230652,0.027744293212890625,131045.43480793216,0.0,0.0,0.0,1
10600,inverse_warmup_m1,1.0,0.051986753940582275,0.020589549094438553,0.022331806210180122,0.8025482098261515,0.0,0.025635572150349617,0.09282424782503164,0.011310596950352192,0.9884657859802246,0.4999101758003235,0.20832917094230652,0.027744293212890625,131045.43480793216,0.0,0.0,0.0,1
10800,inverse_warmup_m1,1.0,0.050839539617300034,0.019802184775471687,0.02220189307505886,0.8038517435391744,0.0,0.024828145280480385,0.07344301371803921,0.011310596950352192,0.9884657859802246,0.4999101758003235,0.20832917094230652,0.027744293212890625,131045.43480793216,0.0,0.0,0.0,1
11000,inverse_warmup_m1,1.0,0.051763325929641724,0.02054392546415329,0.022213082139690716,0.8070384661356608,0.0,0.025113724172115326,0.07735319631221885,0.011310596950352192,0.9884657859802246,0.4999101758003235,0.20832917094230652,0.027744293212890625,131045.43480793216,0.0,0.0,0.0,1
11200,inverse_warmup_m1,1.0,0.05122590810060501,0.020308252424001694,0.022066863408933084,0.8072721014420191,0.0,0.02534162439405918,0.19301501752347433,0.011310596950352192,0.9884657859802246,0.4999101758003235,0.20832917094230652,0.027744293212890625,131045.43480793216,0.0,0.0,0.0,1
11400,inverse_warmup_m1,1.0,0.0508338026702404,0.01995277777314186,0.0225782945441703,0.802774707476298,0.0,0.025279564782977104,0.13458607581780083,0.011310596950352192,0.9884657859802246,0.4999101758003235,0.20832917094230652,0.027744293212890625,131045.43480793216,0.0,0.0,0.0,1
11600,inverse_warmup_m1,1.0,0.05090636759996414,0.020020637661218643,0.022392937758316595,0.8057874242464701,0.0,0.02490750141441822,0.1014407306703011,0.011310596950352192,0.9884657859802246,0.4999101758003235,0.20832917094230652,0.027744293212890625,131045.43480793216,0.0,0.0,0.0,1
11800,inverse_warmup_m1,1.0,0.05131172761321068,0.020284805446863174,0.022073669514308374,0.8060322006543478,0.0,0.02445942349731922,0.10224345357937649,0.011310596950352192,0.9884657859802246,0.4999101758003235,0.20832917094230652,0.027744293212890625,131045.43480793216,0.0,0.0,0.0,1
12000,inverse_warmup_m1,1.0,0.05070463567972183,0.019682783633470535,0.02182876489435633,0.807566280166308,0.0,0.02337927557528019,0.18598609313478734,0.011310596950352192,0.9884657859802246,0.4999101758003235,0.20832917094230652,0.027744293212890625,131045.43480793216,0.0,0.0,0.0,1
12200,inverse_warmup_m1,1.0,0.05112696439027786,0.02039201557636261,0.024036464281380177,0.7926673938830694,0.0,0.02501872181892395,0.10955693109736146,0.011310596950352192,0.9884657859802246,0.4999101758003235,0.20832917094230652,0.027744293212890625,131045.43480793216,0.0,0.0,0.0,1
12400,inverse_warmup_m1,1.0,0.05113019794225693,0.01999429240822792,0.022769498483588297,0.7997326751550039,0.0,0.02351921796798706,0.1304167805529665,0.011310596950352192,0.9884657859802246,0.4999101758003235,0.20832917094230652,0.027744293212890625,131045.43480793216,0.0,0.0,0.0,1
12600,inverse_warmup_m1,1.0,0.05154525488615036,0.020453326404094696,0.022771529542903107,0.8051666766405106,0.0,0.024469736963510513,0.08524804105042035,0.011310596950352192,0.9884657859802246,0.4999101758003235,0.20832917094230652,0.027744293212890625,131045.43480793216,0.0,0.0,0.0,1
12800,inverse_warmup_m1,1.0,0.0505049005150795,0.019919101148843765,0.022352743272980053,0.8059366345405579,0.0,0.024291280657052994,0.15418623856953578,0.011310596950352192,0.9884657859802246,0.4999101758003235,0.20832917094230652,0.027744293212890625,131045.43480793216,0.0,0.0,0.0,1
13000,inverse_warmup_m1,1.0,0.05109575763344765,0.020194949582219124,0.021990417658040922,0.8070133030414581,0.0,0.023569073528051376,0.11809081731006038,0.011310596950352192,0.9884657859802246,0.4999101758003235,0.20832917094230652,0.027744293212890625,131045.43480793216,0.0,0.0,0.0,1
13200,inverse_warmup_m1,1.0,0.051377613097429276,0.020457513630390167,0.022199965082108974,0.8086908708016077,0.0,0.024136915802955627,0.09531136668521763,0.011310596950352192,0.9884657859802246,0.4999101758003235,0.20832917094230652,0.027744293212890625,131045.43480793216,0.0,0.0,0.0,1
13400,inverse_warmup_m1,1.0,0.049903467297554016,0.019608931615948677,0.021677200682461262,0.8082462300856909,0.0,0.02383086271584034,0.09848050272719995,0.011310596950352192,0.9884657859802246,0.4999101758003235,0.20832917094230652,0.027744293212890625,131045.43480793216,0.0,0.0,0.0,1
13600,inverse_warmup_m1,1.0,0.05095710977911949,0.020087331533432007,0.021562580950558186,0.8073132584492365,0.0,0.0233647171407938,0.11495589774471186,0.011310596950352192,0.9884657859802246,0.4999101758003235,0.20832917094230652,0.027744293212890625,131045.43480793216,0.0,0.0,0.0,1
13800,inverse_warmup_m1,1.0,0.05025097355246544,0.019696615636348724,0.021614243276417255,0.8093007802963257,0.0,0.02320197783410549,0.13390635254686514,0.011310596950352192,0.9884657859802246,0.4999101758003235,0.20832917094230652,0.027744293212890625,131045.43480793216,0.0,0.0,0.0,1
14000,inverse_warmup_m1,1.0,0.05101720243692398,0.02002910152077675,0.02305376622825861,0.8012824406226476,0.0,0.02400266006588936,0.08270323704964096,0.011310596950352192,0.9884657859802246,0.4999101758003235,0.20832917094230652,0.027744293212890625,131045.43480793216,0.0,0.0,0.0,1
14200,inverse_warmup_m1,1.0,0.05030899494886398,0.019816230982542038,0.022076818781594437,0.8077474484841028,0.0,0.024322373792529106,0.09156894454898785,0.011310596950352192,0.9884657859802246,0.4999101758003235,0.20832917094230652,0.027744293212890625,131045.43480793216,0.0,0.0,0.0,1
14400,inverse_warmup_m1,1.0,0.05120654031634331,0.020036423578858376,0.022241797763854265,0.8057644367218018,0.0,0.022780893370509148,0.0936268991523166,0.011310596950352192,0.9884657859802246,0.4999101758003235,0.20832917094230652,0.027744293212890625,131045.43480793216,0.0,0.0,0.0,1
14600,inverse_warmup_m1,1.0,0.04978373646736145,0.01955033838748932,0.021719437868644793,0.8093570421139399,0.0,0.023060912266373634,0.08200284429368586,0.011310596950352192,0.9884657859802246,0.4999101758003235,0.20832917094230652,0.027744293212890625,131045.43480793216,0.0,0.0,0.0,1
14800,inverse_warmup_m1,1.0,0.05009540170431137,0.019611170515418053,0.021716583364953596,0.8101883133252462,0.0,0.02225882187485695,0.07567273434287046,0.011310596950352192,0.9884657859802246,0.4999101758003235,0.20832917094230652,0.027744293212890625,131045.43480793216,0.0,0.0,0.0,1
15000,inverse_warmup_m1,1.0,0.049607738852500916,0.019282149150967598,0.02165993892898162,0.8079787641763687,0.0,0.02124313823878765,0.07179195729650358,0.011310596950352192,0.9884657859802246,0.4999101758003235,0.20832917094230652,0.027744293212890625,131045.43480793216,0.0,0.0,0.0,1
15200,inverse_warmup_m1,1.0,0.05073535442352295,0.019856737926602364,0.022429756664981444,0.804895892739296,0.0,0.022437401115894318,0.16675086118884513,0.011310596950352192,0.9884657859802246,0.4999101758003235,0.20832917094230652,0.027744293212890625,131045.43480793216,0.0,0.0,0.0,1
15400,inverse_warmup_m1,1.0,0.05068514868617058,0.019824303686618805,0.02145463585232695,0.8088079045216242,0.0,0.022653166204690933,0.10179684541895632,0.011310596950352192,0.9884657859802246,0.4999101758003235,0.20832917094230652,0.027744293212890625,131045.43480793216,0.0,0.0,0.0,1
15600,inverse_warmup_m1,1.0,0.049735475331544876,0.0194677896797657,0.021601692618181307,0.810912067691485,0.0,0.023276016116142273,0.08301856083038829,0.011310596950352192,0.9884657859802246,0.4999101758003235,0.20832917094230652,0.027744293212890625,131045.43480793216,0.0,0.0,0.0,1
15800,inverse_warmup_m1,1.0,0.05014791339635849,0.019489631056785583,0.022593983449041843,0.8075086573759714,0.0,0.022357357665896416,0.17673212385105863,0.011310596950352192,0.9884657859802246,0.4999101758003235,0.20832917094230652,0.027744293212890625,131045.43480793216,0.0,0.0,0.0,1
16000,inverse_warmup_m1,1.0,0.048926085233688354,0.01891789585351944,0.02200416848063469,0.8060891280571619,0.0,0.021541330963373184,0.10879270454286451,0.011310596950352192,0.9884657859802246,0.4999101758003235,0.20832917094230652,0.027744293212890625,131045.43480793216,0.0,0.0,0.0,1
16200,inverse_warmup_m1,1.0,0.050497300922870636,0.019703086465597153,0.021923027001321316,0.8048068135976791,0.0,0.021485572680830956,0.25590911834197033,0.011310596950352192,0.9884657859802246,0.4999101758003235,0.20832917094230652,0.027744293212890625,131045.43480793216,0.0,0.0,0.0,1
16400,inverse_warmup_m1,1.0,0.050423942506313324,0.02001837268471718,0.022481555274377268,0.8061938534180323,0.0,0.022546764463186264,0.11179230173222168,0.011310596950352192,0.9884657859802246,0.4999101758003235,0.20832917094230652,0.027744293212890625,131045.43480793216,0.0,0.0,0.0,1
16600,inverse_warmup_m1,1.0,0.05023396760225296,0.019427694380283356,0.02166361144433419,0.8082651694615682,0.0,0.021381467580795288,0.18417860542321943,0.011310596950352192,0.9884657859802246,0.4999101758003235,0.20832917094230652,0.027744293212890625,131045.43480793216,0.0,0.0,0.0,1
16800,inverse_warmup_m1,1.0,0.04954979196190834,0.019329333677887917,0.021724863909184933,0.8104296376307806,0.0,0.021202677860856056,0.20777201930746067,0.011310596950352192,0.9884657859802246,0.4999101758003235,0.20832917094230652,0.027744293212890625,131045.43480793216,0.0,0.0,0.0,1
17000,inverse_warmup_m1,1.0,0.05062016099691391,0.019727181643247604,0.021742106104890507,0.8093001991510391,0.0,0.021343257278203964,0.10273069291676051,0.011310596950352192,0.9884657859802246,0.4999101758003235,0.20832917094230652,0.027744293212890625,131045.43480793216,0.0,0.0,0.0,1
17200,inverse_warmup_m1,1.0,0.04998381808400154,0.019406979903578758,0.02167150331661105,0.8069489548603693,0.0,0.021825075149536133,0.15106791960774216,0.011310596950352192,0.9884657859802246,0.4999101758003235,0.20832917094230652,0.027744293212890625,131045.43480793216,0.0,0.0,0.0,1
17400,inverse_warmup_m1,1.0,0.04945351183414459,0.019138991832733154,0.021631191950291395,0.8115204572677612,0.0,0.02123364247381687,0.0832417098292947,0.011310596950352192,0.9884657859802246,0.4999101758003235,0.20832917094230652,0.027744293212890625,131045.43480793216,0.0,0.0,0.0,1
17600,inverse_warmup_m1,1.0,0.04884820431470871,0.018737029284238815,0.021342748155196507,0.8111802488565445,0.0,0.021349817514419556,0.12293252515410243,0.011310596950352192,0.9884657859802246,0.4999101758003235,0.20832917094230652,0.027744293212890625,131045.43480793216,0.0,0.0,0.0,1
17800,inverse_warmup_m1,1.0,0.05024527758359909,0.01983657106757164,0.021880251355469227,0.8091602126757304,0.0,0.021401485428214073,0.08488748785361969,0.011310596950352192,0.9884657859802246,0.4999101758003235,0.20832917094230652,0.027744293212890625,131045.43480793216,0.0,0.0,0.0,1
18000,inverse_warmup_m1,1.0,0.04946490377187729,0.018858030438423157,0.021161808166652918,0.8122267077366511,0.0,0.02022186480462551,0.17277157644475968,0.011310596950352192,0.9884657859802246,0.4999101758003235,0.20832917094230652,0.027744293212890625,131045.43480793216,0.0,0.0,0.0,1
18200,inverse_warmup_m1,1.0,0.05082867294549942,0.019819188863039017,0.02295478992164135,0.8017751822868983,0.0,0.020738139748573303,0.1678887391701136,0.011310596950352192,0.9884657859802246,0.4999101758003235,0.20832917094230652,0.027744293212890625,131045.43480793216,0.0,0.0,0.0,1
18400,inverse_warmup_m1,1.0,0.05025603622198105,0.019652049988508224,0.021542807885756094,0.8113420009613037,0.0,0.021599195897579193,0.1345924437537007,0.011310596950352192,0.9884657859802246,0.4999101758003235,0.20832917094230652,0.027744293212890625,131045.43480793216,0.0,0.0,0.0,1
18600,inverse_warmup_m1,1.0,0.04904446005821228,0.018992964178323746,0.021253237190345924,0.8116037994623184,0.0,0.021601999178528786,0.08494033415663053,0.011310596950352192,0.9884657859802246,0.4999101758003235,0.20832917094230652,0.027744293212890625,131045.43480793216,0.0,0.0,0.0,1
18800,inverse_warmup_m1,1.0,0.04851546883583069,0.018600478768348694,0.021406035559872787,0.8118827641010284,0.0,0.022637194022536278,0.14847634636158094,0.011310596950352192,0.9884657859802246,0.4999101758003235,0.20832917094230652,0.027744293212890625,131045.43480793216,0.0,0.0,0.0,1
19000,inverse_warmup_m1,1.0,0.0490676686167717,0.01892664283514023,0.02119627579425772,0.8136817465225855,0.0,0.021400034427642822,0.13461842490756612,0.011310596950352192,0.9884657859802246,0.4999101758003235,0.20832917094230652,0.027744293212890625,131045.43480793216,0.0,0.0,0.0,1
19200,inverse_warmup_m1,1.0,0.04977904260158539,0.019466469064354897,0.021627220790833235,0.8113181392351786,0.0,0.02193519100546837,0.11929089836975935,0.011310596950352192,0.9884657859802246,0.4999101758003235,0.20832917094230652,0.027744293212890625,131045.43480793216,0.0,0.0,0.0,1
19400,inverse_warmup_m1,1.0,0.04932732135057449,0.01905418187379837,0.021572026734550793,0.8121574173370997,0.0,0.020455846562981606,0.07852582570371285,0.011310596950352192,0.9884657859802246,0.4999101758003235,0.20832917094230652,0.027744293212890625,131045.43480793216,0.0,0.0,0.0,1
19600,inverse_warmup_m1,1.0,0.04958208277821541,0.019046969711780548,0.021566931158304214,0.8115610927343369,0.0,0.02049396000802517,0.138842726218873,0.011310596950352192,0.9884657859802246,0.4999101758003235,0.20832917094230652,0.027744293212890625,131045.43480793216,0.0,0.0,0.0,1
19800,inverse_warmup_m1,1.0,0.049363166093826294,0.019173067063093185,0.021822100194791954,0.8075205932060877,0.0,0.020538605749607086,0.11595244725769159,0.011310596950352192,0.9884657859802246,0.4999101758003235,0.20832917094230652,0.027744293212890625,131045.43480793216,0.0,0.0,0.0,1
20000,inverse_warmup_m1,1.0,0.04989614710211754,0.019354483112692833,0.021355214063078165,0.8112612913052241,0.0,0.020923133939504623,0.13192451412771575,0.011310596950352192,0.9884657859802246,0.4999101758003235,0.20832917094230652,0.027744293212890625,131045.43480793216,0.0,0.0,0.0,1
20200,inverse_warmup_m1,1.0,0.049696363508701324,0.019374797120690346,0.021240123858054478,0.8122155716021856,0.0,0.021277910098433495,0.1608211563459856,0.011310596950352192,0.9884657859802246,0.4999101758003235,0.20832917094230652,0.027744293212890625,131045.43480793216,0.0,0.0,0.0,1
20400,inverse_warmup_m1,1.0,0.049935564398765564,0.01916643977165222,0.022147537985195715,0.8075317144393921,0.0,0.01981954649090767,0.13533580766573358,0.011310596950352192,0.9884657859802246,0.4999101758003235,0.20832917094230652,0.027744293212890625,131045.43480793216,0.0,0.0,0.0,1
20600,inverse_warmup_m1,1.0,0.04989105835556984,0.01965441182255745,0.021828105207532644,0.812000701824824,0.0,0.020599640905857086,0.13228405546266253,0.011310596950352192,0.9884657859802246,0.4999101758003235,0.20832917094230652,0.027744293212890625,131045.43480793216,0.0,0.0,0.0,1
20800,inverse_warmup_m1,1.0,0.04966287314891815,0.019298609346151352,0.021724968682974577,0.8100623488426208,0.0,0.02111298032104969,0.14224337969863002,0.011310596950352192,0.9884657859802246,0.4999101758003235,0.20832917094230652,0.027744293212890625,131045.43480793216,0.0,0.0,0.0,1
21000,inverse_warmup_m1,1.0,0.049261674284935,0.018880236893892288,0.021384204116960365,0.8126556277275085,0.0,0.019690336659550667,0.1094404086727684,0.011310596950352192,0.9884657859802246,0.4999101758003235,0.20832917094230652,0.027744293212890625,131045.43480793216,0.0,0.0,0.0,1
21200,inverse_warmup_m1,1.0,0.04988422244787216,0.019497618079185486,0.022340170418222744,0.8078959782918295,0.0,0.020152777433395386,0.13604041805107794,0.011310596950352192,0.9884657859802246,0.4999101758003235,0.20832917094230652,0.027744293212890625,131045.43480793216,0.0,0.0,0.0,1
21400,inverse_warmup_m1,1.0,0.0499233677983284,0.019430559128522873,0.02256378686676423,0.8062248528003693,0.0,0.01930539682507515,0.13257232245816217,0.011310596950352192,0.9884657859802246,0.4999101758003235,0.20832917094230652,0.027744293212890625,131045.43480793216,0.0,0.0,0.0,1
21600,inverse_warmup_m1,1.0,0.049087487161159515,0.018813878297805786,0.020911072225620348,0.8135325064261755,0.0,0.01973763108253479,0.16251146687222917,0.011310596950352192,0.9884657859802246,0.4999101758003235,0.20832917094230652,0.027744293212890625,131045.43480793216,0.0,0.0,0.0,1
21800,inverse_warmup_m1,1.0,0.04860642924904823,0.01870270073413849,0.021187455393373966,0.8124731133381525,0.0,0.019621258601546288,0.06724258629844082,0.011310596950352192,0.9884657859802246,0.4999101758003235,0.20832917094230652,0.027744293212890625,131045.43480793216,0.0,0.0,0.0,1
22000,inverse_warmup_m1,1.0,0.04936501756310463,0.01901255175471306,0.021123260880510013,0.8137637674808502,0.0,0.01943041943013668,0.19545630517854803,0.011310596950352192,0.9884657859802246,0.4999101758003235,0.20832917094230652,0.027744293212890625,131045.43480793216,0.0,0.0,0.0,1
22200,inverse_warmup_m1,1.0,0.04872126877307892,0.018696371465921402,0.021427136690666277,0.8143894622723261,0.0,0.019985457882285118,0.07698863298064161,0.011310596950352192,0.9884657859802246,0.4999101758003235,0.20832917094230652,0.027744293212890625,131045.43480793216,0.0,0.0,0.0,1
22400,inverse_warmup_m1,1.0,0.04958091676235199,0.019415490329265594,0.021898657238731783,0.8131506790717443,0.0,0.020182402804493904,0.2207213336358187,0.011310596950352192,0.9884657859802246,0.4999101758003235,0.20832917094230652,0.027744293212890625,131045.43480793216,0.0,0.0,0.0,1
22600,inverse_warmup_m1,1.0,0.04974035173654556,0.019309084862470627,0.02155755879357457,0.8134497702121735,0.0,0.01998175121843815,0.12219068145513606,0.011310596950352192,0.9884657859802246,0.4999101758003235,0.20832917094230652,0.027744293212890625,131045.43480793216,0.0,0.0,0.0,1
22800,inverse_warmup_m1,1.0,0.0486910454928875,0.01879562810063362,0.021183290053159,0.8143836706876755,0.0,0.02003849670290947,0.11117937078407641,0.011310596950352192,0.9884657859802246,0.4999101758003235,0.20832917094230652,0.027744293212890625,131045.43480793216,0.0,0.0,0.0,1
23000,inverse_warmup_m1,1.0,0.04967505857348442,0.019298793748021126,0.021240119667102892,0.8150045325358709,0.0,0.019554445520043373,0.0756947479633532,0.011310596950352192,0.9884657859802246,0.4999101758003235,0.20832917094230652,0.027744293212890625,131045.43480793216,0.0,0.0,0.0,1
23200,inverse_warmup_m1,1.0,0.048505738377571106,0.018387913703918457,0.022017722794165213,0.8076539635658264,0.0,0.018704699352383614,0.08515208259315223,0.011310596950352192,0.9884657859802246,0.4999101758003235,0.20832917094230652,0.027744293212890625,131045.43480793216,0.0,0.0,0.0,1
23400,inverse_warmup_m1,1.0,0.04956577718257904,0.01916317269206047,0.021270041198780138,0.8123509089152018,0.0,0.01988147385418415,0.13172539540228426,0.011310596950352192,0.9884657859802246,0.4999101758003235,0.20832917094230652,0.027744293212890625,131045.43480793216,0.0,0.0,0.0,1
23600,inverse_warmup_m1,1.0,0.048849817365407944,0.01875859498977661,0.02209149704625209,0.8066262751817703,0.0,0.01862563006579876,0.07956907610569677,0.011310596950352192,0.9884657859802246,0.4999101758003235,0.20832917094230652,0.027744293212890625,131045.43480793216,0.0,0.0,0.0,1
23800,inverse_warmup_m1,1.0,0.05032901093363762,0.01941053196787834,0.021122719161212444,0.8120389978090922,0.0,0.018586084246635437,0.16076944360969647,0.011310596950352192,0.9884657859802246,0.4999101758003235,0.20832917094230652,0.027744293212890625,131045.43480793216,0.0,0.0,0.0,1
24000,inverse_warmup_m1,1.0,0.04832957684993744,0.018285077065229416,0.02100032443801562,0.813972219824791,0.0,0.0184259582310915,0.06315931404710451,0.011310596950352192,0.9884657859802246,0.4999101758003235,0.20832917094230652,0.027744293212890625,131045.43480793216,0.0,0.0,0.0,1
24200,inverse_warmup_m1,1.0,0.04866774380207062,0.018825586885213852,0.020962405018508434,0.8159000674883524,0.0,0.01868111453950405,0.05968965513268906,0.011310596950352192,0.9884657859802246,0.4999101758003235,0.20832917094230652,0.027744293212890625,131045.43480793216,0.0,0.0,0.0,1
24400,inverse_warmup_m1,1.0,0.04816484451293945,0.018539533019065857,0.021094199890891712,0.8156054516633352,0.0,0.018410202115774155,0.046512597252351406,0.011310596950352192,0.9884657859802246,0.4999101758003235,0.20832917094230652,0.027744293212890625,131045.43480793216,0.0,0.0,0.0,1
24600,inverse_warmup_m1,1.0,0.049233268946409225,0.01888643391430378,0.021101732427875202,0.8143832087516785,0.0,0.018492089584469795,0.11170017386162362,0.011310596950352192,0.9884657859802246,0.4999101758003235,0.20832917094230652,0.027744293212890625,131045.43480793216,0.0,0.0,0.0,1
24800,inverse_warmup_m1,1.0,0.04914967715740204,0.01897936314344406,0.021010590717196465,0.8151841262976328,0.0,0.019045310094952583,0.11185201693556705,0.011310596950352192,0.9884657859802246,0.4999101758003235,0.20832917094230652,0.027744293212890625,131045.43480793216,0.0,0.0,0.0,1
25000,inverse_warmup_m1,1.0,0.048195451498031616,0.018537214025855064,0.021188790444284678,0.815015102426211,0.0,0.01893179677426815,0.13510344721163034,0.011310596950352192,0.9884657859802246,0.4999101758003235,0.20832917094230652,0.027744293212890625,131045.43480793216,0.0,0.0,0.0,1
25200,inverse_warmup_m1,1.0,0.04881604015827179,0.018525365740060806,0.020813436713069677,0.8154517362515131,0.0,0.018860261887311935,0.0895579683534157,0.011310596950352192,0.9884657859802246,0.4999101758003235,0.20832917094230652,0.027744293212890625,131045.43480793216,0.0,0.0,0.0,1
25400,inverse_warmup_m1,1.0,0.04735740274190903,0.018000325188040733,0.02108561558028062,0.8113530576229095,0.0,0.01860102079808712,0.07825940312961067,0.011310596950352192,0.9884657859802246,0.4999101758003235,0.20832917094230652,0.027744293212890625,131045.43480793216,0.0,0.0,0.0,1
25600,inverse_warmup_m1,1.0,0.048564612865448,0.018436942249536514,0.02091091964393854,0.8140179266532263,0.0,0.017664169892668724,0.11908478878646121,0.011310596950352192,0.9884657859802246,0.4999101758003235,0.20832917094230652,0.027744293212890625,131045.43480793216,0.0,0.0,0.0,1
25800,inverse_warmup_m1,1.0,0.048718079924583435,0.01896788366138935,0.020920610676209133,0.8168999304374059,0.0,0.01901208609342575,0.226235223280068,0.011310596950352192,0.9884657859802246,0.4999101758003235,0.20832917094230652,0.027744293212890625,131045.43480793216,0.0,0.0,0.0,1
26000,inverse_warmup_m1,1.0,0.04923874884843826,0.018816523253917694,0.021108921772489946,0.812110498547554,0.0,0.01816435717046261,0.12564047357735786,0.011310596950352192,0.9884657859802246,0.4999101758003235,0.20832917094230652,0.027744293212890625,131045.43480793216,0.0,0.0,0.0,1
26200,inverse_warmup_m1,1.0,0.0486890971660614,0.018657367676496506,0.021510012292613585,0.8131484240293503,0.0,0.017260104417800903,0.11832152055259153,0.011310596950352192,0.9884657859802246,0.4999101758003235,0.20832917094230652,0.027744293212890625,131045.43480793216,0.0,0.0,0.0,1
26400,inverse_warmup_m1,1.0,0.05065752565860748,0.02018834464251995,0.0213913902019461,0.8150835086901983,0.0,0.019188296049833298,0.19865367157468533,0.011310596950352192,0.9884657859802246,0.4999101758003235,0.20832917094230652,0.027744293212890625,131045.43480793216,0.0,0.0,0.0,1
26600,inverse_warmup_m1,1.0,0.04842297360301018,0.01863757334649563,0.021216911729425192,0.8132567703723907,0.0,0.01821514032781124,0.12637880640495522,0.011310596950352192,0.9884657859802246,0.4999101758003235,0.20832917094230652,0.027744293212890625,131045.43480793216,0.0,0.0,0.0,1
26800,inverse_warmup_m1,1.0,0.048688411712646484,0.018400389701128006,0.021350068040192127,0.8125593860944113,0.0,0.017797216773033142,0.14335581527251137,0.011310596950352192,0.9884657859802246,0.4999101758003235,0.20832917094230652,0.027744293212890625,131045.43480793216,0.0,0.0,0.0,1
27000,inverse_warmup_m1,1.0,0.0482141487300396,0.0185307078063488,0.02207167213782668,0.8054009626309077,0.0,0.01829374209046364,0.10236624036780022,0.011310596950352192,0.9884657859802246,0.4999101758003235,0.20832917094230652,0.027744293212890625,131045.43480793216,0.0,0.0,0.0,1
27200,inverse_warmup_m1,1.0,0.050036653876304626,0.01895628124475479,0.02082952360312144,0.8127472301324209,0.0,0.01731368899345398,0.2040112669267035,0.011310596950352192,0.9884657859802246,0.4999101758003235,0.20832917094230652,0.027744293212890625,131045.43480793216,0.0,0.0,0.0,1
27400,inverse_warmup_m1,1.0,0.04864322394132614,0.01824340969324112,0.020796243256578844,0.8149468948443731,0.0,0.017434919252991676,0.10749428241248123,0.011310596950352192,0.9884657859802246,0.4999101758003235,0.20832917094230652,0.027744293212890625,131045.43480793216,0.0,0.0,0.0,1
27600,inverse_warmup_m1,1.0,0.04924115911126137,0.018905453383922577,0.02098656864836812,0.8143178621927897,0.0,0.017889216542243958,0.08769064269973152,0.011310596950352192,0.9884657859802246,0.4999101758003235,0.20832917094230652,0.027744293212890625,131045.43480793216,0.0,0.0,0.0,1
27800,inverse_warmup_m1,1.0,0.04915797710418701,0.018912900239229202,0.021053907771905262,0.8138713936010996,0.0,0.017970548942685127,0.0754327192678234,0.011310596950352192,0.9884657859802246,0.4999101758003235,0.20832917094230652,0.027744293212890625,131045.43480793216,0.0,0.0,0.0,1
28000,inverse_warmup_m1,1.0,0.04870546609163284,0.018398461863398552,0.02101581823080778,0.8150471895933151,0.0,0.017139187082648277,0.12806309233884544,0.011310596950352192,0.9884657859802246,0.4999101758003235,0.20832917094230652,0.027744293212890625,131045.43480793216,0.0,0.0,0.0,1
28200,inverse_warmup_m1,1.0,0.047122981399297714,0.017670361325144768,0.02142879335830609,0.8140460054079691,0.0,0.0187017060816288,0.07184809476825853,0.011310596950352192,0.9884657859802246,0.4999101758003235,0.20832917094230652,0.027744293212890625,131045.43480793216,0.0,0.0,0.0,1
28400,inverse_warmup_m1,1.0,0.04787830263376236,0.01836847886443138,0.021218555358548958,0.8151561965545019,0.0,0.01821083016693592,0.10172414666365108,0.011310596950352192,0.9884657859802246,0.4999101758003235,0.20832917094230652,0.027744293212890625,131045.43480793216,0.0,0.0,0.0,1
28600,inverse_warmup_m1,1.0,0.04836539179086685,0.018455244600772858,0.021071029050896566,0.8169560134410858,0.0,0.01801917888224125,0.09846140394828987,0.011310596950352192,0.9884657859802246,0.4999101758003235,0.20832917094230652,0.027744293212890625,131045.43480793216,0.0,0.0,0.0,1
28800,inverse_warmup_m1,1.0,0.04818016663193703,0.018565133213996887,0.02139425960679849,0.8138687362273535,0.0,0.018099455162882805,0.10836114515333282,0.011310596950352192,0.9884657859802246,0.4999101758003235,0.20832917094230652,0.027744293212890625,131045.43480793216,0.0,0.0,0.0,1
29000,inverse_warmup_m1,1.0,0.048378508538007736,0.01833955943584442,0.020742645642409723,0.8168682903051376,0.0,0.017401166260242462,0.17040309026242711,0.011310596950352192,0.9884657859802246,0.4999101758003235,0.20832917094230652,0.027744293212890625,131045.43480793216,0.0,0.0,0.0,1
29200,inverse_warmup_m1,1.0,0.04801078140735626,0.018222283571958542,0.02108410792425275,0.8150532046953837,0.0,0.017818374559283257,0.08498145798651487,0.011310596950352192,0.9884657859802246,0.4999101758003235,0.20832917094230652,0.027744293212890625,131045.43480793216,0.0,0.0,0.0,1
29400,inverse_warmup_m1,1.0,0.04861576482653618,0.018806781619787216,0.02140299215291937,0.8116684556007385,0.0,0.01749107986688614,0.12953569136562532,0.011310596950352192,0.9884657859802246,0.4999101758003235,0.20832917094230652,0.027744293212890625,131045.43480793216,0.0,0.0,0.0,1
29600,inverse_warmup_m1,1.0,0.04767125844955444,0.018001753836870193,0.02085455972701311,0.815082828203837,0.0,0.017203180119395256,0.0592831635683448,0.011310596950352192,0.9884657859802246,0.4999101758003235,0.20832917094230652,0.027744293212890625,131045.43480793216,0.0,0.0,0.0,1
29800,inverse_warmup_m1,1.0,0.04868225008249283,0.018653802573680878,0.02142941082517306,0.8129115700721741,0.0,0.017514079809188843,0.10679508649501432,0.011310596950352192,0.9884657859802246,0.4999101758003235,0.20832917094230652,0.027744293212890625,131045.43480793216,0.0,0.0,0.0,1
30000,inverse_warmup_m1,1.0,0.04837013781070709,0.018742237240076065,0.02131623774766922,0.8136152178049088,0.0,0.017190396785736084,0.16377693040668093,0.011310596950352192,0.9884657859802246,0.4999101758003235,0.20832917094230652,0.027744293212890625,131045.43480793216,0.0,0.0,0.0,1
30200,inverse_warmup_m1,1.0,0.04788482189178467,0.018196262419223785,0.02116587059572339,0.8151008387406667,0.0,0.017128199338912964,0.13874472899314208,0.011310596950352192,0.9884657859802246,0.4999101758003235,0.20832917094230652,0.027744293212890625,131045.43480793216,0.0,0.0,0.0,1
30400,inverse_warmup_m1,1.0,0.04787168279290199,0.01830947957932949,0.0212795816672345,0.8134994059801102,0.0,0.017353001981973648,0.07025912877127875,0.011310596950352192,0.9884657859802246,0.4999101758003235,0.20832917094230652,0.027744293212890625,131045.43480793216,0.0,0.0,0.0,1
30600,inverse_warmup_m1,1.0,0.04819613695144653,0.018352366983890533,0.02120396091292302,0.8160711377859116,0.0,0.017026111483573914,0.06885461809910143,0.011310596950352192,0.9884657859802246,0.4999101758003235,0.20832917094230652,0.027744293212890625,131045.43480793216,0.0,0.0,0.0,1
30800,inverse_warmup_m1,1.0,0.04819189012050629,0.018529532477259636,0.02166761023302873,0.8114307075738907,0.0,0.01725781336426735,0.19788675101040465,0.011310596950352192,0.9884657859802246,0.4999101758003235,0.20832917094230652,0.027744293212890625,131045.43480793216,0.0,0.0,0.0,1
31000,inverse_warmup_m1,1.0,0.04899301379919052,0.018956130370497704,0.02232897390301029,0.801303913195928,0.0,0.01776689849793911,0.1803961144601653,0.011310596950352192,0.9884657859802246,0.4999101758003235,0.20832917094230652,0.027744293212890625,131045.43480793216,0.0,0.0,0.0,1
31200,inverse_warmup_m1,1.0,0.04875166714191437,0.018935784697532654,0.02114483993500471,0.8134940167268118,0.0,0.01783546432852745,0.18412677658194726,0.011310596950352192,0.9884657859802246,0.4999101758003235,0.20832917094230652,0.027744293212890625,131045.43480793216,0.0,0.0,0.0,1
31400,inverse_warmup_m1,1.0,0.04845152422785759,0.018608639016747475,0.021175057937701542,0.8167159060637156,0.0,0.016975222155451775,0.06647872116199469,0.011310596950352192,0.9884657859802246,0.4999101758003235,0.20832917094230652,0.027744293212890625,131045.43480793216,0.0,0.0,0.0,1
31600,inverse_warmup_m1,1.0,0.04820072650909424,0.018481742590665817,0.021413309033960104,0.8130305260419846,0.0,0.017165908589959145,0.14565974104487545,0.011310596950352192,0.9884657859802246,0.4999101758003235,0.20832917094230652,0.027744293212890625,131045.43480793216,0.0,0.0,0.0,1
31800,inverse_warmup_m1,1.0,0.048836641013622284,0.018688350915908813,0.020860498926291864,0.8161299029986063,0.0,0.016665033996105194,0.1333186713159793,0.011310596950352192,0.9884657859802246,0.4999101758003235,0.20832917094230652,0.027744293212890625,131045.43480793216,0.0,0.0,0.0,1
32000,inverse_warmup_m1,1.0,0.048899710178375244,0.019077779725193977,0.021472405331830185,0.813524529337883,0.0,0.017130261287093163,0.08456651872736244,0.011310596950352192,0.9884657859802246,0.4999101758003235,0.20832917094230652,0.027744293212890625,131045.43480793216,0.0,0.0,0.0,1
32200,inverse_warmup_m1,1.0,0.04821974039077759,0.01845921203494072,0.021418465456614893,0.8137606680393219,0.0,0.01722603105008602,0.17803859810002032,0.011310596950352192,0.9884657859802246,0.4999101758003235,0.20832917094230652,0.027744293212890625,131045.43480793216,0.0,0.0,0.0,1
32400,inverse_warmup_m1,1.0,0.048976361751556396,0.018947748467326164,0.02090267992268006,0.8157649685939153,0.0,0.016566453501582146,0.11606932629827382,0.011310596950352192,0.9884657859802246,0.4999101758003235,0.20832917094230652,0.027744293212890625,131045.43480793216,0.0,0.0,0.0,1
32600,inverse_warmup_m1,1.0,0.04799571633338928,0.018186839297413826,0.020855875220149755,0.8142909407615662,0.0,0.01674380525946617,0.09024335750967055,0.011310596950352192,0.9884657859802246,0.4999101758003235,0.20832917094230652,0.027744293212890625,131045.43480793216,0.0,0.0,0.0,1
32800,inverse_warmup_m1,1.0,0.04953871667385101,0.019091349095106125,0.02087073354050517,0.8156171788771948,0.0,0.017078906297683716,0.13458070281585938,0.011310596950352192,0.9884657859802246,0.4999101758003235,0.20832917094230652,0.027744293212890625,131045.43480793216,0.0,0.0,0.0,1
33000,inverse_warmup_m1,1.0,0.047838591039180756,0.01814226433634758,0.020701641372094553,0.8174117257197698,0.0,0.01690194383263588,0.0646510179508655,0.011310596950352192,0.9884657859802246,0.4999101758003235,0.20832917094230652,0.027744293212890625,131045.43480793216,0.0,0.0,0.0,1
33200,inverse_warmup_m1,1.0,0.048219647258520126,0.018428882583975792,0.021044975767532986,0.8160800635814667,0.0,0.01679745689034462,0.038195906961955614,0.011310596950352192,0.9884657859802246,0.4999101758003235,0.20832917094230652,0.027744293212890625,131045.43480793216,0.0,0.0,0.0,1
33400,inverse_warmup_m1,1.0,0.04711422324180603,0.017717409878969193,0.02082275164624055,0.8171023378769556,0.0,0.01667110249400139,0.04893316959789375,0.011310596950352192,0.9884657859802246,0.4999101758003235,0.20832917094230652,0.027744293212890625,131045.43480793216,0.0,0.0,0.0,1
33600,inverse_warmup_m1,1.0,0.04796592518687248,0.01835578680038452,0.02084567133958141,0.8179171333710352,0.0,0.016715308651328087,0.08662975925624808,0.011310596950352192,0.9884657859802246,0.4999101758003235,0.20832917094230652,0.027744293212890625,131045.43480793216,0.0,0.0,0.0,1
33800,inverse_warmup_m1,1.0,0.0473184809088707,0.017996784299612045,0.02070708991959691,0.8181639015674591,0.0,0.016405129805207253,0.06557817084932546,0.011310596950352192,0.9884657859802246,0.4999101758003235,0.20832917094230652,0.027744293212890625,131045.43480793216,0.0,0.0,0.0,1
34000,inverse_warmup_m1,1.0,0.048313677310943604,0.0185236893594265,0.020805411351223786,0.8169359068075815,0.0,0.016617586836218834,0.06992427053960111,0.011310596950352192,0.9884657859802246,0.4999101758003235,0.20832917094230652,0.027744293212890625,131045.43480793216,0.0,0.0,0.0,1
34200,inverse_warmup_m1,1.0,0.0482843816280365,0.018333464860916138,0.020620721702774365,0.8182716717322668,0.0,0.01663585565984249,0.12321074842543456,0.011310596950352192,0.9884657859802246,0.4999101758003235,0.20832917094230652,0.027744293212890625,131045.43480793216,0.0,0.0,0.0,1
34400,inverse_warmup_m1,1.0,0.04755004495382309,0.018046732991933823,0.020911282394081354,0.8162848899761835,0.0,0.016446799039840698,0.14741913437275786,0.011310596950352192,0.9884657859802246,0.4999101758003235,0.20832917094230652,0.027744293212890625,131045.43480793216,0.0,0.0,0.0,1
34600,inverse_warmup_m1,1.0,0.04771178215742111,0.018164031207561493,0.02067027163381378,0.8185244450966517,0.0,0.01679716445505619,0.10559794484185188,0.011310596950352192,0.9884657859802246,0.4999101758003235,0.20832917094230652,0.027744293212890625,131045.43480793216,0.0,0.0,0.0,1
34800,inverse_warmup_m1,1.0,0.04669897258281708,0.017360426485538483,0.02113828466584285,0.8147569100062052,0.0,0.01624516397714615,0.12258785993252955,0.011310596950352192,0.9884657859802246,0.4999101758003235,0.20832917094230652,0.027744293212890625,131045.43480793216,0.0,0.0,0.0,1
35000,inverse_warmup_m1,1.0,0.04783596470952034,0.018231142312288284,0.02097784463937084,0.8147258212169012,0.0,0.016409961506724358,0.16888336721955072,0.011310596950352192,0.9884657859802246,0.4999101758003235,0.20832917094230652,0.027744293212890625,131045.43480793216,0.0,0.0,0.0,1
35200,inverse_warmup_m1,1.0,0.048110708594322205,0.01853105239570141,0.02134108543395996,0.8161099155743917,0.0,0.016411086544394493,0.11392408859135172,0.011310596950352192,0.9884657859802246,0.4999101758003235,0.20832917094230652,0.027744293212890625,131045.43480793216,0.0,0.0,0.0,1
35400,inverse_warmup_m1,1.0,0.048140428960323334,0.01851770468056202,0.02090525192519029,0.8168943325678507,0.0,0.01628854125738144,0.06815326737285791,0.011310596950352192,0.9884657859802246,0.4999101758003235,0.20832917094230652,0.027744293212890625,131045.43480793216,0.0,0.0,0.0,1
35600,inverse_warmup_m1,1.0,0.047460924834012985,0.017966095358133316,0.0209307501402994,0.8169442315896353,0.0,0.01584712602198124,0.08984637640250692,0.011310596950352192,0.9884657859802246,0.4999101758003235,0.20832917094230652,0.027744293212890625,131045.43480793216,0.0,0.0,0.0,1
35800,inverse_warmup_m1,1.0,0.04845573753118515,0.018423017114400864,0.020579576026648283,0.8183172394831976,0.0,0.016346387565135956,0.1143474945849591,0.011310596950352192,0.9884657859802246,0.4999101758003235,0.20832917094230652,0.027744293212890625,131045.43480793216,0.0,0.0,0.0,1
36000,inverse_warmup_m1,1.0,0.04742146283388138,0.01830996759235859,0.021197450036803882,0.8146248012781143,0.0,0.01672562025487423,0.17735404072711491,0.011310596950352192,0.9884657859802246,0.4999101758003235,0.20832917094230652,0.027744293212890625,131045.43480793216,0.0,0.0,0.0,1
36200,inverse_warmup_m1,1.0,0.048131559044122696,0.018238842487335205,0.020665986308207113,0.818323348959287,0.0,0.016186971217393875,0.1601503955038931,0.011310596950352192,0.9884657859802246,0.4999101758003235,0.20832917094230652,0.027744293212890625,131045.43480793216,0.0,0.0,0.0,1
36400,inverse_warmup_m1,1.0,0.04724057763814926,0.01806136593222618,0.020988541034360726,0.8162765751282374,0.0,0.0165236946195364,0.12411763469552214,0.011310596950352192,0.9884657859802246,0.4999101758003235,0.20832917094230652,0.027744293212890625,131045.43480793216,0.0,0.0,0.0,1
36600,inverse_warmup_m1,1.0,0.048656072467565536,0.018603187054395676,0.02082838909700513,0.8160209854443868,0.0,0.01596085913479328,0.15042817779883644,0.011310596950352192,0.9884657859802246,0.4999101758003235,0.20832917094230652,0.027744293212890625,131045.43480793216,0.0,0.0,0.0,1
36800,inverse_warmup_m1,1.0,0.047621168196201324,0.017909668385982513,0.020594500315686066,0.8185290942589442,0.0,0.015934264287352562,0.11929885837681707,0.011310596950352192,0.9884657859802246,0.4999101758003235,0.20832917094230652,0.027744293212890625,131045.43480793216,0.0,0.0,0.0,1
37000,inverse_warmup_m1,1.0,0.04816761612892151,0.01844964362680912,0.022388039467235405,0.8072228183348974,0.0,0.016563326120376587,0.1181075389459034,0.011310596950352192,0.9884657859802246,0.4999101758003235,0.20832917094230652,0.027744293212890625,131045.43480793216,0.0,0.0,0.0,1
37200,inverse_warmup_m1,1.0,0.048392944037914276,0.01841217651963234,0.021495321455101173,0.8133236368497213,0.0,0.016020292416214943,0.11496619879629325,0.011310596950352192,0.9884657859802246,0.4999101758003235,0.20832917094230652,0.027744293212890625,131045.43480793216,0.0,0.0,0.0,1
37400,inverse_warmup_m1,1.0,0.04739848151803017,0.017913907766342163,0.020623292308300734,0.8176061312357584,0.0,0.01610582321882248,0.13682810328076478,0.011310596950352192,0.9884657859802246,0.4999101758003235,0.20832917094230652,0.027744293212890625,131045.43480793216,0.0,0.0,0.0,1
37600,inverse_warmup_m1,1.0,0.04637616500258446,0.017351720482110977,0.02154512843117118,0.8121723284324011,0.0,0.01768512651324272,0.12462837534882223,0.011310596950352192,0.9884657859802246,0.4999101758003235,0.20832917094230652,0.027744293212890625,131045.43480793216,0.0,0.0,0.0,1
37800,inverse_warmup_m1,1.0,0.04736880213022232,0.017925113439559937,0.021166689383486908,0.8155996203422546,0.0,0.01652172952890396,0.13020017141634804,0.011310596950352192,0.9884657859802246,0.4999101758003235,0.20832917094230652,0.027744293212890625,131045.43480793216,0.0,0.0,0.0,1
38000,inverse_warmup_m1,1.0,0.048159774392843246,0.01829509064555168,0.020771813734124105,0.8171079903841019,0.0,0.016220763325691223,0.16803050082002177,0.011310596950352192,0.9884657859802246,0.4999101758003235,0.20832917094230652,0.027744293212890625,131045.43480793216,0.0,0.0,0.0,1
38200,inverse_warmup_m1,1.0,0.047690898180007935,0.018108010292053223,0.020939499760667484,0.817522848645846,0.0,0.015668636187911034,0.16733624703661623,0.011310596950352192,0.9884657859802246,0.4999101758003235,0.20832917094230652,0.027744293212890625,131045.43480793216,0.0,0.0,0.0,1
38400,inverse_warmup_m1,1.0,0.04749869927763939,0.01795368082821369,0.02085217833518982,0.8162919878959656,0.0,0.015466433949768543,0.0974476653915538,0.011310596950352192,0.9884657859802246,0.4999101758003235,0.20832917094230652,0.027744293212890625,131045.43480793216,0.0,0.0,0.0,1
38600,inverse_warmup_m1,1.0,0.047738805413246155,0.018209973350167274,0.02111046202480793,0.8167624076207479,0.0,0.01594162918627262,0.10021576251040826,0.011310596950352192,0.9884657859802246,0.4999101758003235,0.20832917094230652,0.027744293212890625,131045.43480793216,0.0,0.0,0.0,1
38800,inverse_warmup_m1,1.0,0.048159409314394,0.01826261356472969,0.021078893604377907,0.8138175159692764,0.0,0.015244428999722004,0.09092833582520439,0.011310596950352192,0.9884657859802246,0.4999101758003235,0.20832917094230652,0.027744293212890625,131045.43480793216,0.0,0.0,0.0,1
39000,inverse_warmup_m1,1.0,0.047816045582294464,0.018065858632326126,0.02171837321172158,0.8117435177167257,0.0,0.015757346525788307,0.18657626242227732,0.011310596950352192,0.9884657859802246,0.4999101758003235,0.20832917094230652,0.027744293212890625,131045.43480793216,0.0,0.0,0.0,1
39200,inverse_warmup_m1,1.0,0.048071376979351044,0.01826370134949684,0.021240285752962034,0.813817764321963,0.0,0.015424707904458046,0.12157304349328824,0.011310596950352192,0.9884657859802246,0.4999101758003235,0.20832917094230652,0.027744293212890625,131045.43480793216,0.0,0.0,0.0,1
39400,inverse_warmup_m1,1.0,0.04744253307580948,0.018132567405700684,0.020908427114288013,0.8190956016381582,0.0,0.015458162873983383,0.10186566554522783,0.011310596950352192,0.9884657859802246,0.4999101758003235,0.20832917094230652,0.027744293212890625,131045.43480793216,0.0,0.0,0.0,1
39600,inverse_warmup_m1,1.0,0.047154851257801056,0.017757751047611237,0.02079031926890214,0.8189112742741903,0.0,0.015406686812639236,0.050772837150708135,0.011310596950352192,0.9884657859802246,0.4999101758003235,0.20832917094230652,0.027744293212890625,131045.43480793216,0.0,0.0,0.0,1
39800,inverse_warmup_m1,1.0,0.04709772765636444,0.01772414892911911,0.020507838887472946,0.8196041683355967,0.0,0.015505856834352016,0.05135142179834993,0.011310596950352192,0.9884657859802246,0.4999101758003235,0.20832917094230652,0.027744293212890625,131045.43480793216,0.0,0.0,0.0,1
40000,inverse_warmup_m1,1.0,0.047383978962898254,0.017943773418664932,0.02089522872120142,0.8179851522048315,0.0,0.015582687221467495,0.05928809150925485,0.011310596950352192,0.9884657859802246,0.4999101758003235,0.20832917094230652,0.027744293212890625,131045.43480793216,0.0,0.0,0.0,1
40200,inverse_warmup_m1,1.0,0.04724380373954773,0.017894195392727852,0.020772805127004784,0.8184089908997217,0.0,0.015311307273805141,0.0732980419512443,0.011310596950352192,0.9884657859802246,0.4999101758003235,0.20832917094230652,0.027744293212890625,131045.43480793216,0.0,0.0,0.0,1
40400,inverse_warmup_m1,1.0,0.04764629900455475,0.017998792231082916,0.02070155708740155,0.8183958778778712,0.0,0.01583244651556015,0.07338449503019151,0.011310596950352192,0.9884657859802246,0.4999101758003235,0.20832917094230652,0.027744293212890625,131045.43480793216,0.0,0.0,0.0,1
40600,inverse_warmup_m1,1.0,0.04729805886745453,0.017706753686070442,0.0207909372014304,0.8159329096476237,0.0,0.015575951896607876,0.14911732657783724,0.011310596950352192,0.9884657859802246,0.4999101758003235,0.20832917094230652,0.027744293212890625,131045.43480793216,0.0,0.0,0.0,1
40800,inverse_warmup_m1,1.0,0.0479796901345253,0.017963187769055367,0.02071585723509391,0.8168098876873652,0.0,0.015224170871078968,0.16870137253295453,0.011310596950352192,0.9884657859802246,0.4999101758003235,0.20832917094230652,0.027744293212890625,131045.43480793216,0.0,0.0,0.0,1
41000,inverse_warmup_m1,1.0,0.04705828055739403,0.01766008511185646,0.020466691969583433,0.8182941277821859,0.0,0.015353313647210598,0.0698778971101423,0.011310596950352192,0.9884657859802246,0.4999101758003235,0.20832917094230652,0.027744293212890625,131045.43480793216,0.0,0.0,0.0,1
41200,inverse_warmup_m1,1.0,0.04749315604567528,0.017821256071329117,0.020476300579806168,0.8185357799132665,0.0,0.01464979536831379,0.05559194321621561,0.011310596950352192,0.9884657859802246,0.4999101758003235,0.20832917094230652,0.027744293212890625,131045.43480793216,0.0,0.0,0.0,1
41400,inverse_warmup_m1,1.0,0.047645360231399536,0.018109329044818878,0.021133067707220714,0.815881942709287,0.0,0.015182830393314362,0.06427475271585925,0.011310596950352192,0.9884657859802246,0.4999101758003235,0.20832917094230652,0.027744293212890625,131045.43480793216,0.0,0.0,0.0,1
41600,inverse_warmup_m1,1.0,0.04681168869137764,0.017791111022233963,0.02098778806005915,0.8164533128341039,0.0,0.015474203042685986,0.09161459450854724,0.011310596950352192,0.9884657859802246,0.4999101758003235,0.20832917094230652,0.027744293212890625,131045.43480793216,0.0,0.0,0.0,1
41800,inverse_warmup_m1,1.0,0.04830123111605644,0.018662896007299423,0.020647496295471985,0.8174489537874857,0.0,0.015848396345973015,0.110780207781127,0.011310596950352192,0.9884657859802246,0.4999101758003235,0.20832917094230652,0.027744293212890625,131045.43480793216,0.0,0.0,0.0,1
42000,inverse_warmup_m1,1.0,0.047007836401462555,0.01764492876827717,0.020774792414158583,0.8175200720628103,0.0,0.015367681160569191,0.07382600462058309,0.011310596950352192,0.9884657859802246,0.4999101758003235,0.20832917094230652,0.027744293212890625,131045.43480793216,0.0,0.0,0.0,1
42200,inverse_warmup_m1,1.0,0.047650642693042755,0.018141169100999832,0.0207994660983483,0.817333867152532,0.0,0.015632744878530502,0.07103178793932378,0.011310596950352192,0.9884657859802246,0.4999101758003235,0.20832917094230652,0.027744293212890625,131045.43480793216,0.0,0.0,0.0,1
42400,inverse_warmup_m1,1.0,0.04709959775209427,0.017575103789567947,0.02057149028405547,0.819567546248436,0.0,0.015291256830096245,0.08066221622516531,0.011310596950352192,0.9884657859802246,0.4999101758003235,0.20832917094230652,0.027744293212890625,131045.43480793216,0.0,0.0,0.0,1
42600,inverse_warmup_m1,1.0,0.047817543148994446,0.01824425905942917,0.02094225895901521,0.8156394213438034,0.0,0.015863806009292603,0.06645744526738431,0.011310596950352192,0.9884657859802246,0.4999101758003235,0.20832917094230652,0.027744293212890625,131045.43480793216,0.0,0.0,0.0,1
42800,inverse_warmup_m1,1.0,0.04670540243387222,0.017351044341921806,0.020744663818428915,0.8188535223404566,0.0,0.014524200931191444,0.11777786898923147,0.011310596950352192,0.9884657859802246,0.4999101758003235,0.20832917094230652,0.027744293212890625,131045.43480793216,0.0,0.0,0.0,1
43000,inverse_warmup_m1,1.0,0.047516852617263794,0.01804869808256626,0.020650650685032208,0.8186841060717901,0.0,0.01512692030519247,0.07348904907496803,0.011310596950352192,0.9884657859802246,0.4999101758003235,0.20832917094230652,0.027744293212890625,131045.43480793216,0.0,0.0,0.0,1
43200,inverse_warmup_m1,1.0,0.0471571609377861,0.017843026667833328,0.02307779559244712,0.8037460198005041,0.0,0.01488520298153162,0.08926657716611963,0.011310596950352192,0.9884657859802246,0.4999101758003235,0.20832917094230652,0.027744293212890625,131045.43480793216,0.0,0.0,0.0,1
43400,inverse_warmup_m1,1.0,0.047897107899188995,0.018339984118938446,0.020819620539744694,0.817239706714948,0.0,0.015299149788916111,0.10509691023357558,0.011310596950352192,0.9884657859802246,0.4999101758003235,0.20832917094230652,0.027744293212890625,131045.43480793216,0.0,0.0,0.0,1
43600,inverse_warmup_m1,1.0,0.04819423705339432,0.018376946449279785,0.0205770389487346,0.8191675742467245,0.0,0.015537909232079983,0.11434871024478724,0.011310596950352192,0.9884657859802246,0.4999101758003235,0.20832917094230652,0.027744293212890625,131045.43480793216,0.0,0.0,0.0,1
43800,inverse_warmup_m1,1.0,0.04699964076280594,0.017761169001460075,0.021479429677128792,0.8138056993484497,0.0,0.01514693908393383,0.08379447780734638,0.011310596950352192,0.9884657859802246,0.4999101758003235,0.20832917094230652,0.027744293212890625,131045.43480793216,0.0,0.0,0.0,1
44000,inverse_warmup_m1,1.0,0.04789559543132782,0.018182266503572464,0.02075880424429973,0.8178108880917231,0.0,0.015539639629423618,0.13048782351310917,0.011310596950352192,0.9884657859802246,0.4999101758003235,0.20832917094230652,0.027744293212890625,131045.43480793216,0.0,0.0,0.0,1
44200,inverse_warmup_m1,1.0,0.046077318489551544,0.01734253391623497,0.02177219403286775,0.8115086555480957,0.0,0.014738835394382477,0.07000217620625869,0.011310596950352192,0.9884657859802246,0.4999101758003235,0.20832917094230652,0.027744293212890625,131045.43480793216,0.0,0.0,0.0,1
44400,inverse_warmup_m1,1.0,0.04693640395998955,0.017712470144033432,0.020391915769626696,0.8191267748673757,0.0,0.014843897894024849,0.05741897709866593,0.011310596950352192,0.9884657859802246,0.4999101758003235,0.20832917094230652,0.027744293212890625,131045.43480793216,0.0,0.0,0.0,1
44600,inverse_warmup_m1,1.0,0.04713376238942146,0.017787013202905655,0.021457025005171698,0.8140896757443746,0.0,0.014698834158480167,0.0686440105050757,0.011310596950352192,0.9884657859802246,0.4999101758003235,0.20832917094230652,0.027744293212890625,131045.43480793216,0.0,0.0,0.0,1
44800,inverse_warmup_m1,1.0,0.048179253935813904,0.018457677215337753,0.021161457213262718,0.8165938456853231,0.0,0.015080808661878109,0.1336121418846502,0.011310596950352192,0.9884657859802246,0.4999101758003235,0.20832917094230652,0.027744293212890625,131045.43480793216,0.0,0.0,0.0,1
45000,inverse_warmup_m1,1.0,0.04763929545879364,0.01812797598540783,0.021207070909440517,0.8153139104445776,0.0,0.015503487549722195,0.10831227856970393,0.011310596950352192,0.9884657859802246,0.4999101758003235,0.20832917094230652,0.027744293212890625,131045.43480793216,0.0,0.0,0.0,1
45200,inverse_warmup_m1,1.0,0.04908229783177376,0.01879451610147953,0.02051398189117511,0.8187081466118494,0.0,0.01567154936492443,0.15916282672665083,0.011310596950352192,0.9884657859802246,0.4999101758003235,0.20832917094230652,0.027744293212890625,131045.43480793216,0.0,0.0,0.0,1
45400,inverse_warmup_m1,1.0,0.04739416763186455,0.017877308651804924,0.02087823332597812,0.8153311312198639,0.0,0.014813998714089394,0.11580364370372866,0.011310596950352192,0.9884657859802246,0.4999101758003235,0.20832917094230652,0.027744293212890625,131045.43480793216,0.0,0.0,0.0,1
45600,inverse_warmup_m1,1.0,0.0477294884622097,0.017790978774428368,0.021048682431379955,0.813425878683726,0.0,0.014311989769339561,0.11866912453463191,0.011310596950352192,0.9884657859802246,0.4999101758003235,0.20832917094230652,0.027744293212890625,131045.43480793216,0.0,0.0,0.0,1
45800,inverse_warmup_m1,1.0,0.04687052220106125,0.017467640340328217,0.020582399641474087,0.8171428143978119,0.0,0.014339746907353401,0.06847417433578012,0.011310596950352192,0.9884657859802246,0.4999101758003235,0.20832917094230652,0.027744293212890625,131045.43480793216,0.0,0.0,0.0,1
46000,inverse_warmup_m1,1.0,0.048395127058029175,0.018314002081751823,0.020862328509489696,0.8162599802017212,0.0,0.01428215391933918,0.15765388004431874,0.011310596950352192,0.9884657859802246,0.4999101758003235,0.20832917094230652,0.027744293212890625,131045.43480793216,0.0,0.0,0.0,1
46200,inverse_warmup_m1,1.0,0.04702255502343178,0.017808910459280014,0.021164145941535633,0.8155025442441305,0.0,0.014590835198760033,0.054585481408857675,0.011310596950352192,0.9884657859802246,0.4999101758003235,0.20832917094230652,0.027744293212890625,131045.43480793216,0.0,0.0,0.0,1
46400,inverse_warmup_m1,1.0,0.04773528873920441,0.01815376989543438,0.021975304000079632,0.8107820997635523,0.0,0.014681384898722172,0.11113115401911475,0.011310596950352192,0.9884657859802246,0.4999101758003235,0.20832917094230652,0.027744293212890625,131045.43480793216,0.0,0.0,0.0,1
46600,inverse_warmup_m1,1.0,0.04779558628797531,0.01817828044295311,0.02054034514973561,0.8203354676564535,0.0,0.01492134016007185,0.0848291463218009,0.011310596950352192,0.9884657859802246,0.4999101758003235,0.20832917094230652,0.027744293212890625,131045.43480793216,0.0,0.0,0.0,1
46800,inverse_warmup_m1,1.0,0.0466492734849453,0.017380425706505775,0.02056335099041462,0.820738896727562,0.0,0.014549092389643192,0.07417721869539319,0.011310596950352192,0.9884657859802246,0.4999101758003235,0.20832917094230652,0.027744293212890625,131045.43480793216,0.0,0.0,0.0,1
47000,inverse_warmup_m1,1.0,0.04581063240766525,0.0167166069149971,0.02068536418179671,0.81939164797465,0.0,0.02070622518658638,0.09936403318615769,0.011310596950352192,0.9884657859802246,0.4999101758003235,0.20832917094230652,0.027744293212890625,131045.43480793216,0.0,0.0,0.0,1
47200,inverse_warmup_m1,1.0,0.046434611082077026,0.017339879646897316,0.020509425085037947,0.8201287885506948,0.0,0.01455503050237894,0.056153467301297076,0.011310596950352192,0.9884657859802246,0.4999101758003235,0.20832917094230652,0.027744293212890625,131045.43480793216,0.0,0.0,0.0,1
47400,inverse_warmup_m1,1.0,0.04699809476733208,0.017652712762355804,0.020770701424529154,0.8180161317189535,0.0,0.014665678143501282,0.07902583349934242,0.011310596950352192,0.9884657859802246,0.4999101758003235,0.20832917094230652,0.027744293212890625,131045.43480793216,0.0,0.0,0.0,1
47600,inverse_warmup_m1,1.0,0.04702306166291237,0.017668964341282845,0.021982576698064804,0.8099773228168488,0.0,0.014385600574314594,0.08435495819388873,0.011310596950352192,0.9884657859802246,0.4999101758003235,0.20832917094230652,0.027744293212890625,131045.43480793216,0.0,0.0,0.0,1
47800,inverse_warmup_m1,1.0,0.04706006869673729,0.01782870665192604,0.020960295262436073,0.816574697693189,0.0,0.014406478963792324,0.1143247071156478,0.011310596950352192,0.9884657859802246,0.4999101758003235,0.20832917094230652,0.027744293212890625,131045.43480793216,0.0,0.0,0.0,1
48000,inverse_warmup_m1,1.0,0.04693260043859482,0.017828823998570442,0.02074879656235377,0.8178112655878067,0.0,0.014917644672095776,0.07939072884915484,0.011310596950352192,0.9884657859802246,0.4999101758003235,0.20832917094230652,0.027744293212890625,131045.43480793216,0.0,0.0,0.0,1
48200,inverse_warmup_m1,1.0,0.04743194952607155,0.017955992370843887,0.02045580791309476,0.8199313680330912,0.0,0.014618025161325932,0.07568909520307168,0.011310596950352192,0.9884657859802246,0.4999101758003235,0.20832917094230652,0.027744293212890625,131045.43480793216,0.0,0.0,0.0,1
48400,inverse_warmup_m1,1.0,0.04673655331134796,0.017745766788721085,0.02078385775287946,0.8201010574897131,0.0,0.014408373273909092,0.1015204466123564,0.011310596950352192,0.9884657859802246,0.4999101758003235,0.20832917094230652,0.027744293212890625,131045.43480793216,0.0,0.0,0.0,1
48600,inverse_warmup_m1,1.0,0.04766387119889259,0.018102698028087616,0.020955892590185005,0.8174219379822413,0.0,0.014588581398129463,0.1250741401738319,0.011310596950352192,0.9884657859802246,0.4999101758003235,0.20832917094230652,0.027744293212890625,131045.43480793216,0.0,0.0,0.0,1
48800,inverse_warmup_m1,1.0,0.04719787836074829,0.017982464283704758,0.020541922189295292,0.8204880356788635,0.0,0.014883304946124554,0.11507370920750445,0.011310596950352192,0.9884657859802246,0.4999101758003235,0.20832917094230652,0.027744293212890625,131045.43480793216,0.0,0.0,0.0,1
49000,inverse_warmup_m1,1.0,0.046964406967163086,0.01753952167928219,0.020865338388830423,0.818108136455218,0.0,0.014237115159630775,0.12100581741366705,0.011310596950352192,0.9884657859802246,0.4999101758003235,0.20832917094230652,0.027744293212890625,131045.43480793216,0.0,0.0,0.0,1
49200,inverse_warmup_m1,1.0,0.0467224046587944,0.017501819878816605,0.020521200262010098,0.8198505640029907,0.0,0.014315416105091572,0.062368293819588985,0.011310596950352192,0.9884657859802246,0.4999101758003235,0.20832917094230652,0.027744293212890625,131045.43480793216,0.0,0.0,0.0,1
49400,inverse_warmup_m1,1.0,0.04722775146365166,0.017862360924482346,0.020452833734452724,0.8204573839902878,0.0,0.014337694272398949,0.07181807647408764,0.011310596950352192,0.9884657859802246,0.4999101758003235,0.20832917094230652,0.027744293212890625,131045.43480793216,0.0,0.0,0.0,1
49600,inverse_warmup_m1,1.0,0.04684458673000336,0.017572933807969093,0.02111196642120679,0.8161686708529791,0.0,0.014166970737278461,0.06111876047197174,0.011310596950352192,0.9884657859802246,0.4999101758003235,0.20832917094230652,0.027744293212890625,131045.43480793216,0.0,0.0,0.0,1
49800,inverse_warmup_m1,1.0,0.04800836741924286,0.018039170652627945,0.020868935001393158,0.8146071285009384,0.0,0.014763638377189636,0.14419837324371756,0.011310596950352192,0.9884657859802246,0.4999101758003235,0.20832917094230652,0.027744293212890625,131045.43480793216,0.0,0.0,0.0,1
50000,inverse_warmup_m1,1.0,0.04751729220151901,0.01777726784348488,0.02074154047295451,0.8165076474348704,0.0,0.014694610610604286,0.11689310522002308,0.011310596950352192,0.9884657859802246,0.4999101758003235,0.20832917094230652,0.027744293212890625,131045.43480793216,0.0,0.0,0.0,1
50200,inverse_warmup_m1,1.0,0.04722874239087105,0.017725011333823204,0.020991820842027664,0.818901002407074,0.0,0.013896658085286617,0.07116384639115018,0.011310596950352192,0.9884657859802246,0.4999101758003235,0.20832917094230652,0.027744293212890625,131045.43480793216,0.0,0.0,0.0,1
50400,inverse_warmup_m1,1.0,0.04661522060632706,0.01765589602291584,0.020825575416286785,0.820163682103157,0.0,0.014345311559736729,0.15304593513956097,0.011310596950352192,0.9884657859802246,0.4999101758003235,0.20832917094230652,0.027744293212890625,131045.43480793216,0.0,0.0,0.0,1
50600,inverse_warmup_m1,1.0,0.04805504158139229,0.018422100692987442,0.020733828501154978,0.817881296078364,0.0,0.013827848248183727,0.0676130575478743,0.011310596950352192,0.9884657859802246,0.4999101758003235,0.20832917094230652,0.027744293212890625,131045.43480793216,0.0,0.0,0.0,1
50800,inverse_warmup_m1,1.0,0.04748636484146118,0.01798182912170887,0.02057948677490155,0.8202294458945593,0.0,0.014195210300385952,0.04718584628008987,0.011310596950352192,0.9884657859802246,0.4999101758003235,0.20832917094230652,0.027744293212890625,131045.43480793216,0.0,0.0,0.0,1
51000,inverse_warmup_m1,1.0,0.046352092176675797,0.017355039715766907,0.02033098383496205,0.8212812195221583,0.0,0.014178784564137459,0.06327728495267954,0.011310596950352192,0.9884657859802246,0.4999101758003235,0.20832917094230652,0.027744293212890625,131045.43480793216,0.0,0.0,0.0,1
51200,inverse_warmup_m1,1.0,0.04742547869682312,0.018026191741228104,0.020542642877747614,0.8190888712803522,0.0,0.014167736284434795,0.05161329947525636,0.011310596950352192,0.9884657859802246,0.4999101758003235,0.20832917094230652,0.027744293212890625,131045.43480793216,0.0,0.0,0.0,1
51400,inverse_warmup_m1,1.0,0.046387866139411926,0.017321612685918808,0.02077715036769708,0.81674425303936,0.0,0.01396928820759058,0.04381826351729964,0.011310596950352192,0.9884657859802246,0.4999101758003235,0.20832917094230652,0.027744293212890625,131045.43480793216,0.0,0.0,0.0,1
51600,inverse_warmup_m1,1.0,0.04716818779706955,0.017757941037416458,0.02077296997110049,0.8182904869318008,0.0,0.014333107508718967,0.07496584453330986,0.011310596950352192,0.9884657859802246,0.4999101758003235,0.20832917094230652,0.027744293212890625,131045.43480793216,0.0,0.0,0.0,1
51800,inverse_warmup_m1,1.0,0.04680003598332405,0.01741889864206314,0.020462147891521454,0.8204366266727448,0.0,0.013980912044644356,0.1072088199001149,0.011310596950352192,0.9884657859802246,0.4999101758003235,0.20832917094230652,0.027744293212890625,131045.43480793216,0.0,0.0,0.0,1
52000,inverse_warmup_m1,1.0,0.047332122921943665,0.01783895492553711,0.020798360152790945,0.8172529886166254,0.0,0.014339786022901535,0.0616829420178439,0.011310596950352192,0.9884657859802246,0.4999101758003235,0.20832917094230652,0.027744293212890625,131045.43480793216,0.0,0.0,0.0,1
52200,inverse_warmup_m1,1.0,0.04648730903863907,0.017365973442792892,0.021176520735025406,0.8159137020508448,0.0,0.01399724930524826,0.095898668169978,0.011310596950352192,0.9884657859802246,0.4999101758003235,0.20832917094230652,0.027744293212890625,131045.43480793216,0.0,0.0,0.0,1
52400,inverse_warmup_m1,1.0,0.047027915716171265,0.017759662121534348,0.021042977770169575,0.8157817174990972,0.0,0.013890006579458714,0.0803538517689592,0.011310596950352192,0.9884657859802246,0.4999101758003235,0.20832917094230652,0.027744293212890625,131045.43480793216,0.0,0.0,0.0,1
52600,inverse_warmup_m1,1.0,0.04633217304944992,0.017391234636306763,0.02091199050967892,0.8172005663315455,0.0,0.013855013996362686,0.07523293632992313,0.011310596950352192,0.9884657859802246,0.4999101758003235,0.20832917094230652,0.027744293212890625,131045.43480793216,0.0,0.0,0.0,1
52800,inverse_warmup_m1,1.0,0.04737827181816101,0.01800552010536194,0.020879268180578947,0.8173755506674448,0.0,0.014371722005307674,0.08307419853057023,0.011310596950352192,0.9884657859802246,0.4999101758003235,0.20832917094230652,0.027744293212890625,131045.43480793216,0.0,0.0,0.0,1
53000,inverse_warmup_m1,1.0,0.047267865389585495,0.017801694571971893,0.020294121621797483,0.8199701309204102,0.0,0.013908208347856998,0.04047377605131494,0.011310596950352192,0.9884657859802246,0.4999101758003235,0.20832917094230652,0.027744293212890625,131045.43480793216,0.0,0.0,0.0,1
53200,inverse_warmup_m1,1.0,0.04654238745570183,0.01762949675321579,0.020700130766878527,0.8189786622921625,0.0,0.013999382965266705,0.1353994953987249,0.011310596950352192,0.9884657859802246,0.4999101758003235,0.20832917094230652,0.027744293212890625,131045.43480793216,0.0,0.0,0.0,1
53400,inverse_warmup_m1,1.0,0.046908751130104065,0.017768369987607002,0.020487243154396612,0.8205116589864095,0.0,0.014583186246454716,0.08528211300182606,0.011310596950352192,0.9884657859802246,0.4999101758003235,0.20832917094230652,0.027744293212890625,131045.43480793216,0.0,0.0,0.0,1
53600,inverse_warmup_m1,1.0,0.04580914229154587,0.01712486892938614,0.0207525120737652,0.817766139904658,0.0,0.013758577406406403,0.10513062653288995,0.011310596950352192,0.9884657859802246,0.4999101758003235,0.20832917094230652,0.027744293212890625,131045.43480793216,0.0,0.0,0.0,1
53800,inverse_warmup_m1,1.0,0.04652951657772064,0.017487727105617523,0.02037765256439646,0.818616658449173,0.0,0.013617848046123981,0.04275503606192588,0.011310596950352192,0.9884657859802246,0.4999101758003235,0.20832917094230652,0.027744293212890625,131045.43480793216,0.0,0.0,0.0,1
54000,inverse_warmup_m1,1.0,0.04720587283372879,0.017746474593877792,0.02091214122871558,0.8185515900452932,0.0,0.01347019337117672,0.0709694862223809,0.011310596950352192,0.9884657859802246,0.4999101758003235,0.20832917094230652,0.027744293212890625,131045.43480793216,0.0,0.0,0.0,1
54200,inverse_warmup_m1,1.0,0.04734983295202255,0.017828447744250298,0.020430364025135834,0.8205320437749227,0.0,0.013405663892626762,0.10402971587262994,0.011310596950352192,0.9884657859802246,0.4999101758003235,0.20832917094230652,0.027744293212890625,131045.43480793216,0.0,0.0,0.0,1
54400,inverse_warmup_m1,1.0,0.04664283245801926,0.017642099410295486,0.02151733636856079,0.8134550849596659,0.0,0.013831712305545807,0.06996680914680478,0.011310596950352192,0.9884657859802246,0.4999101758003235,0.20832917094230652,0.027744293212890625,131045.43480793216,0.0,0.0,0.0,1
54600,inverse_warmup_m1,1.0,0.04807836562395096,0.01840882934629917,0.021783373473833006,0.8111123790343603,0.0,0.014456202276051044,0.12646357490476695,0.011310596950352192,0.9884657859802246,0.4999101758003235,0.20832917094230652,0.027744293212890625,131045.43480793216,0.0,0.0,0.0,1
54800,inverse_warmup_m1,1.0,0.046662840992212296,0.017627881839871407,0.020761534416427214,0.8168975462516149,0.0,0.013870108872652054,0.11768216781689039,0.011310596950352192,0.9884657859802246,0.4999101758003235,0.20832917094230652,0.027744293212890625,131045.43480793216,0.0,0.0,0.0,1
55000,inverse_warmup_m1,1.0,0.04708181321620941,0.017500128597021103,0.02043765007207791,0.8195299307505289,0.0,0.013432846404612064,0.1035039202636011,0.011310596950352192,0.9884657859802246,0.4999101758003235,0.20832917094230652,0.027744293212890625,131045.43480793216,0.0,0.0,0.0,1
55200,inverse_warmup_m1,1.0,0.046501513570547104,0.01741848513484001,0.021063312112043302,0.8151984463135401,0.0,0.013540570624172688,0.07884899979429193,0.011310596950352192,0.9884657859802246,0.4999101758003235,0.20832917094230652,0.027744293212890625,131045.43480793216,0.0,0.0,0.0,1
55400,inverse_warmup_m1,1.0,0.0480242483317852,0.01828784868121147,0.02058844439064463,0.8174371123313904,0.0,0.013374753296375275,0.07393561523385069,0.011310596950352192,0.9884657859802246,0.4999101758003235,0.20832917094230652,0.027744293212890625,131045.43480793216,0.0,0.0,0.0,1
55600,inverse_warmup_m1,1.0,0.046634741127491,0.01755000278353691,0.02042127897342046,0.8201277951399485,0.0,0.01393342949450016,0.06202272194805771,0.011310596950352192,0.9884657859802246,0.4999101758003235,0.20832917094230652,0.027744293212890625,131045.43480793216,0.0,0.0,0.0,1
55800,inverse_warmup_m1,1.0,0.04745304584503174,0.017992869019508362,0.02057513299708565,0.8199912707010905,0.0,0.013818326406180859,0.0849210064995332,0.011310596950352192,0.9884657859802246,0.4999101758003235,0.20832917094230652,0.027744293212890625,131045.43480793216,0.0,0.0,0.0,1
56000,inverse_warmup_m1,1.0,0.047647975385189056,0.018083997070789337,0.020681537687778473,0.8201313664515814,0.0,0.014034171588718891,0.10185147752189434,0.011310596950352192,0.9884657859802246,0.4999101758003235,0.20832917094230652,0.027744293212890625,131045.43480793216,0.0,0.0,0.0,1
56200,inverse_warmup_m1,1.0,0.04683844745159149,0.017647627741098404,0.020768133147309225,0.8194249371687571,0.0,0.01399045716971159,0.07578428401902296,0.011310596950352192,0.9884657859802246,0.4999101758003235,0.20832917094230652,0.027744293212890625,131045.43480793216,0.0,0.0,0.0,1
56400,inverse_warmup_m1,1.0,0.04622025415301323,0.01722298376262188,0.020973590047409136,0.8167596807082494,0.0,0.015288702212274075,0.16270642281182254,0.011310596950352192,0.9884657859802246,0.4999101758003235,0.20832917094230652,0.027744293212890625,131045.43480793216,0.0,0.0,0.0,1
56600,inverse_warmup_m1,1.0,0.04787082597613335,0.018044959753751755,0.02066209369028608,0.8169362942377726,0.0,0.01358911395072937,0.1060263907819443,0.011310596950352192,0.9884657859802246,0.4999101758003235,0.20832917094230652,0.027744293212890625,131045.43480793216,0.0,0.0,0.0,1
56800,inverse_warmup_m1,1.0,0.04745931550860405,0.017728377133607864,0.020261753040055435,0.8193635642528534,0.0,0.014188859611749649,0.1371914588909388,0.011310596950352192,0.9884657859802246,0.4999101758003235,0.20832917094230652,0.027744293212890625,131045.43480793216,0.0,0.0,0.0,1
57000,inverse_warmup_m1,1.0,0.04733148589730263,0.017644912004470825,0.020263090264052153,0.8196561882893244,0.0,0.013715560548007488,0.16332123514887603,0.011310596950352192,0.9884657859802246,0.4999101758003235,0.20832917094230652,0.027744293212890625,131045.43480793216,0.0,0.0,0.0,1
57200,inverse_warmup_m1,1.0,0.04673672467470169,0.017545972019433975,0.02062317014982303,0.8177681018908819,0.0,0.01326921209692955,0.1042731216429228,0.011310596950352192,0.9884657859802246,0.4999101758003235,0.20832917094230652,0.027744293212890625,131045.43480793216,0.0,0.0,0.0,1
57400,inverse_warmup_m1,1.0,0.04666897654533386,0.01756136864423752,0.023028422923137743,0.8031749427318573,0.0,0.013818957842886448,0.08995332962647001,0.011310596950352192,0.9884657859802246,0.4999101758003235,0.20832917094230652,0.027744293212890625,131045.43480793216,0.0,0.0,0.0,1
57600,inverse_warmup_m1,1.0,0.04781568795442581,0.018169235438108444,0.02061274570102493,0.8176902731259664,0.0,0.013258219696581364,0.15242189243367715,0.011310596950352192,0.9884657859802246,0.4999101758003235,0.20832917094230652,0.027744293212890625,131045.43480793216,0.0,0.0,0.0,1
57800,inverse_warmup_m1,1.0,0.04804414510726929,0.01853703148663044,0.02274773471678297,0.8047786603371302,0.0,0.014353659935295582,0.17032631048685745,0.011310596950352192,0.9884657859802246,0.4999101758003235,0.20832917094230652,0.027744293212890625,131045.43480793216,0.0,0.0,0.0,1
58000,inverse_warmup_m1,1.0,0.04709675908088684,0.01778838038444519,0.020382440493752558,0.819243515531222,0.0,0.013324747793376446,0.0740185559599007,0.011310596950352192,0.9884657859802246,0.4999101758003235,0.20832917094230652,0.027744293212890625,131045.43480793216,0.0,0.0,0.0,1
58200,inverse_warmup_m1,1.0,0.04663758724927902,0.01764976978302002,0.02135429469247659,0.8146168341239294,0.0,0.013258266262710094,0.0597684221447843,0.011310596950352192,0.9884657859802246,0.4999101758003235,0.20832917094230652,0.027744293212890625,131045.43480793216,0.0,0.0,0.0,1
58400,inverse_warmup_m1,1.0,0.04652629792690277,0.017231009900569916,0.020366699279596407,0.820851112405459,0.0,0.013071557506918907,0.12243508135321036,0.011310596950352192,0.9884657859802246,0.4999101758003235,0.20832917094230652,0.027744293212890625,131045.43480793216,0.0,0.0,0.0,1
58600,inverse_warmup_m1,1.0,0.04636294022202492,0.01736033707857132,0.020412579644471407,0.8206973026196162,0.0,0.012998268008232117,0.04006257912573071,0.011310596950352192,0.9884657859802246,0.4999101758003235,0.20832917094230652,0.027744293212890625,131045.43480793216,0.0,0.0,0.0,1
58800,inverse_warmup_m1,1.0,0.047028832137584686,0.017918847501277924,0.020546212171514828,0.8204921881357828,0.0,0.013507239520549774,0.08425901167713912,0.011310596950352192,0.9884657859802246,0.4999101758003235,0.20832917094230652,0.027744293212890625,131045.43480793216,0.0,0.0,0.0,1
59000,inverse_warmup_m1,1.0,0.04646694287657738,0.017328491434454918,0.020523679287483294,0.8207484483718872,0.0,0.013238782994449139,0.08492873679634257,0.011310596950352192,0.9884657859802246,0.4999101758003235,0.20832917094230652,0.027744293212890625,131045.43480793216,0.0,0.0,0.0,1
59200,inverse_warmup_m1,1.0,0.04664534330368042,0.017384544014930725,0.020823867836346228,0.8167152851819992,0.0,0.013262256979942322,0.09414400245519326,0.011310596950352192,0.9884657859802246,0.4999101758003235,0.20832917094230652,0.027744293212890625,131045.43480793216,0.0,0.0,0.0,1
59400,inverse_warmup_m1,1.0,0.046371228992938995,0.017329704016447067,0.02031281388675173,0.8201932112375895,0.0,0.013253459706902504,0.0693804837646952,0.011310596950352192,0.9884657859802246,0.4999101758003235,0.20832917094230652,0.027744293212890625,131045.43480793216,0.0,0.0,0.0,1
59600,inverse_warmup_m1,1.0,0.04701562225818634,0.017613206058740616,0.02050383109599352,0.8200667599836985,0.0,0.013118811883032322,0.14699456426666294,0.011310596950352192,0.9884657859802246,0.4999101758003235,0.20832917094230652,0.027744293212890625,131045.43480793216,0.0,0.0,0.0,1
59800,inverse_warmup_m1,1.0,0.04657426103949547,0.01755642145872116,0.020687339051316183,0.8196672896544138,0.0,0.01304867584258318,0.10581369236823857,0.011310596950352192,0.9884657859802246,0.4999101758003235,0.20832917094230652,0.027744293212890625,131045.43480793216,0.0,0.0,0.0,1
60000,inverse_warmup_m1,1.0,0.04699510335922241,0.017722927033901215,0.021014071224878233,0.8174478113651276,0.0,0.012944958172738552,0.06888191614632842,0.011310596950352192,0.9884657859802246,0.4999101758003235,0.20832917094230652,0.027744293212890625,131045.43480793216,0.0,0.0,0.0,1
60200,inverse_warmup_m1,1.0,0.047064460813999176,0.017861029133200645,0.020561873136709135,0.82094407081604,0.0,0.01335408166050911,0.06907431331202883,0.011310596950352192,0.9884657859802246,0.4999101758003235,0.20832917094230652,0.027744293212890625,131045.43480793216,0.0,0.0,0.0,1
60400,inverse_warmup_m1,1.0,0.0461542084813118,0.017319640144705772,0.020242488322158653,0.8205485641956329,0.0,0.013564222492277622,0.0543754789019724,0.011310596950352192,0.9884657859802246,0.4999101758003235,0.20832917094230652,0.027744293212890625,131045.43480793216,0.0,0.0,0.0,1
60600,inverse_warmup_m1,1.0,0.04750550165772438,0.018047664314508438,0.020977343277384836,0.8175628532965978,0.0,0.013221683911979198,0.1376920525497883,0.011310596950352192,0.9884657859802246,0.4999101758003235,0.20832917094230652,0.027744293212890625,131045.43480793216,0.0,0.0,0.0,1
60750,inverse_warmup_m1,1.0,0.046382516622543335,0.017082203179597855,0.02143411881600817,0.8131058563788732,0.0,0.012983070686459541,0.13688694538251323,0.011310596950352192,0.9884657859802246,0.4999101758003235,0.20832917094230652,0.027744293212890625,131045.43480793216,0.0,0.0,0.0,1
60800,joint_m1,1.0,0.045506156980991364,0.01685519516468048,0.019647017897417147,0.8260120203097662,1.8693023093874217e-06,0.012775984592735767,0.13444251124944578,0.011346539482474327,0.9882959723472595,0.4998930096626282,0.2083190530538559,0.0277252197265625,131026.96882703195,18.46598090021871,1.8209985494613647,8.079774856567383,0
61000,joint_m1,1.0,0.04392363131046295,0.01564887911081314,0.01843631298591693,0.8351426670948664,1.5397696415675455e-06,0.011082140728831291,0.11735425964582741,0.011431139893829823,0.9880600571632385,0.4998370409011841,0.20831716060638428,0.027538299560546875,130985.38544433116,60.04936360100692,6.517378330230713,28.59735870361328,0
61200,joint_m1,1.0,0.04219859465956688,0.01482232753187418,0.016445511331160862,0.8509766260782877,1.4027673387317918e-06,0.010519509203732014,0.0833036166176467,0.011499245651066303,0.9879550933837891,0.49979251623153687,0.20833401381969452,0.027374267578125,130960.31178948835,85.12301844381727,9.930365562438965,43.582706451416016,0
61400,joint_m1,1.0,0.041206300258636475,0.014108262024819851,0.015655163985987503,0.8553324441115061,1.3544465673476225e-06,0.00985016394406557,0.06936698150289713,0.011543319560587406,0.987878143787384,0.49975264072418213,0.20836271345615387,0.027256011962890625,130944.10948187017,101.32532606199675,12.780558586120605,56.13217544555664,0
61600,joint_m1,1.0,0.03933442011475563,0.012956075370311737,0.01477252544524769,0.8622740805149078,1.2667489954765188e-06,0.009305150248110294,0.06628179247235433,0.011454258114099503,0.987825334072113,0.4997181296348572,0.20838786661624908,0.027141571044921875,130926.95881291981,118.47599501235527,15.260124206542969,67.07437896728516,0
61800,joint_m1,1.0,0.03898922726511955,0.01266977097839117,0.01413770493430396,0.8683509975671768,1.1887874507010565e-06,0.008799456991255283,0.05668440276448003,0.011371648870408535,0.9877761602401733,0.4996856451034546,0.20841844379901886,0.02696990966796875,130914.38961397635,131.04519395581156,17.490833282470703,76.94074249267578,0
62000,joint_m1,1.0,0.038117870688438416,0.012362964451313019,0.013676544728999337,0.8723009576400121,1.1828599326690892e-06,0.008958881720900536,0.09432235969874495,0.01127925980836153,0.9877317547798157,0.49965357780456543,0.20845824480056763,0.02687835693359375,130909.03932120196,136.3954867302091,19.548259735107422,86.05146789550781,0
62200,joint_m1,1.0,0.03796665370464325,0.012155713513493538,0.013229807916407784,0.8763584792613983,1.144104203376628e-06,0.008725538849830627,0.04107892084942165,0.01120469905436039,0.9876936674118042,0.4996179938316345,0.20851455628871918,0.026821136474609375,130915.45338881885,129.98141911331913,21.488447189331055,94.6547622680664,0
62400,joint_m1,1.0,0.03769131749868393,0.012045474722981453,0.012959028361365199,0.8786443223555883,1.1271042694716016e-06,0.008292985148727894,0.025925670011641783,0.011136995628476143,0.9876496195793152,0.4995916485786438,0.20854835212230682,0.026744842529296875,130907.46313331414,137.9716746180202,23.25929069519043,102.52173614501953,0
62600,joint_m1,1.0,0.03640647977590561,0.011222670786082745,0.012571631853158275,0.8814568569262823,1.104603143176064e-06,0.008260341361165047,0.042039838738276096,0.011077665723860264,0.9876151084899902,0.49956458806991577,0.20858833193778992,0.026592254638671875,130904.29505558632,141.1397523458436,24.929067611694336,109.95182037353516,0
62800,joint_m1,1.0,0.03631729632616043,0.01101345382630825,0.012172977207228541,0.8850854436556498,1.059465148500749e-06,0.00795720610767603,0.05492826122744846,0.011025632731616497,0.9875834584236145,0.49953341484069824,0.20863677561283112,0.026485443115234375,130907.43575519306,137.99905273910554,26.52456283569336,117.06041717529297,0
63000,joint_m1,1.0,0.03517266362905502,0.010463126003742218,0.011813928605988622,0.887330487370491,1.0360124633734813e-06,0.007652629166841507,0.08316122444220929,0.010986112989485264,0.9875643849372864,0.4995056092739105,0.20868533849716187,0.026332855224609375,130911.01441819171,134.42038974045136,28.0389347076416,123.81448364257812,0
63200,joint_m1,1.0,0.035251080989837646,0.010551122948527336,0.011625056465466818,0.8903364986181259,1.018341095004871e-06,0.007558129262179136,0.04400769080087335,0.010944798588752747,0.9875503182411194,0.49947112798690796,0.2087593674659729,0.026214599609375,130932.3357463694,113.09906156276702,29.52789878845215,130.4617156982422,0
63400,joint_m1,1.0,0.03500417619943619,0.01032092235982418,0.011373058271904787,0.8928714990615845,9.77873810370511e-07,0.007370798382908106,0.04547646978789992,0.010900935158133507,0.9875317215919495,0.4994426965713501,0.2088143527507782,0.026092529296875,130941.95501824463,103.47978968753887,30.909082412719727,136.64028930664062,0
63600,joint_m1,1.0,0.035084985196590424,0.010439918376505375,0.011396354452396432,0.8928897033135096,9.81237235464505e-07,0.007443422917276621,0.0930209017500632,0.010850029066205025,0.9875061511993408,0.49941515922546387,0.20886912941932678,0.025936126708984375,130952.03885392545,93.39595400671533,32.225128173828125,142.5316925048828,0
63800,joint_m1,1.0,0.034007541835308075,0.009970556944608688,0.010932346573099494,0.8962490856647491,9.713443205328076e-07,0.007232372183352709,0.10164224081294441,0.010807442478835583,0.9874880313873291,0.4993862509727478,0.20892906188964844,0.025852203369140625,130966.22294316959,79.21186476257571,33.49882507324219,148.24044799804688,0
64000,joint_m1,1.0,0.034432098269462585,0.010025045834481716,0.01072146223547558,0.8992700477441152,9.60583292908268e-07,0.007017778232693672,0.03086081567625258,0.010771953500807285,0.9874623417854309,0.4993610978126526,0.2089812159538269,0.02569580078125,130975.91009036738,69.5247175647819,34.70891189575195,153.67333984375,0
64200,joint_m1,1.0,0.03318961337208748,0.009486761875450611,0.01045985488841931,0.9008218596378962,9.459301395509101e-07,0.007055202499032021,0.02564824228279569,0.010749674402177334,0.9874487519264221,0.499336838722229,0.20903128385543823,0.025585174560546875,130984.82257116662,60.612236765548005,35.868648529052734,158.88531494140625,0
64400,joint_m1,1.0,0.03312017768621445,0.009398198686540127,0.01041806450424095,0.9030199646949768,9.425808684682124e-07,0.006983648519963026,0.022032891014224305,0.010730677284300327,0.9874293208122253,0.4993128180503845,0.20907987654209137,0.025531768798828125,130993.64063953639,51.79416839577607,36.978572845458984,163.8824920654297,0
64600,joint_m1,1.0,0.03256445750594139,0.009282970800995827,0.010551958267266551,0.9037897090117136,9.339184998680139e-07,0.006899136584252119,0.04260516036846496,0.010719060897827148,0.9874243140220642,0.4992879629135132,0.20913180708885193,0.025424957275390625,131005.09229797138,40.34250996078481,38.05198669433594,168.71922302246094,0
64800,joint_m1,1.0,0.03312370926141739,0.009464743547141552,0.010024769930168986,0.9058105150858561,9.32736213599128e-07,0.006890207529067993,0.04027449333090045,0.010712802410125732,0.9874022603034973,0.4992617070674896,0.2091868817806244,0.025363922119140625,131019.47385026395,25.96095766821236,39.089569091796875,173.40061950683594,0
65000,joint_m1,1.0,0.032296568155288696,0.009069548919796944,0.009866598915929595,0.907973383863767,9.400897624800564e-07,0.007088867947459221,0.04181434344161572,0.010699556209146976,0.9873861074447632,0.49923646450042725,0.2092440277338028,0.02533721923828125,131035.64339522281,9.791412709353608,40.094215393066406,177.9376220703125,0
65200,joint_m1,1.0,0.03243495896458626,0.009014066308736801,0.009848728698367873,0.9093434810638428,9.06710056369775e-07,0.00670973164960742,0.055585252590946196,0.010691286064684391,0.9873714447021484,0.49920928478240967,0.20930515229701996,0.0252532958984375,131055.70211173568,10.267303803513641,41.07120895385742,182.35409545898438,0
65400,joint_m1,1.0,0.03248002380132675,0.009141440503299236,0.010318393353372812,0.899535521864891,9.271111025555001e-07,0.0068379719741642475,0.03568348070792714,0.010687020607292652,0.9873501658439636,0.4991726577281952,0.2094036042690277,0.025211334228515625,131101.6372742919,56.202466359725804,42.0635986328125,186.84136962890625,0
65600,joint_m1,1.0,0.03131146356463432,0.008595678955316544,0.009441956644877791,0.9106603016455969,8.952220582614245e-07,0.006540216505527496,0.039518901077114185,0.010689026676118374,0.9873343706130981,0.4991458058357239,0.2094724476337433,0.025146484375,131127.7225303635,82.28772243134154,43.002506256103516,191.0922088623047,0
65800,joint_m1,1.0,0.030843190848827362,0.008262624964118004,0.009255509280289212,0.9129649996757507,9.808808272282477e-07,0.0072837346233427525,0.05076749441992237,0.01068772654980421,0.9873194694519043,0.4991223216056824,0.20952829718589783,0.02507781982421875,131145.7214551813,100.28664724914415,43.89222717285156,195.1271209716797,0
66000,joint_m1,1.0,0.03070293366909027,0.008249432779848576,0.009240472922101617,0.9139867226282755,8.936192443798063e-07,0.006494040135294199,0.06642289412983442,0.010684973560273647,0.9873054027557373,0.49909570813179016,0.2095910757780075,0.024993896484375,131169.26078925657,123.82598132440762,44.757450103759766,199.0545196533203,0
66200,joint_m1,1.0,0.03079044818878174,0.008364826440811157,0.00912886120689412,0.914934515953064,8.962936703937885e-07,0.006507494021207094,0.06808745990676367,0.010681738145649433,0.9872981309890747,0.49907249212265015,0.20964780449867249,0.02489471435546875,131189.14296541465,143.70815748248424,45.58946228027344,202.83506774902344,0
66400,joint_m1,1.0,0.030607204884290695,0.008194619789719582,0.00896122818812728,0.9156773686408997,8.596011866757181e-07,0.006334642414003611,0.04683911002402969,0.010679198428988457,0.9872874021530151,0.4990497827529907,0.20970278978347778,0.024806976318359375,131208.55386749754,163.1190595653752,46.39208984375,206.48721313476562,0
66600,joint_m1,1.0,0.03041427582502365,0.008100353181362152,0.008877548156306148,0.9173669715722402,8.769965802457591e-07,0.006352882832288742,0.028112514234945252,0.010670662857592106,0.987281858921051,0.49902772903442383,0.20975588262081146,0.02475738525390625,131227.07232884533,181.63752091316564,47.16918182373047,210.02638244628906,0
66800,joint_m1,1.0,0.030467810109257698,0.008191626518964767,0.009079348994418979,0.9152174790700277,8.760078458180942e-07,0.006380982231348753,0.08687138627013498,0.01067256648093462,0.9872713685035706,0.4990065097808838,0.2098059356212616,0.02472686767578125,131244.3788358191,198.94402788694424,47.9212646484375,213.45556640625,0
67000,joint_m1,1.0,0.030783701688051224,0.00824583601206541,0.00879849943642815,0.9188429216543833,8.491520588904677e-07,0.006209275219589472,0.08114133694336569,0.010672686621546745,0.9872643947601318,0.498982310295105,0.2098652571439743,0.024684906005859375,131268.3217231027,222.88691517054394,48.66082000732422,216.82928466796875,0
67200,joint_m1,1.0,0.02988303080201149,0.007979992777109146,0.008733888699983558,0.9190885970989863,8.469618819617608e-07,0.00616437429562211,0.05058440960176705,0.010673895478248596,0.9872596263885498,0.49896299839019775,0.2099132090806961,0.02462005615234375,131284.99100811183,239.5562001796643,49.369564056396484,220.0661163330078,0
67400,joint_m1,1.0,0.030129369348287582,0.007989875972270966,0.008592127046237389,0.9199456572532654,8.433412403974216e-07,0.006322258152067661,0.035771726120908696,0.010675320401787758,0.9872519969940186,0.49894440174102783,0.20995688438415527,0.02455902099609375,131299.32630444074,253.89149650857144,50.05685806274414,223.2095184326172,0
67600,joint_m1,1.0,0.029630005359649658,0.007762089371681213,0.008549562810609737,0.9196825424830118,8.261365564976586e-07,0.005950529593974352,0.047030280371621484,0.010666616261005402,0.9872462749481201,0.49892324209213257,0.2100183069705963,0.02457427978515625,131332.31961706912,286.8848091369582,50.73946762084961,226.37969970703125,0
67800,joint_m1,1.0,0.029489964246749878,0.00773542420938611,0.008507293260966739,0.9222826311985651,8.336952532772557e-07,0.005991170648485422,0.03173249063215889,0.010663251392543316,0.9872391819953918,0.49890682101249695,0.2100541889667511,0.024570465087890625,131342.5800873426,297.14527941042616,51.379817962646484,229.31439208984375,0
68000,joint_m1,1.0,0.029162636026740074,0.007575462572276592,0.008429975792144736,0.9216779172420502,8.374381650355645e-07,0.0060346308164298534,0.03428942547120184,0.010664242319762707,0.9872302412986755,0.49889105558395386,0.2100871205329895,0.024501800537109375,131350.0800152021,304.6452072699467,52.000240325927734,232.154052734375,0
68200,joint_m1,1.0,0.029278093948960304,0.0075577362440526485,0.008303065163393816,0.9232619951168696,8.123336101562018e-07,0.006059584673494101,0.031541499332309285,0.010662617161870003,0.9872207045555115,0.49887409806251526,0.2101236879825592,0.024448394775390625,131360.66650257222,315.2316946400533,52.61220169067383,234.9578399658203,0
68400,joint_m1,1.0,0.029273319989442825,0.007601051591336727,0.00824479223228991,0.9237393587827682,8.332582410730538e-07,0.0060772220604121685,0.05430960620152664,0.010666681453585625,0.9872133135795593,0.49885663390159607,0.2101638913154602,0.024425506591796875,131374.13614558993,328.701337657767,53.211395263671875,237.70611572265625,0
68600,joint_m1,1.0,0.029222510755062103,0.007540037855505943,0.008166777901351452,0.9241570929686228,8.148996926138352e-07,0.0058806887827813625,0.03910728892863937,0.01066564116626978,0.9872099161148071,0.49883705377578735,0.210209921002388,0.0243377685546875,131392.27277127068,346.83796333851933,53.80371856689453,240.42613220214844,0
68800,joint_m1,1.0,0.028663521632552147,0.007285657804459333,0.008182614964122573,0.923549751440684,8.154982538144395e-07,0.0059759486466646194,0.0473568804763408,0.010661901906132698,0.9872055053710938,0.49881693720817566,0.21025775372982025,0.024326324462890625,131412.10562197075,366.670814038589,54.38408279418945,243.0945281982422,0
69000,joint_m1,1.0,0.0293428935110569,0.007672944106161594,0.008071517183755835,0.925641655921936,8.201622563319688e-07,0.0058896178379654884,0.03787762710597111,0.010665946640074253,0.9871980547904968,0.4987974464893341,0.21030539274215698,0.024322509765625,131431.77186662288,386.3370586907113,54.95194625854492,245.70655822753906,0
69200,joint_m1,1.0,0.028516605496406555,0.007264747284352779,0.008080164281030497,0.9245823174715042,8.156683293236711e-07,0.005996037274599075,0.03424140238852924,0.010667718015611172,0.9871941208839417,0.4987809658050537,0.21034331619739532,0.024257659912109375,131445.37444885614,399.9396409239707,55.499481201171875,248.2284698486328,0
69400,joint_m1,1.0,0.028817567974328995,0.007345126010477543,0.008044295323391756,0.9263602793216705,9.012309192257817e-07,0.006665823515504599,0.045258637103285045,0.01067366823554039,0.9871866703033447,0.4987643361091614,0.2103818953037262,0.024166107177734375,131460.0194127477,414.5846048155363,56.03501510620117,250.6999053955078,0
69600,joint_m1,1.0,0.028541434556245804,0.007305310107767582,0.007927793078124523,0.9277917842070261,7.927258138806792e-07,0.0056968010030686855,0.020165693989867003,0.010679082944989204,0.9871780872344971,0.498749315738678,0.21041586995124817,0.024089813232421875,131471.50833545646,426.0735275242914,56.55354690551758,253.0927734375,0
69800,joint_m1,1.0,0.02835460752248764,0.007223127409815788,0.008044592337682843,0.9248697459697723,8.145544256876747e-07,0.005901709198951721,0.03092057952399951,0.010685699991881847,0.9871746301651001,0.4987340569496155,0.2104509025812149,0.024044036865234375,131483.8217880816,438.38698014944384,57.062103271484375,255.441162109375,0
70000,joint_m1,1.0,0.02843342162668705,0.00722548458725214,0.007844229461625218,0.9274138460556666,8.123540169435728e-07,0.0058108000084757805,0.01928592060268713,0.010687766596674919,0.9871720671653748,0.4987177550792694,0.21048934757709503,0.024017333984375,131499.1477386831,453.71293075093126,57.563846588134766,257.76025390625,0
70200,joint_m1,1.0,0.027792463079094887,0.006874973885715008,0.007749098896359404,0.9290099690357844,7.844088827368978e-07,0.005634631961584091,0.04334671395572278,0.010684797540307045,0.9871698617935181,0.4987032413482666,0.21052108705043793,0.02399444580078125,131510.2361339223,464.8013259901345,58.050331115722656,260.01202392578125,0
70400,joint_m1,1.0,0.028270721435546875,0.007103082723915577,0.007715527356291811,0.9294124593337377,7.997948046067904e-07,0.005699441768229008,0.020720400368335206,0.010676397942006588,0.9871659874916077,0.49868935346603394,0.21055185794830322,0.023956298828125,131520.80972986747,475.3749219353049,58.52678680419922,262.2187194824219,0
70600,joint_m1,1.0,0.02781822718679905,0.006966764107346535,0.007643384509719908,0.930029903848966,7.798011552040407e-07,0.0056166802532970905,0.021826767712440555,0.010672726668417454,0.987158477306366,0.49867498874664307,0.21058231592178345,0.023921966552734375,131531.51482439484,486.08001646267076,58.99443054199219,264.3857727050781,0
70800,joint_m1,1.0,0.02837356925010681,0.007118587382137775,0.007643115008249879,0.9286944816509882,8.900507282305625e-07,0.007561237085610628,0.10119231542313165,0.010671569034457207,0.9871528744697571,0.4986618161201477,0.21060921251773834,0.02386474609375,131540.0237798367,494.5889719045226,59.44912338256836,266.4949645996094,0
71000,joint_m1,1.0,0.027605850249528885,0.0069769276306033134,0.007674609039289256,0.9305096119642258,7.809815087966854e-07,0.005541142076253891,0.029448368900908156,0.010672037489712238,0.9871477484703064,0.4986473321914673,0.21063894033432007,0.02379608154296875,131550.6572541544,505.22244622222206,59.89787673950195,268.5770568847656,0
71200,joint_m1,1.0,0.02767193131148815,0.006848432123661041,0.0076102868576223654,0.9285925179719925,7.760519338262384e-07,0.00564724812284112,0.03272520042168506,0.010671599768102169,0.9871403574943542,0.49863046407699585,0.2106761336326599,0.02376556396484375,131566.78486608996,521.3500581577973,60.34406280517578,270.6501159667969,0
71400,joint_m1,1.0,0.027588553726673126,0.006913075689226389,0.00774639705196023,0.9277487794558207,8.062572760536568e-07,0.00585392490029335,0.09564046082651714,0.01066888589411974,0.987136960029602,0.49861034750938416,0.2107195258140564,0.0236968994140625,131587.4396437593,542.0048358271451,60.78850555419922,272.71453857421875,0
71600,joint_m1,1.0,0.02787814661860466,0.0070016877725720406,0.00756361548944066,0.9303912818431854,7.905601364655013e-07,0.005605660378932953,0.060681760334802395,0.010675990022718906,0.9871323108673096,0.49858900904655457,0.21077004075050354,0.023670196533203125,131613.11740096426,567.682593032092,61.232330322265625,274.7757263183594,0
71800,joint_m1,1.0,0.027780286967754364,0.006909709889441729,0.007432276538262765,0.9322481006383896,7.789905112076667e-07,0.005496948957443237,0.043738755586650496,0.010677939280867577,0.9871293902397156,0.49856898188591003,0.2108173966407776,0.02365875244140625,131636.8609774633,591.4261695311434,61.66728210449219,276.7974853515625,0
72000,joint_m1,1.0,0.027377352118492126,0.0067177461460232735,0.007578903886800011,0.9305054694414139,7.958402648000629e-07,0.005637264344841242,0.08525546523344645,0.010676599107682705,0.9871247410774231,0.49855172634124756,0.21085716784000397,0.023578643798828125,131655.63808663873,610.2032787065691,62.08845138549805,278.7580871582031,0
72200,joint_m1,1.0,0.0272313691675663,0.006712320726364851,0.007631974061951041,0.930004671216011,7.711539069532591e-07,0.005355881527066231,0.057168316898246495,0.010679949074983597,0.9871208071708679,0.49853357672691345,0.21089963614940643,0.023525238037109375,131677.39875924037,631.9639513082075,62.503509521484375,280.69696044921875,0
72400,joint_m1,1.0,0.02681344375014305,0.006541374139487743,0.007432286782811086,0.9311540971199671,7.897441491877544e-07,0.005606394726783037,0.06320831187449032,0.010685139335691929,0.9871231317520142,0.4985142946243286,0.21094341576099396,0.023525238037109375,131698.9692290718,653.5344211396441,62.9127082824707,282.6011657714844,0
72600,joint_m1,1.0,0.027052264660596848,0.006634390912950039,0.0072796333115547895,0.9331058462460836,7.732846256658377e-07,0.005424685776233673,0.04430855201863134,0.010693646967411041,0.9871156215667725,0.4984985589981079,0.21097765862941742,0.023494720458984375,131714.41785924576,668.9830513135967,63.30643844604492,284.4359130859375,0
72800,joint_m1,1.0,0.02718210779130459,0.006592473480850458,0.007347557965355615,0.9321206758419672,8.050200790421513e-07,0.005683157593011856,0.0625321222737813,0.010694918222725391,0.9871078133583069,0.49848395586013794,0.21100950241088867,0.02350616455078125,131728.74529122337,683.3104832912068,63.69137954711914,286.2333679199219,0
73000,joint_m1,1.0,0.027195602655410767,0.006679006852209568,0.007280742633156478,0.934288447101911,7.523095177930372e-07,0.005230405833572149,0.05727210094206512,0.010697511956095695,0.9871042370796204,0.49847131967544556,0.21103395521640778,0.02350616455078125,131738.04212906765,692.6073211354815,64.06371307373047,287.97271728515625,0
73200,joint_m1,1.0,0.026546988636255264,0.006443058140575886,0.00723385081316034,0.9333948542674383,7.608678060933016e-07,0.005287890788167715,0.05492509233795547,0.010706532746553421,0.9871001243591309,0.4984595775604248,0.21105626225471497,0.023471832275390625,131745.93148936325,700.4966814310901,64.42738342285156,289.67333984375,0
73400,joint_m1,1.0,0.027334818616509438,0.0067016021348536015,0.007147669636954864,0.9346695890029272,7.64007268116984e-07,0.00534850312396884,0.03579661555940849,0.010704725980758667,0.9870965480804443,0.4984480142593384,0.21107836067676544,0.0234375,131754.20898020678,708.7741722746141,64.78424072265625,291.3443603515625,0
73600,joint_m1,1.0,0.026609864085912704,0.006479846313595772,0.007275823697758217,0.9335665553808212,7.532270842602884e-07,0.0052646794356405735,0.030836918633043157,0.010709356516599655,0.9870951771736145,0.49843549728393555,0.21110230684280396,0.02339935302734375,131763.6439083255,718.209100393331,65.13729858398438,292.9975891113281,0
73800,joint_m1,1.0,0.026667237281799316,0.006394977681338787,0.0071407463401556015,0.9351218342781067,7.741399485894362e-07,0.005495298188179731,0.03263810660745168,0.01071071159094572,0.9870932698249817,0.49842149019241333,0.211129292845726,0.023342132568359375,131775.19183822122,729.7570302890526,65.48735046386719,294.6372985839844,0
74000,joint_m1,1.0,0.026308855041861534,0.006293449085205793,0.007135068299248815,0.9348325630029043,7.388262019958347e-07,0.005096541717648506,0.022927838011607162,0.010714824311435223,0.9870917797088623,0.4984089434146881,0.21115398406982422,0.02330780029296875,131785.3090446731,739.8742367409432,65.83113098144531,296.24810791015625,0
74200,joint_m1,1.0,0.026941146701574326,0.0065591661259531975,0.0070764825989802676,0.9346573005119959,7.574501523777144e-07,0.0052003031596541405,0.036948318636248555,0.010712651535868645,0.9870858788490295,0.49839553236961365,0.21118085086345673,0.023281097412109375,131797.07262302906,751.6378150968958,66.1705551147461,297.8400573730469,0
74400,joint_m1,1.0,0.026937901973724365,0.006461230106651783,0.007102944577733676,0.9352218955755234,8.065966881076747e-07,0.00601946609094739,0.06695708374416692,0.01071403082460165,0.9870803952217102,0.4983813166618347,0.2112114280462265,0.02324676513671875,131811.4454514478,766.010643515634,66.50856018066406,299.4255065917969,0
74600,joint_m1,1.0,0.02675722725689411,0.006466864608228207,0.007135573890991509,0.9358800053596497,7.513021955674049e-07,0.005137796513736248,0.044603724740542444,0.010719293728470802,0.9870753884315491,0.4983658194541931,0.21124467253684998,0.023235321044921875,131828.03829231474,782.6034843825764,66.8453598022461,301.0059814453125,0
74800,joint_m1,1.0,0.02652701362967491,0.006351464428007603,0.0070068755109484,0.9363187998533249,7.366721774815232e-07,0.005121166817843914,0.04923894525863698,0.010719717480242252,0.9870725274085999,0.4983530342578888,0.21127119660377502,0.023235321044921875,131840.0466019335,794.6117940013501,67.17220306396484,302.54132080078125,0
75000,joint_m1,1.0,0.026209793984889984,0.006265326403081417,0.006971710982422034,0.9361551801363627,7.552053489234822e-07,0.005222010426223278,0.03877054647349569,0.010721968486905098,0.9870699644088745,0.49833840131759644,0.2113029509782791,0.023235321044921875,131856.0611576123,810.6263496801403,67.49868774414062,304.075439453125,0
75200,joint_m1,1.0,0.026504743844270706,0.006297053303569555,0.007200452887142698,0.9349490205446879,8.994783797788841e-07,0.006550186313688755,0.11522331357285794,0.010724851861596107,0.9870675206184387,0.49832212924957275,0.21133944392204285,0.02323150634765625,131875.6146070986,830.1797991664353,67.82393646240234,305.60479736328125,0
75400,joint_m1,1.0,0.025904837995767593,0.006177430506795645,0.007055925826231639,0.936702569325765,7.506953352276469e-07,0.005073471460491419,0.03426217474141247,0.010722692124545574,0.9870606660842896,0.4983063340187073,0.2113773077726364,0.023235321044921875,131895.88718379356,850.4523758613941,68.14437866210938,307.111572265625,0
75600,joint_m1,1.0,0.026071950793266296,0.006254383362829685,0.006925838883034885,0.9373155136903127,7.610615284647793e-07,0.0051823025569319725,0.058709076428636944,0.010723870247602463,0.9870561361312866,0.4982953667640686,0.21139784157276154,0.0232086181640625,131904.34158131413,858.9067733819684,68.44791412353516,308.5408935546875,0
75800,joint_m1,1.0,0.026298604905605316,0.006299208849668503,0.006920403451658785,0.9371332923571268,7.323249064938864e-07,0.005050430539995432,0.0686540213662108,0.010724583640694618,0.9870485663414001,0.49826183915138245,0.2114657759666443,0.023181915283203125,131946.30277503043,900.8679670982674,68.79074096679688,310.1552429199219,0
76000,joint_m1,1.0,0.026187974959611893,0.006259058136492968,0.006890372411968808,0.9374319761991501,7.468738090210536e-07,0.005066092126071453,0.02464902362872327,0.010722348466515541,0.9870433211326599,0.49824851751327515,0.21149004995822906,0.02315521240234375,131957.38463610137,911.9498281692067,69.0972900390625,311.5990295410156,0
76200,joint_m1,1.0,0.026135925203561783,0.00626860186457634,0.006914898947191735,0.9381279945373535,7.291028509825992e-07,0.004959844518452883,0.039979074793509844,0.010724836029112339,0.9870418310165405,0.49823814630508423,0.21150676906108856,0.02313995361328125,131963.34424377096,917.9094358387956,69.39188385009766,312.9881286621094,0
76400,joint_m1,1.0,0.026203714311122894,0.006199534982442856,0.006834616186097264,0.9372369001309077,7.365428587036149e-07,0.005081281065940857,0.023344468439949285,0.010728925466537476,0.9870389103889465,0.49822795391082764,0.211524099111557,0.023151397705078125,131970.00192467985,924.567116747683,69.68267059326172,314.3612976074219,0
76600,joint_m1,1.0,0.02567736804485321,0.006084725260734558,0.00679432387308528,0.9380680918693542,8.099232786662469e-07,0.005519992206245661,0.02860059052345081,0.010727519169449806,0.9870365858078003,0.49821656942367554,0.21154342591762543,0.023082733154296875,131978.25760328857,932.8227953564055,69.97052764892578,315.72027587890625,0
76800,joint_m1,1.0,0.026041731238365173,0.006156125105917454,0.0068942879637082415,0.93677485982577,7.403782547044102e-07,0.005063062999397516,0.04613144592810459,0.010729653760790825,0.9870331287384033,0.4982040524482727,0.21156568825244904,0.023044586181640625,131988.6540578394,943.2192499072262,70.25585174560547,317.068603515625,0
77000,joint_m1,1.0,0.02572636306285858,0.006053583696484566,0.006789465784095228,0.938334917028745,7.473431082871684e-07,0.005025298334658146,0.059939825853901466,0.010734038427472115,0.9870348572731018,0.49819061160087585,0.2115904837846756,0.023021697998046875,132000.76411900047,955.3293110683007,70.53890991210938,318.4058532714844,0
77200,joint_m1,1.0,0.025691550225019455,0.005997271277010441,0.0068141942999015255,0.9390043218930563,7.25086920283502e-07,0.004912030883133411,0.036466612428642936,0.010740622878074646,0.9870294332504272,0.4981786012649536,0.2116120457649231,0.022983551025390625,132010.8717947124,965.4369867802452,70.81698608398438,319.7203369140625,0
77400,joint_m1,1.0,0.025361761450767517,0.005922227166593075,0.0067829535497973365,0.9382217824459076,7.246771929203533e-07,0.004858408588916063,0.023756868740570973,0.01074617262929678,0.9870253205299377,0.49816763401031494,0.21162958443164825,0.0229339599609375,132018.3027310986,972.8679231664428,71.0873794555664,320.9996643066406,0
77600,joint_m1,1.0,0.02579731121659279,0.006086699664592743,0.006729460088536143,0.9390688141187032,7.40264795240364e-07,0.005026761908084154,0.04913606260852722,0.010744924657046795,0.9870225787162781,0.49815571308135986,0.21165071427822113,0.022891998291015625,132028.18414262918,982.749334697015,71.3560791015625,322.2712097167969,0
77800,joint_m1,1.0,0.02574291080236435,0.006047156639397144,0.006646891279766957,0.9393110424280167,7.21943195003405e-07,0.004824893549084663,0.03637521742347072,0.010750963352620602,0.9870219826698303,0.49813759326934814,0.2116907685995102,0.022838592529296875,132051.35679727036,1005.921989338196,71.63497161865234,323.5898132324219,0
78000,joint_m1,1.0,0.025836056098341942,0.006059986539185047,0.006725520749265949,0.9388548384110132,7.27541703327006e-07,0.004934859927743673,0.07237533665269831,0.010750451125204563,0.9870175719261169,0.4981254041194916,0.21171410381793976,0.022830963134765625,132063.31378547187,1017.8789775397017,71.90128326416016,324.8526916503906,0
78200,joint_m1,1.0,0.025525961071252823,0.006018269341439009,0.006751223312069972,0.9394750495751699,7.642328228030237e-07,0.005260386038571596,0.08530511948683796,0.01075002085417509,0.9870162606239319,0.49811118841171265,0.21174263954162598,0.0228271484375,132078.92912951708,1033.4943215849198,72.16785430908203,326.11669921875,0
78400,joint_m1,1.0,0.027194544672966003,0.006630990654230118,0.007502975912454228,0.9293967684110006,8.322052167386573e-07,0.005875547416508198,0.09318705101000009,0.010751876048743725,0.987014889717102,0.49809589982032776,0.2117772400379181,0.022796630859375,132098.6046254842,1053.1698175520432,72.43685150146484,327.3908996582031,0
78600,joint_m1,1.0,0.025500822812318802,0.005960013717412949,0.006830251930902402,0.9387446542580923,7.262254371198651e-07,0.004841856192797422,0.03194828993030971,0.010751551948487759,0.987014651298523,0.4980781078338623,0.21182163059711456,0.022754669189453125,132125.23707452713,1079.8022665949684,72.71004486083984,328.6835632324219,0
78800,joint_m1,1.0,0.025828566402196884,0.006064003333449364,0.0066632028901949525,0.940696527560552,7.101012329258083e-07,0.004703053738921881,0.056588611260600385,0.010751014575362206,0.9870133996009827,0.4980669617652893,0.2118409276008606,0.022686004638671875,132134.7695044722,1089.3346965400415,72.9598388671875,329.8697204589844,0
79000,joint_m1,1.0,0.025468649342656136,0.00595133937895298,0.006559784368922313,0.941241979598999,7.227422429423314e-07,0.00485759973526001,0.04143970368418072,0.010751733556389809,0.9870097637176514,0.49805840849876404,0.21185250580310822,0.02264404296875,132138.73727261057,1093.3024646784033,73.19996643066406,331.0103454589844,0
79200,joint_m1,1.0,0.0258741844445467,0.006177881732583046,0.00676093902438879,0.9397107462088267,7.398886054943432e-07,0.004920800216495991,0.06538964164438836,0.01074732281267643,0.9870079159736633,0.49804890155792236,0.21186712384223938,0.02264404296875,132145.10715119194,1099.6723432597792,73.4408187866211,332.1545104980469,0
79400,joint_m1,1.0,0.02541220560669899,0.0058790454640984535,0.006466144424242278,0.9411800851424535,7.249266218423145e-07,0.004789472091943026,0.028774824023398107,0.010746226646006107,0.9870070219039917,0.4980371594429016,0.2118852287530899,0.02266693115234375,132153.9485297356,1108.5137218034215,73.6821060180664,333.3012390136719,0
79600,joint_m1,1.0,0.02498278021812439,0.005755559541285038,0.006516427267342806,0.941548357407252,7.165850774981664e-07,0.0047383480705320835,0.02530215213532656,0.010744716972112656,0.987003743648529,0.49802863597869873,0.21189451217651367,0.0226593017578125,132156.88519331862,1111.450385386459,73.91322326660156,334.4017639160156,0
79800,joint_m1,1.0,0.025539344176650047,0.005902589298784733,0.006486318190582097,0.9410361647605896,7.460673714376753e-07,0.004949615802615881,0.06466559340776061,0.010742776095867157,0.9870017766952515,0.49801892042160034,0.2119065523147583,0.022624969482421875,132161.7200856587,1116.2852777265216,74.14317321777344,335.4970397949219,0
80000,joint_m1,1.0,0.025366485118865967,0.005869921762496233,0.006484098072784643,0.9414357244968414,8.000345701475453e-07,0.005768143106251955,0.06914885739618547,0.01074270997196436,0.987000584602356,0.4980084300041199,0.21192049980163574,0.02262115478515625,132168.28254918047,1122.8477412483044,74.37318420410156,336.5930480957031,0
80200,joint_m1,1.0,0.025404702872037888,0.005892005283385515,0.006434753420762718,0.9421547055244446,7.111532909220841e-07,0.004707701504230499,0.051929752681711426,0.010740673169493675,0.986997127532959,0.4979966878890991,0.2119387984275818,0.022602081298828125,132177.63369042435,1132.1988824921864,74.6033706665039,337.6896057128906,0
80400,joint_m1,1.0,0.025065913796424866,0.005822894163429737,0.006460396650557716,0.94234070678552,7.151947443162499e-07,0.0047923061065375805,0.03066023307419801,0.010739832185208797,0.9869939684867859,0.49798619747161865,0.21195369958877563,0.022586822509765625,132184.80735697277,1139.3725490406068,74.82771301269531,338.7590026855469,0
80600,joint_m1,1.0,0.025699056684970856,0.00614950293675065,0.0066446193571512895,0.9413895557324091,6.978202691243496e-07,0.00461578881368041,0.0385751055620005,0.010730818845331669,0.9869880676269531,0.4979598820209503,0.21206295490264893,0.0225830078125,132256.77038246472,1211.3355745325534,75.12895202636719,340.1853942871094,0
80800,joint_m1,1.0,0.024868424981832504,0.005764567293226719,0.006483608429941039,0.9413633594910303,6.895386945870996e-07,0.004565732087939978,0.06638792217037244,0.01072238851338625,0.9869861006736755,0.4979475736618042,0.21208471059799194,0.02257537841796875,132268.51525589905,1223.0804479668877,75.35734558105469,341.2727966308594,0
81000,joint_m1,1.0,0.02522948756814003,0.0058431788347661495,0.006389742290290694,0.9428305824597677,7.298995114979334e-07,0.005373974796384573,0.038469403805714654,0.0107151223346591,0.9869834184646606,0.4979388415813446,0.21209222078323364,0.022541046142578125,132270.62101615762,1225.186208225452,75.57227325439453,342.2978820800781,0
81200,joint_m1,1.0,0.025323547422885895,0.0058542173355817795,0.00637945591006428,0.9428894768158594,6.967408694436017e-07,0.004634276032447815,0.054459080867359434,0.010711034759879112,0.9869857430458069,0.4979308247566223,0.21209748089313507,0.02249908447265625,132271.33325101098,1225.8984430788114,75.78234100341797,343.3008728027344,0
81400,joint_m1,1.0,0.02481631189584732,0.00565917557105422,0.006346209052329262,0.9430237859487534,7.082683168846415e-07,0.004636033438146114,0.03205989215377666,0.010703962296247482,0.9869874715805054,0.49792325496673584,0.2121007889509201,0.0224609375,132270.69069147555,1225.2558835433883,75.98817443847656,344.2842712402344,0
81600,joint_m1,1.0,0.02480667270720005,0.00565768126398325,0.006443502420249085,0.9428501973549525,6.98467374604661e-07,0.00455152103677392,0.06415222080631652,0.010700995102524757,0.9869869351387024,0.4979158043861389,0.21210269629955292,0.022464752197265625,132269.46749722704,1224.0326892948797,76.19093322753906,345.25537109375,0
81800,joint_m1,1.0,0.02451966516673565,0.005592175293713808,0.0063308834020669265,0.9429555783669153,7.082136903591163e-07,0.0046285660937428474,0.06557579997830426,0.010703649371862411,0.9869868159294128,0.49790725111961365,0.21210812032222748,0.022457122802734375,132270.38876483278,1224.9539569006156,76.39384460449219,346.2254943847656,0
82000,joint_m1,1.0,0.024742059409618378,0.005713135935366154,0.006391477615882953,0.9417261133591334,6.984679998822685e-07,0.004502630326896906,0.026207329196451783,0.01070425659418106,0.9869828224182129,0.4978986084461212,0.21211612224578857,0.022441864013671875,132273.32284327026,1227.8880353380955,76.5965576171875,347.1956787109375,0
82200,joint_m1,1.0,0.024764101952314377,0.005625048652291298,0.006372864707373083,0.9430124660332998,6.998397452662175e-07,0.004637962207198143,0.047972655495010647,0.01070402842015028,0.9869801998138428,0.49789106845855713,0.21211989223957062,0.02240753173828125,132273.37703408045,1227.9422261482832,76.79378509521484,348.14111328125,0
82400,joint_m1,1.0,0.02493148297071457,0.005719030275940895,0.006336267106235027,0.9434412519137064,7.085430411279958e-07,0.004602387081831694,0.04862881240147029,0.010701972991228104,0.9869769215583801,0.49788355827331543,0.21212787926197052,0.02242279052734375,132276.19492561766,1230.760117685495,76.99312591552734,349.09588623046875,0
82600,joint_m1,1.0,0.02447151020169258,0.00554683618247509,0.006281221789928774,0.9431090404589971,6.967195531615289e-07,0.004512443207204342,0.03831395439271093,0.010701256804168224,0.9869762063026428,0.4978742003440857,0.2121368795633316,0.02239990234375,132279.76365264642,1234.328844714255,77.19160461425781,350.0472717285156,0
82800,joint_m1,1.0,0.025340408086776733,0.0058510503731667995,0.006338955058405797,0.9427732775608698,6.986077210058284e-07,0.004537415225058794,0.061758980310903766,0.010700549930334091,0.9869745969772339,0.49786317348480225,0.21215112507343292,0.022396087646484375,132287.3884843147,1241.9536763825308,77.39038848876953,351.0009460449219,0
83000,joint_m1,1.0,0.024560343474149704,0.005564505234360695,0.006310158098737399,0.9423993329207102,7.290148573702027e-07,0.004748492501676083,0.055337237779216626,0.010696552693843842,0.9869747161865234,0.49785199761390686,0.21216653287410736,0.02237701416015625,132295.5624350265,1250.127627094349,77.5887222290039,351.9509582519531,0
83200,joint_m1,1.0,0.024793481454253197,0.0056676072999835014,0.0063037740377088385,0.9435618122418722,7.01354622378858e-07,0.004551658406853676,0.06858989129516566,0.010693051852285862,0.9869735240936279,0.4978412985801697,0.21217820048332214,0.022365570068359375,132301.83962439827,1256.4048164661071,77.7823486328125,352.88299560546875,0
83400,joint_m1,1.0,0.024305135011672974,0.005444920156151056,0.006269113703941305,0.9439970304568609,6.874711857562943e-07,0.004430005792528391,0.04102468916305566,0.01069842092692852,0.9869722723960876,0.4978324770927429,0.21218590438365936,0.022327423095703125,132304.79622447555,1259.3614165433828,77.97119903564453,353.78936767578125,0
83600,joint_m1,1.0,0.025051428005099297,0.005799510516226292,0.006301376464155813,0.9430200109879175,7.271813728948473e-07,0.004728923086076975,0.0931756260051643,0.010696422308683395,0.9869683384895325,0.4978228807449341,0.2121957540512085,0.022308349609375,132309.74954250347,1264.3147345713078,78.15975189208984,354.6965637207031,0
83800,joint_m1,1.0,0.024547554552555084,0.005599583499133587,0.0064581159967929125,0.9431767563025156,7.195674811555364e-07,0.004664683248847723,0.06277353151521037,0.01069768238812685,0.9869630932807922,0.4978097379207611,0.21221743524074554,0.02231597900390625,132322.58086963085,1277.1460616986878,78.35503387451172,355.634033203125,0
84000,joint_m1,1.0,0.02484138496220112,0.00560870673507452,0.006380641444896658,0.9430295477310816,7.061669293761952e-07,0.0044914004392921925,0.043647444851354224,0.010698269121348858,0.9869619607925415,0.4977978765964508,0.2122352570295334,0.022274017333984375,132333.2597951097,1287.8249871775479,78.54595184326172,356.5523376464844,0
84200,joint_m1,1.0,0.024607986211776733,0.005602110642939806,0.006204517131360869,0.9445591469605764,6.958950393709529e-07,0.004502607975155115,0.03999597991475204,0.010699919424951077,0.9869624972343445,0.4977869689464569,0.2122512310743332,0.0222320556640625,132342.32072923612,1296.885921303954,78.73421478271484,357.45648193359375,0
84400,joint_m1,1.0,0.024299561977386475,0.005538703873753548,0.00625169036599497,0.9430628567934036,6.996376100687485e-07,0.0044839209876954556,0.04025817420835434,0.010699600912630558,0.986962080001831,0.49777689576148987,0.21226489543914795,0.022190093994140625,132349.98837929682,1304.5535713646532,78.91902160644531,358.3443603515625,0
84600,joint_m1,1.0,0.024163803085684776,0.005372775252908468,0.00626684461409847,0.9429293523232142,7.947109565975552e-07,0.00502563314512372,0.05070076281959774,0.010699823498725891,0.9869612455368042,0.4977678060531616,0.21227392554283142,0.02222442626953125,132354.70790266586,1309.2730947336968,79.0990219116211,359.2110290527344,0
84800,joint_m1,1.0,0.024168293923139572,0.005360578186810017,0.006208405635940532,0.9444422920544943,7.246503059832321e-07,0.004601125605404377,0.049226095514198674,0.0106985317543149,0.9869580864906311,0.4977574944496155,0.2122860848903656,0.02220916748046875,132361.54704444943,1316.1122365172632,79.27874755859375,360.07598876953125,0
85000,joint_m1,1.0,0.024248071014881134,0.005435618571937084,0.006212324757749836,0.9439794172843298,6.974685788918578e-07,0.0044076526537537575,0.043435807114660656,0.010703316889703274,0.9869569540023804,0.49774473905563354,0.21230340003967285,0.022190093994140625,132372.44716329753,1327.0123553653684,79.4608383178711,360.9547424316406,0
85200,joint_m1,1.0,0.024537421762943268,0.005581369623541832,0.006271635997109115,0.9442613621552786,7.336040539485111e-07,0.00476012472063303,0.059888672075633385,0.010702725499868393,0.9869535565376282,0.4977319836616516,0.21232402324676514,0.022190093994140625,132385.30335350672,1339.868545574558,79.64289093017578,361.8323059082031,0
85400,joint_m1,1.0,0.024558378383517265,0.005586097948253155,0.006162900516452889,0.9444269984960556,7.11170912381931e-07,0.004521907307207584,0.06273832970738334,0.01070290245115757,0.9869541525840759,0.4977187514305115,0.21235200762748718,0.0221710205078125,132402.8374318315,1357.4026238993247,79.8287353515625,362.7252197265625,0
85600,joint_m1,1.0,0.02433532290160656,0.005500168539583683,0.006155172556949158,0.9453511089086533,6.96194319971255e-07,0.0043841456063091755,0.06753095514149245,0.010701091028749943,0.9869513511657715,0.4977072477340698,0.21237146854400635,0.022151947021484375,132414.74721495336,1369.3124070211925,80.00759887695312,363.5866394042969,0
85800,joint_m1,1.0,0.024457355961203575,0.005475854501128197,0.006140568642877042,0.9451481600602468,6.912003414072387e-07,0.0044275629334151745,0.04335841024459126,0.010698440484702587,0.9869499802589417,0.4976983070373535,0.2123802900314331,0.0221405029296875,132419.61909022395,1374.1842822917824,80.17723846435547,364.4067077636719,0
86000,joint_m1,1.0,0.024183370172977448,0.005482866428792477,0.006128696918797989,0.9452652484178543,6.808246553191566e-07,0.004315264523029327,0.060900170183728196,0.010700980201363564,0.9869487285614014,0.497690349817276,0.21238616108894348,0.022129058837890625,132422.24828177478,1376.813473842616,80.34345245361328,365.2087707519531,0
86200,joint_m1,1.0,0.0244312547147274,0.005506604444235563,0.006206322810612619,0.9440477341413498,7.49126286336832e-07,0.004931962583214045,0.039485337547431776,0.010700666345655918,0.9869476556777954,0.49768269062042236,0.21238963305950165,0.022121429443359375,132423.70204763193,1378.267239699766,80.50619506835938,365.99737548828125,0
86400,joint_m1,1.0,0.02394014596939087,0.005311509128659964,0.006153626134619117,0.9447613855202993,6.943184871488484e-07,0.00442715547978878,0.036398080305986895,0.010700126178562641,0.9869450926780701,0.4976751208305359,0.21239225566387177,0.022113800048828125,132424.19694300584,1378.7621350736736,80.66690826416016,366.774658203125,0
86600,joint_m1,1.0,0.02407817542552948,0.005393770523369312,0.006116353673860431,0.945719450712204,6.966012620068796e-07,0.004422769416123629,0.03962509299874606,0.010703922249376774,0.986943244934082,0.497668594121933,0.2123924195766449,0.022121429443359375,132423.02156347287,1377.5867555407021,80.82469177246094,367.53863525390625,0
86800,joint_m1,1.0,0.02386786788702011,0.005281324032694101,0.006094788977255424,0.9450336843729019,6.821678653068375e-07,0.004348241724073887,0.032360160193868504,0.010701478458940983,0.9869387149810791,0.4976623058319092,0.21239128708839417,0.022068023681640625,132421.05741912802,1375.622611195853,80.97956848144531,368.2897033691406,0
87000,joint_m1,1.0,0.02423189766705036,0.0054315729066729546,0.00607488804962486,0.945605585972468,6.828996106378327e-07,0.0043530091643333435,0.06017421694168308,0.010700873099267483,0.9869344234466553,0.49765557050704956,0.21239307522773743,0.02208709716796875,132420.84089749618,1375.406089564014,81.13465881347656,369.0409851074219,0
87200,joint_m1,1.0,0.02407512441277504,0.005382628180086613,0.00606178833792607,0.945551872253418,6.750431111868238e-07,0.0042440942488610744,0.03146367194587889,0.010700338520109653,0.986932098865509,0.49764734506607056,0.2123996764421463,0.02208709716796875,132424.19694300584,1378.7621350736736,81.2923355102539,369.80474853515625,0
87400,joint_m1,1.0,0.0241076722741127,0.0053991819731891155,0.006081174865054588,0.9455229640007019,6.83835082782025e-07,0.004311326891183853,0.028404874666631035,0.010700873099267483,0.9869295358657837,0.4976402521133423,0.21240128576755524,0.022068023681640625,132424.15827937136,1378.7234714391961,81.44532012939453,370.54608154296875,0
87600,joint_m1,1.0,0.023624081164598465,0.005166779272258282,0.006064297592577835,0.9450753976901373,6.764254294466809e-07,0.00425964267924428,0.025903357324726643,0.010700413957238197,0.9869286417961121,0.497632771730423,0.2124047428369522,0.022064208984375,132425.3877774198,1379.9529694876255,81.59832763671875,371.2879638671875,0
87800,joint_m1,1.0,0.024437563493847847,0.005498827435076237,0.006061640723297994,0.9459536125262579,6.756883976777317e-07,0.004267798736691475,0.026690865484632894,0.01069943979382515,0.9869274497032166,0.49762585759162903,0.21240465342998505,0.022045135498046875,132424.18147755341,1378.7466696212505,81.74818420410156,372.0144348144531,0
88000,joint_m1,1.0,0.02406773902475834,0.005400214344263077,0.0060632063541561365,0.9454944729804993,7.059462063807587e-07,0.0044667706824839115,0.04087486965862476,0.01069873757660389,0.986925482749939,0.4976184666156769,0.2124052494764328,0.02202606201171875,132423.65565109582,1378.2208431636536,81.89696502685547,372.73675537109375,0
88200,joint_m1,1.0,0.024175412952899933,0.005420009605586529,0.006079664104618132,0.9465400576591492,6.84455415012053e-07,0.0043059587478637695,0.027192484380602778,0.010700894519686699,0.9869226813316345,0.4976106882095337,0.2124076634645462,0.022075653076171875,132424.28973568254,1378.854927750377,82.0464859008789,373.4614562988281,0
88400,joint_m1,1.0,0.024256980046629906,0.005412817467004061,0.006076528341509402,0.9461741298437119,7.848937570997805e-07,0.004772739484906197,0.0653565498494447,0.010701872408390045,0.9869197607040405,0.4976019859313965,0.21241439878940582,0.022060394287109375,132428.14057442624,1382.7057664940803,82.19779968261719,374.1959228515625,0
88600,joint_m1,1.0,0.024023573845624924,0.005367784760892391,0.006083420206171771,0.945042704542478,7.007031967987132e-07,0.004414933267980814,0.05861573291776156,0.01070389710366726,0.9869148135185242,0.4975917339324951,0.21242497861385345,0.022052764892578125,132434.58931865194,1389.1545107197744,82.3508529663086,374.9379577636719,0
88800,joint_m1,1.0,0.024094358086586,0.005394272040575743,0.0061512239432583255,0.94418632487456,6.938327601346828e-07,0.004315676633268595,0.03998078028838656,0.010709756053984165,0.9869122505187988,0.4975821375846863,0.21243633329868317,0.0220184326171875,132441.41660371955,1395.9817957873893,82.50293731689453,375.6749267578125,0
89000,joint_m1,1.0,0.023766083642840385,0.005255293101072311,0.005998148776901265,0.9464743286371231,6.84544431805989e-07,0.00425178837031126,0.047344290860261824,0.010717968456447124,0.9869101643562317,0.497572124004364,0.21244767308235168,0.02199554443359375,132448.38270058265,1402.9478926504817,82.65510559082031,376.41339111328125,0
89200,joint_m1,1.0,0.024099253118038177,0.00535245519131422,0.006090427244392534,0.9468176364898682,6.986614948800707e-07,0.004289612174034119,0.03523309194543144,0.01071993075311184,0.9869063496589661,0.4975660443305969,0.21244728565216064,0.021953582763671875,132447.42401421026,1401.9892062781,82.79769897460938,377.1070251464844,0
89400,joint_m1,1.0,0.023944474756717682,0.005323249846696854,0.005976579190852742,0.9466348340113958,6.797212108722306e-07,0.004283839371055365,0.025446772619760857,0.010722853243350983,0.9869045615196228,0.4975598156452179,0.21244579553604126,0.021942138671875,132445.60712987048,1400.172321938313,82.93779754638672,377.7882080078125,0
89600,joint_m1,1.0,0.024091683328151703,0.005376417189836502,0.006059002907325824,0.9466210355361303,6.925933462298417e-07,0.004310057498514652,0.036404849449818526,0.010726227425038815,0.9869014620780945,0.49755316972732544,0.21244508028030396,0.021945953369140625,132444.51698730304,1399.0821793708747,83.07746887207031,378.4686279296875,0
89800,joint_m1,1.0,0.023805182427167892,0.005279200151562691,0.005969854304566979,0.9463472217321396,6.824488423262665e-07,0.0042654117569327354,0.026561489260701645,0.010729669593274593,0.9868965744972229,0.49754610657691956,0.2124459147453308,0.02193450927734375,132444.3314302277,1398.896622295535,83.21707916259766,379.1470642089844,0
90000,joint_m1,1.0,0.023889021947979927,0.005326785612851381,0.00598141725640744,0.9467122306426367,6.904600695634144e-07,0.004315920639783144,0.04473485235085751,0.010729451663792133,0.9868924021720886,0.49753808975219727,0.21244964003562927,0.021938323974609375,132446.3880066195,1400.9531986873335,83.35718536376953,379.830078125,0
90200,joint_m1,1.0,0.023444058373570442,0.005151497200131416,0.0059468897913272185,0.9467099557320277,6.784350716770859e-07,0.004214913118630648,0.018916068456345508,0.010732575319707394,0.9868879914283752,0.49753135442733765,0.21245117485523224,0.021915435791015625,132446.63541215382,1401.2006042216526,83.49506378173828,380.5012512207031,0
90400,joint_m1,1.0,0.024029046297073364,0.0053534116595983505,0.005948672109904389,0.9472637822230657,6.829322387602588e-07,0.0042572845704853535,0.04215793231924171,0.010733875446021557,0.986884355545044,0.49752306938171387,0.21245470643043518,0.02193450927734375,132448.78472828658,1403.3499203544197,83.63397979736328,381.1799011230469,0
90600,joint_m1,1.0,0.024337563663721085,0.0054618846625089645,0.00597021736515065,0.9465335210164388,7.16311205906095e-07,0.004461241420358419,0.10538829479040467,0.010736833326518536,0.9868795275688171,0.4975143074989319,0.21246439218521118,0.021953582763671875,132454.78407366038,1409.3492657282186,83.77518463134766,381.8664245605469,0
90800,joint_m1,1.0,0.023682542145252228,0.005187959875911474,0.005928249719242255,0.9469455977280935,6.841557365078188e-07,0.0043071601539850235,0.050243455836511554,0.010740116238594055,0.9868791699409485,0.4975054860115051,0.21247199177742004,0.0219268798828125,132459.2679430171,1413.833135084933,83.9136734008789,382.5406494140625,0
91000,joint_m1,1.0,0.02395210787653923,0.005303925834596157,0.00598722059900562,0.9462979137897491,7.047431154205697e-07,0.004424079786986113,0.10713398628978345,0.010740328580141068,0.9868770837783813,0.4974958300590515,0.2124803364276886,0.02191925048828125,132464.56335186402,1419.12854393186,84.05207061767578,383.21484375,0
91200,joint_m1,1.0,0.023742303252220154,0.0052855550311505795,0.006217411331211527,0.9424046675364176,7.223626425911789e-07,0.004403901752084494,0.07824868159013897,0.010744554921984673,0.9868758916854858,0.49748456478118896,0.21249432861804962,0.02193450927734375,132473.59984540317,1428.1650374710007,84.19309997558594,383.9005126953125,0
91400,joint_m1,1.0,0.02383965626358986,0.0053370799869298935,0.005983536674951513,0.9461340109507242,7.0944997787592e-07,0.004310585092753172,0.05041871424131331,0.010746030136942863,0.9868705868721008,0.497472882270813,0.21250954270362854,0.021953582763671875,132483.6946344719,1438.2598265397392,84.33406066894531,384.58636474609375,0
91600,joint_m1,1.0,0.02377578429877758,0.005252204369753599,0.005917142300556104,0.9468229860067368,6.912703156558564e-07,0.004256900399923325,0.03696650398288343,0.01074592862278223,0.986865222454071,0.4974619150161743,0.2125241756439209,0.0219573974609375,132493.30947636563,1447.874668433462,84.47410583496094,385.2679138183594,0
91800,joint_m1,1.0,0.02375744841992855,0.005256741773337126,0.005931081638361017,0.9467932482560476,6.977253974582709e-07,0.004398484248667955,0.025753398533148772,0.010746937245130539,0.9868618249893188,0.4974499046802521,0.2125394195318222,0.02196502685546875,132503.60369439013,1458.1688864579628,84.61361694335938,385.9476013183594,0
92000,joint_m1,1.0,0.02340713143348694,0.005127866752445698,0.005924000559995572,0.9469184428453445,6.740258413628908e-07,0.004223878029733896,0.045361190895956964,0.010749751701951027,0.9868606925010681,0.4974377155303955,0.21255551278591156,0.02196502685546875,132514.43030855167,1468.9955006195087,84.75203704833984,386.6228332519531,0
92200,joint_m1,1.0,0.02431856095790863,0.00541608314961195,0.005934039635273318,0.9465818951527277,6.843163760095194e-07,0.004270800855010748,0.05407360056276898,0.010755274444818497,0.9868590831756592,0.4974249005317688,0.21257691085338593,0.02193450927734375,132529.20438907042,1483.7695811382582,84.8940200805664,387.31475830078125,0
92400,joint_m1,1.0,0.023496415466070175,0.005157226696610451,0.005910751759074628,0.9470055550336838,7.048781753837829e-07,0.004439170937985182,0.04702769645705804,0.010756675153970718,0.9868567585945129,0.49741071462631226,0.2126021534204483,0.02191162109375,132546.61899875078,1501.184190818618,85.03775787353516,388.0155944824219,0
92600,joint_m1,1.0,0.023681707680225372,0.005155845545232296,0.006019777346712847,0.9458452264467875,6.859442009954364e-07,0.004186886362731457,0.04154413587490029,0.010752789676189423,0.9868555665016174,0.4973994493484497,0.21262024343013763,0.021915435791015625,132559.12612868266,1513.6913207504986,85.1760482788086,388.6903076171875,0
92800,joint_m1,1.0,0.02344755083322525,0.005123564042150974,0.00592415298645695,0.9475488811731339,6.93951506036683e-07,0.004184106830507517,0.05336367735139134,0.010754878632724285,0.9868535995483398,0.49738916754722595,0.2126353681087494,0.02191162109375,132569.1912323523,1523.7564244201494,85.31097412109375,389.3480529785156,0
93000,joint_m1,1.0,0.023993466049432755,0.005347913131117821,0.005845255024420719,0.9471026162306467,7.02552824805025e-07,0.004302910529077053,0.037630175963588405,0.01075426023453474,0.9868499040603638,0.49738240242004395,0.21263594925403595,0.021915435791015625,132569.53882396966,1524.1040160374978,85.4356460571289,389.95855712890625,0
93200,joint_m1,1.0,0.023366287350654602,0.00509959552437067,0.005849283537827432,0.9481283078591028,7.206067493825685e-07,0.0043268585577607155,0.03103884096826544,0.01075281947851181,0.9868471026420593,0.4973759651184082,0.21263298392295837,0.021884918212890625,132567.45326059486,1522.018452662698,85.55712127685547,390.554443359375,0
93400,joint_m1,1.0,0.02368129976093769,0.005189475603401661,0.005825738500182827,0.9482157478729883,6.941008336980303e-07,0.0042512668296694756,0.031008027653244057,0.010753589682281017,0.9868447780609131,0.4973699450492859,0.21262770891189575,0.021877288818359375,132563.74551135767,1518.310703425508,85.67652893066406,391.1398010253906,0
93600,joint_m1,1.0,0.023689310997724533,0.005209304857999086,0.00579692202154547,0.948051705956459,6.721362524331198e-07,0.004152746871113777,0.05350766983910535,0.01075707096606493,0.9868424534797668,0.49736303091049194,0.21262423694133759,0.02187347412109375,132561.58260974407,1516.1478018119087,85.79695129394531,391.7313232421875,0
93800,joint_m1,1.0,0.023270606994628906,0.005112086422741413,0.0058464147538567586,0.9479692180951437,6.970570893827244e-07,0.004323962610214949,0.03785217616496447,0.010757111012935638,0.9868408441543579,0.49735748767852783,0.21261997520923615,0.02187347412109375,132558.58538774468,1513.1505798125145,85.91552734375,392.31292724609375,0
94000,joint_m1,1.0,0.023108799010515213,0.004933258518576622,0.005921023975436886,0.9469048231840134,7.463893894055218e-07,0.004489399027079344,0.045833971376630624,0.01075682695955038,0.9868404865264893,0.49735164642333984,0.2126150131225586,0.02184295654296875,132555.37179609132,1509.9369881591556,86.03245544433594,392.88751220703125,0
94200,joint_m1,1.0,0.02312159352004528,0.004929009824991226,0.005843801734348138,0.948622797926267,6.921992508068797e-07,0.004322424530982971,0.09540845938313772,0.010752798989415169,0.9868379235267639,0.4973453879356384,0.21261084079742432,0.02184295654296875,132552.42078513693,1506.985977204764,86.14955139160156,393.4615173339844,0
94400,joint_m1,1.0,0.02323666587471962,0.005020523443818092,0.005785346341629823,0.9480737100044886,6.854709226900013e-07,0.00411932822316885,0.03161387272884565,0.010756502859294415,0.9868355989456177,0.49733856320381165,0.21260881423950195,0.02182769775390625,132551.16928944836,1505.7344815161923,86.26769256591797,394.0411376953125,0
94600,joint_m1,1.0,0.02341703325510025,0.0051116058602929115,0.005993933222877483,0.9458816597859064,6.933644840501074e-07,0.004272574093192816,0.03232084906057883,0.010753549635410309,0.9868332743644714,0.49733084440231323,0.21261054277420044,0.021846771240234375,132552.55983948405,1507.1250315518846,86.38673400878906,394.6252136230469,0
94800,joint_m1,1.0,0.023604774847626686,0.005220825783908367,0.005961609344619016,0.9471056908369064,8.089435823421809e-07,0.005342026706784964,0.04245290091290759,0.010754990391433239,0.9868294596672058,0.497321754693985,0.21261760592460632,0.02187347412109375,132557.36485009047,1511.930042158303,86.5083999633789,395.22015380859375,0
95000,joint_m1,1.0,0.023410845547914505,0.005165967158973217,0.005826664079601566,0.9482807020346323,6.748981036253099e-07,0.0040130349807441235,0.02822823669835323,0.010752830654382706,0.9868279695510864,0.4973113536834717,0.21262559294700623,0.02187347412109375,132563.43652757347,1518.00171964131,86.6308822631836,395.8216857910156,0
95200,joint_m1,1.0,0.02359848842024803,0.005151465535163879,0.005836282856762409,0.9480146368344625,6.751469641130825e-07,0.0040892343968153,0.03924121270521943,0.010757618583738804,0.9868257641792297,0.4973033666610718,0.21262934803962708,0.0218658447265625,132566.1710090474,1520.736201115229,86.74928283691406,396.40277099609375,0
95400,joint_m1,1.0,0.023361993953585625,0.005107102449983358,0.005850532635425528,0.9473002205292383,6.983920570746704e-07,0.004286002367734909,0.04954968385114196,0.01075881626456976,0.9868249297142029,0.4972933232784271,0.21263809502124786,0.02187347412109375,132572.65938344903,1527.2245755168697,86.8699722290039,396.9947814941406,0
95600,joint_m1,1.0,0.023663971573114395,0.005194466561079025,0.0058281878009438515,0.9481683969497681,6.913891184012755e-07,0.004208902828395367,0.03823890904783537,0.010759323835372925,0.9868246912956238,0.4972835183143616,0.21264424920082092,0.0218658447265625,132577.65676010418,1532.2219521720108,86.98860168457031,397.5785217285156,0
95800,joint_m1,1.0,0.023296233266592026,0.005059924442321062,0.005843950319103897,0.9478157808383306,7.178016971920442e-07,0.004388565197587013,0.07016056435812597,0.010757852345705032,0.9868229627609253,0.49727654457092285,0.21264125406742096,0.021846771240234375,132575.90345156996,1530.468643637796,87.10071563720703,398.1302795410156,0
96000,joint_m1,1.0,0.02320367470383644,0.004998713731765747,0.005747699877247214,0.948829804857572,6.823270837230666e-07,0.004083844833076,0.022384114817796306,0.010762745514512062,0.9868218898773193,0.4972700774669647,0.21263714134693146,0.021854400634765625,132573.35454758623,1527.9197396540694,87.21116638183594,398.674072265625,0
96200,joint_m1,1.0,0.023001907393336296,0.004949228372424841,0.005787564635587235,0.9482954194148382,6.648813268839149e-07,0.003924749791622162,0.01421787068020997,0.010761994868516922,0.9868193864822388,0.4972604513168335,0.2126423865556717,0.021823883056640625,132577.8575781039,1532.4227701717318,87.32720947265625,399.2476806640625,0
96400,joint_m1,1.0,0.023548807948827744,0.005160496570169926,0.005816896174413462,0.948121522863706,6.911075729476579e-07,0.004180894233286381,0.06740856581980202,0.010759597644209862,0.9868152141571045,0.49725455045700073,0.212639719247818,0.021831512451171875,132575.9420709504,1530.5072630182403,87.43704986572266,399.786865234375,0
96600,joint_m1,1.0,0.023279471322894096,0.0050473143346607685,0.005745874019339681,0.9488120824098587,6.695303227388649e-07,0.004050132818520069,0.029409060189117903,0.010761892423033714,0.9868133068084717,0.4972471594810486,0.21263857185840607,0.021862030029296875,132575.43229422258,1529.99748629042,87.54788208007812,400.33221435546875,0
96800,joint_m1,1.0,0.023297062143683434,0.005062820855528116,0.005763706052675843,0.9490080078442892,6.643355163760134e-07,0.003979484550654888,0.0338326215723073,0.010767173022031784,0.9868103265762329,0.4972403645515442,0.21263709664344788,0.021869659423828125,132574.80665646849,1529.3718485363206,87.65800476074219,400.8745422363281,0
97000,joint_m1,1.0,0.022843658924102783,0.004854036495089531,0.005766927807902296,0.9481718093156815,6.59494730825827e-07,0.0039687380194664,0.03295711128747026,0.010768717154860497,0.9868109822273254,0.49722862243652344,0.21264946460723877,0.0218658447265625,132583.95148735007,1538.5166794179095,87.77615356445312,401.454345703125,0
97195,joint_m1,1.0,0.023504527285695076,0.0051667033694684505,0.005884558466883997,0.9471796005964279,8.350504572263162e-07,0.00547621538862586,0.07476717731503632,0.010769722983241081,0.986811101436615,0.49722081422805786,0.21265174448490143,0.021839141845703125,132585.80509240043,1540.3702844682703,87.8841552734375,401.9852294921875,0
97200,harden_m2,2.0,0.03011542744934559,0.007667431607842445,0.010714970296248794,0.8948685725529989,1.1899975334017654e-06,0.004075732547789812,0.036774690946945646,0.00011849519069073722,0.9998214840888977,0.4946742653846741,0.32081928849220276,0.29514312744140625,132579.2246771718,1533.7898692396266,125.99867248535156,401.9623718261719,0
97400,harden_m2,2.0,0.0245878454297781,0.0055901408195495605,0.006044354755431414,0.9452457179625829,7.622233511028753e-07,0.002994778100401163,0.04541378767835597,9.910309927363414e-06,0.9999997615814209,0.4955095946788788,0.3195396959781647,0.2930412292480469,132205.16419565462,1159.7293877224583,125.14765167236328,400.4740295410156,0
97600,harden_m2,2.0,0.024486862123012543,0.005543557461351156,0.005975217946494619,0.946804940700531,7.795001693011727e-07,0.0031256957445293665,0.0272327081447562,9.780086656974163e-06,0.9999997615814209,0.49598586559295654,0.31873494386672974,0.2916755676269531,131943.99005638718,898.5552484550135,124.67786407470703,399.65582275390625,0
97800,harden_m2,2.0,0.024144750088453293,0.005394897889345884,0.005867691128514707,0.9475023299455643,7.560999506495136e-07,0.0029489784501492977,0.014842692998675307,9.821932508202735e-06,0.9999997615814209,0.496334433555603,0.3181023597717285,0.2906913757324219,131739.53453690355,694.099728971385,124.34966278076172,399.16632080078125,0
98000,harden_m2,2.0,0.023830588907003403,0.005293802358210087,0.005795912041018407,0.9474232196807861,7.537807391599927e-07,0.0029539482202380896,0.029204493710331923,9.82790061243577e-06,0.9999997615814209,0.4966316521167755,0.31755122542381287,0.2897377014160156,131559.6864696781,514.2516617459332,124.08540344238281,398.8173522949219,0
98200,harden_m2,2.0,0.02381264790892601,0.005269257351756096,0.005780167877674103,0.948112944761912,7.34772470423195e-07,0.0028498179744929075,0.011540444423247736,9.83289737632731e-06,0.9999997615814209,0.4968881607055664,0.31706666946411133,0.28884124755859375,131400.5413687478,355.106560815635,123.87462615966797,398.587646484375,0
98400,harden_m2,2.0,0.023457935079932213,0.0051195379346609116,0.005791455778914194,0.947808121641477,7.622334692314325e-07,0.0029358137398958206,0.024326205135211658,9.82270921667805e-06,0.9999997615814209,0.4971162676811218,0.3166322112083435,0.28806304931640625,131257.21289133027,211.77808339810872,123.7030029296875,398.4447937011719,0
98600,harden_m2,2.0,0.0238485150039196,0.0052194660529494286,0.005761747752937178,0.9486652811368307,7.898196372480015e-07,0.003016887465491891,0.04120602920821846,9.808200957195368e-06,0.9999997615814209,0.49731841683387756,0.31623753905296326,0.2873954772949219,131126.22315921405,80.78835128188075,123.56280517578125,398.3714904785156,0
98800,harden_m2,2.0,0.02360030636191368,0.005183153320103884,0.0057567883826171356,0.9482537607351939,7.629307674505981e-07,0.0029613731894642115,0.026735878192323672,9.817952559387777e-06,0.9999997615814209,0.49750277400016785,0.3158738613128662,0.28687286376953125,131004.86561956392,40.569188368244795,123.44764709472656,398.3537902832031,0
99000,harden_m2,2.0,0.023867987096309662,0.00524182477965951,0.005762229751174648,0.9483828196922938,8.202958952097106e-07,0.0033250409178435802,0.04023698708368787,9.81228004093282e-06,0.9999997615814209,0.49767109751701355,0.3155384063720703,0.2863311767578125,130892.40821376922,153.02659416294773,123.35213470458984,398.37750244140625,0
99200,harden_m2,2.0,0.023560356348752975,0.005239778198301792,0.00577108864672482,0.9483815630276998,8.072727837316052e-07,0.0031202188692986965,0.05812319216686606,9.815012163016945e-06,0.9999997615814209,0.4978231191635132,0.3152276575565338,0.28577423095703125,130787.94611125292,257.4886966792401,123.27613830566406,398.4436950683594,0
99400,harden_m2,2.0,0.023509645834565163,0.00511661684140563,0.005727616488002241,0.9481852849324545,8.548348660042393e-07,0.0033659562468528748,0.031326455929519444,9.821867024584208e-06,0.9999997615814209,0.49796217679977417,0.3149380683898926,0.2851829528808594,130690.17040313323,355.2644047989306,123.21650695800781,398.546142578125,0
99600,harden_m2,2.0,0.02324141189455986,0.005039123818278313,0.005829650132606427,0.9475437750418981,9.030649152919068e-07,0.0038083475083112717,0.04464133804102281,9.835091987042688e-06,0.9999997615814209,0.4980913996696472,0.31466352939605713,0.2847480773925781,130597.30447447987,448.1303334522963,123.16657257080078,398.6686096191406,0
99800,harden_m2,2.0,0.023640654981136322,0.005210626404732466,0.0057973369645575685,0.9483250478903452,7.78726587213896e-07,0.002964687068015337,0.03254060242464026,9.838244295679033e-06,0.9999997615814209,0.4982081949710846,0.31440603733062744,0.2841911315917969,130510.06103745411,535.3737704780506,123.12908935546875,398.82012939453125,0
100000,harden_m2,2.0,0.023723136633634567,0.0051422035321593285,0.005665469487818579,0.9494945704936981,7.742691536805069e-07,0.0029957701917737722,0.05723312956565067,1.0348697287554387e-05,0.9999997615814209,0.49832186102867126,0.31415918469429016,0.2837333679199219,130426.63384447212,618.8009634600458,123.09991455078125,398.98919677734375,0
100200,harden_m2,2.0,0.02332480065524578,0.0049849217757582664,0.00573644080820183,0.9488862603902817,7.891105724411318e-07,0.00316727627068758,0.10328388319646276,1.0139790902030654e-05,0.9999997615814209,0.4984326660633087,0.31393206119537354,0.2834014892578125,130353.40517224703,692.0296356851322,123.0816421508789,399.1979064941406,0
100400,harden_m2,2.0,0.02321331948041916,0.005035064648836851,0.005849329017413159,0.9471623996893564,8.08488209713687e-07,0.0030458495020866394,0.03408579700546983,1.0068466508528218e-05,0.9999997615814209,0.49853426218032837,0.3137081563472748,0.2830047607421875,130276.60222772161,768.8325802105537,123.06452178955078,399.3827819824219,0
100600,harden_m2,2.0,0.02300911583006382,0.005000034347176552,0.005685565954384704,0.9488308827082316,7.921263431853731e-07,0.0029935191851109266,0.03170367574818,1.0066382856166456e-05,0.9999997615814209,0.49862807989120483,0.3134961724281311,0.2826576232910156,130203.69420258398,841.7406053481827,123.0566177368164,399.5885925292969,0
100800,harden_m2,2.0,0.023030629381537437,0.00502094766125083,0.005612179132488866,0.9493318200111389,7.834340749468538e-07,0.0029725704807788134,0.02389795299158091,1.010671621770598e-05,0.9999997615814209,0.4987261891365051,0.3132781982421875,0.2822303771972656,130128.16033434116,917.2744735910092,123.04312133789062,399.77813720703125,0
101000,harden_m2,2.0,0.0230561476200819,0.004959746263921261,0.005631343345157802,0.9495875636736552,7.812693638697965e-07,0.002970414236187935,0.025841149861938993,1.0110369657923002e-05,0.9999997615814209,0.4988222122192383,0.31306809186935425,0.2817420959472656,130054.9801276368,990.45468029537,123.03407287597656,399.9760437011719,0
101200,harden_m2,2.0,0.023200374096632004,0.005026873666793108,0.005644016084261239,0.9496112714211146,8.034045322347083e-07,0.003085022559389472,0.02784887852207297,1.010054984362796e-05,0.9999997615814209,0.4989134669303894,0.31286656856536865,0.2814178466796875,129984.31511532459,1061.119692607579,123.031982421875,400.18768310546875,0
101245,harden_m2,2.0,0.023260444402694702,0.004989828914403915,0.005685925173262755,0.9492560277382532,7.935537382763869e-07,0.0032974043861031532,0.03781918956438788,1.0103612112288829e-05,0.9999997615814209,0.49893465638160706,0.3128211200237274,0.2813262939453125,129968.34568463199,1077.0891233001748,123.03099822998047,400.23443603515625,0
101400,harden_m3,3.0,0.02333129569888115,0.005068561993539333,0.005777294902751843,0.9474610984325409,9.487388297202415e-07,0.002718213479965925,0.043716619609455366,3.197595432880007e-08,1.0,0.4990493357181549,0.36406591534614563,0.45661163330078125,129766.52215421357,1278.9126537185948,146.47886657714844,399.6614074707031,0
101600,harden_m3,3.0,0.02388698048889637,0.005258648190647364,0.005717742023989558,0.9486288676659266,9.189313914248487e-07,0.0027559809386730194,0.03227986866156875,3.181522245654378e-08,1.0,0.49979084730148315,0.3631356358528137,0.4545135498046875,129594.97866815673,1450.4561397754296,145.9911651611328,399.3261413574219,0
101800,harden_m3,3.0,0.023090220987796783,0.004979024175554514,0.00570054049603641,0.948365772763888,1.2590041933435714e-06,0.002905692672356963,0.021060454265268452,3.180484853260168e-08,1.0,0.5003492832183838,0.3624212443828583,0.45285797119140625,129458.94941640768,1586.4853915244894,145.6567840576172,399.1802673339844,0
102000,harden_m3,3.0,0.023170921951532364,0.005007505416870117,0.005736938289677103,0.9480923364559809,9.329003205493791e-07,0.002806084929034114,0.013984617280261381,3.184558039492913e-08,1.0,0.5008038878440857,0.36182111501693726,0.4512901306152344,129341.6407503786,1703.7940575535613,145.40248107910156,399.12744140625,0
102200,harden_m3,3.0,0.022947195917367935,0.004890124313533306,0.005750959661478798,0.9487421711285909,9.441826591682911e-07,0.0031041991896927357,0.02403017868869139,3.179599161740043e-08,1.0,0.5012025833129883,0.36129575967788696,0.45001983642578125,129236.99878904647,1808.4360188856954,145.20040893554688,399.1369934082031,0
102400,harden_m3,3.0,0.024160049855709076,0.005389475263655186,0.005919909298730393,0.9461265802383423,9.839118320087437e-07,0.0030359153170138597,0.06184350633374417,9.058226716450457e-13,1.0,0.5015432834625244,0.36083799600601196,0.4489898681640625,129218.1990897567,1827.2357181754633,145.04734802246094,399.5950927734375,0
102600,harden_m3,3.0,0.02312690205872059,0.004994418937712908,0.00567265502953281,0.9490193774302801,9.69367988545855e-07,0.00287781679071486,0.0508105925887468,4.4957863386957397e-13,1.0,0.5018246173858643,0.3604635000228882,0.44802093505859375,129148.3527730803,1897.082034851861,144.94012451171875,399.72998046875,0
102800,harden_m3,3.0,0.023340336978435516,0.005052044056355953,0.00578584192165484,0.9474910497665405,9.873018598227645e-07,0.002849173964932561,0.047628173759222556,4.431863404909253e-13,1.0,0.5020889639854431,0.36010313034057617,0.44708251953125,129077.469079619,1967.9657283131673,144.84054565429688,399.8545837402344,0
103000,harden_m3,3.0,0.02327170968055725,0.005004383623600006,0.005616199807263911,0.949634795387586,9.633607760406449e-07,0.0029120761901140213,0.03920013342803549,5.38402601581861e-13,1.0,0.502327024936676,0.3597792983055115,0.4462089538574219,129011.09856132533,2034.3362466068356,144.76568603515625,400.0040283203125,0
103200,harden_m3,3.0,0.022807538509368896,0.0049170274287462234,0.005660144650998215,0.949060246348381,1.0030536259364453e-06,0.0028497998137027025,0.034935903813056925,5.269034449202625e-13,1.0,0.5025487542152405,0.35945743322372437,0.44550323486328125,128945.73022787532,2099.704580056845,144.69622802734375,400.169921875,0
103400,harden_m3,3.0,0.022649511694908142,0.004790186416357756,0.005731806275434792,0.9479925433794657,1.115644067795074e-06,0.003164081135764718,0.05082753300267057,5.181986025178109e-13,1.0,0.5027551651000977,0.35915258526802063,0.4448127746582031,128883.12547420627,2162.3093337258906,144.63783264160156,400.3455810546875,0
103600,harden_m3,3.0,0.022757533937692642,0.004812496714293957,0.005674038742048045,0.9486530174811681,1.0070855296362424e-06,0.002885556546971202,0.040929052709012974,5.12843727987905e-13,1.0,0.502949595451355,0.3588608205318451,0.4440040588378906,128822.27881853355,2223.1559893986123,144.58901977539062,400.53387451171875,0
103800,harden_m3,3.0,0.022865325212478638,0.004885564558207989,0.005650795763358474,0.9491008917490641,1.0336560762880254e-06,0.002970687346532941,0.043089097687851935,5.091643794953582e-13,1.0,0.5031311511993408,0.3585805296897888,0.44327545166015625,128763.19672950031,2282.238078431852,144.54713439941406,400.72760009765625,0
104000,harden_m3,3.0,0.023335948586463928,0.005018331576138735,0.005716231147137781,0.9492800633112589,1.1525771697051823e-06,0.003417894011363387,0.07444840658033638,5.062244568844465e-13,1.0,0.5032973885536194,0.3583143949508667,0.4425239562988281,128706.62951068216,2338.805297250001,144.51284790039062,400.9285583496094,0
104200,harden_m3,3.0,0.023144453763961792,0.005012843757867813,0.005709812045097351,0.9488726059595743,1.0132905572390882e-06,0.0030130469240248203,0.041049643472385024,5.010315621591099e-13,1.0,0.5034373998641968,0.35807380080223083,0.44184112548828125,128654.55838018333,2390.876427748837,144.50108337402344,401.167236328125,0
104400,harden_m3,3.0,0.022916920483112335,0.004929304122924805,0.005577455507591367,0.9495545526345571,1.0017663498729235e-06,0.002810395322740078,0.0369083954036957,4.973838181598911e-13,1.0,0.5035803914070129,0.35782867670059204,0.44126129150390625,128601.43103402854,2444.0037739036197,144.48397827148438,401.3929138183594,0
104600,harden_m3,3.0,0.023099591955542564,0.004934195429086685,0.0057082776523505645,0.9495061238606771,1.0032833870354807e-06,0.002870749682188034,0.0456222597976431,4.960167476406041e-13,1.0,0.5037225484848022,0.3575933277606964,0.44058990478515625,128550.01429793776,2495.4205099944083,144.47108459472656,401.6202392578125,0
104800,harden_m3,3.0,0.022923544049263,0.004989368841052055,0.005789031197006504,0.9480309138695399,1.0424420224808273e-06,0.003062990726903081,0.04912367749459968,4.958001240465415e-13,1.0,0.5038573741912842,0.35736390948295593,0.4398612976074219,128499.09895403936,2546.3358538928005,144.462158203125,401.8509216308594,0
105000,harden_m3,3.0,0.023142443969845772,0.005017761141061783,0.005761036338905494,0.9485339025656382,1.0107687558047473e-06,0.0028518594335764647,0.03137939430023229,4.930371432301794e-13,1.0,0.5039862990379333,0.35714420676231384,0.43910980224609375,128450.24811186625,2595.18669606591,144.45912170410156,402.0879211425781,0
105200,harden_m3,3.0,0.022782178595662117,0.004845746792852879,0.005682629222671191,0.9480828593174616,1.0140695394511567e-06,0.0028373340610414743,0.038026939749935325,4.890621870153045e-13,1.0,0.5041073560714722,0.35693538188934326,0.43851470947265625,128403.1730449057,2642.2617630264576,144.46534729003906,402.3374328613281,0
105295,harden_m3,3.0,0.022744525223970413,0.00479140505194664,0.005612906417809427,0.9489481945832571,1.079033495443582e-06,0.0030855529475957155,0.04896992743193015,4.882308207894426e-13,1.0,0.504159688949585,0.35683873295783997,0.4382438659667969,128381.24822574362,2664.186582188544,144.46975708007812,402.4583740234375,0
105400,harden_m4,4.0,0.02294766530394554,0.0048832399770617485,0.0056005965840692324,0.9494596570730209,1.488674001848267e-06,0.0038076594937592745,0.03407068290982158,3.832700670978316e-17,1.0,0.5050008296966553,0.38519418239593506,0.5340614318847656,128299.75301613015,2745.6817918020097,158.6127471923828,402.38275146484375,0
105600,harden_m4,4.0,0.02265956625342369,0.004800871945917606,0.0056051893237357335,0.949557309349378,1.1385993730073096e-06,0.0026439435314387083,0.02760782393700923,3.8192440967733035e-17,1.0,0.5056816935539246,0.38429614901542664,0.531982421875,128201.98063992616,2843.4541680060065,158.2143096923828,402.40240478515625,0
105800,harden_m4,4.0,0.022966984659433365,0.004912934731692076,0.005582629897010823,0.949864387512207,1.1391059615561971e-06,0.0026452301535755396,0.030452317524970317,3.8081876698336747e-17,1.0,0.5061670541763306,0.3836536109447479,0.5302658081054688,128126.32965944198,2919.1051484901836,157.9697265625,402.5047607421875,0
106000,harden_m4,4.0,0.022801563143730164,0.004838625900447369,0.005525597409966092,0.94992895424366,1.1696454293996794e-06,0.0026765544898808002,0.024587098576111688,3.7801091893766847e-17,1.0,0.5065767765045166,0.38311702013015747,0.5288238525390625,128060.14986716204,2985.2849407701287,157.78759765625,402.63739013671875,0
106200,harden_m4,4.0,0.022792145609855652,0.004856580402702093,0.005561279753843944,0.9501056174437205,1.1531456038937904e-06,0.0026276810094714165,0.02232626502368336,3.785188409210005e-17,1.0,0.5069301128387451,0.3826475441455841,0.5276679992675781,128000.23599978244,3045.1988081497257,157.64620971679688,402.792724609375,0
106400,harden_m4,4.0,0.022449947893619537,0.004718190059065819,0.005552761101474364,0.9500623246033987,1.1655591833914514e-06,0.0027107279747724533,0.031309863508342695,3.760677724171079e-17,1.0,0.5072553157806396,0.38223209977149963,0.5265579223632812,127946.23670901774,3099.1980989144213,157.54055786132812,402.9759521484375,0
106600,harden_m4,4.0,0.023143060505390167,0.0049943141639232635,0.005610943500262995,0.9492581933736801,1.162929379461275e-06,0.0027328929863870144,0.024986481669727324,3.765860176144846e-17,1.0,0.5075395107269287,0.38187479972839355,0.5256118774414062,127898.54379155378,3146.8910163783876,157.4674835205078,403.1775817871094,0
106800,harden_m4,4.0,0.022614028304815292,0.004809592850506306,0.005522553614961605,0.9502553840478262,1.177016088149685e-06,0.002704794052988291,0.028277149957023167,3.705128906443448e-17,1.0,0.5078101754188538,0.38152772188186646,0.5245895385742188,127850.86512026424,3194.5696876679285,157.39450073242188,403.36602783203125,0
107000,harden_m4,4.0,0.022930826991796494,0.004922741092741489,0.005518382609200974,0.9504309395949045,1.3303601917868946e-06,0.0033092275261878967,0.025432342788618646,3.692007836694887e-17,1.0,0.5080578327178955,0.38120511174201965,0.5235633850097656,127805.43612851528,3239.99867941688,157.34005737304688,403.5691223144531,0
107200,harden_m4,4.0,0.02291039377450943,0.004907036200165749,0.00559283730884393,0.950541670123736,1.1703956488418044e-06,0.0026440268848091364,0.02911213836828831,3.6965738736761795e-17,1.0,0.5082944631576538,0.38090017437934875,0.5226783752441406,127762.21112676471,3283.223681167452,157.2926025390625,403.771240234375,0
107400,harden_m4,4.0,0.022892236709594727,0.004915265366435051,0.005552841583266854,0.950527548789978,1.2813682133128168e-06,0.0029951229225844145,0.04455181209454883,3.677642025560556e-17,1.0,0.5085187554359436,0.3806132674217224,0.5218009948730469,127720.79949640152,3324.635311530641,157.25448608398438,403.9767150878906,0
107600,harden_m4,4.0,0.02277337573468685,0.004841137677431107,0.005542349729997416,0.9500733812650045,1.2126156434533186e-06,0.0027940606232732534,0.03272504164658697,3.6742204756747915e-17,1.0,0.50872802734375,0.38034069538116455,0.5209426879882812,127680.98646235469,3364.4483455774753,157.22518920898438,404.18896484375,0
107800,harden_m4,4.0,0.02240215241909027,0.004700016230344772,0.005561989305230479,0.9504647503296534,1.173905047835433e-06,0.002618231112137437,0.02935366561693151,3.6643945626143966e-17,1.0,0.508930504322052,0.3800830543041229,0.52020263671875,127642.98210242504,3402.452705507123,157.2036895751953,404.4038391113281,0
108000,harden_m4,4.0,0.022816747426986694,0.004795232322067022,0.005546204590549071,0.9500709076722463,1.2363717587504652e-06,0.0027382802218198776,0.03986008263087836,3.6526016140573506e-17,1.0,0.5091263055801392,0.3798372447490692,0.5193443298339844,127605.81704608924,3439.617761842921,157.1880340576172,404.6181335449219,0
108200,harden_m4,4.0,0.02260589227080345,0.004810298793017864,0.005515034970206519,0.9510036408901215,1.1616369874900556e-06,0.0026313092093914747,0.023819878085375116,3.652309122992752e-17,1.0,0.509311318397522,0.37960267066955566,0.5187606811523438,127570.35091274147,3475.0838951906917,157.17872619628906,404.83807373046875,0
108400,harden_m4,4.0,0.02288823015987873,0.0049028522334992886,0.005504800161967675,0.9505741794904073,1.3267411986817024e-06,0.0030100580770522356,0.024549433909249182,3.639735646809701e-17,1.0,0.5094852447509766,0.3793867230415344,0.5180130004882812,127536.69351210263,3508.7412958295317,157.18341064453125,405.07025146484375,0
108600,harden_m4,4.0,0.022531654685735703,0.004822862334549427,0.00548590913725396,0.9508504768212637,1.2244470326550072e-06,0.0029293354600667953,0.02676777875107272,3.6452658455129853e-17,1.0,0.5096498727798462,0.37917450070381165,0.5172691345214844,127503.81829576712,3541.616512165041,157.18954467773438,405.3035888671875,0
108800,harden_m4,4.0,0.022617802023887634,0.004787632264196873,0.005473515018820763,0.9510641545057297,1.1848285339510767e-06,0.0026639935094863176,0.03915683671032023,3.651919024615872e-17,1.0,0.5098025798797607,0.37896794080734253,0.5165443420410156,127471.61340471062,3573.8214032215474,157.19747924804688,405.5355529785156,0
109000,harden_m4,4.0,0.02232922986149788,0.004664123989641666,0.005568960875583191,0.9499495675166448,1.2655721093324246e-06,0.0029461104422807693,0.03978777094687895,3.64635077560441e-17,1.0,0.5099685788154602,0.37876763939857483,0.5159492492675781,127439.6253604035,3605.8094475286634,157.2012176513672,405.74896240234375,0
109200,harden_m4,4.0,0.022793451324105263,0.004890365991741419,0.005570835783146322,0.9509911984205246,1.23342454116937e-06,0.002717098454013467,0.03883994508248325,3.6521135774959443e-17,1.0,0.5101211667060852,0.37857529520988464,0.5153884887695312,127409.05989763836,3636.374910293802,157.21311950683594,405.9751281738281,0
109345,harden_m4,4.0,0.0221264511346817,0.004595513455569744,0.005527473326462011,0.9514857629934946,1.1983175909335841e-06,0.0026178655680269003,0.020794959589211775,3.716906965749468e-17,1.0,0.5102327466011047,0.37844011187553406,0.51483154296875,127386.99613382836,3658.4386741038034,157.2233123779297,406.1373291015625,0
109400,harden_m5,5.0,0.023130618035793304,0.004956459626555443,0.005580416298471391,0.9494801163673401,1.4341753740154672e-06,0.002792862942442298,0.04551595319696911,3.091826646312757e-21,1.0,0.5113228559494019,0.39635753631591797,0.5743637084960938,127359.90753765487,3685.5272702772927,166.62106323242188,406.1820068359375,0
109600,harden_m5,5.0,0.02243713103234768,0.0046806237660348415,0.005525010055862367,0.9508637189865112,1.3771406202067737e-06,0.0025767323095351458,0.020566678606165515,3.0086592498858404e-21,1.0,0.511986494064331,0.39545363187789917,0.572540283203125,127299.00046740352,3746.434340528649,166.26548767089844,406.3501281738281,0
109800,harden_m5,5.0,0.022533442825078964,0.004754543304443359,0.005524820958574613,0.9507408787806829,1.4107577044342179e-06,0.0026906183920800686,0.0327306026695564,2.9750031367641973e-21,1.0,0.5124160647392273,0.3948715627193451,0.57110595703125,127252.70254104625,3792.7322668859124,166.07359313964844,406.51947021484375,0
110000,harden_m5,5.0,0.02221750095486641,0.004657643381506205,0.005501756017717223,0.9506426006555557,1.4236878769224859e-06,0.0026412636507302523,0.030608778343981503,2.946507410896599e-21,1.0,0.5127629041671753,0.3944129943847656,0.5698471069335938,127213.38294377679,3832.051864155379,165.94558715820312,406.6962890625,0
110200,harden_m5,5.0,0.022478634491562843,0.004805859178304672,0.005498003874284525,0.9505736182133356,1.4096871154833934e-06,0.002745439298450947,0.028587979627496863,2.934762698278375e-21,1.0,0.513067364692688,0.39402055740356445,0.56878662109375,127178.02074257957,3867.4140653525974,165.8525390625,406.8797912597656,0
110400,harden_m5,5.0,0.02249838039278984,0.004721629433333874,0.005463301398170491,0.9512290954589844,1.4290302488007e-06,0.0027913572266697884,0.030533146076226984,2.9232540633300907e-21,1.0,0.5133200883865356,0.3936822712421417,0.5677604675292969,127146.18836599075,3899.2464419414173,165.79144287109375,407.0762023925781,0
110600,harden_m5,5.0,0.022900685667991638,0.004935300908982754,0.005571035901084542,0.9504915475845337,1.4226898201741278e-06,0.002634653588756919,0.03664511737237276,2.9057988560387312e-21,1.0,0.5134938955307007,0.3934321105480194,0.567108154296875,127124.65491791905,3920.7798900131165,165.7974090576172,407.3576354980469,0
110800,harden_m5,5.0,0.022192317992448807,0.004669328220188618,0.005512317991815507,0.9501121342182159,1.3966539427201496e-06,0.0026025499682873487,0.028219969548587617,2.89860262704759e-21,1.0,0.5137518644332886,0.39313894510269165,0.5662193298339844,127095.32296666152,3950.111841270642,165.75537109375,407.5457763671875,0
111000,harden_m5,5.0,0.02287730574607849,0.004865212831646204,0.00548309200288107,0.9502151409784952,1.4042060456631589e-06,0.0026481379754841328,0.015302272996519175,2.895994463568312e-21,1.0,0.5139707326889038,0.39287421107292175,0.5653419494628906,127068.40589225947,3977.028915672694,165.72523498535156,407.7326354980469,0
111200,harden_m5,5.0,0.022287406027317047,0.004642232321202755,0.00556397329395016,0.9488298197587332,1.4229773341867258e-06,0.002638475503772497,0.03274248999421101,2.8960938221770465e-21,1.0,0.5141545534133911,0.39265409111976624,0.5645561218261719,127044.15912587245,4001.2756820597133,165.72283935546875,407.934814453125,0
111400,harden_m5,5.0,0.022417232394218445,0.004709798377007246,0.005521199782378972,0.949748565753301,1.4085061366131413e-06,0.0025996651966124773,0.02365901500857891,2.8822070429676723e-21,1.0,0.5143426656723022,0.39242011308670044,0.5638618469238281,127019.24263669658,4026.1921712355834,165.71304321289062,408.1338195800781,0
111600,harden_m5,5.0,0.02229347452521324,0.004674890078604221,0.005491012435716887,0.9506799926360449,1.4262984677770874e-06,0.0026289329398423433,0.033506730921005944,2.8775052805112613e-21,1.0,0.514523983001709,0.3922080993652344,0.5632286071777344,126995.86941314272,4049.565394789446,165.71502685546875,408.33489990234375,0
111800,harden_m5,5.0,0.02300000563263893,0.004994532093405724,0.005549141361067693,0.9504907031853994,1.4501589475912624e-06,0.0027078064158558846,0.0345674360275673,2.8834609405319648e-21,1.0,0.5146790742874146,0.39200592041015625,0.5624465942382812,126973.3064230431,4072.12838488906,165.72593688964844,408.54510498046875,0
112000,harden_m5,5.0,0.02233441174030304,0.004651130177080631,0.005451517063193023,0.9509274562199911,1.4985176903792308e-06,0.002823516260832548,0.027500557043746317,2.8851554894870264e-21,1.0,0.5148459672927856,0.3918084502220154,0.5618133544921875,126951.82027840326,4093.6145295289025,165.73182678222656,408.7433776855469,0
112200,harden_m5,5.0,0.022513341158628464,0.004699711222201586,0.005458864732645452,0.9510341286659241,1.4253300832933746e-06,0.0026313988491892815,0.03261615556129268,2.877966126741204e-21,1.0,0.5149972438812256,0.39162886142730713,0.5612945556640625,126931.23001058487,4114.2047973472945,165.74769592285156,408.9436340332031,0
112400,harden_m5,5.0,0.022546013817191124,0.00476280739530921,0.005436542017074923,0.9510496556758881,1.4484390931102098e-06,0.002724521327763796,0.031289461011108965,2.8770880551339335e-21,1.0,0.5151462554931641,0.3914490044116974,0.5606727600097656,126910.40241051953,4135.032397412637,165.7550811767578,409.1278381347656,0
112600,harden_m5,5.0,0.022116849198937416,0.004601004999130964,0.005460252907748024,0.9499722371498743,1.4462888202615432e-06,0.0026350170373916626,0.029469696532267907,2.8773293834620587e-21,1.0,0.5152941942214966,0.3912804424762726,0.5600395202636719,126890.66487334677,4154.769934585391,165.77236938476562,409.32025146484375,0
112800,harden_m5,5.0,0.02183041349053383,0.004482372663915157,0.005455415734710793,0.9511286815007528,1.6123569821502315e-06,0.002887303475290537,0.030752121734714546,2.8784053644932312e-21,1.0,0.5154262185096741,0.3911241888999939,0.5593757629394531,126871.75559595603,4173.679211976138,165.7938995361328,409.5122375488281,0
113000,harden_m5,5.0,0.02212601900100708,0.004586383700370789,0.005456316246030231,0.9507340391476949,1.4738013760506874e-06,0.002689060289412737,0.033320592671761504,2.8842638873375094e-21,1.0,0.5155482292175293,0.3909760117530823,0.5588150024414062,126853.17446560018,4192.2603423319815,165.821533203125,409.70733642578125,0
113200,harden_m5,5.0,0.022304434329271317,0.004733219742774963,0.005527664713251094,0.9516258935133616,1.4637377034887322e-06,0.002647959627211094,0.048048947155705006,2.785911385490744e-21,1.0,0.5156746506690979,0.3908297121524811,0.5582695007324219,126835.41007147807,4210.024736454099,165.84825134277344,409.9007568359375,0
113395,harden_m5,5.0,0.022186700254678726,0.004585392773151398,0.005410256912000477,0.9516010284423828,1.4155082226352533e-06,0.002641514176502824,0.04644970002814028,2.7928275120625468e-21,1.0,0.5157827138900757,0.39068689942359924,0.5578651428222656,126818.55157665223,4226.883231279935,165.87423706054688,410.09136962890625,0
113400,harden_m6,6.0,0.022426117211580276,0.004696778021752834,0.005457130493596196,0.9514142821232477,1.7302879768976709e-06,0.0027391170151531696,0.04253959773907681,2.1645482887839807e-25,1.0,0.5166575908660889,0.4034450054168701,0.5994415283203125,126816.8397650722,4228.595042859961,172.7873077392578,410.0939636230469,0
113600,harden_m6,6.0,0.022595025599002838,0.004797120578587055,0.005537521094083786,0.9508411039908727,1.8817175941876485e-06,0.004123876336961985,0.048454132857006095,2.1633102702008495e-25,1.0,0.5173900127410889,0.4022713899612427,0.5972023010253906,126763.72578935979,4281.709018572379,172.2878875732422,410.23681640625,0
113800,harden_m6,6.0,0.02244383841753006,0.004765353165566921,0.005493026576004922,0.9504138380289078,1.6561990605623578e-06,0.0026223964523524046,0.0489077572674817,2.164639007788081e-25,1.0,0.5177242755889893,0.4017452001571655,0.5956306457519531,126733.44979128438,4311.9850166477845,172.12161254882812,410.3977355957031,0
114000,harden_m6,6.0,0.02240687422454357,0.004720736760646105,0.00545108081617703,0.951623355348905,1.6684674619682482e-06,0.002678831573575735,0.02737535220468095,2.171089671321493e-25,1.0,0.517964780330658,0.40135663747787476,0.5946083068847656,126708.7106082293,4336.724199702861,172.02407836914062,410.56103515625,0
114200,harden_m6,6.0,0.02204437181353569,0.004567990079522133,0.005476545542478561,0.9504805902640024,1.6154838249349268e-06,0.0025724477600306273,0.030199000375884924,2.1740565278822227e-25,1.0,0.5181865692138672,0.4010371267795563,0.5937347412109375,126686.84818875241,4358.586619179754,171.95965576171875,410.7222595214844,0
114400,harden_m6,6.0,0.022588366642594337,0.004792809020727873,0.005515100861278673,0.949790154894193,1.6668551552356803e-06,0.002738496521487832,0.02556435534529917,2.1765212251729726e-25,1.0,0.5183675289154053,0.4007762372493744,0.5928840637207031,126667.72254998509,4377.712257947074,171.92958068847656,410.89569091796875,0
114600,harden_m6,6.0,0.022122632712125778,0.004621750209480524,0.005519731047873695,0.9498366415500641,1.6667950148985256e-06,0.0025744240265339613,0.028592835128442323,2.1804684879274723e-25,1.0,0.5185350179672241,0.4005286693572998,0.5919914245605469,126649.03063190021,4396.404176031952,171.9054412841797,411.06597900390625,0
114800,harden_m6,6.0,0.02220950461924076,0.004612482152879238,0.0055774695162350936,0.9499015857776006,1.6864684084794135e-06,0.0026280912570655346,0.026003739718035046,2.17423081683847e-25,1.0,0.5186748504638672,0.40031054615974426,0.5913047790527344,126631.5327554713,4413.902052460864,171.90199279785156,411.2460632324219,0
115000,harden_m6,6.0,0.022208893671631813,0.004630818963050842,0.0055116110015660524,0.9496825734774271,1.736257672746433e-06,0.002700974466279149,0.043853825133878574,2.160563801655516e-25,1.0,0.5187937617301941,0.40010765194892883,0.5905685424804688,126614.8371716364,4430.597636295759,171.9044952392578,411.4261169433594,0
115200,harden_m6,6.0,0.022339001297950745,0.004698389675468206,0.005474722323318322,0.9510459254185358,1.647181534281117e-06,0.0025894083082675934,0.024215686132403564,2.1556985020225654e-25,1.0,0.5189168453216553,0.39992254972457886,0.5898666381835938,126599.71260630887,4445.722201623299,171.9096221923828,411.5965576171875,0
115400,harden_m6,6.0,0.022408615797758102,0.00468003936111927,0.005374352214857936,0.9517499903837839,1.7159065919258865e-06,0.0026555866934359074,0.06321934200460706,2.150203839298668e-25,1.0,0.5190554857254028,0.39975303411483765,0.5893783569335938,126585.40326593742,4460.031541994744,171.91635131835938,411.75726318359375,0
115600,harden_m6,6.0,0.02237812429666519,0.0046798186376690865,0.005477471820389231,0.950957864522934,1.6825753164084745e-06,0.002595243975520134,0.041098548297796245,2.148162415187376e-25,1.0,0.5191771388053894,0.399601548910141,0.5889701843261719,126571.63031264154,4473.80449529062,171.9375457763672,411.92626953125,0
115800,harden_m6,6.0,0.02195427194237709,0.004518888890743256,0.005442289713149269,0.9517544806003571,1.675016392255202e-06,0.002643587766215205,0.03456563708431746,2.147523191335114e-25,1.0,0.5193155407905579,0.3994479477405548,0.5884056091308594,126558.3898759778,4487.0449319543695,171.9494171142578,412.08197021484375,0
116000,harden_m6,6.0,0.022608032450079918,0.004791662096977234,0.005476866732351482,0.9502133578062057,1.6639618252156652e-06,0.0025594988837838173,0.021126180376436408,2.148055918965171e-25,1.0,0.5194411277770996,0.3992975056171417,0.587799072265625,126545.32607725976,4500.108730672408,171.9640655517578,412.238037109375,0
116200,harden_m6,6.0,0.02233041077852249,0.0046567488461732864,0.005505824966045718,0.9500703612963358,2.37474682762695e-06,0.00443872669711709,0.048246724605001304,2.143570258642858e-25,1.0,0.5195682644844055,0.39916688203811646,0.5873908996582031,126533.35345275569,4512.081355176473,171.98362731933594,412.3896484375,0
116400,harden_m6,6.0,0.02249377965927124,0.0047202203422784805,0.005387751618400216,0.9517568647861481,1.6962781046458986e-06,0.002660931320860982,0.04414100972844727,2.1408407999107934e-25,1.0,0.5196770429611206,0.39903524518013,0.5867385864257812,126520.91836530431,4524.51644262785,172.00390625,412.5423583984375,0
116600,harden_m6,6.0,0.022803395986557007,0.004771367646753788,0.005348980077542365,0.9519540866216024,2.5058964183699572e-06,0.005812770687043667,0.09810382093930378,2.1404490811675446e-25,1.0,0.5197951793670654,0.39891523122787476,0.5864295959472656,126509.57883101184,4535.8559769203275,172.0270233154297,412.6900634765625,0
116800,harden_m6,6.0,0.022347357124090195,0.0046983216889202595,0.005432139926900466,0.9520424455404282,1.6738281374273356e-06,0.002602018415927887,0.03215120333420487,2.142115303310791e-25,1.0,0.5199191570281982,0.3987836539745331,0.5860061645507812,126497.99138326268,4547.443424669487,172.042724609375,412.8342590332031,0
117000,harden_m6,6.0,0.022385966032743454,0.004717489238828421,0.005368717402840654,0.9519632756710052,1.7179422684421297e-06,0.0028771557845175266,0.05585302426684345,2.142981571192337e-25,1.0,0.5200155973434448,0.3986722528934479,0.5855979919433594,126486.82385134035,4558.610956591816,172.07266235351562,412.98724365234375,0
117200,harden_m6,6.0,0.021990714594721794,0.004531843587756157,0.005408800478714208,0.951626052459081,1.7377719814248849e-06,0.0026347620878368616,0.030083839442525503,2.1432924316928006e-25,1.0,0.5201202034950256,0.3985644280910492,0.585235595703125,126475.94680412556,4569.488003806604,172.10443115234375,413.14013671875,0
117400,harden_m6,6.0,0.0223725326359272,0.004635912366211414,0.005335023820710679,0.952352041999499,1.691252009550226e-06,0.0026041814126074314,0.0279722689422917,2.1443061179560096e-25,1.0,0.5202196836471558,0.39846062660217285,0.5847244262695312,126465.35221949132,4580.0825884408405,172.14010620117188,413.2949523925781,0
117445,harden_m6,6.0,0.022460050880908966,0.004722891375422478,0.005617905640974641,0.9499184588591257,1.8183642396252253e-06,0.003360733389854431,0.052747026546301076,2.144723474678678e-25,1.0,0.5202375650405884,0.39843612909317017,0.5846786499023438,126463.04857941707,4582.386228515097,172.14529418945312,413.3274230957031,0
117600,harden_m7,7.0,0.02242162823677063,0.00470013776794076,0.0054485385383789735,0.9511616279681524,1.966389163499116e-06,0.0030644198413938284,0.050373674427361584,1.6578101025465978e-29,1.0,0.5215344429016113,0.4070361256599426,0.6141204833984375,126432.49000158148,4612.944806350686,177.05686950683594,413.44140625,0
117800,harden_m7,7.0,0.022489363327622414,0.004739392548799515,0.0054341335004816456,0.9515570898850759,1.8940223753816099e-06,0.0026588579639792442,0.031883191133834844,1.654625848217452e-29,1.0,0.5218390226364136,0.40654170513153076,0.6130714416503906,126412.41052997921,4633.024277952951,176.8954620361328,413.5794982910156,0
118000,harden_m7,7.0,0.022222189232707024,0.004650456830859184,0.005383418834147354,0.9520647178093592,1.9154310848534806e-06,0.0026267925277352333,0.026450294071091757,1.651813238182262e-29,1.0,0.5220398902893066,0.4061972498893738,0.6120834350585938,126395.80347464072,4649.631333291443,176.80885314941406,413.71441650390625,0
118200,harden_m7,7.0,0.022456727921962738,0.0047058360651135445,0.005531065515242517,0.9514922549327215,1.9065249716732069e-06,0.0028369242791086435,0.04212583477657346,1.6531619909964407e-29,1.0,0.5222135186195374,0.40593940019607544,0.6113967895507812,126382.3947233158,4663.040084616368,176.7589569091797,413.84271240234375,0
118400,harden_m7,7.0,0.02197543904185295,0.00449877604842186,0.005374732388493915,0.9518728454907736,1.911361778184073e-06,0.002588735893368721,0.03345573481215993,1.6506289417297408e-29,1.0,0.5223396420478821,0.40572860836982727,0.6107254028320312,126370.32157907964,4675.113228852526,176.7338104248047,413.97357177734375,0
118600,harden_m7,7.0,0.022388722747564316,0.004672648850828409,0.005457150245395799,0.950812761982282,1.875342150015058e-06,0.0025570890866219997,0.027668387897728873,1.648137119400913e-29,1.0,0.522461473941803,0.40554314851760864,0.6101570129394531,126359.2805297656,4686.154278166563,176.7224884033203,414.1038818359375,0
118800,harden_m7,7.0,0.02282540127635002,0.004782277159392834,0.0054773631660888595,0.9503061572710673,2.0290285647206474e-06,0.0029795446898788214,0.1182184671670342,1.650490365051711e-29,1.0,0.5225850343704224,0.40536215901374817,0.6094284057617188,126348.24662020443,4697.188187727734,176.71484375,414.2353515625,0
119000,harden_m7,7.0,0.02241818606853485,0.004650522489100695,0.005372746304298441,0.9521502355734507,2.0375007352413377e-06,0.0030166127253323793,0.07150435628993917,1.6493069713788512e-29,1.0,0.522662878036499,0.4052199125289917,0.6090011596679688,126338.31811449763,4707.116693434538,176.72877502441406,414.3703918457031,0
119200,harden_m7,7.0,0.022428929805755615,0.004632072523236275,0.005566508664439122,0.9503836929798126,2.020398369495524e-06,0.002700797049328685,0.04444021631239587,1.6482379297964394e-29,1.0,0.5227525234222412,0.4050813913345337,0.6083831787109375,126328.96839600963,4716.4664119225345,176.74090576171875,414.5036926269531,0
119400,harden_m7,7.0,0.0219276025891304,0.004547879099845886,0.005389340532322724,0.9516293207804362,1.921058355947025e-06,0.0026375772431492805,0.028767269905619314,1.6459382490722195e-29,1.0,0.5228627324104309,0.40494927763938904,0.6079521179199219,126319.66662400594,4725.768183926222,176.75328063964844,414.62896728515625,0
119600,harden_m7,7.0,0.022164568305015564,0.004606499336659908,0.00537471993205448,0.95148965716362,1.9241349491494475e-06,0.002685494488105178,0.033712614712289785,1.6456495100438383e-29,1.0,0.5229665040969849,0.40483278036117554,0.6075630187988281,126312.08689591032,4733.34791202184,176.7687225341797,414.7510681152344,0
119800,harden_m7,7.0,0.022172683849930763,0.004552940372377634,0.005330529257965584,0.9517770906289419,1.9285344023955986e-06,0.0025408705696463585,0.02714304236496348,1.6456744869478046e-29,1.0,0.5230933427810669,0.4047049283981323,0.6070632934570312,126304.10134275134,4741.333465180825,176.77011108398438,414.86138916015625,0
120000,harden_m7,7.0,0.022256968542933464,0.004567021504044533,0.005358168932919701,0.9515118648608526,1.9275857994216494e-06,0.0027111368253827095,0.061201786558246755,1.641824432618353e-29,1.0,0.5231908559799194,0.4045928716659546,0.606597900390625,126296.29771295753,4749.137094974634,176.78257751464844,414.974853515625,0
120200,harden_m7,7.0,0.02241034433245659,0.004745868034660816,0.005543678455675642,0.9502352277437845,1.9270296434115153e-06,0.0025880017783492804,0.048638926372713075,1.6531746299117007e-29,1.0,0.5231565833091736,0.4045443832874298,0.6064453125,126293.15990979083,4752.2748981413315,176.8384246826172,415.1300048828125,0
120400,harden_m7,7.0,0.02264556474983692,0.004766776226460934,0.005481828236952424,0.9503179341554642,1.948938233908848e-06,0.0028188913129270077,0.03503679012719989,1.650288894723935e-29,1.0,0.5232980847358704,0.4044326841831207,0.6060142517089844,126285.68805688157,4759.746751050596,176.86447143554688,415.2602844238281,0
120600,harden_m7,7.0,0.02190779522061348,0.0044686319306492805,0.0053824036149308085,0.95135298371315,2.0459840470721247e-06,0.002970044268295169,0.03363665316883289,1.6489044821131297e-29,1.0,0.5234082937240601,0.40433409810066223,0.6056022644042969,126278.53607007011,4766.898737862051,176.88433837890625,415.374755859375,0
120800,harden_m7,7.0,0.02224406972527504,0.004600110463798046,0.005447322657952706,0.9516187409559885,1.8837265542970272e-06,0.0025004702620208263,0.03891586239223265,1.6486780348813873e-29,1.0,0.5234947204589844,0.4042399823665619,0.6051864624023438,126271.52964940276,4773.905158529407,176.90579223632812,415.48870849609375,0
121000,harden_m7,7.0,0.021856127306818962,0.004494671709835529,0.005428894927414755,0.9509395211935043,1.88579917903553e-06,0.0024939668364822865,0.01910494923261128,1.647584166858286e-29,1.0,0.5236008763313293,0.40415307879447937,0.6048126220703125,126264.73369868564,4780.701109246525,176.9284210205078,415.59747314453125,0
121200,harden_m7,7.0,0.022451844066381454,0.004753388464450836,0.005354371930782993,0.9517968595027924,1.9274705209681997e-06,0.002597949467599392,0.03880883020145991,1.6481121424969466e-29,1.0,0.523679256439209,0.40407148003578186,0.6045799255371094,126258.26179700083,4787.173010931336,176.95660400390625,415.7117614746094,0
121400,harden_m7,7.0,0.022044669836759567,0.00454307533800602,0.0053453813306987286,0.9516714264949163,1.9874132703989744e-06,0.002848515985533595,0.04455586738368405,1.6472195943383446e-29,1.0,0.5237634181976318,0.4039916396141052,0.6043319702148438,126252.04910812339,4793.385699808772,176.9770965576172,415.8145751953125,0
121495,harden_m7,7.0,0.02213369309902191,0.004577519837766886,0.005311703503442307,0.952622135480245,2.0024469904456055e-06,0.002802915871143341,0.026177236184514355,1.6460888628124017e-29,1.0,0.5237898826599121,0.40395766496658325,0.6042861938476562,126249.19814398822,4796.236663943942,176.99073791503906,415.8672180175781,0
121500,harden_m8,8.0,0.0222240649163723,0.004653351381421089,0.005432958287807803,0.9518900066614151,2.1514865693461616e-06,0.0026952335610985756,0.024414002426635162,1.2718217047683584e-33,1.0,0.5245353579521179,0.4114266037940979,0.6281204223632812,126248.20454960933,4797.23025832283,181.23646545410156,415.8700866699219,0
