step,phase,m,loss,train_mse,val_mse,val_ssim,grad_norm_illum,grad_norm_upsampler,grad_norm_recon,H_t_min,H_t_max,H_t_mean,H_t_std,H_t_binary_fraction,illum_l2,illum_delta,H_t_displacement,tau_displacement,illum_frozen
200,inverse_warmup_m1,1.0,0.10555136203765869,0.059468984603881836,0.05884913417200247,0.5182747145493826,0.0,0.023076210170984268,0.6074540763777037,0.010045968927443027,0.990330696105957,0.4999280869960785,0.20856866240501404,0.028331756591796875,513.144960025917,0.0,0.0,0.0,1
400,inverse_warmup_m1,1.0,0.0880831852555275,0.043564215302467346,0.0442696555207173,0.6264008631308874,0.0,0.020346883684396744,0.1385848601979784,0.010045968927443027,0.990330696105957,0.4999280869960785,0.20856866240501404,0.028331756591796875,513.144960025917,0.0,0.0,0.0,1
600,inverse_warmup_m1,1.0,0.08014063537120819,0.038366835564374924,0.0377436705554525,0.6768149038155874,0.0,0.029424196109175682,0.13330614672907912,0.010045968927443027,0.990330696105957,0.4999280869960785,0.20856866240501404,0.028331756591796875,513.144960025917,0.0,0.0,0.0,1
800,inverse_warmup_m1,1.0,0.07517263293266296,0.034659311175346375,0.034355235286056995,0.704816127816836,0.0,0.03551168367266655,0.23005689250767009,0.010045968927443027,0.990330696105957,0.4999280869960785,0.20856866240501404,0.028331756591796875,513.144960025917,0.0,0.0,0.0,1
1000,inverse_warmup_m1,1.0,0.0715174525976181,0.03287285566329956,0.03288256966819366,0.7173212716976801,0.0,0.041604675352573395,0.16645848660716583,0.010045968927443027,0.990330696105957,0.4999280869960785,0.20856866240501404,0.028331756591796875,513.144960025917,0.0,0.0,0.0,1
1200,inverse_warmup_m1,1.0,0.0687568336725235,0.03102191351354122,0.030967565563817818,0.733531172076861,0.0,0.039648693054914474,0.11766182356345971,0.010045968927443027,0.990330696105957,0.4999280869960785,0.20856866240501404,0.028331756591796875,513.144960025917,0.0,0.0,0.0,1
1400,inverse_warmup_m1,1.0,0.06612284481525421,0.030255254358053207,0.03083294133345286,0.7392516434192657,0.0,0.04147656634449959,0.25446771551350733,0.010045968927443027,0.990330696105957,0.4999280869960785,0.20856866240501404,0.028331756591796875,513.144960025917,0.0,0.0,0.0,1
1600,inverse_warmup_m1,1.0,0.0653846338391304,0.02838989719748497,0.029596693348139524,0.7443903336922327,0.0,0.03743569180369377,0.16034657734852906,0.010045968927443027,0.990330696105957,0.4999280869960785,0.20856866240501404,0.028331756591796875,513.144960025917,0.0,0.0,0.0,1
1800,inverse_warmup_m1,1.0,0.06403796374797821,0.02839125134050846,0.02886382242043813,0.749467690785726,0.0,0.03832583129405975,0.2904554001396562,0.010045968927443027,0.990330696105957,0.4999280869960785,0.20856866240501404,0.028331756591796875,513.144960025917,0.0,0.0,0.0,1
2000,inverse_warmup_m1,1.0,0.06335815787315369,0.02717794105410576,0.028536018605033558,0.7562128404776255,0.0,0.03660734370350838,0.13882024104265026,0.010045968927443027,0.990330696105957,0.4999280869960785,0.20856866240501404,0.028331756591796875,513.144960025917,0.0,0.0,0.0,1
2200,inverse_warmup_m1,1.0,0.06263858079910278,0.027912845835089684,0.02865166775882244,0.7525313297907511,0.0,0.03732762113213539,0.16336066623464326,0.010045968927443027,0.990330696105957,0.4999280869960785,0.20856866240501404,0.028331756591796875,513.144960025917,0.0,0.0,0.0,1
2400,inverse_warmup_m1,1.0,0.062313418835401535,0.027271166443824768,0.027298201341181993,0.7611749817927679,0.0,0.03964518755674362,0.11725297788486938,0.010045968927443027,0.990330696105957,0.4999280869960785,0.20856866240501404,0.028331756591796875,513.144960025917,0.0,0.0,0.0,1
2600,inverse_warmup_m1,1.0,0.06159598380327225,0.02682334929704666,0.027791152087350685,0.7602819154659907,0.0,0.03683912754058838,0.16835891019144952,0.010045968927443027,0.990330696105957,0.4999280869960785,0.20856866240501404,0.028331756591796875,513.144960025917,0.0,0.0,0.0,1
2800,inverse_warmup_m1,1.0,0.06071962043642998,0.02576582506299019,0.02674710921322306,0.7639387349287668,0.0,0.03625684976577759,0.14878907484562476,0.010045968927443027,0.990330696105957,0.4999280869960785,0.20856866240501404,0.028331756591796875,513.144960025917,0.0,0.0,0.0,1
3000,inverse_warmup_m1,1.0,0.05998421460390091,0.025686930865049362,0.02659603130693237,0.7643982917070389,0.0,0.03453725203871727,0.15711945703093272,0.010045968927443027,0.990330696105957,0.4999280869960785,0.20856866240501404,0.028331756591796875,513.144960025917,0.0,0.0,0.0,1
3200,inverse_warmup_m1,1.0,0.05925625562667847,0.02504519373178482,0.026527039706707,0.7660958965619405,0.0,0.036074426025152206,0.15973616623017955,0.010045968927443027,0.990330696105957,0.4999280869960785,0.20856866240501404,0.028331756591796875,513.144960025917,0.0,0.0,0.0,1
3400,inverse_warmup_m1,1.0,0.061263661831617355,0.02675897814333439,0.02613112252826492,0.7673139621814092,0.0,0.03761950135231018,0.19060744521310655,0.010045968927443027,0.990330696105957,0.4999280869960785,0.20856866240501404,0.028331756591796875,513.144960025917,0.0,0.0,0.0,1
3600,inverse_warmup_m1,1.0,0.05833350121974945,0.024563170969486237,0.026059214801838,0.7731491178274155,0.0,0.035549189895391464,0.10967355426986652,0.010045968927443027,0.990330696105957,0.4999280869960785,0.20856866240501404,0.028331756591796875,513.144960025917,0.0,0.0,0.0,1
3800,inverse_warmup_m1,1.0,0.058714449405670166,0.024791153147816658,0.025976039469242096,0.7758943488200506,0.0,0.03526869788765907,0.21480712019976206,0.010045968927443027,0.990330696105957,0.4999280869960785,0.20856866240501404,0.028331756591796875,513.144960025917,0.0,0.0,0.0,1
4000,inverse_warmup_m1,1.0,0.05765920504927635,0.023916754871606827,0.0253212652169168,0.7763825903336207,0.0,0.03477839380502701,0.07490716771479292,0.010045968927443027,0.990330696105957,0.4999280869960785,0.20856866240501404,0.028331756591796875,513.144960025917,0.0,0.0,0.0,1
4200,inverse_warmup_m1,1.0,0.05765347555279732,0.024119585752487183,0.025386640646805365,0.777217964331309,0.0,0.03469015657901764,0.06998592679173218,0.010045968927443027,0.990330696105957,0.4999280869960785,0.20856866240501404,0.028331756591796875,513.144960025917,0.0,0.0,0.0,1
4400,inverse_warmup_m1,1.0,0.05740409344434738,0.024245603010058403,0.025318226621796686,0.7788077940543493,0.0,0.03475989028811455,0.1445505103298528,0.010045968927443027,0.990330696105957,0.4999280869960785,0.20856866240501404,0.028331756591796875,513.144960025917,0.0,0.0,0.0,1
4600,inverse_warmup_m1,1.0,0.05785183981060982,0.023986410349607468,0.02508142761265238,0.7810827642679214,0.0,0.03434491157531738,0.10576611170818287,0.010045968927443027,0.990330696105957,0.4999280869960785,0.20856866240501404,0.028331756591796875,513.144960025917,0.0,0.0,0.0,1
4800,inverse_warmup_m1,1.0,0.05703025311231613,0.023703768849372864,0.024907657876610756,0.7827042291561762,0.0,0.03357645124197006,0.09602168604283799,0.010045968927443027,0.990330696105957,0.4999280869960785,0.20856866240501404,0.028331756591796875,513.144960025917,0.0,0.0,0.0,1
5000,inverse_warmup_m1,1.0,0.056174784898757935,0.022949356585741043,0.025005894092222054,0.7790699303150177,0.0,0.031954407691955566,0.12015825250791737,0.010045968927443027,0.990330696105957,0.4999280869960785,0.20856866240501404,0.028331756591796875,513.144960025917,0.0,0.0,0.0,1
5200,inverse_warmup_m1,1.0,0.05570503696799278,0.0227441918104887,0.024767817463725805,0.7818944305181503,0.0,0.03249974548816681,0.08282192110553328,0.010045968927443027,0.990330696105957,0.4999280869960785,0.20856866240501404,0.028331756591796875,513.144960025917,0.0,0.0,0.0,1
5400,inverse_warmup_m1,1.0,0.056314822286367416,0.02319933846592903,0.024525913254668314,0.7849482794602712,0.0,0.03339216858148575,0.12665029070150638,0.010045968927443027,0.990330696105957,0.4999280869960785,0.20856866240501404,0.028331756591796875,513.144960025917,0.0,0.0,0.0,1
5600,inverse_warmup_m1,1.0,0.05544273555278778,0.022306308150291443,0.024291648995131254,0.7849542001883189,0.0,0.031011683866381645,0.20849252610913974,0.010045968927443027,0.990330696105957,0.4999280869960785,0.20856866240501404,0.028331756591796875,513.144960025917,0.0,0.0,0.0,1
5800,inverse_warmup_m1,1.0,0.054957032203674316,0.022486716508865356,0.024396791122853756,0.7834190875291824,0.0,0.031428564339876175,0.10214623160430927,0.010045968927443027,0.990330696105957,0.4999280869960785,0.20856866240501404,0.028331756591796875,513.144960025917,0.0,0.0,0.0,1
6000,inverse_warmup_m1,1.0,0.05586908757686615,0.02283298596739769,0.02417690648386876,0.7858243485291799,0.0,0.030732516199350357,0.08064247764685994,0.010045968927443027,0.990330696105957,0.4999280869960785,0.20856866240501404,0.028331756591796875,513.144960025917,0.0,0.0,0.0,1
6200,inverse_warmup_m1,1.0,0.05495420843362808,0.022416885942220688,0.024720606859773397,0.7845054616530737,0.0,0.03169324994087219,0.08422554407751733,0.010045968927443027,0.990330696105957,0.4999280869960785,0.20856866240501404,0.028331756591796875,513.144960025917,0.0,0.0,0.0,1
6400,inverse_warmup_m1,1.0,0.05581877380609512,0.023338407278060913,0.024203751236200333,0.7853924781084061,0.0,0.03196021541953087,0.17692725352612093,0.010045968927443027,0.990330696105957,0.4999280869960785,0.20856866240501404,0.028331756591796875,513.144960025917,0.0,0.0,0.0,1
6600,inverse_warmup_m1,1.0,0.0548504963517189,0.022289764136075974,0.02460544602945447,0.7828219930330912,0.0,0.03082898072898388,0.11108360057538486,0.010045968927443027,0.990330696105957,0.4999280869960785,0.20856866240501404,0.028331756591796875,513.144960025917,0.0,0.0,0.0,1
6800,inverse_warmup_m1,1.0,0.055810194462537766,0.02270611748099327,0.02454220565656821,0.787501260638237,0.0,0.03099917247891426,0.14253045544252763,0.010045968927443027,0.990330696105957,0.4999280869960785,0.20856866240501404,0.028331756591796875,513.144960025917,0.0,0.0,0.0,1
7000,inverse_warmup_m1,1.0,0.05501895770430565,0.022718671709299088,0.023710747404644888,0.7891168842713038,0.0,0.03037351928651333,0.1269882542214569,0.010045968927443027,0.990330696105957,0.4999280869960785,0.20856866240501404,0.028331756591796875,513.144960025917,0.0,0.0,0.0,1
7200,inverse_warmup_m1,1.0,0.054652564227581024,0.021885143592953682,0.023766883338491123,0.7895752588907877,0.0,0.02923596277832985,0.12159728820465052,0.010045968927443027,0.990330696105957,0.4999280869960785,0.20856866240501404,0.028331756591796875,513.144960025917,0.0,0.0,0.0,1
7400,inverse_warmup_m1,1.0,0.05473101884126663,0.022493839263916016,0.024118608019004267,0.7867594212293625,0.0,0.030493993312120438,0.0711265121310063,0.010045968927443027,0.990330696105957,0.4999280869960785,0.20856866240501404,0.028331756591796875,513.144960025917,0.0,0.0,0.0,1
7600,inverse_warmup_m1,1.0,0.05432987958192825,0.02177152968943119,0.024088460486382246,0.7899118612209955,0.0,0.030147867277264595,0.07654702930581901,0.010045968927443027,0.990330696105957,0.4999280869960785,0.20856866240501404,0.028331756591796875,513.144960025917,0.0,0.0,0.0,1
7800,inverse_warmup_m1,1.0,0.05371356010437012,0.02146218717098236,0.024020971575131018,0.7876642644405365,0.0,0.028540514409542084,0.07988199210662764,0.010045968927443027,0.990330696105957,0.4999280869960785,0.20856866240501404,0.028331756591796875,513.144960025917,0.0,0.0,0.0,1
8000,inverse_warmup_m1,1.0,0.054433465003967285,0.02202887460589409,0.02356531610712409,0.7925880004962286,0.0,0.02880287542939186,0.07676382853184847,0.010045968927443027,0.990330696105957,0.4999280869960785,0.20856866240501404,0.028331756591796875,513.144960025917,0.0,0.0,0.0,1
8200,inverse_warmup_m1,1.0,0.053735241293907166,0.021565381437540054,0.023193213623017073,0.7931109368801117,0.0,0.029219549149274826,0.10480550670632707,0.010045968927443027,0.990330696105957,0.4999280869960785,0.20856866240501404,0.028331756591796875,513.144960025917,0.0,0.0,0.0,1
8400,inverse_warmup_m1,1.0,0.054663680493831635,0.022189507260918617,0.023772589086244505,0.7907351156075796,0.0,0.029806822538375854,0.10657759505271018,0.010045968927443027,0.990330696105957,0.4999280869960785,0.20856866240501404,0.028331756591796875,513.144960025917,0.0,0.0,0.0,1
8600,inverse_warmup_m1,1.0,0.05355210602283478,0.021301500499248505,0.02350397454574704,0.7911461989084879,0.0,0.027638675644993782,0.08516661144893536,0.010045968927443027,0.990330696105957,0.4999280869960785,0.20856866240501404,0.028331756591796875,513.144960025917,0.0,0.0,0.0,1
8800,inverse_warmup_m1,1.0,0.05504101887345314,0.022506579756736755,0.024057447755088408,0.78907344241937,0.0,0.02911345474421978,0.09802427473149238,0.010045968927443027,0.990330696105957,0.4999280869960785,0.20856866240501404,0.028331756591796875,513.144960025917,0.0,0.0,0.0,1
9000,inverse_warmup_m1,1.0,0.05420815944671631,0.021997448056936264,0.023762355092912912,0.7906624327103297,0.0,0.02919607423245907,0.08361296505749187,0.010045968927443027,0.990330696105957,0.4999280869960785,0.20856866240501404,0.028331756591796875,513.144960025917,0.0,0.0,0.0,1
9200,inverse_warmup_m1,1.0,0.05428772047162056,0.02182687819004059,0.023603809376557667,0.7922859092553457,0.0,0.02885010652244091,0.08599321735008245,0.010045968927443027,0.990330696105957,0.4999280869960785,0.20856866240501404,0.028331756591796875,513.144960025917,0.0,0.0,0.0,1
9400,inverse_warmup_m1,1.0,0.05266376584768295,0.02085098996758461,0.023634483572095633,0.7942244758208593,0.0,0.03068990260362625,0.08754281054359234,0.010045968927443027,0.990330696105957,0.4999280869960785,0.20856866240501404,0.028331756591796875,513.144960025917,0.0,0.0,0.0,1
9600,inverse_warmup_m1,1.0,0.053474873304367065,0.021382667124271393,0.022920712052534025,0.7954084624846777,0.0,0.026907047256827354,0.08530615757504267,0.010045968927443027,0.990330696105957,0.4999280869960785,0.20856866240501404,0.028331756591796875,513.144960025917,0.0,0.0,0.0,1
9800,inverse_warmup_m1,1.0,0.05251959711313248,0.020961318165063858,0.023134973365813494,0.7937048623959223,0.0,0.026653867214918137,0.07252649477372483,0.010045968927443027,0.990330696105957,0.4999280869960785,0.20856866240501404,0.028331756591796875,513.144960025917,0.0,0.0,0.0,1
10000,inverse_warmup_m1,1.0,0.05358118563890457,0.0212959386408329,0.023111736091474693,0.7941911468903223,0.0,0.027543848380446434,0.12839306769801534,0.010045968927443027,0.990330696105957,0.4999280869960785,0.20856866240501404,0.028331756591796875,513.144960025917,0.0,0.0,0.0,1
10200,inverse_warmup_m1,1.0,0.05449995398521423,0.022125018760561943,0.023377970171471436,0.7950610965490341,0.0,0.028303366154432297,0.15957698092605638,0.010045968927443027,0.990330696105957,0.4999280869960785,0.20856866240501404,0.028331756591796875,513.144960025917,0.0,0.0,0.0,1
10400,inverse_warmup_m1,1.0,0.05330047756433487,0.021367795765399933,0.023409024346619844,0.794405867656072,0.0,0.02725600078701973,0.12259801659571805,0.010045968927443027,0.990330696105957,0.4999280869960785,0.20856866240501404,0.028331756591796875,513.144960025917,0.0,0.0,0.0,1
10600,inverse_warmup_m1,1.0,0.05392712354660034,0.02187534235417843,0.02315004573514064,0.795736645658811,0.0,0.027879992499947548,0.10112059179884608,0.010045968927443027,0.990330696105957,0.4999280869960785,0.20856866240501404,0.028331756591796875,513.144960025917,0.0,0.0,0.0,1
10800,inverse_warmup_m1,1.0,0.05283762514591217,0.021268878132104874,0.02296741136039297,0.7961176832516988,0.0,0.02741660177707672,0.09653199146700958,0.010045968927443027,0.990330696105957,0.4999280869960785,0.20856866240501404,0.028331756591796875,513.144960025917,0.0,0.0,0.0,1
11000,inverse_warmup_m1,1.0,0.05293547734618187,0.021299967542290688,0.023429923690855503,0.7934898436069489,0.0,0.026965323835611343,0.10264439458036524,0.010045968927443027,0.990330696105957,0.4999280869960785,0.20856866240501404,0.028331756591796875,513.144960025917,0.0,0.0,0.0,1
11200,inverse_warmup_m1,1.0,0.052916914224624634,0.021128300577402115,0.022884421826650698,0.7967010835806528,0.0,0.026690548285841942,0.06482715789966739,0.010045968927443027,0.990330696105957,0.4999280869960785,0.20856866240501404,0.028331756591796875,513.144960025917,0.0,0.0,0.0,1
11400,inverse_warmup_m1,1.0,0.05325871333479881,0.02113461308181286,0.023260594345629215,0.7954418957233429,0.0,0.025717895478010178,0.09584155797369696,0.010045968927443027,0.990330696105957,0.4999280869960785,0.20856866240501404,0.028331756591796875,513.144960025917,0.0,0.0,0.0,1
11600,inverse_warmup_m1,1.0,0.054392263293266296,0.02204073779284954,0.02347065011660258,0.7930964479843775,0.0,0.025336630642414093,0.10646476833607807,0.010045968927443027,0.990330696105957,0.4999280869960785,0.20856866240501404,0.028331756591796875,513.144960025917,0.0,0.0,0.0,1
11800,inverse_warmup_m1,1.0,0.053333863615989685,0.02138996496796608,0.023210937312493723,0.796033094326655,0.0,0.025829875841736794,0.10642862455892581,0.010045968927443027,0.990330696105957,0.4999280869960785,0.20856866240501404,0.028331756591796875,513.144960025917,0.0,0.0,0.0,1
12000,inverse_warmup_m1,1.0,0.05295030027627945,0.02134060673415661,0.023058960835138958,0.7970981349547704,0.0,0.025702793151140213,0.0665352704641524,0.010045968927443027,0.990330696105957,0.4999280869960785,0.20856866240501404,0.028331756591796875,513.144960025917,0.0,0.0,0.0,1
12200,inverse_warmup_m1,1.0,0.05262734740972519,0.02080582082271576,0.023114822804927826,0.7962342401345571,0.0,0.024843696504831314,0.05963768506702117,0.010045968927443027,0.990330696105957,0.4999280869960785,0.20856866240501404,0.028331756591796875,513.144960025917,0.0,0.0,0.0,1
12400,inverse_warmup_m1,1.0,0.052076324820518494,0.02077026665210724,0.022981658422698576,0.7966373662153879,0.0,0.02518027275800705,0.06939991531721784,0.010045968927443027,0.990330696105957,0.4999280869960785,0.20856866240501404,0.028331756591796875,513.144960025917,0.0,0.0,0.0,1
12600,inverse_warmup_m1,1.0,0.05205555260181427,0.02071967162191868,0.02291703736409545,0.795778269569079,0.0,0.025266224518418312,0.08411110786886426,0.010045968927443027,0.990330696105957,0.4999280869960785,0.20856866240501404,0.028331756591796875,513.144960025917,0.0,0.0,0.0,1
12800,inverse_warmup_m1,1.0,0.05340860038995743,0.021484151482582092,0.022954502298186224,0.7986572434504827,0.0,0.025466734543442726,0.07042558966186631,0.010045968927443027,0.990330696105957,0.4999280869960785,0.20856866240501404,0.028331756591796875,513.144960025917,0.0,0.0,0.0,1
13000,inverse_warmup_m1,1.0,0.052460186183452606,0.02091130241751671,0.023191146552562714,0.7972836842139562,0.0,0.025267012417316437,0.07776777425124883,0.010045968927443027,0.990330696105957,0.4999280869960785,0.20856866240501404,0.028331756591796875,513.144960025917,0.0,0.0,0.0,1
13200,inverse_warmup_m1,1.0,0.052873626351356506,0.02115551382303238,0.022631538721422356,0.7986581325531006,0.0,0.02528497576713562,0.18105783923597094,0.010045968927443027,0.990330696105957,0.4999280869960785,0.20856866240501404,0.028331756591796875,513.144960025917,0.0,0.0,0.0,1
13400,inverse_warmup_m1,1.0,0.05248929187655449,0.021017078310251236,0.02324062663440903,0.795082708199819,0.0,0.025565356016159058,0.1629903508974609,0.010045968927443027,0.990330696105957,0.4999280869960785,0.20856866240501404,0.028331756591796875,513.144960025917,0.0,0.0,0.0,1
13600,inverse_warmup_m1,1.0,0.052719827741384506,0.021032022312283516,0.023141824640333652,0.7958918064832687,0.0,0.025071190670132637,0.08419767521259182,0.010045968927443027,0.990330696105957,0.4999280869960785,0.20856866240501404,0.028331756591796875,513.144960025917,0.0,0.0,0.0,1
13800,inverse_warmup_m1,1.0,0.05222932621836662,0.02083588019013405,0.023021807583669823,0.7997259994347891,0.0,0.024361707270145416,0.0950991578133058,0.010045968927443027,0.990330696105957,0.4999280869960785,0.20856866240501404,0.028331756591796875,513.144960025917,0.0,0.0,0.0,1
14000,inverse_warmup_m1,1.0,0.05256257951259613,0.020998097956180573,0.023193210518608492,0.7975951234499613,0.0,0.024622315540909767,0.07845938621712098,0.010045968927443027,0.990330696105957,0.4999280869960785,0.20856866240501404,0.028331756591796875,513.144960025917,0.0,0.0,0.0,1
14200,inverse_warmup_m1,1.0,0.052835844457149506,0.020936526358127594,0.023276296599457662,0.7962986081838608,0.0,0.024107450619339943,0.11973216166836237,0.010045968927443027,0.990330696105957,0.4999280869960785,0.20856866240501404,0.028331756591796875,513.144960025917,0.0,0.0,0.0,1
14400,inverse_warmup_m1,1.0,0.05197162926197052,0.020775502547621727,0.02288712312777837,0.7980661541223526,0.0,0.02374461479485035,0.09507814501995296,0.010045968927443027,0.990330696105957,0.4999280869960785,0.20856866240501404,0.028331756591796875,513.144960025917,0.0,0.0,0.0,1
14600,inverse_warmup_m1,1.0,0.05194450169801712,0.02055060677230358,0.02308697331075867,0.7934400786956152,0.0,0.023661337792873383,0.09660532862267224,0.010045968927443027,0.990330696105957,0.4999280869960785,0.20856866240501404,0.028331756591796875,513.144960025917,0.0,0.0,0.0,1
14800,inverse_warmup_m1,1.0,0.05284779518842697,0.02098884992301464,0.022893760663767655,0.7972597529490789,0.0,0.02485649660229683,0.16963374954522445,0.010045968927443027,0.990330696105957,0.4999280869960785,0.20856866240501404,0.028331756591796875,513.144960025917,0.0,0.0,0.0,1
15000,inverse_warmup_m1,1.0,0.05180084705352783,0.02046690136194229,0.023168593179434538,0.7962128520011902,0.0,0.023715902119874954,0.14412975175916004,0.010045968927443027,0.990330696105957,0.4999280869960785,0.20856866240501404,0.028331756591796875,513.144960025917,0.0,0.0,0.0,1
15200,inverse_warmup_m1,1.0,0.05100485682487488,0.020055290311574936,0.022549745937188465,0.8016209801038107,0.0,0.023046309128403664,0.07308258539537921,0.010045968927443027,0.990330696105957,0.4999280869960785,0.20856866240501404,0.028331756591796875,513.144960025917,0.0,0.0,0.0,1
15400,inverse_warmup_m1,1.0,0.0519636869430542,0.020478393882513046,0.02248751698061824,0.8016217648983002,0.0,0.022863158956170082,0.07042167322788712,0.010045968927443027,0.990330696105957,0.4999280869960785,0.20856866240501404,0.028331756591796875,513.144960025917,0.0,0.0,0.0,1
15600,inverse_warmup_m1,1.0,0.05098485201597214,0.019955208525061607,0.023004558868706226,0.7996226102113724,0.0,0.023444222286343575,0.07238991494255957,0.010045968927443027,0.990330696105957,0.4999280869960785,0.20856866240501404,0.028331756591796875,513.144960025917,0.0,0.0,0.0,1
15800,inverse_warmup_m1,1.0,0.051826801151037216,0.02063443511724472,0.022769434687991936,0.7994690090417862,0.0,0.02286383882164955,0.09898141669525747,0.010045968927443027,0.990330696105957,0.4999280869960785,0.20856866240501404,0.028331756591796875,513.144960025917,0.0,0.0,0.0,1
16000,inverse_warmup_m1,1.0,0.05114422366023064,0.02028398960828781,0.02268705501531561,0.7999870479106903,0.0,0.022896863520145416,0.08731341145668624,0.010045968927443027,0.990330696105957,0.4999280869960785,0.20856866240501404,0.028331756591796875,513.144960025917,0.0,0.0,0.0,1
16200,inverse_warmup_m1,1.0,0.05225111544132233,0.020726483315229416,0.02317385996381442,0.798594335714976,0.0,0.02368767186999321,0.076136607546126,0.010045968927443027,0.990330696105957,0.4999280869960785,0.20856866240501404,0.028331756591796875,513.144960025917,0.0,0.0,0.0,1
16400,inverse_warmup_m1,1.0,0.05139390751719475,0.020306957885622978,0.02293683961033821,0.7969988584518433,0.0,0.022656353190541267,0.07452501010327266,0.010045968927443027,0.990330696105957,0.4999280869960785,0.20856866240501404,0.028331756591796875,513.144960025917,0.0,0.0,0.0,1
16600,inverse_warmup_m1,1.0,0.05092840641736984,0.02005307376384735,0.02271931633974115,0.7994864682356516,0.0,0.022257108241319656,0.0752183568738656,0.010045968927443027,0.990330696105957,0.4999280869960785,0.20856866240501404,0.028331756591796875,513.144960025917,0.0,0.0,0.0,1
16800,inverse_warmup_m1,1.0,0.051188137382268906,0.020254485309123993,0.02272007055580616,0.8018011500438055,0.0,0.02232751064002514,0.045144086073257414,0.010045968927443027,0.990330696105957,0.4999280869960785,0.20856866240501404,0.028331756591796875,513.144960025917,0.0,0.0,0.0,1
17000,inverse_warmup_m1,1.0,0.05105605721473694,0.02009350061416626,0.02254392532631755,0.8027128328879675,0.0,0.02310100570321083,0.0951321584229552,0.010045968927443027,0.990330696105957,0.4999280869960785,0.20856866240501404,0.028331756591796875,513.144960025917,0.0,0.0,0.0,1
17200,inverse_warmup_m1,1.0,0.05040746182203293,0.019691873341798782,0.022953193945189316,0.79682457447052,0.0,0.023005804046988487,0.07383128964051676,0.010045968927443027,0.990330696105957,0.4999280869960785,0.20856866240501404,0.028331756591796875,513.144960025917,0.0,0.0,0.0,1
17400,inverse_warmup_m1,1.0,0.051853492856025696,0.020646139979362488,0.022996426404764254,0.8001515616973242,0.0,0.022380376234650612,0.12261957377980229,0.010045968927443027,0.990330696105957,0.4999280869960785,0.20856866240501404,0.028331756591796875,513.144960025917,0.0,0.0,0.0,1
17600,inverse_warmup_m1,1.0,0.05101919174194336,0.020130254328250885,0.022471474017947912,0.8019336611032486,0.0,0.022489456459879875,0.0951547970984738,0.010045968927443027,0.990330696105957,0.4999280869960785,0.20856866240501404,0.028331756591796875,513.144960025917,0.0,0.0,0.0,1
17800,inverse_warmup_m1,1.0,0.05178969353437424,0.02063298597931862,0.022592901873091858,0.8029307176669439,0.0,0.02249976620078087,0.12154744958412653,0.010045968927443027,0.990330696105957,0.4999280869960785,0.20856866240501404,0.028331756591796875,513.144960025917,0.0,0.0,0.0,1
18000,inverse_warmup_m1,1.0,0.05095566064119339,0.020048201084136963,0.022862703539431095,0.7978249788284302,0.0,0.021577127277851105,0.11237992418302811,0.010045968927443027,0.990330696105957,0.4999280869960785,0.20856866240501404,0.028331756591796875,513.144960025917,0.0,0.0,0.0,1
18200,inverse_warmup_m1,1.0,0.05160773545503616,0.020181899890303612,0.022554739844053984,0.8008643090724945,0.0,0.02196098305284977,0.05667180851129234,0.010045968927443027,0.990330696105957,0.4999280869960785,0.20856866240501404,0.028331756591796875,513.144960025917,0.0,0.0,0.0,1
18400,inverse_warmup_m1,1.0,0.0514640212059021,0.020306959748268127,0.022621833253651857,0.8031600614388784,0.0,0.02222689427435398,0.07275034288240739,0.010045968927443027,0.990330696105957,0.4999280869960785,0.20856866240501404,0.028331756591796875,513.144960025917,0.0,0.0,0.0,1
18600,inverse_warmup_m1,1.0,0.05154877156019211,0.020288588479161263,0.02219434982786576,0.8016734719276428,0.0,0.022130804136395454,0.05592915989663552,0.010045968927443027,0.990330696105957,0.4999280869960785,0.20856866240501404,0.028331756591796875,513.144960025917,0.0,0.0,0.0,1
18800,inverse_warmup_m1,1.0,0.050554029643535614,0.019233785569667816,0.022344053878138464,0.8035353471835455,0.0,0.024071399122476578,0.21118655139119985,0.010045968927443027,0.990330696105957,0.4999280869960785,0.20856866240501404,0.028331756591796875,513.144960025917,0.0,0.0,0.0,1
19000,inverse_warmup_m1,1.0,0.05173657462000847,0.02071324922144413,0.0229998417198658,0.7984718183676401,0.0,0.021781418472528458,0.11792370640979705,0.010045968927443027,0.990330696105957,0.4999280869960785,0.20856866240501404,0.028331756591796875,513.144960025917,0.0,0.0,0.0,1
19200,inverse_warmup_m1,1.0,0.05093155428767204,0.020047742873430252,0.022419200123598177,0.8011118819316229,0.0,0.02161802165210247,0.1407217985368927,0.010045968927443027,0.990330696105957,0.4999280869960785,0.20856866240501404,0.028331756591796875,513.144960025917,0.0,0.0,0.0,1
19400,inverse_warmup_m1,1.0,0.05171743035316467,0.020345864817500114,0.022597199926773708,0.8003273804982504,0.0,0.022266782820224762,0.12148599580097265,0.010045968927443027,0.990330696105957,0.4999280869960785,0.20856866240501404,0.028331756591796875,513.144960025917,0.0,0.0,0.0,1
19600,inverse_warmup_m1,1.0,0.05254572629928589,0.020861515775322914,0.02234586824973424,0.8029998044172922,0.0,0.022364582866430283,0.17272435266296451,0.010045968927443027,0.990330696105957,0.4999280869960785,0.20856866240501404,0.028331756591796875,513.144960025917,0.0,0.0,0.0,1
19800,inverse_warmup_m1,1.0,0.051142916083335876,0.02000182867050171,0.02229722946261366,0.8014142612616221,0.0,0.02136046253144741,0.13602241033987159,0.010045968927443027,0.990330696105957,0.4999280869960785,0.20856866240501404,0.028331756591796875,513.144960025917,0.0,0.0,0.0,1
20000,inverse_warmup_m1,1.0,0.05171327292919159,0.02053450047969818,0.022244682535529137,0.8045573433240255,0.0,0.022112976759672165,0.08794954624309256,0.010045968927443027,0.990330696105957,0.4999280869960785,0.20856866240501404,0.028331756591796875,513.144960025917,0.0,0.0,0.0,1
20200,inverse_warmup_m1,1.0,0.05084996297955513,0.02023417316377163,0.022412892431020737,0.8023636887470881,0.0,0.021425800397992134,0.10189409052140727,0.010045968927443027,0.990330696105957,0.4999280869960785,0.20856866240501404,0.028331756591796875,513.144960025917,0.0,0.0,0.0,1
20400,inverse_warmup_m1,1.0,0.050955645740032196,0.020008089020848274,0.02241537704442938,0.8013863861560822,0.0,0.020709488540887833,0.08329157318975135,0.010045968927443027,0.990330696105957,0.4999280869960785,0.20856866240501404,0.028331756591796875,513.144960025917,0.0,0.0,0.0,1
20600,inverse_warmup_m1,1.0,0.05100122466683388,0.02020394802093506,0.022108230739831924,0.8043140172958374,0.0,0.021335303783416748,0.13173610148266116,0.010045968927443027,0.990330696105957,0.4999280869960785,0.20856866240501404,0.028331756591796875,513.144960025917,0.0,0.0,0.0,1
20800,inverse_warmup_m1,1.0,0.051420263946056366,0.020104482769966125,0.02280740486457944,0.7993675470352173,0.0,0.020711416378617287,0.08005376041538617,0.010045968927443027,0.990330696105957,0.4999280869960785,0.20856866240501404,0.028331756591796875,513.144960025917,0.0,0.0,0.0,1
21000,inverse_warmup_m1,1.0,0.05133943259716034,0.020156051963567734,0.02257073096310099,0.8018416812022527,0.0,0.02054789662361145,0.07056380806647675,0.010045968927443027,0.990330696105957,0.4999280869960785,0.20856866240501404,0.028331756591796875,513.144960025917,0.0,0.0,0.0,1
21200,inverse_warmup_m1,1.0,0.05134531855583191,0.020241355523467064,0.022161745000630617,0.8050941824913025,0.0,0.020658450201153755,0.09471210637113722,0.010045968927443027,0.990330696105957,0.4999280869960785,0.20856866240501404,0.028331756591796875,513.144960025917,0.0,0.0,0.0,1
21400,inverse_warmup_m1,1.0,0.051174767315387726,0.02004534751176834,0.02232760904977719,0.8023472279310226,0.0,0.020633172243833542,0.07769173782767068,0.010045968927443027,0.990330696105957,0.4999280869960785,0.20856866240501404,0.028331756591796875,513.144960025917,0.0,0.0,0.0,1
21600,inverse_warmup_m1,1.0,0.05092146247625351,0.01984071359038353,0.02222500725959738,0.8018280863761902,0.0,0.020299799740314484,0.08369737410100456,0.010045968927443027,0.990330696105957,0.4999280869960785,0.20856866240501404,0.028331756591796875,513.144960025917,0.0,0.0,0.0,1
21800,inverse_warmup_m1,1.0,0.050320569425821304,0.019697338342666626,0.02242201038946708,0.8005008945862452,0.0,0.019994821399450302,0.07242097413059623,0.010045968927443027,0.990330696105957,0.4999280869960785,0.20856866240501404,0.028331756591796875,513.144960025917,0.0,0.0,0.0,1
22000,inverse_warmup_m1,1.0,0.05030097812414169,0.019813895225524902,0.022327345019827288,0.8014523734649023,0.0,0.020392542704939842,0.06222028390510921,0.010045968927443027,0.990330696105957,0.4999280869960785,0.20856866240501404,0.028331756591796875,513.144960025917,0.0,0.0,0.0,1
22200,inverse_warmup_m1,1.0,0.05194670706987381,0.020618971437215805,0.02239456462363402,0.8028839429219564,0.0,0.020950932055711746,0.09905263510742413,0.010045968927443027,0.990330696105957,0.4999280869960785,0.20856866240501404,0.028331756591796875,513.144960025917,0.0,0.0,0.0,1
22400,inverse_warmup_m1,1.0,0.051042381674051285,0.020112745463848114,0.022199532017111778,0.8041423708200455,0.0,0.021002521738409996,0.10753084305325522,0.010045968927443027,0.990330696105957,0.4999280869960785,0.20856866240501404,0.028331756591796875,513.144960025917,0.0,0.0,0.0,1
22600,inverse_warmup_m1,1.0,0.05102764442563057,0.01996314339339733,0.022583093494176865,0.8013863960901896,0.0,0.02053447812795639,0.09273471034287627,0.010045968927443027,0.990330696105957,0.4999280869960785,0.20856866240501404,0.028331756591796875,513.144960025917,0.0,0.0,0.0,1
22800,inverse_warmup_m1,1.0,0.05075565353035927,0.01991654746234417,0.022241589923699696,0.8028751065333685,0.0,0.02074643038213253,0.12529284366731772,0.010045968927443027,0.990330696105957,0.4999280869960785,0.20856866240501404,0.028331756591796875,513.144960025917,0.0,0.0,0.0,1
23000,inverse_warmup_m1,1.0,0.051189444959163666,0.02007313258945942,0.022284006389478844,0.8021862059831619,0.0,0.020689550787210464,0.09299644993651143,0.010045968927443027,0.990330696105957,0.4999280869960785,0.20856866240501404,0.028331756591796875,513.144960025917,0.0,0.0,0.0,1
23200,inverse_warmup_m1,1.0,0.05073244869709015,0.019889535382390022,0.022213558045526344,0.8029054204622904,0.0,0.02023347280919552,0.09895969311363421,0.010045968927443027,0.990330696105957,0.4999280869960785,0.20856866240501404,0.028331756591796875,513.144960025917,0.0,0.0,0.0,1
23400,inverse_warmup_m1,1.0,0.050946615636348724,0.019982311874628067,0.022608350807180006,0.8013330002625784,0.0,0.01953459158539772,0.06429476705491434,0.010045968927443027,0.990330696105957,0.4999280869960785,0.20856866240501404,0.028331756591796875,513.144960025917,0.0,0.0,0.0,1
23600,inverse_warmup_m1,1.0,0.05131608247756958,0.020474206656217575,0.02270982616270582,0.8007937520742416,0.0,0.020495345816016197,0.0874159870429122,0.010045968927443027,0.990330696105957,0.4999280869960785,0.20856866240501404,0.028331756591796875,513.144960025917,0.0,0.0,0.0,1
23800,inverse_warmup_m1,1.0,0.05047161877155304,0.019763562828302383,0.022279801312834024,0.8028806994358698,0.0,0.019218284636735916,0.07606482442619765,0.010045968927443027,0.990330696105957,0.4999280869960785,0.20856866240501404,0.028331756591796875,513.144960025917,0.0,0.0,0.0,1
24000,inverse_warmup_m1,1.0,0.050080835819244385,0.019467854872345924,0.022364373318850994,0.8027637948592504,0.0,0.0198209211230278,0.07161105237378765,0.010045968927443027,0.990330696105957,0.4999280869960785,0.20856866240501404,0.028331756591796875,513.144960025917,0.0,0.0,0.0,1
24200,inverse_warmup_m1,1.0,0.05050448328256607,0.019652828574180603,0.022593585308641195,0.8014852106571198,0.0,0.01973770372569561,0.10716518816930952,0.010045968927443027,0.990330696105957,0.4999280869960785,0.20856866240501404,0.028331756591796875,513.144960025917,0.0,0.0,0.0,1
24400,inverse_warmup_m1,1.0,0.04983881115913391,0.019329320639371872,0.022241332568228245,0.8030443489551544,0.0,0.019392255693674088,0.08897314342576461,0.010045968927443027,0.990330696105957,0.4999280869960785,0.20856866240501404,0.028331756591796875,513.144960025917,0.0,0.0,0.0,1
24600,inverse_warmup_m1,1.0,0.049454595893621445,0.01921745203435421,0.021886184656371672,0.8053668439388275,0.0,0.01967461407184601,0.05793439350255536,0.010045968927443027,0.990330696105957,0.4999280869960785,0.20856866240501404,0.028331756591796875,513.144960025917,0.0,0.0,0.0,1
24800,inverse_warmup_m1,1.0,0.050639472901821136,0.01975935325026512,0.022062955268969137,0.8057362188895544,0.0,0.019069692119956017,0.04426534632730392,0.010045968927443027,0.990330696105957,0.4999280869960785,0.20856866240501404,0.028331756591796875,513.144960025917,0.0,0.0,0.0,1
25000,inverse_warmup_m1,1.0,0.04968530684709549,0.01940140500664711,0.022130799169341724,0.8054924259583155,0.0,0.019443102180957794,0.09572689954134897,0.010045968927443027,0.990330696105957,0.4999280869960785,0.20856866240501404,0.028331756591796875,513.144960025917,0.0,0.0,0.0,1
25200,inverse_warmup_m1,1.0,0.050327084958553314,0.019766289740800858,0.022192813300838072,0.8045404255390167,0.0,0.019236687570810318,0.06577880865673981,0.010045968927443027,0.990330696105957,0.4999280869960785,0.20856866240501404,0.028331756591796875,513.144960025917,0.0,0.0,0.0,1
25400,inverse_warmup_m1,1.0,0.04987763240933418,0.019345350563526154,0.02269756669799487,0.8017860551675161,0.0,0.018789172172546387,0.10894875916869733,0.010045968927443027,0.990330696105957,0.4999280869960785,0.20856866240501404,0.028331756591796875,513.144960025917,0.0,0.0,0.0,1
25600,inverse_warmup_m1,1.0,0.05077234283089638,0.019863294437527657,0.02263904254262646,0.8018860320250193,0.0,0.019530367106199265,0.07963480939170088,0.010045968927443027,0.990330696105957,0.4999280869960785,0.20856866240501404,0.028331756591796875,513.144960025917,0.0,0.0,0.0,1
25800,inverse_warmup_m1,1.0,0.050063423812389374,0.019581817090511322,0.022405531412611406,0.8031859944264094,0.0,0.01912352629005909,0.08092941748658918,0.010045968927443027,0.990330696105957,0.4999280869960785,0.20856866240501404,0.028331756591796875,513.144960025917,0.0,0.0,0.0,1
26000,inverse_warmup_m1,1.0,0.05002279579639435,0.019599154591560364,0.022553338514020044,0.8031251629193624,0.0,0.018883604556322098,0.0890756676208161,0.010045968927443027,0.990330696105957,0.4999280869960785,0.20856866240501404,0.028331756591796875,513.144960025917,0.0,0.0,0.0,1
26200,inverse_warmup_m1,1.0,0.05022336170077324,0.01958456262946129,0.022293017711490393,0.8047796934843063,0.0,0.018793733790516853,0.06691446883169391,0.010045968927443027,0.990330696105957,0.4999280869960785,0.20856866240501404,0.028331756591796875,513.144960025917,0.0,0.0,0.0,1
26400,inverse_warmup_m1,1.0,0.05004451051354408,0.019506581127643585,0.02206558734178543,0.8064196954170862,0.0,0.01948973536491394,0.10262264962110537,0.010045968927443027,0.990330696105957,0.4999280869960785,0.20856866240501404,0.028331756591796875,513.144960025917,0.0,0.0,0.0,1
26600,inverse_warmup_m1,1.0,0.04968619346618652,0.019292272627353668,0.022417398014416296,0.8012372950712839,0.0,0.019285395741462708,0.12712664169232984,0.010045968927443027,0.990330696105957,0.4999280869960785,0.20856866240501404,0.028331756591796875,513.144960025917,0.0,0.0,0.0,1
26800,inverse_warmup_m1,1.0,0.05130152404308319,0.02015697956085205,0.022133230076481897,0.8032701462507248,0.0,0.019537029787898064,0.16917375922709438,0.010045968927443027,0.990330696105957,0.4999280869960785,0.20856866240501404,0.028331756591796875,513.144960025917,0.0,0.0,0.0,1
27000,inverse_warmup_m1,1.0,0.05039028823375702,0.019599081948399544,0.022161319386214018,0.8037675420443217,0.0,0.019188985228538513,0.10923305557278902,0.010045968927443027,0.990330696105957,0.4999280869960785,0.20856866240501404,0.028331756591796875,513.144960025917,0.0,0.0,0.0,1
27200,inverse_warmup_m1,1.0,0.05103543400764465,0.0201713927090168,0.02234731676677863,0.8049316108226776,0.0,0.019084323197603226,0.1276359961540545,0.010045968927443027,0.990330696105957,0.4999280869960785,0.20856866240501404,0.028331756591796875,513.144960025917,0.0,0.0,0.0,1
27400,inverse_warmup_m1,1.0,0.05022911727428436,0.0194995254278183,0.022329732310026884,0.800308013955752,0.0,0.01816387102007866,0.08725942291744661,0.010045968927443027,0.990330696105957,0.4999280869960785,0.20856866240501404,0.028331756591796875,513.144960025917,0.0,0.0,0.0,1
27600,inverse_warmup_m1,1.0,0.05108501762151718,0.020011330023407936,0.02209083115061124,0.8049650639295578,0.0,0.01928408071398735,0.11092185385818215,0.010045968927443027,0.990330696105957,0.4999280869960785,0.20856866240501404,0.028331756591796875,513.144960025917,0.0,0.0,0.0,1
27800,inverse_warmup_m1,1.0,0.050845667719841,0.019806984812021255,0.022060518929113943,0.8040875742832819,0.0,0.018336765468120575,0.08588175840953761,0.010045968927443027,0.990330696105957,0.4999280869960785,0.20856866240501404,0.028331756591796875,513.144960025917,0.0,0.0,0.0,1
28000,inverse_warmup_m1,1.0,0.0505608469247818,0.01981462724506855,0.021772123718013365,0.8070760866006216,0.0,0.0189762394875288,0.0718392029825424,0.010045968927443027,0.990330696105957,0.4999280869960785,0.20856866240501404,0.028331756591796875,513.144960025917,0.0,0.0,0.0,1
28200,inverse_warmup_m1,1.0,0.04892808198928833,0.018672969192266464,0.02206019327665369,0.8048708140850067,0.0,0.02093631587922573,0.12765562128386126,0.010045968927443027,0.990330696105957,0.4999280869960785,0.20856866240501404,0.028331756591796875,513.144960025917,0.0,0.0,0.0,1
28400,inverse_warmup_m1,1.0,0.050232283771038055,0.019530996680259705,0.02223610474417607,0.8041945894559225,0.0,0.01846700720489025,0.0878530205166747,0.010045968927443027,0.990330696105957,0.4999280869960785,0.20856866240501404,0.028331756591796875,513.144960025917,0.0,0.0,0.0,1
28600,inverse_warmup_m1,1.0,0.049989618360996246,0.01940939947962761,0.022008231064925592,0.8053672462701797,0.0,0.018779639154672623,0.14950676406137206,0.010045968927443027,0.990330696105957,0.4999280869960785,0.20856866240501404,0.028331756591796875,513.144960025917,0.0,0.0,0.0,1
28800,inverse_warmup_m1,1.0,0.050336118787527084,0.019571442157030106,0.022256065315256517,0.8044115056594213,0.0,0.018705083057284355,0.09941753814779154,0.010045968927443027,0.990330696105957,0.4999280869960785,0.20856866240501404,0.028331756591796875,513.144960025917,0.0,0.0,0.0,1
29000,inverse_warmup_m1,1.0,0.05052674561738968,0.019553322345018387,0.02186347683891654,0.8046227792898814,0.0,0.01844862848520279,0.07384888988747074,0.010045968927443027,0.990330696105957,0.4999280869960785,0.20856866240501404,0.028331756591796875,513.144960025917,0.0,0.0,0.0,1
29200,inverse_warmup_m1,1.0,0.04946468770503998,0.019074460491538048,0.021762819805492956,0.8071213116248449,0.0,0.018161097541451454,0.055209815441775376,0.010045968927443027,0.990330696105957,0.4999280869960785,0.20856866240501404,0.028331756591796875,513.144960025917,0.0,0.0,0.0,1
29400,inverse_warmup_m1,1.0,0.050375718623399734,0.01956847868859768,0.021838251190880936,0.8076070497433344,0.0,0.01815231516957283,0.04101306447814114,0.010045968927443027,0.990330696105957,0.4999280869960785,0.20856866240501404,0.028331756591796875,513.144960025917,0.0,0.0,0.0,1
29600,inverse_warmup_m1,1.0,0.04987909644842148,0.019525714218616486,0.021620792026321094,0.8076327095429102,0.0,0.018052883446216583,0.04728008214332937,0.010045968927443027,0.990330696105957,0.4999280869960785,0.20856866240501404,0.028331756591796875,513.144960025917,0.0,0.0,0.0,1
29800,inverse_warmup_m1,1.0,0.04991833120584488,0.019299551844596863,0.02204913863291343,0.8054224153359731,0.0,0.018052784726023674,0.0657057402029408,0.010045968927443027,0.990330696105957,0.4999280869960785,0.20856866240501404,0.028331756591796875,513.144960025917,0.0,0.0,0.0,1
30000,inverse_warmup_m1,1.0,0.04993666708469391,0.01950056105852127,0.021920989888409775,0.8074403603871664,0.0,0.018227797001600266,0.077802572941723,0.010045968927443027,0.990330696105957,0.4999280869960785,0.20856866240501404,0.028331756591796875,513.144960025917,0.0,0.0,0.0,1
30200,inverse_warmup_m1,1.0,0.0504249632358551,0.019454315304756165,0.022257726018627483,0.8045945018529892,0.0,0.018185781314969063,0.11745727264135679,0.010045968927443027,0.990330696105957,0.4999280869960785,0.20856866240501404,0.028331756591796875,513.144960025917,0.0,0.0,0.0,1
30400,inverse_warmup_m1,1.0,0.05022941529750824,0.019491096958518028,0.02175356214866042,0.8082414964834849,0.0,0.01783975213766098,0.07705411397502937,0.010045968927443027,0.990330696105957,0.4999280869960785,0.20856866240501404,0.028331756591796875,513.144960025917,0.0,0.0,0.0,1
30600,inverse_warmup_m1,1.0,0.05021931976079941,0.019623471423983574,0.021740476600825787,0.8076658596595129,0.0,0.018129397183656693,0.05087602901408996,0.010045968927443027,0.990330696105957,0.4999280869960785,0.20856866240501404,0.028331756591796875,513.144960025917,0.0,0.0,0.0,1
30800,inverse_warmup_m1,1.0,0.05012478306889534,0.01943332515656948,0.021970639936625957,0.8052300264437994,0.0,0.017556605860590935,0.07363167707926806,0.010045968927443027,0.990330696105957,0.4999280869960785,0.20856866240501404,0.028331756591796875,513.144960025917,0.0,0.0,0.0,1
31000,inverse_warmup_m1,1.0,0.05007077381014824,0.01929420977830887,0.021681490819901228,0.8057597627242407,0.0,0.017600413411855698,0.07577827265254458,0.010045968927443027,0.990330696105957,0.4999280869960785,0.20856866240501404,0.028331756591796875,513.144960025917,0.0,0.0,0.0,1
31200,inverse_warmup_m1,1.0,0.049500856548547745,0.019214944913983345,0.02190030086785555,0.8071462363004684,0.0,0.017624983564019203,0.07806624138088768,0.010045968927443027,0.990330696105957,0.4999280869960785,0.20856866240501404,0.028331756591796875,513.144960025917,0.0,0.0,0.0,1
31400,inverse_warmup_m1,1.0,0.049632418900728226,0.019383329898118973,0.021967254268626373,0.8046184132496516,0.0,0.017959238961338997,0.09479418915979929,0.010045968927443027,0.990330696105957,0.4999280869960785,0.20856866240501404,0.028331756591796875,513.144960025917,0.0,0.0,0.0,1
31600,inverse_warmup_m1,1.0,0.05081218481063843,0.020025834441184998,0.021684444819887478,0.8077318420012792,0.0,0.01829347014427185,0.09218016883647444,0.010045968927443027,0.990330696105957,0.4999280869960785,0.20856866240501404,0.028331756591796875,513.144960025917,0.0,0.0,0.0,1
31800,inverse_warmup_m1,1.0,0.05010555684566498,0.019643621519207954,0.023144237386683624,0.8013195892175039,0.0,0.017950480803847313,0.09195572421436626,0.010045968927443027,0.990330696105957,0.4999280869960785,0.20856866240501404,0.028331756591796875,513.144960025917,0.0,0.0,0.0,1
32000,inverse_warmup_m1,1.0,0.05014848709106445,0.01937304064631462,0.021740163986881573,0.8076854745546976,0.0,0.017468702048063278,0.11208494310150686,0.010045968927443027,0.990330696105957,0.4999280869960785,0.20856866240501404,0.028331756591796875,513.144960025917,0.0,0.0,0.0,1
32200,inverse_warmup_m1,1.0,0.04966702312231064,0.019160527735948563,0.021747515847285587,0.8076806912819544,0.0,0.01781168021261692,0.06875607017813332,0.010045968927443027,0.990330696105957,0.4999280869960785,0.20856866240501404,0.028331756591796875,513.144960025917,0.0,0.0,0.0,1
32400,inverse_warmup_m1,1.0,0.05004420503973961,0.01935432292521,0.021973264558861654,0.8053871740897497,0.0,0.017911171540617943,0.04452259330209276,0.010045968927443027,0.990330696105957,0.4999280869960785,0.20856866240501404,0.028331756591796875,513.144960025917,0.0,0.0,0.0,1
32600,inverse_warmup_m1,1.0,0.04993334412574768,0.01934988424181938,0.02191852731630206,0.8061108936866125,0.0,0.01741686835885048,0.10175259574262548,0.010045968927443027,0.990330696105957,0.4999280869960785,0.20856866240501404,0.028331756591796875,513.144960025917,0.0,0.0,0.0,1
32800,inverse_warmup_m1,1.0,0.05032099783420563,0.019590923562645912,0.02191017831986149,0.806707575917244,0.0,0.017142219468951225,0.1002586772976285,0.010045968927443027,0.990330696105957,0.4999280869960785,0.20856866240501404,0.028331756591796875,513.144960025917,0.0,0.0,0.0,1
33000,inverse_warmup_m1,1.0,0.05047328770160675,0.01983797177672386,0.022075230566163857,0.8066717286904653,0.0,0.018136154860258102,0.09163007394616664,0.010045968927443027,0.990330696105957,0.4999280869960785,0.20856866240501404,0.028331756591796875,513.144960025917,0.0,0.0,0.0,1
33200,inverse_warmup_m1,1.0,0.04938628897070885,0.019108446314930916,0.02236311510205269,0.8024942229191462,0.0,0.01731978915631771,0.0926559990635746,0.010045968927443027,0.990330696105957,0.4999280869960785,0.20856866240501404,0.028331756591796875,513.144960025917,0.0,0.0,0.0,1
33400,inverse_warmup_m1,1.0,0.04918866977095604,0.019128108397126198,0.022204904196163017,0.8048207064469656,0.0,0.017744196578860283,0.05419163834433117,0.010045968927443027,0.990330696105957,0.4999280869960785,0.20856866240501404,0.028331756591796875,513.144960025917,0.0,0.0,0.0,1
33600,inverse_warmup_m1,1.0,0.05005107820034027,0.01938953809440136,0.02180181536823511,0.805866613984108,0.0,0.017288409173488617,0.08625040641539515,0.010045968927443027,0.990330696105957,0.4999280869960785,0.20856866240501404,0.028331756591796875,513.144960025917,0.0,0.0,0.0,1
33800,inverse_warmup_m1,1.0,0.049101926386356354,0.018782395869493484,0.02157270194341739,0.8086277892192205,0.0,0.016844915226101875,0.06381725185677867,0.010045968927443027,0.990330696105957,0.4999280869960785,0.20856866240501404,0.028331756591796875,513.144960025917,0.0,0.0,0.0,1
34000,inverse_warmup_m1,1.0,0.04866056889295578,0.01877153478562832,0.02158609451726079,0.8082399169603983,0.0,0.017033740878105164,0.056582537403317104,0.010045968927443027,0.990330696105957,0.4999280869960785,0.20856866240501404,0.028331756591796875,513.144960025917,0.0,0.0,0.0,1
34200,inverse_warmup_m1,1.0,0.04989321157336235,0.019264457747340202,0.021680703852325678,0.809031734863917,0.0,0.01681489311158657,0.06234763266636379,0.010045968927443027,0.990330696105957,0.4999280869960785,0.20856866240501404,0.028331756591796875,513.144960025917,0.0,0.0,0.0,1
34400,inverse_warmup_m1,1.0,0.048791058361530304,0.01880466565489769,0.021930155499527853,0.8082428226868311,0.0,0.016751093789935112,0.05535753227765404,0.010045968927443027,0.990330696105957,0.4999280869960785,0.20856866240501404,0.028331756591796875,513.144960025917,0.0,0.0,0.0,1
34600,inverse_warmup_m1,1.0,0.04955371469259262,0.019302599132061005,0.02185418860365947,0.806951160232226,0.0,0.016944924369454384,0.07901565407087503,0.010045968927443027,0.990330696105957,0.4999280869960785,0.20856866240501404,0.028331756591796875,513.144960025917,0.0,0.0,0.0,1
34800,inverse_warmup_m1,1.0,0.04901896044611931,0.01881592720746994,0.02194703354810675,0.8066728909810384,0.0,0.016601383686065674,0.1021922445405444,0.010045968927443027,0.990330696105957,0.4999280869960785,0.20856866240501404,0.028331756591796875,513.144960025917,0.0,0.0,0.0,1
35000,inverse_warmup_m1,1.0,0.04996822774410248,0.019348133355379105,0.02226686958844463,0.8063429643710455,0.0,0.017316902056336403,0.057034154614844366,0.010045968927443027,0.990330696105957,0.4999280869960785,0.20856866240501404,0.028331756591796875,513.144960025917,0.0,0.0,0.0,1
35200,inverse_warmup_m1,1.0,0.04924378544092178,0.019090836867690086,0.021754364172617596,0.8077553659677505,0.0,0.016663027927279472,0.08392212120762921,0.010045968927443027,0.990330696105957,0.4999280869960785,0.20856866240501404,0.028331756591796875,513.144960025917,0.0,0.0,0.0,1
35400,inverse_warmup_m1,1.0,0.048964790999889374,0.018877757713198662,0.02189810046305259,0.8078154772520065,0.0,0.016521474346518517,0.061904207887701686,0.010045968927443027,0.990330696105957,0.4999280869960785,0.20856866240501404,0.028331756591796875,513.144960025917,0.0,0.0,0.0,1
35600,inverse_warmup_m1,1.0,0.04912590980529785,0.01903480663895607,0.021710676451524098,0.8091927170753479,0.0,0.016689475625753403,0.057887406703746126,0.010045968927443027,0.990330696105957,0.4999280869960785,0.20856866240501404,0.028331756591796875,513.144960025917,0.0,0.0,0.0,1
35800,inverse_warmup_m1,1.0,0.049142200499773026,0.018924903124570847,0.021862851455807686,0.8077078362305959,0.0,0.016925480216741562,0.06028628793201192,0.010045968927443027,0.990330696105957,0.4999280869960785,0.20856866240501404,0.028331756591796875,513.144960025917,0.0,0.0,0.0,1
36000,inverse_warmup_m1,1.0,0.04836662858724594,0.01858646050095558,0.022049984894692898,0.8066994249820709,0.0,0.016924846917390823,0.08295693012066023,0.010045968927443027,0.990330696105957,0.4999280869960785,0.20856866240501404,0.028331756591796875,513.144960025917,0.0,0.0,0.0,1
36200,inverse_warmup_m1,1.0,0.049584612250328064,0.019042639061808586,0.021882483425239723,0.8068340172370275,0.0,0.016524918377399445,0.045981470523099116,0.010045968927443027,0.990330696105957,0.4999280869960785,0.20856866240501404,0.028331756591796875,513.144960025917,0.0,0.0,0.0,1
36400,inverse_warmup_m1,1.0,0.048924520611763,0.018835240975022316,0.021940553095191717,0.8075120051701864,0.0,0.01695595309138298,0.058879509361460684,0.010045968927443027,0.990330696105957,0.4999280869960785,0.20856866240501404,0.028331756591796875,513.144960025917,0.0,0.0,0.0,1
36600,inverse_warmup_m1,1.0,0.049523986876010895,0.019233781844377518,0.02217589784413576,0.8058572262525558,0.0,0.016777753829956055,0.06570803226677664,0.010045968927443027,0.990330696105957,0.4999280869960785,0.20856866240501404,0.028331756591796875,513.144960025917,0.0,0.0,0.0,1
36800,inverse_warmup_m1,1.0,0.04909573495388031,0.018960919231176376,0.02171629263708989,0.8054095854361852,0.0,0.016065597534179688,0.07842529615610015,0.010045968927443027,0.990330696105957,0.4999280869960785,0.20856866240501404,0.028331756591796875,513.144960025917,0.0,0.0,0.0,1
37000,inverse_warmup_m1,1.0,0.05012236535549164,0.01959693245589733,0.02200735096509258,0.8062552760044733,0.0,0.017070533707737923,0.0862569906711149,0.010045968927443027,0.990330696105957,0.4999280869960785,0.20856866240501404,0.028331756591796875,513.144960025917,0.0,0.0,0.0,1
37200,inverse_warmup_m1,1.0,0.04981347173452377,0.019161026924848557,0.02182454088081916,0.8085778305927912,0.0,0.016363875940442085,0.0719746923744904,0.010045968927443027,0.990330696105957,0.4999280869960785,0.20856866240501404,0.028331756591796875,513.144960025917,0.0,0.0,0.0,1
37400,inverse_warmup_m1,1.0,0.04999339580535889,0.019383445382118225,0.021631546163310606,0.8086686680714289,0.0,0.016931967809796333,0.12047755665287675,0.010045968927443027,0.990330696105957,0.4999280869960785,0.20856866240501404,0.028331756591796875,513.144960025917,0.0,0.0,0.0,1
37600,inverse_warmup_m1,1.0,0.04791071265935898,0.018181776627898216,0.021855493541806936,0.8073354214429855,0.0,0.018319206312298775,0.07649679773822636,0.010045968927443027,0.990330696105957,0.4999280869960785,0.20856866240501404,0.028331756591796875,513.144960025917,0.0,0.0,0.0,1
37800,inverse_warmup_m1,1.0,0.04965975135564804,0.019298704341053963,0.022162264678627253,0.8065666059652964,0.0,0.01681598462164402,0.10688789768099802,0.010045968927443027,0.990330696105957,0.4999280869960785,0.20856866240501404,0.028331756591796875,513.144960025917,0.0,0.0,0.0,1
38000,inverse_warmup_m1,1.0,0.04885293170809746,0.01880098134279251,0.021952360558013122,0.8066090494394302,0.0,0.016838068142533302,0.07917794297271655,0.010045968927443027,0.990330696105957,0.4999280869960785,0.20856866240501404,0.028331756591796875,513.144960025917,0.0,0.0,0.0,1
38200,inverse_warmup_m1,1.0,0.04930853843688965,0.018919669091701508,0.02173449145630002,0.8086125552654266,0.0,0.016384590417146683,0.06411889732967195,0.010045968927443027,0.990330696105957,0.4999280869960785,0.20856866240501404,0.028331756591796875,513.144960025917,0.0,0.0,0.0,1
38400,inverse_warmup_m1,1.0,0.04955302178859711,0.01903984136879444,0.0215473057081302,0.8084185073773066,0.0,0.0163708683103323,0.036503240995140226,0.010045968927443027,0.990330696105957,0.4999280869960785,0.20856866240501404,0.028331756591796875,513.144960025917,0.0,0.0,0.0,1
38600,inverse_warmup_m1,1.0,0.048629701137542725,0.018628519028425217,0.021730726584792137,0.8081330209970474,0.0,0.016037490218877792,0.04121955895046475,0.010045968927443027,0.990330696105957,0.4999280869960785,0.20856866240501404,0.028331756591796875,513.144960025917,0.0,0.0,0.0,1
38800,inverse_warmup_m1,1.0,0.049757178872823715,0.019201260060071945,0.021806117457648117,0.8092545121908188,0.0,0.0161699540913105,0.05397317060482913,0.010045968927443027,0.990330696105957,0.4999280869960785,0.20856866240501404,0.028331756591796875,513.144960025917,0.0,0.0,0.0,1
39000,inverse_warmup_m1,1.0,0.04916702210903168,0.019088948145508766,0.021604606416076422,0.8093389868736267,0.0,0.01645403727889061,0.10293550837719091,0.010045968927443027,0.990330696105957,0.4999280869960785,0.20856866240501404,0.028331756591796875,513.144960025917,0.0,0.0,0.0,1
39200,inverse_warmup_m1,1.0,0.04928288608789444,0.018883880227804184,0.02182891359552741,0.8074085265398026,0.0,0.016291862353682518,0.06546645153846402,0.010045968927443027,0.990330696105957,0.4999280869960785,0.20856866240501404,0.028331756591796875,513.144960025917,0.0,0.0,0.0,1
39400,inverse_warmup_m1,1.0,0.04942110925912857,0.019181709736585617,0.021759444071600836,0.8098651319742203,0.0,0.016329647973179817,0.06614700451791196,0.010045968927443027,0.990330696105957,0.4999280869960785,0.20856866240501404,0.028331756591796875,513.144960025917,0.0,0.0,0.0,1
39600,inverse_warmup_m1,1.0,0.049669064581394196,0.019030224531888962,0.021954932094862063,0.807437668244044,0.0,0.016514912247657776,0.10087059272925958,0.010045968927443027,0.990330696105957,0.4999280869960785,0.20856866240501404,0.028331756591796875,513.144960025917,0.0,0.0,0.0,1
39800,inverse_warmup_m1,1.0,0.04947737231850624,0.018993429839611053,0.02166814807181557,0.809067890048027,0.0,0.016140872612595558,0.038296703772755035,0.010045968927443027,0.990330696105957,0.4999280869960785,0.20856866240501404,0.028331756591796875,513.144960025917,0.0,0.0,0.0,1
40000,inverse_warmup_m1,1.0,0.04984632879495621,0.019435763359069824,0.021551775590827067,0.8102721174558004,0.0,0.016071846708655357,0.049441000032247266,0.010045968927443027,0.990330696105957,0.4999280869960785,0.20856866240501404,0.028331756591796875,513.144960025917,0.0,0.0,0.0,1
40200,inverse_warmup_m1,1.0,0.04940003156661987,0.019087107852101326,0.021501651499420404,0.8088785310586294,0.0,0.016054527834057808,0.06390875628195089,0.010045968927443027,0.990330696105957,0.4999280869960785,0.20856866240501404,0.028331756591796875,513.144960025917,0.0,0.0,0.0,1
40400,inverse_warmup_m1,1.0,0.04932491481304169,0.01893773302435875,0.021794059003392856,0.806308850646019,0.0,0.016054250299930573,0.06563977492976984,0.010045968927443027,0.990330696105957,0.4999280869960785,0.20856866240501404,0.028331756591796875,513.144960025917,0.0,0.0,0.0,1
40600,inverse_warmup_m1,1.0,0.048885904252529144,0.018807269632816315,0.021619367102781933,0.8098771671454111,0.0,0.01587131805717945,0.07643258073074871,0.010045968927443027,0.990330696105957,0.4999280869960785,0.20856866240501404,0.028331756591796875,513.144960025917,0.0,0.0,0.0,1
40800,inverse_warmup_m1,1.0,0.04890570044517517,0.018761489540338516,0.021875155624002218,0.8052032192548116,0.0,0.01564035378396511,0.08880035787234794,0.010045968927443027,0.990330696105957,0.4999280869960785,0.20856866240501404,0.028331756591796875,513.144960025917,0.0,0.0,0.0,1
41000,inverse_warmup_m1,1.0,0.05013522505760193,0.019636541604995728,0.021744396692762773,0.8078234146038691,0.0,0.016590874642133713,0.08119230995881709,0.010045968927443027,0.990330696105957,0.4999280869960785,0.20856866240501404,0.028331756591796875,513.144960025917,0.0,0.0,0.0,1
41200,inverse_warmup_m1,1.0,0.04945816099643707,0.019402986392378807,0.02192336196700732,0.808334638675054,0.0,0.016410643234848976,0.10148377221448084,0.010045968927443027,0.990330696105957,0.4999280869960785,0.20856866240501404,0.028331756591796875,513.144960025917,0.0,0.0,0.0,1
41400,inverse_warmup_m1,1.0,0.049766287207603455,0.01916123367846012,0.02166530303657055,0.8079732060432434,0.0,0.016030246391892433,0.1490460370511647,0.010045968927443027,0.990330696105957,0.4999280869960785,0.20856866240501404,0.028331756591796875,513.144960025917,0.0,0.0,0.0,1
41600,inverse_warmup_m1,1.0,0.04893864691257477,0.018800821155309677,0.02158198133111,0.8086879650751749,0.0,0.015749264508485794,0.055606769136921454,0.010045968927443027,0.990330696105957,0.4999280869960785,0.20856866240501404,0.028331756591796875,513.144960025917,0.0,0.0,0.0,1
41800,inverse_warmup_m1,1.0,0.04932957887649536,0.018952753394842148,0.021527639590203762,0.8088189661502838,0.0,0.015787333250045776,0.04489446326422913,0.010045968927443027,0.990330696105957,0.4999280869960785,0.20856866240501404,0.028331756591796875,513.144960025917,0.0,0.0,0.0,1
42000,inverse_warmup_m1,1.0,0.04902729392051697,0.01890280656516552,0.02164473927890261,0.809816857179006,0.0,0.01566033996641636,0.053010806742762526,0.010045968927443027,0.990330696105957,0.4999280869960785,0.20856866240501404,0.028331756591796875,513.144960025917,0.0,0.0,0.0,1
42200,inverse_warmup_m1,1.0,0.049250222742557526,0.018908780068159103,0.021703231769303482,0.8081078479687372,0.0,0.01554683968424797,0.03463296342986368,0.010045968927443027,0.990330696105957,0.4999280869960785,0.20856866240501404,0.028331756591796875,513.144960025917,0.0,0.0,0.0,1
42400,inverse_warmup_m1,1.0,0.049488890916109085,0.019265539944171906,0.02186897723004222,0.8079678217569987,0.0,0.01576048508286476,0.08733897886546928,0.010045968927443027,0.990330696105957,0.4999280869960785,0.20856866240501404,0.028331756591796875,513.144960025917,0.0,0.0,0.0,1
42600,inverse_warmup_m1,1.0,0.048486705869436264,0.018639877438545227,0.021669837646186352,0.8087951640288035,0.0,0.015367988497018814,0.053034650562298266,0.010045968927443027,0.990330696105957,0.4999280869960785,0.20856866240501404,0.028331756591796875,513.144960025917,0.0,0.0,0.0,1
42800,inverse_warmup_m1,1.0,0.048765189945697784,0.018819915130734444,0.021609866215536993,0.809124211470286,0.0,0.015950098633766174,0.08133190360518171,0.010045968927443027,0.990330696105957,0.4999280869960785,0.20856866240501404,0.028331756591796875,513.144960025917,0.0,0.0,0.0,1
43000,inverse_warmup_m1,1.0,0.0488620288670063,0.018725473433732986,0.022013929827759664,0.8075094173351923,0.0,0.015846598893404007,0.07740894744122309,0.010045968927443027,0.990330696105957,0.4999280869960785,0.20856866240501404,0.028331756591796875,513.144960025917,0.0,0.0,0.0,1
43200,inverse_warmup_m1,1.0,0.048772383481264114,0.018680855631828308,0.02177521012102564,0.807385633389155,0.0,0.015528923831880093,0.0850135382691607,0.010045968927443027,0.990330696105957,0.4999280869960785,0.20856866240501404,0.028331756591796875,513.144960025917,0.0,0.0,0.0,1
43400,inverse_warmup_m1,1.0,0.0483483225107193,0.01852807030081749,0.02181554182122151,0.8068054219086965,0.0,0.01553103793412447,0.07888656182585958,0.010045968927443027,0.990330696105957,0.4999280869960785,0.20856866240501404,0.028331756591796875,513.144960025917,0.0,0.0,0.0,1
43600,inverse_warmup_m1,1.0,0.04944701865315437,0.0189800001680851,0.02169673532868425,0.809088741739591,0.0,0.015047581866383553,0.05918692831086538,0.010045968927443027,0.990330696105957,0.4999280869960785,0.20856866240501404,0.028331756591796875,513.144960025917,0.0,0.0,0.0,1
43800,inverse_warmup_m1,1.0,0.04871394485235214,0.018630988895893097,0.02177564116815726,0.8086261550585429,0.0,0.015196775086224079,0.09556333012291046,0.010045968927443027,0.990330696105957,0.4999280869960785,0.20856866240501404,0.028331756591796875,513.144960025917,0.0,0.0,0.0,1
44000,inverse_warmup_m1,1.0,0.049397557973861694,0.0192045159637928,0.021953314697990816,0.8073362310727438,0.0,0.015154770575463772,0.09071960662379912,0.010045968927443027,0.990330696105957,0.4999280869960785,0.20856866240501404,0.028331756591796875,513.144960025917,0.0,0.0,0.0,1
44200,inverse_warmup_m1,1.0,0.04867377504706383,0.01864929497241974,0.022439396164069574,0.8038193086783091,0.0,0.014888932928442955,0.06550898503071642,0.010045968927443027,0.990330696105957,0.4999280869960785,0.20856866240501404,0.028331756591796875,513.144960025917,0.0,0.0,0.0,1
44400,inverse_warmup_m1,1.0,0.05129192769527435,0.02017071284353733,0.02243161651616295,0.8038334796826044,0.0,0.015578709542751312,0.08574377382091043,0.010045968927443027,0.990330696105957,0.4999280869960785,0.20856866240501404,0.028331756591796875,513.144960025917,0.0,0.0,0.0,1
44600,inverse_warmup_m1,1.0,0.04899964481592178,0.018846962600946426,0.021590600721538067,0.8093105008204778,0.0,0.015209845267236233,0.08025120095741844,0.010045968927443027,0.990330696105957,0.4999280869960785,0.20856866240501404,0.028331756591796875,513.144960025917,0.0,0.0,0.0,1
44800,inverse_warmup_m1,1.0,0.04872457683086395,0.01877271942794323,0.021994955837726593,0.8058805813392004,0.0,0.01518223900347948,0.07982607240732477,0.010045968927443027,0.990330696105957,0.4999280869960785,0.20856866240501404,0.028331756591796875,513.144960025917,0.0,0.0,0.0,1
45000,inverse_warmup_m1,1.0,0.0489393025636673,0.01883852109313011,0.021714727859944105,0.8080188532670339,0.0,0.015230266377329826,0.06410472225599077,0.010045968927443027,0.990330696105957,0.4999280869960785,0.20856866240501404,0.028331756591796875,513.144960025917,0.0,0.0,0.0,1
45200,inverse_warmup_m1,1.0,0.048730842769145966,0.018639206886291504,0.021658227468530338,0.8091348310311636,0.0,0.015371030196547508,0.06968571154764715,0.010045968927443027,0.990330696105957,0.4999280869960785,0.20856866240501404,0.028331756591796875,513.144960025917,0.0,0.0,0.0,1
45400,inverse_warmup_m1,1.0,0.04806564748287201,0.01820461079478264,0.021458116204788286,0.8091412335634232,0.0,0.014957490377128124,0.07433233679904588,0.010045968927443027,0.990330696105957,0.4999280869960785,0.20856866240501404,0.028331756591796875,513.144960025917,0.0,0.0,0.0,1
45600,inverse_warmup_m1,1.0,0.04964105039834976,0.019215956330299377,0.0220447628137966,0.8058929294347763,0.0,0.015649016946554184,0.11439455165052852,0.010045968927443027,0.990330696105957,0.4999280869960785,0.20856866240501404,0.028331756591796875,513.144960025917,0.0,0.0,0.0,1
45800,inverse_warmup_m1,1.0,0.04894769936800003,0.018670981749892235,0.022203904421379168,0.8051910549402237,0.0,0.014891667291522026,0.05667734581980991,0.010045968927443027,0.990330696105957,0.4999280869960785,0.20856866240501404,0.028331756591796875,513.144960025917,0.0,0.0,0.0,1
46000,inverse_warmup_m1,1.0,0.04913263022899628,0.018792305141687393,0.0218274366731445,0.8085467517375946,0.0,0.014913228340446949,0.05822742921545775,0.010045968927443027,0.990330696105957,0.4999280869960785,0.20856866240501404,0.028331756591796875,513.144960025917,0.0,0.0,0.0,1
46200,inverse_warmup_m1,1.0,0.04849058389663696,0.018708163872361183,0.0215310404698054,0.8089991559584936,0.0,0.014730329625308514,0.06304110734259845,0.010045968927443027,0.990330696105957,0.4999280869960785,0.20856866240501404,0.028331756591796875,513.144960025917,0.0,0.0,0.0,1
46400,inverse_warmup_m1,1.0,0.04935143515467644,0.019103651866316795,0.021844555468608935,0.8078319778045019,0.0,0.015245523303747177,0.05192916068578324,0.010045968927443027,0.990330696105957,0.4999280869960785,0.20856866240501404,0.028331756591796875,513.144960025917,0.0,0.0,0.0,1
46600,inverse_warmup_m1,1.0,0.049120642244815826,0.018880106508731842,0.02170317868391673,0.8107559333244959,0.0,0.015346202999353409,0.05306350589908391,0.010045968927443027,0.990330696105957,0.4999280869960785,0.20856866240501404,0.028331756591796875,513.144960025917,0.0,0.0,0.0,1
46800,inverse_warmup_m1,1.0,0.04916825145483017,0.018785638734698296,0.021484300959855318,0.809502845009168,0.0,0.014931312762200832,0.0632707623780208,0.010045968927443027,0.990330696105957,0.4999280869960785,0.20856866240501404,0.028331756591796875,513.144960025917,0.0,0.0,0.0,1
47000,inverse_warmup_m1,1.0,0.04751476272940636,0.017859242856502533,0.021729161341985066,0.8090109378099442,0.0,0.0165262334048748,0.13806050326982275,0.010045968927443027,0.990330696105957,0.4999280869960785,0.20856866240501404,0.028331756591796875,513.144960025917,0.0,0.0,0.0,1
47200,inverse_warmup_m1,1.0,0.04884800314903259,0.018791204318404198,0.021710217154274385,0.8099260081847509,0.0,0.014835226349532604,0.0693676862022842,0.010045968927443027,0.990330696105957,0.4999280869960785,0.20856866240501404,0.028331756591796875,513.144960025917,0.0,0.0,0.0,1
47400,inverse_warmup_m1,1.0,0.04808074235916138,0.01834951341152191,0.02182375251625975,0.8076983292897543,0.0,0.015189709141850471,0.055436232821875174,0.010045968927443027,0.990330696105957,0.4999280869960785,0.20856866240501404,0.028331756591796875,513.144960025917,0.0,0.0,0.0,1
47600,inverse_warmup_m1,1.0,0.048953283578157425,0.01878221146762371,0.021557919681072235,0.8099151899417242,0.0,0.015315231867134571,0.12024597661607658,0.010045968927443027,0.990330696105957,0.4999280869960785,0.20856866240501404,0.028331756591796875,513.144960025917,0.0,0.0,0.0,1
47800,inverse_warmup_m1,1.0,0.04943830147385597,0.01892104558646679,0.02165047622596224,0.8073092003663381,0.0,0.015134559944272041,0.10640637932006694,0.010045968927443027,0.990330696105957,0.4999280869960785,0.20856866240501404,0.028331756591796875,513.144960025917,0.0,0.0,0.0,1
48000,inverse_warmup_m1,1.0,0.04835081845521927,0.01847587153315544,0.02154294215142727,0.8095054427782694,0.0,0.01485870685428381,0.0662021323609057,0.010045968927443027,0.990330696105957,0.4999280869960785,0.20856866240501404,0.028331756591796875,513.144960025917,0.0,0.0,0.0,1
48200,inverse_warmup_m1,1.0,0.049299031496047974,0.018951276317238808,0.02181225223466754,0.809179812669754,0.0,0.014893206767737865,0.05262424184528466,0.010045968927443027,0.990330696105957,0.4999280869960785,0.20856866240501404,0.028331756591796875,513.144960025917,0.0,0.0,0.0,1
48400,inverse_warmup_m1,1.0,0.04883143678307533,0.018774371594190598,0.021700800396502018,0.8094161152839661,0.0,0.015176856890320778,0.07636990786372543,0.010045968927443027,0.990330696105957,0.4999280869960785,0.20856866240501404,0.028331756591796875,513.144960025917,0.0,0.0,0.0,1
48600,inverse_warmup_m1,1.0,0.048981428146362305,0.018689826130867004,0.0218747368392845,0.8075093825658163,0.0,0.01485345046967268,0.08206492698421614,0.010045968927443027,0.990330696105957,0.4999280869960785,0.20856866240501404,0.028331756591796875,513.144960025917,0.0,0.0,0.0,1
48800,inverse_warmup_m1,1.0,0.049403831362724304,0.01914045587182045,0.022011634583274525,0.809482271472613,0.0,0.015155265107750893,0.10180616296756381,0.010045968927443027,0.990330696105957,0.4999280869960785,0.20856866240501404,0.028331756591796875,513.144960025917,0.0,0.0,0.0,1
49000,inverse_warmup_m1,1.0,0.05018001049757004,0.019191989675164223,0.021648933179676533,0.8100654383500417,0.0,0.015376481227576733,0.21436752751323623,0.010045968927443027,0.990330696105957,0.4999280869960785,0.20856866240501404,0.028331756591796875,513.144960025917,0.0,0.0,0.0,1
49200,inverse_warmup_m1,1.0,0.049734242260456085,0.019312337040901184,0.021789588189373415,0.808360089858373,0.0,0.015100009739398956,0.11212073642154863,0.010045968927443027,0.990330696105957,0.4999280869960785,0.20856866240501404,0.028331756591796875,513.144960025917,0.0,0.0,0.0,1
49400,inverse_warmup_m1,1.0,0.049788907170295715,0.019344031810760498,0.021520561693857115,0.8097856740156809,0.0,0.015283366665244102,0.11009017498850285,0.010045968927443027,0.990330696105957,0.4999280869960785,0.20856866240501404,0.028331756591796875,513.144960025917,0.0,0.0,0.0,1
49600,inverse_warmup_m1,1.0,0.04923614487051964,0.01895517110824585,0.02176030787328879,0.806126669049263,0.0,0.014744384214282036,0.06947047874317612,0.010045968927443027,0.990330696105957,0.4999280869960785,0.20856866240501404,0.028331756591796875,513.144960025917,0.0,0.0,0.0,1
49800,inverse_warmup_m1,1.0,0.049262404441833496,0.018907062709331512,0.021801485680043697,0.8067543854316076,0.0,0.01672898791730404,0.09471428574960071,0.010045968927443027,0.990330696105957,0.4999280869960785,0.20856866240501404,0.028331756591796875,513.144960025917,0.0,0.0,0.0,1
50000,inverse_warmup_m1,1.0,0.04896081984043121,0.01876453310251236,0.022016675987591345,0.8093493978182474,0.0,0.014264401979744434,0.0636703436793373,0.010045968927443027,0.990330696105957,0.4999280869960785,0.20856866240501404,0.028331756591796875,513.144960025917,0.0,0.0,0.0,1
50200,inverse_warmup_m1,1.0,0.04898800328373909,0.018627755343914032,0.021880563503752153,0.8055912454922994,0.0,0.01444955263286829,0.1152694053694135,0.010045968927443027,0.990330696105957,0.4999280869960785,0.20856866240501404,0.028331756591796875,513.144960025917,0.0,0.0,0.0,1
50400,inverse_warmup_m1,1.0,0.050001490861177444,0.019280510023236275,0.021901693815986317,0.8070630232493082,0.0,0.01503600925207138,0.08506112506781782,0.010045968927443027,0.990330696105957,0.4999280869960785,0.20856866240501404,0.028331756591796875,513.144960025917,0.0,0.0,0.0,1
50600,inverse_warmup_m1,1.0,0.049152836203575134,0.019112437963485718,0.02222232489536206,0.8060890932877859,0.0,0.014744768850505352,0.09549219321864644,0.010045968927443027,0.990330696105957,0.4999280869960785,0.20856866240501404,0.028331756591796875,513.144960025917,0.0,0.0,0.0,1
50800,inverse_warmup_m1,1.0,0.04886838048696518,0.018740376457571983,0.02155486447736621,0.81031201283137,0.0,0.01438366062939167,0.07444125874220628,0.010045968927443027,0.990330696105957,0.4999280869960785,0.20856866240501404,0.028331756591796875,513.144960025917,0.0,0.0,0.0,1
51000,inverse_warmup_m1,1.0,0.0482528991997242,0.01837378740310669,0.021383447883029778,0.8107404361168543,0.0,0.014386582188308239,0.04393417245860371,0.010045968927443027,0.990330696105957,0.4999280869960785,0.20856866240501404,0.028331756591796875,513.144960025917,0.0,0.0,0.0,1
51200,inverse_warmup_m1,1.0,0.04901294782757759,0.018739275634288788,0.021527275598297518,0.8103025853633881,0.0,0.014633049257099628,0.05200075686121817,0.010045968927443027,0.990330696105957,0.4999280869960785,0.20856866240501404,0.028331756591796875,513.144960025917,0.0,0.0,0.0,1
51400,inverse_warmup_m1,1.0,0.048580244183540344,0.018678467720746994,0.021587453006456297,0.8072775701681772,0.0,0.014492565765976906,0.059559641981763695,0.010045968927443027,0.990330696105957,0.4999280869960785,0.20856866240501404,0.028331756591796875,513.144960025917,0.0,0.0,0.0,1
51600,inverse_warmup_m1,1.0,0.049082718789577484,0.018921244889497757,0.022077735358228285,0.8066481997569402,0.0,0.01474036369472742,0.06724350515178,0.010045968927443027,0.990330696105957,0.4999280869960785,0.20856866240501404,0.028331756591796875,513.144960025917,0.0,0.0,0.0,1
51800,inverse_warmup_m1,1.0,0.04905545711517334,0.01901424303650856,0.021633487194776535,0.8096674531698227,0.0,0.014804861508309841,0.06419168200814747,0.010045968927443027,0.990330696105957,0.4999280869960785,0.20856866240501404,0.028331756591796875,513.144960025917,0.0,0.0,0.0,1
52000,inverse_warmup_m1,1.0,0.048208534717559814,0.01841927319765091,0.021448493314286072,0.8100155144929886,0.0,0.01397794671356678,0.07653992851164973,0.010045968927443027,0.990330696105957,0.4999280869960785,0.20856866240501404,0.028331756591796875,513.144960025917,0.0,0.0,0.0,1
52200,inverse_warmup_m1,1.0,0.04834083840250969,0.018653929233551025,0.02188863108555476,0.8102371245622635,0.0,0.01443402748554945,0.08008448074963427,0.010045968927443027,0.990330696105957,0.4999280869960785,0.20856866240501404,0.028331756591796875,513.144960025917,0.0,0.0,0.0,1
52400,inverse_warmup_m1,1.0,0.048388831317424774,0.018342752009630203,0.02140248954916994,0.8099660575389862,0.0,0.014236116781830788,0.057753918348616935,0.010045968927443027,0.990330696105957,0.4999280869960785,0.20856866240501404,0.028331756591796875,513.144960025917,0.0,0.0,0.0,1
52600,inverse_warmup_m1,1.0,0.048043690621852875,0.018222475424408913,0.021577144972980022,0.8084128250678381,0.0,0.014173672534525394,0.05517136029740631,0.010045968927443027,0.990330696105957,0.4999280869960785,0.20856866240501404,0.028331756591796875,513.144960025917,0.0,0.0,0.0,1
52800,inverse_warmup_m1,1.0,0.04793552681803703,0.018305879086256027,0.02191485200698177,0.8096469839413961,0.0,0.014134101569652557,0.07959206731981872,0.010045968927443027,0.990330696105957,0.4999280869960785,0.20856866240501404,0.028331756591796875,513.144960025917,0.0,0.0,0.0,1
53000,inverse_warmup_m1,1.0,0.049245115369558334,0.01882227510213852,0.021634959460546572,0.811065192023913,0.0,0.01395337749272585,0.09233029215045407,0.010045968927443027,0.990330696105957,0.4999280869960785,0.20856866240501404,0.028331756591796875,513.144960025917,0.0,0.0,0.0,1
53200,inverse_warmup_m1,1.0,0.048246532678604126,0.01836862787604332,0.021845528700699408,0.8080616692701975,0.0,0.014138988219201565,0.09315656304100746,0.010045968927443027,0.990330696105957,0.4999280869960785,0.20856866240501404,0.028331756591796875,513.144960025917,0.0,0.0,0.0,1
53400,inverse_warmup_m1,1.0,0.049054455012083054,0.01900450885295868,0.02157776275028785,0.807995984951655,0.0,0.014505023136734962,0.09619283133334176,0.010045968927443027,0.990330696105957,0.4999280869960785,0.20856866240501404,0.028331756591796875,513.144960025917,0.0,0.0,0.0,1
53600,inverse_warmup_m1,1.0,0.048601001501083374,0.018547004088759422,0.0218596956692636,0.806668703754743,0.0,0.014347061514854431,0.10752940698952752,0.010045968927443027,0.990330696105957,0.4999280869960785,0.20856866240501404,0.028331756591796875,513.144960025917,0.0,0.0,0.0,1
53800,inverse_warmup_m1,1.0,0.049241431057453156,0.0190107598900795,0.02194094828640421,0.8090922782818476,0.0,0.014468868263065815,0.08051844701550914,0.010045968927443027,0.990330696105957,0.4999280869960785,0.20856866240501404,0.028331756591796875,513.144960025917,0.0,0.0,0.0,1
54000,inverse_warmup_m1,1.0,0.048444315791130066,0.018422361463308334,0.022110619737456243,0.8057578355073929,0.0,0.013978825882077217,0.06937846852936294,0.010045968927443027,0.990330696105957,0.4999280869960785,0.20856866240501404,0.028331756591796875,513.144960025917,0.0,0.0,0.0,1
54200,inverse_warmup_m1,1.0,0.04816916584968567,0.018364207819104195,0.021605354112883408,0.8105362206697464,0.0,0.013940264470875263,0.0768244916435238,0.010045968927443027,0.990330696105957,0.4999280869960785,0.20856866240501404,0.028331756591796875,513.144960025917,0.0,0.0,0.0,1
54400,inverse_warmup_m1,1.0,0.04852161929011345,0.0186459980905056,0.02181030499438445,0.8088242610295614,0.0,0.014004855416715145,0.06597200479875533,0.010045968927443027,0.990330696105957,0.4999280869960785,0.20856866240501404,0.028331756591796875,513.144960025917,0.0,0.0,0.0,1
54600,inverse_warmup_m1,1.0,0.04820194095373154,0.01836467906832695,0.02148604393005371,0.8112469464540482,0.0,0.013978452421724796,0.055494919766720274,0.010045968927443027,0.990330696105957,0.4999280869960785,0.20856866240501404,0.028331756591796875,513.144960025917,0.0,0.0,0.0,1
54800,inverse_warmup_m1,1.0,0.0474327988922596,0.018003379926085472,0.021582578619321186,0.8104802072048187,0.0,0.013891718350350857,0.03600108860954273,0.010045968927443027,0.990330696105957,0.4999280869960785,0.20856866240501404,0.028331756591796875,513.144960025917,0.0,0.0,0.0,1
55000,inverse_warmup_m1,1.0,0.05160084366798401,0.02042975276708603,0.022030284938712914,0.8051702082157135,0.0,0.013725371100008488,0.06597026848530006,0.010045968927443027,0.990330696105957,0.4999280869960785,0.20856866240501404,0.028331756591796875,513.144960025917,0.0,0.0,0.0,1
55200,inverse_warmup_m1,1.0,0.04824391379952431,0.018387915566563606,0.021633736168344814,0.8095262597004572,0.0,0.01377456821501255,0.03463590221730387,0.010045968927443027,0.990330696105957,0.4999280869960785,0.20856866240501404,0.028331756591796875,513.144960025917,0.0,0.0,0.0,1
55400,inverse_warmup_m1,1.0,0.04863850772380829,0.01865673065185547,0.021837866709878046,0.8091562042633692,0.0,0.01389913447201252,0.05131671172366737,0.010045968927443027,0.990330696105957,0.4999280869960785,0.20856866240501404,0.028331756591796875,513.144960025917,0.0,0.0,0.0,1
55600,inverse_warmup_m1,1.0,0.047925300896167755,0.01829073578119278,0.021488682211687166,0.80996140340964,0.0,0.013540366664528847,0.04662100338373546,0.010045968927443027,0.990330696105957,0.4999280869960785,0.20856866240501404,0.028331756591796875,513.144960025917,0.0,0.0,0.0,1
55800,inverse_warmup_m1,1.0,0.04896756261587143,0.018830949440598488,0.02202187618240714,0.8060956100622813,0.0,0.01392700057476759,0.04684925567681811,0.010045968927443027,0.990330696105957,0.4999280869960785,0.20856866240501404,0.028331756591796875,513.144960025917,0.0,0.0,0.0,1
56000,inverse_warmup_m1,1.0,0.048785097897052765,0.018758602440357208,0.021617835542807978,0.8112864295641581,0.0,0.01434269268065691,0.07846459366311456,0.010045968927443027,0.990330696105957,0.4999280869960785,0.20856866240501404,0.028331756591796875,513.144960025917,0.0,0.0,0.0,1
56200,inverse_warmup_m1,1.0,0.04895678162574768,0.018690191209316254,0.021345183718949556,0.8110279937585195,0.0,0.013721355237066746,0.056459839444312064,0.010045968927443027,0.990330696105957,0.4999280869960785,0.20856866240501404,0.028331756591796875,513.144960025917,0.0,0.0,0.0,1
56400,inverse_warmup_m1,1.0,0.04705052822828293,0.017678657546639442,0.021401477977633476,0.8114298631747564,0.0,0.015382606536149979,0.10875937647186551,0.010045968927443027,0.990330696105957,0.4999280869960785,0.20856866240501404,0.028331756591796875,513.144960025917,0.0,0.0,0.0,1
56600,inverse_warmup_m1,1.0,0.04814326763153076,0.018390890210866928,0.021607282105833292,0.8113650878270467,0.0,0.01374648418277502,0.03408595444758102,0.010045968927443027,0.990330696105957,0.4999280869960785,0.20856866240501404,0.028331756591796875,513.144960025917,0.0,0.0,0.0,1
56800,inverse_warmup_m1,1.0,0.04776546359062195,0.018222372978925705,0.021376462342838447,0.8113293300072352,0.0,0.01421333197504282,0.06721794965017953,0.010045968927443027,0.990330696105957,0.4999280869960785,0.20856866240501404,0.028331756591796875,513.144960025917,0.0,0.0,0.0,1
57000,inverse_warmup_m1,1.0,0.048457637429237366,0.01842469349503517,0.021707970493783552,0.8095877319574356,0.0,0.014028369449079037,0.07175093427542277,0.010045968927443027,0.990330696105957,0.4999280869960785,0.20856866240501404,0.028331756591796875,513.144960025917,0.0,0.0,0.0,1
57200,inverse_warmup_m1,1.0,0.048986949026584625,0.018653225153684616,0.02132117220511039,0.8096100588639578,0.0,0.014140996150672436,0.09790560587735449,0.010045968927443027,0.990330696105957,0.4999280869960785,0.20856866240501404,0.028331756591796875,513.144960025917,0.0,0.0,0.0,1
57400,inverse_warmup_m1,1.0,0.04796149581670761,0.018151022493839264,0.022077659300218027,0.8087792694568634,0.0,0.013524774461984634,0.05872967912774331,0.010045968927443027,0.990330696105957,0.4999280869960785,0.20856866240501404,0.028331756591796875,513.144960025917,0.0,0.0,0.0,1
57600,inverse_warmup_m1,1.0,0.04903949797153473,0.01869930513203144,0.021452158068617184,0.8114868501822153,0.0,0.013559453189373016,0.06437957161307434,0.010045968927443027,0.990330696105957,0.4999280869960785,0.20856866240501404,0.028331756591796875,513.144960025917,0.0,0.0,0.0,1
57800,inverse_warmup_m1,1.0,0.04856303334236145,0.018718380481004715,0.02138988906517625,0.8110452989737192,0.0,0.013936690054833889,0.057561978618331136,0.010045968927443027,0.990330696105957,0.4999280869960785,0.20856866240501404,0.028331756591796875,513.144960025917,0.0,0.0,0.0,1
58000,inverse_warmup_m1,1.0,0.04849482327699661,0.01843435689806938,0.021500214313467342,0.8098328312238058,0.0,0.013879562728106976,0.07820777233969305,0.010045968927443027,0.990330696105957,0.4999280869960785,0.20856866240501404,0.028331756591796875,513.144960025917,0.0,0.0,0.0,1
58200,inverse_warmup_m1,1.0,0.048546623438596725,0.018496554344892502,0.02141428521523873,0.8115668892860413,0.0,0.013888111338019371,0.055020200141325915,0.010045968927443027,0.990330696105957,0.4999280869960785,0.20856866240501404,0.028331756591796875,513.144960025917,0.0,0.0,0.0,1
58400,inverse_warmup_m1,1.0,0.04901904612779617,0.018732629716396332,0.021363018391033013,0.8091081082820892,0.0,0.014150302857160568,0.08160354452568581,0.010045968927443027,0.990330696105957,0.4999280869960785,0.20856866240501404,0.028331756591796875,513.144960025917,0.0,0.0,0.0,1
58600,inverse_warmup_m1,1.0,0.04923008382320404,0.018831420689821243,0.02178567337493102,0.8089139262835184,0.0,0.013834971003234386,0.09261548468742845,0.010045968927443027,0.990330696105957,0.4999280869960785,0.20856866240501404,0.028331756591796875,513.144960025917,0.0,0.0,0.0,1
58800,inverse_warmup_m1,1.0,0.04931658133864403,0.019230935722589493,0.021479828904072445,0.8090702046950659,0.0,0.014255011454224586,0.0873509214368251,0.010045968927443027,0.990330696105957,0.4999280869960785,0.20856866240501404,0.028331756591796875,513.144960025917,0.0,0.0,0.0,1
59000,inverse_warmup_m1,1.0,0.04894278943538666,0.01887671649456024,0.021287825269003708,0.8092732578516006,0.0,0.013698380440473557,0.0905633590706223,0.010045968927443027,0.990330696105957,0.4999280869960785,0.20856866240501404,0.028331756591796875,513.144960025917,0.0,0.0,0.0,1
59200,inverse_warmup_m1,1.0,0.04862624406814575,0.01851152442395687,0.02152231630558769,0.8112640927235285,0.0,0.013724859803915024,0.05979591010619014,0.010045968927443027,0.990330696105957,0.4999280869960785,0.20856866240501404,0.028331756591796875,513.144960025917,0.0,0.0,0.0,1
59400,inverse_warmup_m1,1.0,0.04800141602754593,0.018232692033052444,0.02145681483671069,0.8118738730748495,0.0,0.013617701828479767,0.05405121331553764,0.010045968927443027,0.990330696105957,0.4999280869960785,0.20856866240501404,0.028331756591796875,513.144960025917,0.0,0.0,0.0,1
59600,inverse_warmup_m1,1.0,0.04800516739487648,0.018107499927282333,0.02198245810965697,0.806177074710528,0.0,0.01338726282119751,0.05026933064939422,0.010045968927443027,0.990330696105957,0.4999280869960785,0.20856866240501404,0.028331756591796875,513.144960025917,0.0,0.0,0.0,1
59800,inverse_warmup_m1,1.0,0.04930967837572098,0.019091317430138588,0.02139684713135163,0.8114024450381597,0.0,0.01396858412772417,0.060916317885147626,0.010045968927443027,0.990330696105957,0.4999280869960785,0.20856866240501404,0.028331756591796875,513.144960025917,0.0,0.0,0.0,1
60000,inverse_warmup_m1,1.0,0.04902935028076172,0.019025713205337524,0.021744010038673878,0.8096832434336344,0.0,0.01408662460744381,0.14026792303133212,0.010045968927443027,0.990330696105957,0.4999280869960785,0.20856866240501404,0.028331756591796875,513.144960025917,0.0,0.0,0.0,1
60200,inverse_warmup_m1,1.0,0.04886899143457413,0.018773410469293594,0.021622338487456243,0.8113041917483012,0.0,0.013839219696819782,0.11947720862554662,0.010045968927443027,0.990330696105957,0.4999280869960785,0.20856866240501404,0.028331756591796875,513.144960025917,0.0,0.0,0.0,1
60400,inverse_warmup_m1,1.0,0.04875943809747696,0.018916379660367966,0.02158770275612672,0.8077047516902288,0.0,0.014126256108283997,0.1587326079329627,0.010045968927443027,0.990330696105957,0.4999280869960785,0.20856866240501404,0.028331756591796875,513.144960025917,0.0,0.0,0.0,1
60600,inverse_warmup_m1,1.0,0.0490855798125267,0.01879674568772316,0.02187901735305786,0.8070836315552393,0.0,0.013506468385457993,0.07210556175234507,0.010045968927443027,0.990330696105957,0.4999280869960785,0.20856866240501404,0.028331756591796875,513.144960025917,0.0,0.0,0.0,1
60750,inverse_warmup_m1,1.0,0.04877728223800659,0.018547482788562775,0.021469326534618933,0.8093285957972208,0.0,0.013743376359343529,0.05559943555241296,0.010045968927443027,0.990330696105957,0.4999280869960785,0.20856866240501404,0.028331756591796875,513.144960025917,0.0,0.0,0.0,1
60800,joint_m1,1.0,0.05457734316587448,0.02203858271241188,0.021651414843897026,0.8043104956547419,1.739476647344418e-05,0.0032018229831010103,0.018580497666011532,5.348632384993834e-06,0.9999960660934448,0.5282709002494812,0.48080912232398987,0.9374275207519531,3280.3682720084953,2767.2233119825783,228.81668090820312,3113.853515625,0
61000,joint_m1,1.0,0.04579295217990875,0.016108430922031403,0.017009584077944357,0.8369197497765223,8.592481208324898e-06,0.003013952635228634,0.03677450890348566,1.41243772233679e-09,1.0,0.5558472871780396,0.4900051951408386,0.9848098754882812,3555.12672066693,3041.981760641013,234.1847686767578,3393.542724609375,0
61200,joint_m1,1.0,0.03867504745721817,0.01222185231745243,0.012170282425358891,0.883093073964119,7.276217729668133e-06,0.0029451660811901093,0.02811541464347855,8.389251793250452e-11,1.0,0.5649158954620361,0.49038100242614746,0.9886093139648438,3682.9056463613074,3169.7606863353903,236.78724670410156,3533.232421875,0
61400,joint_m1,1.0,0.03587552160024643,0.010732238180935383,0.0109701839586099,0.894686316450437,6.630640655203024e-06,0.002910744631662965,0.034258410657597785,8.389251793250452e-11,1.0,0.5695747137069702,0.4906574487686157,0.9911651611328125,3798.115980324982,3284.971020299065,238.9644317626953,3658.501953125,0
61600,joint_m1,1.0,0.03404946252703667,0.009965721517801285,0.01025562034919858,0.9019255936145782,6.0522424973896705e-06,0.0028802009765058756,0.02949286734647275,8.389251793250452e-11,1.0,0.5714713335037231,0.49101507663726807,0.9926986694335938,3913.5756029493027,3400.4306429233857,240.464599609375,3780.894775390625,0
61800,joint_m1,1.0,0.03320983797311783,0.009455941617488861,0.009826821818326911,0.9073755741119385,5.405913725553546e-06,0.002882756758481264,0.012118338322872412,4.6812890369674065e-11,1.0,0.5727616548538208,0.49145546555519104,0.99444580078125,4025.2642149304934,3512.1192549045763,241.7869873046875,3897.95849609375,0
62000,joint_m1,1.0,0.03246306627988815,0.009070517495274544,0.00942325017725428,0.9099413355191549,5.074442924524192e-06,0.002874598605558276,0.019195812894900414,1.0180150993022163e-11,1.0,0.5728832483291626,0.4918113350868225,0.9952011108398438,4130.93016159799,3617.785201572073,242.6636505126953,4006.44677734375,0
62200,joint_m1,1.0,0.03151627629995346,0.00859043002128601,0.009082888253033161,0.9131695479154587,4.45948990090983e-06,0.0029554020147770643,0.02676472826927832,1.0180150993022163e-11,1.0,0.573102593421936,0.49215957522392273,0.9963111877441406,4230.079668280492,3716.934708254575,243.3712615966797,4107.75341796875,0
62400,joint_m1,1.0,0.03177608549594879,0.00865231268107891,0.008851309850191077,0.9166151384512583,3.6716978684125934e-06,0.0029396091122180223,0.04552940055422654,6.547349901825372e-12,1.0,0.573020339012146,0.49253061413764954,0.9972496032714844,4323.23443731658,3810.0894772906627,243.9429931640625,4202.28955078125,0
62600,joint_m1,1.0,0.030728043988347054,0.008301985450088978,0.008847279086088141,0.918153241276741,3.682338046928635e-06,0.0029566006269305944,0.044455656434176066,4.163493009558261e-13,1.0,0.5729094743728638,0.49272966384887695,0.9974899291992188,4405.819787508336,3892.674827482419,244.350341796875,4285.66015625,0
62800,joint_m1,1.0,0.030768562108278275,0.008228271268308163,0.00859498861245811,0.91811070839564,3.3727242225722875e-06,0.0029574669897556305,0.03565391514815443,4.1620084657335854e-13,1.0,0.5727246999740601,0.4929483234882355,0.9978103637695312,4484.100355701242,3970.955395675325,244.6903533935547,4364.751953125,0
63000,joint_m1,1.0,0.03017108514904976,0.008030785247683525,0.00840427028015256,0.9200986127058665,3.3998619528574636e-06,0.0029286809731274843,0.02444641280804858,2.1680611949834172e-13,1.0,0.5725111961364746,0.49313637614250183,0.9982147216796875,4558.189114110997,4045.04415408508,244.92955017089844,4439.19140625,0
63200,joint_m1,1.0,0.030004221946001053,0.007831353694200516,0.008269618265330791,0.9222905735174814,2.8536192075989675e-06,0.0029618521220982075,0.02800153015460826,2.1680611949834172e-13,1.0,0.572313666343689,0.4932830035686493,0.9983940124511719,4622.5174959106425,4109.372535884726,245.11471557617188,4503.86083984375,0
63400,joint_m1,1.0,0.02952587604522705,0.007681358605623245,0.008201665710657835,0.921632245182991,2.9691959753108677e-06,0.003059007925912738,0.030333658053204125,2.1680611949834172e-13,1.0,0.5722078084945679,0.49339038133621216,0.99859619140625,4683.549508652599,4170.404548626682,245.2853240966797,4565.20458984375,0
63600,joint_m1,1.0,0.029263734817504883,0.007657275535166264,0.008155532569314042,0.9247068216403326,2.351059947613976e-06,0.002994556212797761,0.026087033725550525,2.1680611949834172e-13,1.0,0.5720999240875244,0.4935544431209564,0.9989051818847656,4741.961197648078,4228.816237622161,245.45236206054688,4623.72900390625,0
63800,joint_m1,1.0,0.02921130508184433,0.0076156058348715305,0.008009814890101552,0.9244161446889242,2.7153359951626044e-06,0.002973266877233982,0.021771933481794712,2.1680611949834172e-13,1.0,0.5719826221466064,0.49363160133361816,0.9990005493164062,4792.44363555796,4279.2986755320435,245.56517028808594,4674.27197265625,0
64000,joint_m1,1.0,0.029058236628770828,0.007475364021956921,0.007994665997102857,0.9256944755713145,2.4104110707412474e-06,0.0030156176071614027,0.026633474765813285,2.1680611949834172e-13,1.0,0.5719669461250305,0.49370142817497253,0.9991416931152344,4839.093716802765,4325.948756776848,245.6844024658203,4721.01220703125,0
64200,joint_m1,1.0,0.028276337310671806,0.007109814323484898,0.007925265546267232,0.9239336748917898,2.113092023137142e-06,0.002902073785662651,0.016135334911258972,2.1680611949834172e-13,1.0,0.5718182325363159,0.49379822611808777,0.99908447265625,4898.458533048943,4385.313573023026,245.8205108642578,4780.41552734375,0
64400,joint_m1,1.0,0.029052313417196274,0.007520736660808325,0.007871705728272596,0.925651287039121,2.203674284828594e-06,0.002986725652590394,0.016242757188147203,2.1680611949834172e-13,1.0,0.5717427134513855,0.4938894510269165,0.9992904663085938,4943.312249898847,4430.16728987293,245.94573974609375,4825.3095703125,0
64600,joint_m1,1.0,0.028284993022680283,0.007165831048041582,0.00776352120252947,0.9266090442736944,1.8649018329597311e-06,0.0029743569903075695,0.019127718264489234,2.1680611949834172e-13,1.0,0.5716801881790161,0.49393969774246216,0.9994468688964844,4984.518432105553,4471.3734720796365,246.01536560058594,4866.65771484375,0
64800,joint_m1,1.0,0.02875187061727047,0.007345798425376415,0.007855931452165047,0.9270298083623251,1.8690292336032144e-06,0.0029638486448675394,0.016039867883892223,3.255357680469195e-14,1.0,0.5716291666030884,0.493971049785614,0.9993858337402344,5022.856159596849,4509.711199570931,246.0797882080078,4905.048828125,0
65000,joint_m1,1.0,0.028018098324537277,0.006982321850955486,0.007668469023580353,0.9273395190636317,1.5957144796630018e-06,0.0029280101880431175,0.02382283786859009,3.240471584640969e-14,1.0,0.5715734362602234,0.494038850069046,0.9995079040527344,5060.9848843876225,4547.839924361706,246.1708984375,4943.24560546875,0
65200,joint_m1,1.0,0.028618283569812775,0.007219409570097923,0.00764776145418485,0.9277246793111166,1.76494518200343e-06,0.00295431399717927,0.03619167486074305,3.240471584640969e-14,1.0,0.5715641379356384,0.49406659603118896,0.9995269775390625,5095.157504925633,4582.012544899715,246.23626708984375,4977.52685546875,0
65400,joint_m1,1.0,0.02809276431798935,0.007018906995654106,0.007657617097720504,0.9295021494229635,1.6227120340772672e-06,0.003197228070348501,0.04637438738909751,3.240471584640969e-14,1.0,0.5715106725692749,0.49409088492393494,0.99951171875,5127.325813716152,4614.180853690235,246.2792205810547,5009.7763671875,0
65600,joint_m1,1.0,0.0280185267329216,0.006978243589401245,0.007558515101360778,0.9289576361576716,1.5131749933061656e-06,0.0030039569828659296,0.02103379752857434,3.240471584640969e-14,1.0,0.5714545845985413,0.49413663148880005,0.9995803833007812,5159.558508244673,4646.413548218756,246.3191680908203,5041.86669921875,0
65800,joint_m1,1.0,0.02780076675117016,0.0069605642929673195,0.007598001548709969,0.9300285279750824,1.7816477111409768e-06,0.00343893188983202,0.03495352888868662,3.240471584640969e-14,1.0,0.5713766813278198,0.4941525459289551,0.99951171875,5189.647386865508,4676.502426839592,246.3693084716797,5072.00439453125,0
66000,joint_m1,1.0,0.027871470898389816,0.007035006769001484,0.007535975892096758,0.9291600634654363,1.5790874385857023e-06,0.003150320379063487,0.05579565752208142,3.240471584640969e-14,1.0,0.5713779926300049,0.49418967962265015,0.9996223449707031,5218.769586789591,4705.624626763674,246.43397521972656,5101.1796875,0
66200,joint_m1,1.0,0.02774590626358986,0.006911478936672211,0.007485482065627973,0.9291390379269918,1.6043330788306776e-06,0.003023057710379362,0.028200968902592743,3.240471584640969e-14,1.0,0.5713355541229248,0.494209349155426,0.9995994567871094,5247.137124184959,4733.992164159043,246.455078125,5129.548828125,0
66400,joint_m1,1.0,0.027947692200541496,0.006964307278394699,0.007531529913345973,0.9288706531127294,1.6426855609097402e-06,0.0032041629310697317,0.044166091985800626,3.240471584640969e-14,1.0,0.5713841915130615,0.4942265748977661,0.9996337890625,5276.02141769724,4762.876457671324,246.4918670654297,5158.55908203125,0
66600,joint_m1,1.0,0.027978289872407913,0.006975977215915918,0.007428402973649402,0.9315160860617956,1.4612369341193698e-06,0.0030623392667621374,0.032307997873042484,3.240471584640969e-14,1.0,0.5712606906890869,0.4942677319049835,0.9996414184570312,5304.584243840416,4791.4392838144995,246.5398712158203,5187.1845703125,0
66800,joint_m1,1.0,0.02758972905576229,0.006756071001291275,0.007395218398111562,0.9313922772804896,1.3253740007712622e-06,0.003019904950633645,0.04056129012802659,3.240471584640969e-14,1.0,0.5712234973907471,0.4942863881587982,0.9997177124023438,5327.141822778891,4813.996862752974,246.55606079101562,5209.75439453125,0
67000,joint_m1,1.0,0.027691885828971863,0.006825438234955072,0.007406733464449644,0.9315707832574844,1.2743132629111642e-06,0.003004088532179594,0.01880400732464106,3.240471584640969e-14,1.0,0.5711915493011475,0.49428486824035645,0.9996566772460938,5347.427044850636,4834.282084824719,246.5786895751953,5230.12255859375,0
67200,joint_m1,1.0,0.0273563452064991,0.006795988418161869,0.007380443043075502,0.9304522673288981,1.2941185332238092e-06,0.002976298099383712,0.014205554354550379,3.240471584640969e-14,1.0,0.571168065071106,0.49430832266807556,0.9997482299804688,5369.275928838078,4856.13096881216,246.611572265625,5252.11669921875,0
67400,joint_m1,1.0,0.02773158624768257,0.006891402415931225,0.0073713539556289715,0.9308283378680547,1.4732557929164614e-06,0.0030110387597233057,0.025128746060865653,3.240471584640969e-14,1.0,0.571135401725769,0.49433621764183044,0.9996414184570312,5400.962321660835,4887.817361634918,246.65509033203125,5283.58154296875,0
67600,joint_m1,1.0,0.02766631543636322,0.006814181338995695,0.007414267980493605,0.9316922426223755,1.3134090295352507e-06,0.003079530782997608,0.03367352112154079,3.240471584640969e-14,1.0,0.5711419582366943,0.49437272548675537,0.9997787475585938,5426.457407922779,4913.312447896862,246.70062255859375,5309.076171875,0
67800,joint_m1,1.0,0.028125930577516556,0.006942691747099161,0.007448503437141578,0.9300870547691981,1.840239747252781e-06,0.0030546500347554684,0.06348653916197104,3.240471584640969e-14,1.0,0.5704476237297058,0.4944227635860443,0.9994010925292969,5471.70905659283,4958.564096566914,246.768798828125,5354.17333984375,0
68000,joint_m1,1.0,0.027966447174549103,0.006907149683684111,0.007361295322577159,0.930366704861323,1.3028264902459341e-06,0.0030147708021104336,0.05084871578756629,9.090983547281172e-15,1.0,0.5705950856208801,0.49452516436576843,0.9997215270996094,5509.113177272727,4995.968217246809,246.86114501953125,5391.57421875,0
68200,joint_m1,1.0,0.027343038469552994,0.006743503734469414,0.007303099031560123,0.9327133496602377,1.1766602483476163e-06,0.003014962887391448,0.025812276268034905,9.090289827297371e-15,1.0,0.5705826282501221,0.49452200531959534,0.9997978210449219,5526.50848185362,5013.363521827703,246.88731384277344,5409.0986328125,0
68400,joint_m1,1.0,0.027497179806232452,0.006765005178749561,0.007223513443022966,0.9322328567504883,1.264415800505958e-06,0.002993508707731962,0.01848829725846071,9.090289827297371e-15,1.0,0.5705709457397461,0.4945013225078583,0.9997291564941406,5542.878313656182,5029.733353630265,246.8795928955078,5425.4482421875,0
68600,joint_m1,1.0,0.02739246003329754,0.006636928301304579,0.007270432193763554,0.9312946995099386,1.000362544800737e-06,0.0030006389133632183,0.04982483692703262,9.090289827297371e-15,1.0,0.5705831050872803,0.4945168197154999,0.99981689453125,5559.527677779831,5046.382717753913,246.89923095703125,5442.02978515625,0
68800,joint_m1,1.0,0.027236459776759148,0.006772256456315517,0.007336889471237858,0.9315360436836878,1.3003012782064616e-06,0.0030358359217643738,0.046060039833301133,9.090289827297371e-15,1.0,0.570530891418457,0.49451813101768494,0.9997825622558594,5573.142381098835,5059.997421072918,246.9140625,5455.8232421875,0
69000,joint_m1,1.0,0.026969116181135178,0.0065489597618579865,0.007230016829756399,0.9316308995087942,1.3178242852518451e-06,0.0030350559391081333,0.023183295861700644,9.090289827297371e-15,1.0,0.5705506801605225,0.4945192039012909,0.9997940063476562,5588.207404883967,5075.062444858049,246.9290008544922,5470.98681640625,0
69200,joint_m1,1.0,0.027495503425598145,0.0066802361980080605,0.007189891921977202,0.9334989339113235,1.2815838772439747e-06,0.0030458823312073946,0.03909820246183378,9.090289827297371e-15,1.0,0.5705685615539551,0.49451786279678345,0.9998359680175781,5601.201299721338,5088.05633969542,246.94949340820312,5484.0751953125,0
69400,joint_m1,1.0,0.027140386402606964,0.006675724871456623,0.007261580360742907,0.9326673944791158,1.26071176964615e-06,0.003018920077010989,0.04577149233758331,9.090289827297371e-15,1.0,0.570555567741394,0.4945071041584015,0.9997978210449219,5613.731379394636,5100.586419368719,246.95254516601562,5496.66650390625,0
69600,joint_m1,1.0,0.02730504795908928,0.00672739464789629,0.00723209655067573,0.9335119674603144,1.1165100204379996e-06,0.0030867846217006445,0.028075418946852813,9.090289827297371e-15,1.0,0.570559024810791,0.4945278465747833,0.9998130798339844,5632.251769940687,5119.106809914771,246.97897338867188,5515.2080078125,0
69800,joint_m1,1.0,0.02675306238234043,0.006505475379526615,0.007272988169764479,0.9332254479328791,1.1586498658289202e-06,0.003021784359589219,0.02147180511316652,9.090289827297371e-15,1.0,0.5705586671829224,0.4945348799228668,0.9998207092285156,5647.429326693695,5134.284366667778,246.9965057373047,5530.4111328125,0
70000,joint_m1,1.0,0.027017489075660706,0.006619957275688648,0.007223503082059324,0.9338008215030035,8.869995440363709e-07,0.0030607101507484913,0.021552907902531,9.090289827297371e-15,1.0,0.570539116859436,0.49454107880592346,0.999847412109375,5657.515002189565,5144.370042163648,247.0111846923828,5540.5556640625,0
70200,joint_m1,1.0,0.027263429015874863,0.006712937727570534,0.0073323126416653395,0.9304239352544149,1.0434890782562434e-06,0.0031393503304570913,0.03422891666009797,9.090289827297371e-15,1.0,0.5705288648605347,0.4945386052131653,0.9998550415039062,5668.840092999625,5155.695132973708,247.00918579101562,5551.8876953125,0
70400,joint_m1,1.0,0.027387218549847603,0.006692073307931423,0.007256264138656358,0.9321057200431824,9.656617976361304e-07,0.0031044878996908665,0.05223483266024574,9.090289827297371e-15,1.0,0.5705308318138123,0.49454280734062195,0.9998664855957031,5681.628463741711,5168.483503715794,247.02760314941406,5564.615234375,0
70600,joint_m1,1.0,0.02720073238015175,0.006680309772491455,0.007390774708862106,0.9330115268627802,1.2565151337184943e-06,0.0031162460800260305,0.03310187831678874,9.090289827297371e-15,1.0,0.570554256439209,0.4945365786552429,0.9998359680175781,5694.2852053616,5181.140245335682,247.02735900878906,5577.21533203125,0
70800,joint_m1,1.0,0.02681976929306984,0.006500063929706812,0.007172132298971216,0.9333085219065348,1.1390781082809553e-06,0.0030264544766396284,0.034990193519325835,9.090289827297371e-15,1.0,0.5705358982086182,0.4945463538169861,0.9998626708984375,5705.906413533261,5192.761453507344,247.04107666015625,5588.94873046875,0
71000,joint_m1,1.0,0.026482701301574707,0.0063322740606963634,0.007150774666418632,0.9325878918170929,8.699594218342099e-07,0.002976055955514312,0.041374219084078685,9.090289827297371e-15,1.0,0.5705422163009644,0.4945414364337921,0.9998512268066406,5716.590067514025,5203.445107488107,247.04421997070312,5599.595703125,0
71200,joint_m1,1.0,0.02722552791237831,0.006710575893521309,0.007296842251283427,0.9311964958906174,1.4668148651253432e-06,0.0032065510749816895,0.06646908704909567,9.090289827297371e-15,1.0,0.5705029964447021,0.49455130100250244,0.999847412109375,5729.5594944114155,5216.414534385498,247.0639190673828,5612.5107421875,0
71400,joint_m1,1.0,0.0265486016869545,0.00633625453338027,0.007174599411276479,0.9323367228110632,1.1140263040942955e-06,0.0029267265927046537,0.028925981357951065,9.090289827297371e-15,1.0,0.5705251693725586,0.49455809593200684,0.9998512268066406,5743.5348001035045,5230.389840077587,247.08274841308594,5626.51806640625,0
71600,joint_m1,1.0,0.026346441358327866,0.006346070673316717,0.007185062393546104,0.9342879901329676,9.38424136620597e-07,0.0029902164824306965,0.04468848535795038,9.090289827297371e-15,1.0,0.5705068111419678,0.49454930424690247,0.9998359680175781,5750.917144247515,5237.772184221598,247.08164978027344,5633.94580078125,0
71800,joint_m1,1.0,0.026987982913851738,0.006522210780531168,0.0071650534713019924,0.9329651345809301,1.1004945008608047e-06,0.003188652917742729,0.055258569708990526,9.090289827297371e-15,1.0,0.5705150961875916,0.49454396963119507,0.9998321533203125,5759.559358145378,5246.414398119461,247.0888214111328,5642.6376953125,0
72000,joint_m1,1.0,0.026470009237527847,0.006294176913797855,0.007291092304512858,0.931254247824351,1.0065932656289078e-06,0.0029801756609231234,0.04152226440023169,9.090289827297371e-15,1.0,0.5705175399780273,0.49454250931739807,0.9998359680175781,5767.202441392187,5254.05748136627,247.09771728515625,5650.3193359375,0
72200,joint_m1,1.0,0.026770304888486862,0.006439975928515196,0.007200442060517768,0.9337493628263474,1.0394638820798718e-06,0.003017078386619687,0.04371211126025645,9.090289827297371e-15,1.0,0.5705212950706482,0.49454182386398315,0.9998512268066406,5774.75817675511,5261.613216729193,247.0975341796875,5657.82373046875,0
72400,joint_m1,1.0,0.0263834148645401,0.006332273595035076,0.007201909359234075,0.9317408154408137,1.105717956306762e-06,0.0029757872689515352,0.02287091468035994,9.090289827297371e-15,1.0,0.5705363154411316,0.49452972412109375,0.9998283386230469,5780.915498431023,5267.770538405106,247.10536193847656,5664.05712890625,0
72600,joint_m1,1.0,0.02661483734846115,0.00632027443498373,0.007062417726653318,0.9339855313301086,1.1024829973393935e-06,0.002965805819258094,0.03713929315923053,9.090289827297371e-15,1.0,0.5705004334449768,0.49453040957450867,0.9998321533203125,5788.808167490092,5275.663207464175,247.1107635498047,5671.96435546875,0
72800,joint_m1,1.0,0.02629636414349079,0.006277870386838913,0.00708993524312973,0.9339768290519714,1.2594537110999227e-06,0.0029444703832268715,0.026307709665223757,9.090289827297371e-15,1.0,0.5704849362373352,0.4945436418056488,0.9998512268066406,5798.020351809745,5284.875391783828,247.119140625,5681.1884765625,0
73000,joint_m1,1.0,0.026563668623566628,0.00644563976675272,0.007413695294720431,0.9334006806214651,1.2495455621319707e-06,0.0030225778464227915,0.02666723063995679,9.090289827297371e-15,1.0,0.5704813003540039,0.4945507347583771,0.9998779296875,5809.526658859567,5296.381698833649,247.14048767089844,5692.7109375,0
73200,joint_m1,1.0,0.02637864649295807,0.006318823900073767,0.007156041955264906,0.9326754113038381,9.829370810621185e-07,0.002969633787870407,0.02475922553944411,9.090289827297371e-15,1.0,0.5704621076583862,0.49456557631492615,0.9998283386230469,5822.532782217718,5309.3878221918,247.1559600830078,5705.62353515625,0
73400,joint_m1,1.0,0.026499439030885696,0.006390775553882122,0.007146598111527662,0.9338999936978022,1.036685603139631e-06,0.0030998133588582277,0.03279910716495417,9.090289827297371e-15,1.0,0.5704721808433533,0.4945496916770935,0.9998130798339844,5829.614738556914,5316.469778530996,247.16220092773438,5712.72265625,0
73600,joint_m1,1.0,0.025864122435450554,0.006091328337788582,0.007067909347824752,0.9333717177311579,9.949311561285867e-07,0.0028718076646327972,0.016204443171761885,9.090289827297371e-15,1.0,0.570469319820404,0.49456337094306946,0.9998435974121094,5839.641769834859,5326.496809808941,247.17135620117188,5722.69384765625,0
73800,joint_m1,1.0,0.026724016293883324,0.006470470689237118,0.007072273991070688,0.933984617392222,1.064526600202953e-06,0.0030454532243311405,0.03445452245694403,9.090289827297371e-15,1.0,0.5704532861709595,0.49456289410591125,0.9998626708984375,5846.356814290418,5333.2118542645,247.18316650390625,5729.4765625,0
74000,joint_m1,1.0,0.026133660227060318,0.006220781244337559,0.007013355342981716,0.9348479708035787,9.26305403936567e-07,0.0029745488427579403,0.02470361562804472,9.090289827297371e-15,1.0,0.5704259872436523,0.4945715665817261,0.9998588562011719,5854.132215794242,5340.987255768325,247.19183349609375,5737.33837890625,0
74200,joint_m1,1.0,0.026742860674858093,0.006408320739865303,0.007095363883612056,0.9347609132528305,1.0018211469287053e-06,0.003116900334134698,0.03983472377268216,9.090289827297371e-15,1.0,0.5704052448272705,0.49456924200057983,0.9998512268066406,5860.95077611133,5347.8058160854125,247.1937255859375,5744.15380859375,0
74400,joint_m1,1.0,0.026403512805700302,0.00623579416424036,0.007183472975157201,0.9319594502449036,2.175759846068104e-06,0.00344034843146801,0.04915136479347749,9.090289827297371e-15,1.0,0.5704053640365601,0.4945651590824127,0.9998130798339844,5870.191138285022,5357.046178259105,247.19923400878906,5753.39501953125,0
74600,joint_m1,1.0,0.02690465748310089,0.006519460119307041,0.007037982577458024,0.9349916477998098,7.980079885783198e-07,0.0029765754006803036,0.04124611823526783,9.090289827297371e-15,1.0,0.5703765153884888,0.49460428953170776,0.9998855590820312,5885.447136794281,5372.302176768364,247.2239227294922,5768.515625,0
74800,joint_m1,1.0,0.026239100843667984,0.006243748124688864,0.007152076888208588,0.9351423879464468,1.1670052799672703e-06,0.0032637547701597214,0.02839781607767058,9.090289827297371e-15,1.0,0.5703562498092651,0.494584321975708,0.9998207092285156,5891.356380325332,5378.211420299414,247.2257537841797,5774.47607421875,0
75000,joint_m1,1.0,0.026273729279637337,0.00618006894364953,0.007003956125117838,0.9348174383242925,1.1632511132120271e-06,0.0029631105717271566,0.022735986760636283,9.090289827297371e-15,1.0,0.5703467130661011,0.4945931136608124,0.9998664855957031,5898.123430380208,5384.978470354292,247.2371063232422,5781.29052734375,0
75200,joint_m1,1.0,0.026097211986780167,0.0062135267071425915,0.007123522188824912,0.9330081343650818,1.0983342235704185e-06,0.003459647763520479,0.04573154028553138,9.090289827297371e-15,1.0,0.5703303813934326,0.4945998787879944,0.9998817443847656,5905.649159914598,5392.504199888681,247.2436981201172,5788.77099609375,0
75400,joint_m1,1.0,0.026443343609571457,0.006394732743501663,0.0071134344131375355,0.9344618121782938,1.0190674402110744e-06,0.0029474825132638216,0.031803397401270604,9.090289827297371e-15,1.0,0.5703099966049194,0.49464133381843567,0.9998321533203125,5930.562199319724,5417.417239293807,247.28128051757812,5813.44873046875,0
75600,joint_m1,1.0,0.026129024103283882,0.006246830802410841,0.0070047984675814705,0.9350749750932058,9.829342388911755e-07,0.0028811688534915447,0.013690296684710255,9.090289827297371e-15,1.0,0.5703195333480835,0.49463412165641785,0.9998626708984375,5938.777988778499,5425.633028752582,247.3008270263672,5821.81884765625,0
75800,joint_m1,1.0,0.026271618902683258,0.006226947531104088,0.0070204160098607344,0.935516431927681,8.706455787432787e-07,0.0028896683361381292,0.014601564072180028,9.090289827297371e-15,1.0,0.5703051090240479,0.49461865425109863,0.9998931884765625,5941.482643246549,5428.337683220632,247.29380798339844,5824.572265625,0
76000,joint_m1,1.0,0.026587598025798798,0.006305741611868143,0.006999325278835992,0.9353095044692358,1.0803667009895435e-06,0.0029533265624195337,0.041908944638268074,9.090289827297371e-15,1.0,0.5703083276748657,0.4946106970310211,0.9998931884765625,5946.866401727888,5433.721441701971,247.3028564453125,5829.98779296875,0
76200,joint_m1,1.0,0.026207350194454193,0.0062050968408584595,0.0069921814526120825,0.9348974774281184,8.844011176734057e-07,0.0029423462692648172,0.025897834065623366,9.090289827297371e-15,1.0,0.5702885985374451,0.4946165978908539,0.9998664855957031,5953.682557879619,5440.537597853701,247.31256103515625,5836.8271484375,0
76400,joint_m1,1.0,0.026552587747573853,0.006410629488527775,0.007072055634732048,0.9356311311324438,8.28353506676649e-07,0.0029062123503535986,0.04017748893181211,9.090289827297371e-15,1.0,0.5703067779541016,0.494632750749588,0.9998703002929688,5964.729666967313,5451.584706941396,247.32530212402344,5847.8359375,0
76600,joint_m1,1.0,0.026126813143491745,0.006246764678508043,0.007055567499871056,0.9351001183191935,8.644356057629921e-07,0.002892316086217761,0.02463474025888434,9.090289827297371e-15,1.0,0.5703206062316895,0.4946313500404358,0.9998855590820312,5971.012644434778,5457.86768440886,247.3338165283203,5854.11083984375,0
76800,joint_m1,1.0,0.02659650519490242,0.006456678733229637,0.007095744096053143,0.9333341072003046,1.1307388376735616e-06,0.0029840748757123947,0.046166238970683844,9.090289827297371e-15,1.0,0.570297122001648,0.4946330487728119,0.9998931884765625,5976.8523488538685,5463.707388827952,247.3352813720703,5859.927734375,0
77000,joint_m1,1.0,0.026373006403446198,0.006292951293289661,0.007077772985212505,0.9340040733416876,7.248268047987949e-07,0.003098524874076247,0.04844568114945941,9.090289827297371e-15,1.0,0.5703116655349731,0.49463149905204773,0.9999046325683594,5983.724592592811,5470.579632566894,247.3425750732422,5866.88134765625,0
77200,joint_m1,1.0,0.026443807408213615,0.006249692291021347,0.007129647536203265,0.933064932624499,9.045169804267061e-07,0.0029742515180259943,0.04896237943766891,9.090289827297371e-15,1.0,0.5702760219573975,0.49463969469070435,0.9998664855957031,5991.125770671151,5477.980810645235,247.35028076171875,5874.240234375,0
77400,joint_m1,1.0,0.026608234271407127,0.006378526799380779,0.007008477812632918,0.935527577996254,9.68482254393166e-07,0.002867965493351221,0.04349910348209046,9.090289827297371e-15,1.0,0.5702403783798218,0.49464359879493713,0.9998626708984375,5998.814549558938,5485.669589533021,247.35826110839844,5881.93115234375,0
77600,joint_m1,1.0,0.026283301413059235,0.006308401003479958,0.007053350214846432,0.9356308877468109,1.2073907100784709e-06,0.0040605682879686356,0.03437060703860143,9.090289827297371e-15,1.0,0.5702142715454102,0.4946459233760834,0.9998779296875,6004.4430216299,5491.298061603982,247.36024475097656,5887.54541015625,0
77800,joint_m1,1.0,0.026431895792484283,0.006277911830693483,0.007118330608742933,0.9327735255161921,7.816287279638345e-07,0.003122984431684017,0.042282427905321676,9.090289827297371e-15,1.0,0.5702031254768372,0.49465739727020264,0.9998931884765625,6012.965990258052,5499.821030232135,247.3715362548828,5896.00390625,0
78000,joint_m1,1.0,0.026511870324611664,0.006383279338479042,0.007406119412432115,0.9324404497941335,9.958199598258943e-07,0.0034882170148193836,0.045984663744335116,9.090289827297371e-15,1.0,0.5701830387115479,0.49465787410736084,0.9998779296875,6019.339498649333,5506.1945386234165,247.37313842773438,5902.36865234375,0
78200,joint_m1,1.0,0.026369908824563026,0.0063978759571909904,0.007119382576396068,0.9328472018241882,1.0394178389105946e-06,0.002921120263636112,0.0407618342981685,9.090289827297371e-15,1.0,0.5701930522918701,0.49466899037361145,0.9998817443847656,6027.494338446118,5514.3493784202,247.376708984375,5910.39208984375,0
78400,joint_m1,1.0,0.026135360822081566,0.006281781010329723,0.007195416993151109,0.9336037536462148,8.365842631974374e-07,0.00299322372302413,0.035350422938915334,9.090289827297371e-15,1.0,0.5701744556427002,0.49466371536254883,0.9998855590820312,6032.312989227266,5519.16802920135,247.3760986328125,5915.28076171875,0
78600,joint_m1,1.0,0.026590250432491302,0.0063109202310442924,0.006971603802715738,0.9356215546528498,1.0715365306168678e-06,0.0029241025913506746,0.027569186090279196,9.090289827297371e-15,1.0,0.5701627731323242,0.494667649269104,0.9998970031738281,6037.110235866163,5523.965275840246,247.37828063964844,5920.0927734375,0
78800,joint_m1,1.0,0.026071224361658096,0.006190411280840635,0.00693192162240545,0.9354548851648966,8.357577030437824e-07,0.0029286944773048162,0.03409361321171439,9.090289827297371e-15,1.0,0.570142924785614,0.49465903639793396,0.9998703002929688,6041.412417638776,5528.267457612859,247.3785400390625,5924.36279296875,0
79000,joint_m1,1.0,0.026298891752958298,0.006317993625998497,0.006999928193787734,0.9341973463694254,1.1404983979446115e-06,0.003267645835876465,0.03402532902673346,9.090289827297371e-15,1.0,0.5701354146003723,0.4946656823158264,0.9998893737792969,6047.435820246462,5534.290860220544,247.38070678710938,5930.35107421875,0
79200,joint_m1,1.0,0.02587069757282734,0.006086436100304127,0.0069514074906085925,0.9356318662563959,1.3776951846011798e-06,0.002859290689229965,0.022394536269746267,9.090289827297371e-15,1.0,0.570104718208313,0.49467381834983826,0.9999160766601562,6053.242106507883,5540.097146481967,247.37940979003906,5936.13720703125,0
79400,joint_m1,1.0,0.026504922658205032,0.006416186690330505,0.0069828768804048496,0.9357348134120306,9.59059207161772e-07,0.0035402504727244377,0.05561811753476779,9.090289827297371e-15,1.0,0.5701066851615906,0.4946732223033905,0.9998970031738281,6059.357061603153,5546.212101577235,247.38185119628906,5942.2197265625,0
79600,joint_m1,1.0,0.02643410861492157,0.006316520273685455,0.00696694750028352,0.9356844375530878,8.5871340615995e-07,0.002815709915012121,0.029929738673490046,1.0787899495899047e-15,1.0,0.5700433254241943,0.4947093725204468,0.9998550415039062,6081.984873378098,5568.839913352182,247.4121856689453,5964.70068359375,0
79800,joint_m1,1.0,0.026695095002651215,0.006472513545304537,0.007054641493596137,0.9337499936421713,9.965478966478258e-07,0.002865095157176256,0.02926801896504131,1.0784978291022203e-15,1.0,0.570021390914917,0.4947550594806671,0.9998741149902344,6112.664885301663,5599.519925275747,247.46177673339844,5995.19287109375,0
80000,joint_m1,1.0,0.026478227227926254,0.006377492565661669,0.0070365669671446085,0.9355066418647766,9.97068923425104e-07,0.0029105041176080704,0.022551769897141954,1.0784978291022203e-15,1.0,0.5699633359909058,0.4947590231895447,0.9999160766601562,6118.429210181319,5605.284250155402,247.46279907226562,6000.99462890625,0
80200,joint_m1,1.0,0.026032263413071632,0.006130199879407883,0.007095275601993005,0.9357608010371526,8.744981982999889e-07,0.0028350604698061943,0.02295844484213162,1.0784978291022203e-15,1.0,0.5699668526649475,0.4947391748428345,0.9998741149902344,6121.13322841449,5607.9882683885735,247.4542236328125,6003.79541015625,0
80400,joint_m1,1.0,0.025832822546362877,0.006056417245417833,0.006943142235589524,0.9350035587946574,1.2014781987090828e-06,0.0028528349939733744,0.03482031195223067,1.0784978291022203e-15,1.0,0.5699701309204102,0.49473389983177185,0.9998664855957031,6126.904601836069,5613.759641810151,247.45811462402344,6009.58837890625,0
80600,joint_m1,1.0,0.025892144069075584,0.006132136099040508,0.007027398911304772,0.933113714059194,9.503519891040924e-07,0.002998697804287076,0.02712910003075792,1.0784978291022203e-15,1.0,0.5699367523193359,0.49473676085472107,0.9998779296875,6130.508624902179,5617.363664876262,247.45285034179688,6013.18359375,0
80800,joint_m1,1.0,0.026077980175614357,0.006155494600534439,0.00699862251834323,0.9342891027530035,1.2126160982006695e-06,0.0028807863127440214,0.03666645000465721,1.0784978291022203e-15,1.0,0.5698951482772827,0.4947405755519867,0.9998893737792969,6137.921146446898,5624.776186420981,247.45538330078125,6020.59716796875,0
81000,joint_m1,1.0,0.025596052408218384,0.006084633059799671,0.0069295937816301984,0.9363759110371271,7.071197956065589e-07,0.0029869277495890856,0.033177108531589096,1.0784978291022203e-15,1.0,0.5699066519737244,0.4947565197944641,0.9999237060546875,6145.01423920238,5631.869279176462,247.46324157714844,6027.66748046875,0
81200,joint_m1,1.0,0.026165474206209183,0.006186178419739008,0.0069136390229687095,0.9359277536471685,7.98678456703783e-07,0.0029608223121613264,0.030944301719707367,1.0784978291022203e-15,1.0,0.5698960423469543,0.49473628401756287,0.9998931884765625,6146.848298111806,5633.703338085888,247.45306396484375,6029.5078125,0
81400,joint_m1,1.0,0.026055676862597466,0.006252681836485863,0.0070177950741102295,0.9354687333106995,9.117773061007028e-07,0.0052035353146493435,0.07293254512435322,1.0784978291022203e-15,1.0,0.5698702931404114,0.4947405159473419,0.9998970031738281,6150.900421889465,5637.755461863548,247.45733642578125,6033.5634765625,0
81600,joint_m1,1.0,0.026033740490674973,0.006123544182628393,0.007058334808486204,0.9361556867758433,6.64672199945926e-07,0.002862764522433281,0.026573403073700545,1.0784978291022203e-15,1.0,0.5698939561843872,0.4947456419467926,0.999908447265625,6158.496569780647,5645.351609754731,247.46438598632812,6041.1591796875,0
81800,joint_m1,1.0,0.026306625455617905,0.0061508482322096825,0.007123202783986926,0.9325110713640848,8.860390607878799e-07,0.002879191655665636,0.07234424281848865,1.0784978291022203e-15,1.0,0.5699003338813782,0.4947580099105835,0.9999046325683594,6166.918841690719,5653.773881664802,247.47459411621094,6049.51318359375,0
82000,joint_m1,1.0,0.026148410513997078,0.0060998909175395966,0.00706069505152603,0.9356441150108973,9.91042043096968e-07,0.002855453407391906,0.03139211549613463,1.0784978291022203e-15,1.0,0.5698816776275635,0.49476468563079834,0.9998779296875,6173.3135348854585,5660.168574859541,247.48265075683594,6055.923828125,0
82200,joint_m1,1.0,0.025927864015102386,0.006091736257076263,0.0069731797169273095,0.9357002675533295,1.1614712320806575e-06,0.0027999200392514467,0.032822680328975465,1.0784978291022203e-15,1.0,0.569862961769104,0.4947599172592163,0.9998664855957031,6180.567287879002,5667.422327853084,247.48704528808594,6063.1123046875,0
82400,joint_m1,1.0,0.025781402364373207,0.00607072189450264,0.006944527267478406,0.9357526501019796,1.029888494485931e-06,0.0028738758992403746,0.02642489562856619,1.0784978291022203e-15,1.0,0.5698586702346802,0.4947764277458191,0.9998931884765625,6190.052665365619,5676.907705339701,247.49485778808594,6072.546875,0
82600,joint_m1,1.0,0.025846436619758606,0.006122666876763105,0.0069398138439282775,0.9359192103147507,9.111441272580123e-07,0.002807975048199296,0.022581174405108154,1.0784978291022203e-15,1.0,0.5698482990264893,0.4947577118873596,0.9998855590820312,6190.9647067319,5677.819746705984,247.49313354492188,6073.60302734375,0
82800,joint_m1,1.0,0.02595878764986992,0.0061973826959729195,0.006945275429946681,0.935563271244367,9.307942150371673e-07,0.0035285665653645992,0.04350128132466893,1.0784978291022203e-15,1.0,0.5698562860488892,0.49475568532943726,0.999908447265625,6193.650942699306,5680.505982673389,247.49366760253906,6076.32568359375,0
83000,joint_m1,1.0,0.0255998857319355,0.005989523138850927,0.00698614155407995,0.934779887398084,8.17468105651642e-07,0.0028802212327718735,0.04721847503736699,1.0784978291022203e-15,1.0,0.5698574781417847,0.4947658181190491,0.9999275207519531,6198.717286665041,5685.572326639123,247.4943389892578,6081.3154296875,0
83200,joint_m1,1.0,0.026441121473908424,0.006367999128997326,0.006940481718629599,0.9360621819893519,1.1656228480205755e-06,0.0029599666595458984,0.05402487044189538,1.0784978291022203e-15,1.0,0.5698511600494385,0.4947684109210968,0.9999160766601562,6204.331390246656,5691.18643022074,247.50003051757812,6086.8876953125,0
83400,joint_m1,1.0,0.0256771519780159,0.005970624275505543,0.006890710132817428,0.935368483265241,9.277342769564711e-07,0.0028623833786696196,0.033623515741962436,1.0784978291022203e-15,1.0,0.5698570013046265,0.4947604835033417,0.9998931884765625,6207.336949127218,5694.1919891013,247.50083923339844,6089.9384765625,0
83600,joint_m1,1.0,0.02617805078625679,0.006187900900840759,0.00715474714525044,0.9353533685207367,7.200375762295153e-07,0.0028424945194274187,0.023600824847619013,1.0784978291022203e-15,1.0,0.5698353052139282,0.4947602152824402,0.9998970031738281,6211.488710446152,5698.343750420236,247.50079345703125,6094.11669921875,0
83800,joint_m1,1.0,0.02556721121072769,0.005946326535195112,0.0068887735639388365,0.9360848118861517,8.892432106222259e-07,0.0027812658809125423,0.03680742478058337,1.0784978291022203e-15,1.0,0.5698474645614624,0.49475938081741333,0.9999122619628906,6215.389287888571,5702.244327862654,247.498291015625,6097.9853515625,0
84000,joint_m1,1.0,0.026271333917975426,0.006296614184975624,0.007062655795986454,0.9337768952051798,8.108297038234014e-07,0.0028768035117536783,0.04014839514710453,1.0784978291022203e-15,1.0,0.5698697566986084,0.49476030468940735,0.9999198913574219,6219.893889770146,5706.74892974423,247.4995880126953,6102.37939453125,0
84200,joint_m1,1.0,0.02593306079506874,0.0061245271936059,0.007040491599279146,0.9362082580725352,7.419396297336789e-07,0.003136314218863845,0.04621353005395538,1.0784978291022203e-15,1.0,0.569867730140686,0.49475544691085815,0.9998893737792969,6223.714003711932,5710.569043686015,247.50308227539062,6106.2080078125,0
84400,joint_m1,1.0,0.0261593796312809,0.006135907024145126,0.0069174426995838685,0.9354880998531977,6.606490501326334e-07,0.003146293805912137,0.07195053607346229,1.0784978291022203e-15,1.0,0.5698466300964355,0.4947587847709656,0.9999313354492188,6226.523909855321,5713.3789498294045,247.5022735595703,6108.98291015625,0
84600,joint_m1,1.0,0.025500044226646423,0.005916189402341843,0.0068841613829135895,0.935195172826449,1.1114876770079718e-06,0.0037506844382733107,0.03184764000739256,1.0784978291022203e-15,1.0,0.5698316097259521,0.4947677552700043,0.9999237060546875,6231.266644912574,5718.121684886657,247.5121612548828,6113.74853515625,0
84800,joint_m1,1.0,0.02578156068921089,0.006092416122555733,0.006953740492463112,0.9358581205209097,7.501620302718948e-07,0.003273981623351574,0.04039861307287959,1.0784978291022203e-15,1.0,0.569822371006012,0.49476683139801025,0.9999313354492188,6235.194944827306,5722.04998480139,247.51922607421875,6117.68505859375,0
85000,joint_m1,1.0,0.025769151747226715,0.006026190705597401,0.006929413725932439,0.9351614167292913,7.844685114832828e-07,0.0028042548801749945,0.03963927734614375,1.0784978291022203e-15,1.0,0.5698257684707642,0.49476009607315063,0.9999008178710938,6238.935806690112,5725.790846664195,247.51829528808594,6121.4873046875,0
85200,joint_m1,1.0,0.026135489344596863,0.006136871874332428,0.006998515649077793,0.9342227578163147,7.450705652445322e-07,0.0029019007924944162,0.04637232727623348,1.0784978291022203e-15,1.0,0.5698193311691284,0.49475938081741333,0.9999046325683594,6242.64014660464,5729.4951865787225,247.51722717285156,6125.1943359375,0
85400,joint_m1,1.0,0.026050221174955368,0.006110156886279583,0.0069767181218291325,0.9360944231351217,8.484448699164204e-07,0.002848450094461441,0.025606415251559725,1.0784978291022203e-15,1.0,0.5698269009590149,0.494758665561676,0.9998893737792969,6247.409062963622,5734.264102937705,247.5233917236328,6129.9931640625,0
85600,joint_m1,1.0,0.025660917162895203,0.006024030968546867,0.006844904040917754,0.9369456817706426,6.927451750016189e-07,0.0032942669931799173,0.024801143720009373,1.0784978291022203e-15,1.0,0.5698301196098328,0.4947613477706909,0.999908447265625,6251.746635941031,5738.601675915113,247.5297088623047,6134.3056640625,0
85800,joint_m1,1.0,0.02595089189708233,0.006125524640083313,0.006903571115496258,0.936857670545578,7.657955052309262e-07,0.002790907397866249,0.01587055742470315,1.0784978291022203e-15,1.0,0.5698303580284119,0.49475687742233276,0.9999198913574219,6253.731046343455,5740.5860863175385,247.5293731689453,6136.3515625,0
86000,joint_m1,1.0,0.025603139773011208,0.006043815053999424,0.006882216121690969,0.9369508375724157,6.36273739473836e-07,0.0027837788220494986,0.02819880137477396,1.0784978291022203e-15,1.0,0.5698153376579285,0.49476149678230286,0.9999351501464844,6256.833704039129,5743.688744013212,247.5287322998047,6139.45361328125,0
86200,joint_m1,1.0,0.02586052566766739,0.006097886711359024,0.006839352233024935,0.9363730549812317,6.864576107545872e-07,0.002793434541672468,0.0175940466518013,1.0784978291022203e-15,1.0,0.5698161125183105,0.49475082755088806,0.9999198913574219,6258.405547741373,5745.2605877154565,247.52593994140625,6141.11181640625,0
86400,joint_m1,1.0,0.025871405377984047,0.006028279196470976,0.006835516037729879,0.9370971818765005,7.50103936297819e-07,0.002836943604052067,0.040911313823345535,1.0784978291022203e-15,1.0,0.569802463054657,0.4947558641433716,0.9999351501464844,6262.992894774829,5749.847934748912,247.52810668945312,6145.61181640625,0
86600,joint_m1,1.0,0.0258900448679924,0.006019935477524996,0.006872764904983342,0.9359044979015986,7.12788505552453e-07,0.002783725271001458,0.03454240061131583,1.0784978291022203e-15,1.0,0.5698034763336182,0.4947606325149536,0.9999237060546875,6267.221713008085,5754.076752982168,247.5371551513672,6149.8369140625,0
86800,joint_m1,1.0,0.026165207847952843,0.0061947801150381565,0.006869072831856708,0.9361539681752523,9.488093724030477e-07,0.0027363502886146307,0.02563937062240525,1.0784978291022203e-15,1.0,0.5697880387306213,0.4947585165500641,0.9999275207519531,6269.2257895213825,5756.080829495466,247.53492736816406,6151.8876953125,0
87000,joint_m1,1.0,0.02574288472533226,0.006093486212193966,0.00687403433645765,0.9363027960062027,9.115928492064995e-07,0.0027651444543153048,0.017995109833423988,1.0784978291022203e-15,1.0,0.569801926612854,0.4947497546672821,0.9999160766601562,6272.048469200473,5758.903509174555,247.5344696044922,6154.7001953125,0
87200,joint_m1,1.0,0.026008956134319305,0.006133511662483215,0.006997505707355837,0.9360588987668356,8.419202117693203e-07,0.0028406083583831787,0.02906638503392245,1.0784978291022203e-15,1.0,0.5698283910751343,0.49475061893463135,0.9999313354492188,6275.69788947811,5762.552929452193,247.54541015625,6158.34912109375,0
87400,joint_m1,1.0,0.025806356221437454,0.005997872911393642,0.006881673083019753,0.9359642217556635,6.483530228251766e-07,0.002765186596661806,0.02850930336368675,1.0784978291022203e-15,1.0,0.5698320865631104,0.49475058913230896,0.9999160766601562,6279.369395090561,5766.224435064643,247.54656982421875,6161.97412109375,0
87600,joint_m1,1.0,0.02568531408905983,0.006046269088983536,0.0068900750096266465,0.9355648458003998,7.071151912896312e-07,0.0027086795307695866,0.027496419887213405,1.0784978291022203e-15,1.0,0.5698277950286865,0.49475497007369995,0.9999237060546875,6282.186562018037,5769.0416019921195,247.5515594482422,6164.8154296875,0
87800,joint_m1,1.0,0.02569861151278019,0.0060709756799042225,0.006997412187047303,0.9341243555148443,8.064858434408961e-07,0.003009525593370199,0.04156880619865149,1.0784978291022203e-15,1.0,0.5698491930961609,0.49474695324897766,0.9999008178710938,6285.720961035417,5772.5760010095,247.5509796142578,6168.35400390625,0
88000,joint_m1,1.0,0.02614964172244072,0.006146136671304703,0.006889912416227162,0.9369485974311829,8.310405519296182e-07,0.002783563919365406,0.04182328690074365,1.0784978291022203e-15,1.0,0.5698360204696655,0.4947608411312103,0.9999351501464844,6290.0699519162745,5776.924991890357,247.5548553466797,6172.64404296875,0
88200,joint_m1,1.0,0.025682304054498672,0.0060234032571315765,0.007029167415263752,0.9337436606486639,7.34723073492205e-07,0.0027756253257393837,0.025204840109379102,1.0784978291022203e-15,1.0,0.5698370933532715,0.4947514235973358,0.9999198913574219,6292.174504890976,5779.0295448650595,247.558349609375,6174.82568359375,0
88400,joint_m1,1.0,0.025898423045873642,0.0061190323904156685,0.006877022213302553,0.9354890584945679,9.92439140645729e-07,0.002814765553921461,0.028937324320442506,1.0784978291022203e-15,1.0,0.569836437702179,0.4947480261325836,0.999908447265625,6294.789273677078,5781.644313651161,247.554443359375,6177.4765625,0
88600,joint_m1,1.0,0.025428421795368195,0.005935751833021641,0.006898591682935755,0.9365036984284719,9.997318102250574e-07,0.002750951098278165,0.02005142697972567,1.0784978291022203e-15,1.0,0.5698096752166748,0.49475541710853577,0.9999122619628906,6298.764958307303,5785.619998281385,247.56192016601562,6181.40869140625,0
88800,joint_m1,1.0,0.025782670825719833,0.006058073602616787,0.006878091371618211,0.9367673148711523,8.266346753771359e-07,0.0028092581778764725,0.024181230497614056,1.0784978291022203e-15,1.0,0.5698127746582031,0.4947519302368164,0.9998931884765625,6302.163755409724,5789.018795383807,247.56317138671875,6184.82421875,0
89000,joint_m1,1.0,0.02586914598941803,0.0060912505723536015,0.007038578235854705,0.933986634016037,7.651425448784721e-07,0.0028165720868855715,0.03132321191228901,1.0784978291022203e-15,1.0,0.5697872042655945,0.4947628974914551,0.9999122619628906,6306.278775950203,5793.133815924286,247.56893920898438,6188.94677734375,0
89200,joint_m1,1.0,0.0263528935611248,0.006287252996116877,0.007085527487409611,0.9330142190059026,7.460361644007207e-07,0.00408970145508647,0.07863297389039131,1.0784978291022203e-15,1.0,0.569797158241272,0.4947679340839386,0.9999160766601562,6309.665601281894,5796.520641255976,247.5711212158203,6192.29248046875,0
89400,joint_m1,1.0,0.026119887828826904,0.006203059107065201,0.007034376574059327,0.9362688859303793,8.419468144893472e-07,0.003042721888050437,0.036613105392979184,1.0784978291022203e-15,1.0,0.5698049664497375,0.49477237462997437,0.9999275207519531,6314.8574013987045,5801.712441372787,247.5736846923828,6197.3837890625,0
89600,joint_m1,1.0,0.025494273751974106,0.005977659486234188,0.006961373224233587,0.9367489119370779,7.585475714222412e-07,0.002678024349734187,0.014717724607648544,1.0784978291022203e-15,1.0,0.5697906017303467,0.49477124214172363,0.9999275207519531,6317.804048876476,5804.65908885056,247.57461547851562,6200.34375,0
89800,joint_m1,1.0,0.025373950600624084,0.0058916062116622925,0.006875142843152086,0.9347640971342722,1.3662477158504771e-06,0.002697422169148922,0.028056160720941848,1.0784978291022203e-15,1.0,0.5697636604309082,0.4947579503059387,0.9998588562011719,6321.03567463434,5807.890714608422,247.5681915283203,6203.56884765625,0
90000,joint_m1,1.0,0.025410741567611694,0.005916193127632141,0.006826978681298594,0.9364850123723348,1.024913558467233e-06,0.0027127305511385202,0.019735623590682178,1.0784978291022203e-15,1.0,0.5697638392448425,0.4947720766067505,0.9998970031738281,6326.581383338082,5813.436423312165,247.58584594726562,6209.12060546875,0
90200,joint_m1,1.0,0.025408431887626648,0.005914540961384773,0.006838374305516481,0.936548093954722,6.960581231396645e-07,0.0026729500386863947,0.02196788681657265,1.0784978291022203e-15,1.0,0.5697581768035889,0.4947662651538849,0.99993896484375,6327.927306788535,5814.7823467626185,247.58258056640625,6210.51806640625,0
90400,joint_m1,1.0,0.025166597217321396,0.005865755490958691,0.006833870934012036,0.936814988652865,5.996935215080157e-07,0.0027357672806829214,0.0262416581856256,1.0784978291022203e-15,1.0,0.5697649121284485,0.4947550296783447,0.999908447265625,6329.2097452999615,5816.064785274044,247.5811004638672,6211.81884765625,0
90600,joint_m1,1.0,0.025750843808054924,0.0060148960910737514,0.006848884164355695,0.936291774113973,8.513096076967486e-07,0.002704065991565585,0.019542109742390703,1.0784978291022203e-15,1.0,0.5697535276412964,0.4947695732116699,0.9999237060546875,6333.960530347501,5820.815570321583,247.584228515625,6216.46630859375,0
90800,joint_m1,1.0,0.02532172203063965,0.0058477334678173065,0.006897502268354098,0.9348461876312891,7.196998694780632e-07,0.003299031173810363,0.0387995037170684,1.0784978291022203e-15,1.0,0.5697616338729858,0.49477025866508484,0.9999160766601562,6337.383687295571,5824.238727269654,247.58731079101562,6219.83935546875,0
91000,joint_m1,1.0,0.026156678795814514,0.00626668706536293,0.007067184468420844,0.9359535425901413,9.042552164828521e-07,0.002724206540733576,0.04341521565881878,1.0784978291022203e-15,1.0,0.5697473287582397,0.4947817325592041,0.99993896484375,6341.094858145555,5827.9498981196375,247.59512329101562,6223.51611328125,0
91200,joint_m1,1.0,0.02573363110423088,0.006065258290618658,0.007094113389030099,0.9347540040810903,8.297668614432041e-07,0.0027348583098500967,0.041237655133485034,1.0784978291022203e-15,1.0,0.5697147250175476,0.4948110580444336,0.9999427795410156,6351.343165032102,5838.198205006185,247.6125030517578,6233.572265625,0
91400,joint_m1,1.0,0.025815242901444435,0.005960903596132994,0.006818981763596336,0.9365635216236115,8.506883659720188e-07,0.0028130991850048304,0.04809044090611963,1.0784978291022203e-15,1.0,0.5696926116943359,0.49482330679893494,0.9999160766601562,6362.708857082807,5849.563897056891,247.62530517578125,6244.83740234375,0
91600,joint_m1,1.0,0.02560252696275711,0.006037909537553787,0.006978644446159403,0.9369796613852183,8.004566325325868e-07,0.0027174975257366896,0.03769920541956264,1.0784978291022203e-15,1.0,0.5696870684623718,0.4948027431964874,0.9999122619628906,6362.601354791922,5849.456394766004,247.6159210205078,6244.89306640625,0
91800,joint_m1,1.0,0.02547411620616913,0.005937038920819759,0.0069617627110953135,0.9348271290461222,9.102275271288818e-07,0.0027401347178965807,0.021616935915320525,1.0784978291022203e-15,1.0,0.569665789604187,0.49481067061424255,0.9999275207519531,6368.086682827111,5854.9417228011935,247.61880493164062,6250.2705078125,0
92000,joint_m1,1.0,0.02579522132873535,0.006014240439981222,0.0069262324056277675,0.9350124299526215,8.786230409896234e-07,0.002947462722659111,0.05235918604053337,1.0784978291022203e-15,1.0,0.5696559548377991,0.49481379985809326,0.9999427795410156,6371.591323994344,5858.446363968427,247.6243438720703,6253.833984375,0
92200,joint_m1,1.0,0.02550855278968811,0.005952850915491581,0.006876372421781222,0.9353623191515604,7.433341693285911e-07,0.0027383225969970226,0.027650302139256778,1.0784978291022203e-15,1.0,0.569660484790802,0.49480706453323364,0.9999237060546875,6373.067079515168,5859.922119489251,247.62255859375,6255.29736328125,0
92400,joint_m1,1.0,0.025081215426325798,0.005776524543762207,0.006914921609374384,0.9364952991406122,6.732061024194991e-07,0.0026782569475471973,0.03212970518603501,1.0784978291022203e-15,1.0,0.5696781873703003,0.49480700492858887,0.9999275207519531,6376.108217400329,5862.963257374411,247.62437438964844,6258.32421875,0
92600,joint_m1,1.0,0.025950372219085693,0.006116751581430435,0.006891882241082688,0.9364529897769293,7.734242331025598e-07,0.0027214137371629477,0.024398800552689386,1.0784978291022203e-15,1.0,0.5696801543235779,0.49480751156806946,0.9999237060546875,6379.069524625045,5865.924564599129,247.62159729003906,6261.30517578125,0
92800,joint_m1,1.0,0.025308048352599144,0.005869475193321705,0.006775571110968788,0.9368908256292343,7.564698876194598e-07,0.0029137185774743557,0.03595606245500598,1.0784978291022203e-15,1.0,0.5696535110473633,0.49480170011520386,0.9998970031738281,6382.151361414111,5869.006401388195,247.61965942382812,6264.33203125,0
93000,joint_m1,1.0,0.026095449924468994,0.006082844454795122,0.0068733240477740765,0.9357434660196304,7.613025445607491e-07,0.0030964426696300507,0.04265736841981901,1.0784978291022203e-15,1.0,0.5696548223495483,0.4948066174983978,0.9999008178710938,6386.70118292691,5873.556222900994,247.62075805664062,6268.80712890625,0
93200,joint_m1,1.0,0.025217559188604355,0.005833221599459648,0.006853622539589803,0.9360954066117605,8.100813602140988e-07,0.0026540171820670366,0.028191580878990274,1.0784978291022203e-15,1.0,0.5696426630020142,0.49481266736984253,0.9999275207519531,6389.801248865258,5876.65628883934,247.62100219726562,6271.849609375,0
93400,joint_m1,1.0,0.02586190402507782,0.006072822026908398,0.006856886864018937,0.9359163592259089,8.411420253651158e-07,0.0026585720479488373,0.027086071748189923,1.0784978291022203e-15,1.0,0.5696313381195068,0.4948086738586426,0.9999237060546875,6392.406745506734,5879.261785480818,247.6199951171875,6274.5185546875,0
93600,joint_m1,1.0,0.025564584881067276,0.005985192488878965,0.006924052334701021,0.9362099866072336,8.390961170334776e-07,0.0026727861259132624,0.0290024204083473,1.0784978291022203e-15,1.0,0.5696113705635071,0.4948199391365051,0.9999313354492188,6396.552196300754,5883.4072362748375,247.62762451171875,6278.65283203125,0
93800,joint_m1,1.0,0.025646019726991653,0.0059563638642430305,0.0069343975046649575,0.934775764743487,7.771657237753971e-07,0.002798608969897032,0.04084455964399043,1.0784978291022203e-15,1.0,0.5696278214454651,0.4948122799396515,0.9999198913574219,6398.398549637245,5885.253589611328,247.62930297851562,6280.505859375,0
94000,joint_m1,1.0,0.025232043117284775,0.005842629820108414,0.0071220713046689825,0.9362366100152334,1.0992215493388358e-06,0.003115062601864338,0.02064347422977115,1.0784978291022203e-15,1.0,0.5696244239807129,0.49480682611465454,0.9999160766601562,6401.496699991339,5888.351739965421,247.62977600097656,6283.6064453125,0
94200,joint_m1,1.0,0.025426847860217094,0.005881568416953087,0.0068395917769521475,0.9372312724590302,8.965587880993553e-07,0.0028526494279503822,0.02841808768662147,1.0784978291022203e-15,1.0,0.5696216821670532,0.4948217570781708,0.9999351501464844,6407.154750745451,5894.009790719534,247.6354217529297,6289.22314453125,0
94400,joint_m1,1.0,0.02532200515270233,0.005884973332285881,0.006902880850248039,0.9374096989631653,6.461542056968028e-07,0.0026351080741733313,0.014062610118620715,1.0784978291022203e-15,1.0,0.5696320533752441,0.49482032656669617,0.9999275207519531,6409.316344197718,5896.171384171801,247.63612365722656,6291.3583984375,0
94600,joint_m1,1.0,0.025742385536432266,0.006045685149729252,0.006838381833707293,0.9372678349415461,6.502298219857039e-07,0.0029502087272703648,0.04845622776341338,1.0784978291022203e-15,1.0,0.5696283578872681,0.49482089281082153,0.9999122619628906,6414.040848014612,5900.895887988694,247.63844299316406,6296.03662109375,0
94800,joint_m1,1.0,0.02588827908039093,0.005996662192046642,0.0068454936457177,0.9366593758265177,9.018021955853328e-07,0.003821643302217126,0.031816809299033556,1.0784978291022203e-15,1.0,0.569621741771698,0.49482449889183044,0.9998970031738281,6419.8928339965305,5906.747873970613,247.6421356201172,6301.88427734375,0
95000,joint_m1,1.0,0.0253794826567173,0.0059034693986177444,0.006805931722434859,0.9373000264167786,6.500329163827701e-07,0.0026391050778329372,0.019589359863001404,1.0784978291022203e-15,1.0,0.5696247816085815,0.4948282241821289,0.9999160766601562,6423.595566347558,5910.450606321641,247.6463165283203,6305.5390625,0
95200,joint_m1,1.0,0.02575703151524067,0.006087246350944042,0.007016021098631124,0.936945637067159,8.444997092738049e-07,0.0026323169004172087,0.01626846649765564,1.0784978291022203e-15,1.0,0.569627046585083,0.49482324719429016,0.9999275207519531,6425.686889352764,5912.541929326848,247.65016174316406,6307.67626953125,0
95400,joint_m1,1.0,0.025716818869113922,0.0060444604605436325,0.006965425253535311,0.9362706492344538,5.341387350199511e-07,0.00308694364503026,0.047879565384433734,1.0784978291022203e-15,1.0,0.5696288347244263,0.4948299825191498,0.99993896484375,6429.302294961717,5916.1573349358005,247.65548706054688,6311.2333984375,0
95600,joint_m1,1.0,0.02626889944076538,0.006214449647814035,0.0069157881662249565,0.9365364611148834,6.868573336760164e-07,0.0029220967553555965,0.07541819055883911,1.0784978291022203e-15,1.0,0.5696377754211426,0.49484288692474365,0.9999275207519531,6437.430232631652,5924.285272605735,247.6626739501953,6319.20751953125,0
95800,joint_m1,1.0,0.025723561644554138,0.006067695561796427,0.007072485440100233,0.9362929463386536,7.312857519536919e-07,0.0027505161706358194,0.026904673936415813,1.0784978291022203e-15,1.0,0.5696092844009399,0.49483951926231384,0.9999618530273438,6437.813914676317,5924.6689546504,247.66201782226562,6319.6767578125,0
96000,joint_m1,1.0,0.026036599650979042,0.006051639094948769,0.00690101789465795,0.9351569265127182,7.035516205178283e-07,0.003012311877682805,0.06549862284557785,1.0784978291022203e-15,1.0,0.5696067214012146,0.4948327839374542,0.9999542236328125,6439.344376565055,5926.199416539139,247.66009521484375,6321.22607421875,0
96200,joint_m1,1.0,0.026035506278276443,0.0062347715720534325,0.0069527817734827595,0.9366120050350825,5.652561867464101e-07,0.002812816994264722,0.04088960634870095,1.0784978291022203e-15,1.0,0.5695934295654297,0.4948420226573944,0.99993896484375,6444.754766474827,5931.609806448911,247.66600036621094,6326.5556640625,0
96400,joint_m1,1.0,0.025644291192293167,0.0060241688042879105,0.006833981877813737,0.9363070925076803,8.743438115743629e-07,0.002742789452895522,0.027133786474950915,1.0784978291022203e-15,1.0,0.569589376449585,0.49483728408813477,0.9999237060546875,6447.612891605699,5934.467931579782,247.66749572753906,6329.39599609375,0
96600,joint_m1,1.0,0.02576955407857895,0.006052522920072079,0.0067913905174161,0.9368984997272491,6.969129344724934e-07,0.0027251355350017548,0.04045943776026136,1.0784978291022203e-15,1.0,0.5695859789848328,0.4948367178440094,0.9999275207519531,6449.452069749802,5936.307109723884,247.6640625,6331.26171875,0
96800,joint_m1,1.0,0.025575915351510048,0.005995844956487417,0.006845754726479451,0.9370646874109904,6.58965461752814e-07,0.002645739121362567,0.022419526294750244,1.0784978291022203e-15,1.0,0.5695784687995911,0.49483564496040344,0.9999198913574219,6452.579329229514,5939.434369203596,247.66729736328125,6334.40869140625,0
97000,joint_m1,1.0,0.0256035216152668,0.006019988097250462,0.006830212543718517,0.9361976981163025,6.122849640632921e-07,0.0027416329830884933,0.0410091095865577,1.0784978291022203e-15,1.0,0.5695924758911133,0.4948321580886841,0.9999351501464844,6454.600839711159,5941.455879685242,247.66943359375,6336.42529296875,0
97195,joint_m1,1.0,0.025751309469342232,0.0059925951063632965,0.006926461705006659,0.9350378215312958,1.1004834732375457e-06,0.0027341246604919434,0.05330502180211757,1.0784978291022203e-15,1.0,0.5695948600769043,0.4948262870311737,0.9999198913574219,6457.009214799062,5943.864254773145,247.66983032226562,6338.8017578125,0
97200,harden_m2,2.0,0.025441743433475494,0.0059343548491597176,0.00685892653806756,0.9358727137247721,1.247467139364744e-06,0.002766676712781191,0.025331940780213294,1.1631574905906336e-30,1.0,0.5696285963058472,0.49512073397636414,0.9999732971191406,6457.183906317056,5944.038946291139,247.80555725097656,6338.9716796875,0
97400,harden_m2,2.0,0.025896547362208366,0.006055070087313652,0.0068317695598428445,0.9377405792474747,1.3022551001995453e-06,0.0028041687328368425,0.03702534584750575,1.1631574905906336e-30,1.0,0.5696233510971069,0.49512559175491333,0.9999961853027344,6457.868998361611,5944.724038335695,247.80914306640625,6339.693359375,0
97600,harden_m2,2.0,0.025397278368473053,0.005934523418545723,0.0068409229861572385,0.9368552962938944,5.4706070784504846e-08,0.0025952907744795084,0.017866225955691373,1.1631574905906336e-30,1.0,0.5696256756782532,0.49512600898742676,1.0,6457.772681041041,5944.627721015124,247.80882263183594,6339.61181640625,0
97800,harden_m2,2.0,0.025680340826511383,0.0060291411355137825,0.006832001148723066,0.9369866450627645,1.4303870443654887e-07,0.0026659395080059767,0.02086662297403862,1.1631574905906336e-30,1.0,0.5696268081665039,0.49512460827827454,0.9999923706054688,6457.735206711405,5944.590246685488,247.8085479736328,6339.5986328125,0
98000,harden_m2,2.0,0.025219634175300598,0.0058124251663684845,0.00678694574162364,0.937784343957901,8.097001114037994e-08,0.0026231580413877964,0.017459401578761597,1.1631574905906336e-30,1.0,0.5696290135383606,0.4951249361038208,1.0,6457.755027871528,5944.610067845611,247.80857849121094,6339.62060546875,0
98200,harden_m2,2.0,0.025540925562381744,0.005951099097728729,0.006805610105705758,0.9371472895145416,7.162946502603518e-08,0.002889527939260006,0.018764588825077814,1.1631574905906336e-30,1.0,0.5696299076080322,0.49512359499931335,0.9999961853027344,6457.642913633425,5944.497953607508,247.80776977539062,6339.52001953125,0
98400,harden_m2,2.0,0.02563856914639473,0.006012572906911373,0.006905735159913699,0.9374547104040781,4.91670490987417e-08,0.002578082727268338,0.026763159923493467,1.1631574905906336e-30,1.0,0.569628894329071,0.49512436985969543,1.0,6457.57013124906,5944.4251712231435,247.80833435058594,6339.4638671875,0
98600,harden_m2,2.0,0.025699539110064507,0.006011468358337879,0.00684974641383936,0.9355190495649973,7.750707453624273e-08,0.002706363797187805,0.04634987303908635,1.1631574905906336e-30,1.0,0.5696290731430054,0.49512332677841187,1.0,6457.540088919309,5944.395128893391,247.80784606933594,6339.4521484375,0
98800,harden_m2,2.0,0.025855228304862976,0.0060904319398105145,0.006971551027769844,0.9367946088314056,1.6123956925184757e-07,0.0027570249512791634,0.03715105588377016,1.1631574905906336e-30,1.0,0.5696284770965576,0.49512168765068054,1.0,6457.281161603543,5944.136201577627,247.80711364746094,6339.2158203125,0
99000,harden_m2,2.0,0.025316007435321808,0.005851125810295343,0.006845146572838227,0.9368044237295786,7.167620452719348e-08,0.0025998239871114492,0.02415890373298652,1.1631574905906336e-30,1.0,0.5696289539337158,0.4951227903366089,1.0,6457.383370994787,5944.23841096887,247.80764770507812,6339.31591796875,0
99200,harden_m2,2.0,0.025439150631427765,0.006016691215336323,0.00745704867100964,0.9326977729797363,6.27509706419005e-08,0.002683382946997881,0.049332624469166135,1.1631574905906336e-30,1.0,0.5696288347244263,0.4951232075691223,1.0,6457.466376219082,5944.321416193165,247.8077850341797,6339.4111328125,0
99400,harden_m2,2.0,0.025362027809023857,0.0059057725593447685,0.006959447055123746,0.9356676489114761,6.697800358779205e-08,0.0026603511068969965,0.04469728598683425,1.1631574905906336e-30,1.0,0.5696324110031128,0.49512234330177307,1.0,6457.482791304983,5944.337831279066,247.80812072753906,6339.4365234375,0
99600,harden_m2,2.0,0.026404907926917076,0.006293462589383125,0.007105372846126556,0.9347723871469498,1.046856112907335e-07,0.0026869396679103374,0.021410495561719783,1.1631574905906336e-30,1.0,0.5696275234222412,0.49512186646461487,1.0,6457.437262567868,5944.292302541951,247.80764770507812,6339.3798828125,0
99800,harden_m2,2.0,0.025070656090974808,0.005798076745122671,0.006799901796815296,0.93790835638841,6.230516191862989e-08,0.0025513458531349897,0.01582994625363708,1.1631574905906336e-30,1.0,0.569632887840271,0.4951227903366089,1.0,6458.8469559202285,5945.701995894311,247.81036376953125,6340.771484375,0
100000,harden_m2,2.0,0.02550925686955452,0.005865972489118576,0.006789152782099943,0.9374120483795801,5.81924624043495e-08,0.0025897056329995394,0.014214515107997582,1.1631574905906336e-30,1.0,0.5696365833282471,0.4951215386390686,1.0,6458.780689882573,5945.635729856656,247.81002807617188,6340.732421875,0
100200,harden_m2,2.0,0.025062086060643196,0.005758568644523621,0.006830445335557063,0.9365530709425608,7.056034689867374e-08,0.0026230416260659695,0.02550147960967765,1.1631574905906336e-30,1.0,0.5696367025375366,0.49511945247650146,1.0,6458.430149811949,5945.285189786033,247.80902099609375,6340.408203125,0
100400,harden_m2,2.0,0.025445256382226944,0.005917866714298725,0.0068190104405706125,0.9366401781638464,9.817451029903168e-08,0.002619651146233082,0.028505100637158724,1.1631574905906336e-30,1.0,0.5696321725845337,0.4951191544532776,1.0,6458.553398401224,5945.408438375307,247.80870056152344,6340.54833984375,0
100600,harden_m2,2.0,0.025304682552814484,0.005907056387513876,0.006802383228205144,0.9377865046262741,7.083554010023363e-08,0.0027759484946727753,0.037304657138138804,1.1631574905906336e-30,1.0,0.569632351398468,0.49511998891830444,1.0,6458.728667470093,5945.583707444175,247.8090362548828,6340.716796875,0
100800,harden_m2,2.0,0.02549445442855358,0.0058788759633898735,0.006794613436795771,0.9373745371898016,6.561982957009604e-08,0.00264150183647871,0.027177110878171516,1.1631574905906336e-30,1.0,0.5696324110031128,0.4951203763484955,1.0,6458.741673112496,5945.596713086579,247.80923461914062,6340.73388671875,0
101000,harden_m2,2.0,0.02517768181860447,0.005805538967251778,0.0067929241340607405,0.9378142009178797,6.41164845660569e-08,0.002558663487434387,0.022281145156171082,1.1631574905906336e-30,1.0,0.5696286559104919,0.4951212704181671,1.0,6459.089099865399,5945.944139839481,247.80970764160156,6341.09326171875,0
101200,harden_m2,2.0,0.025169385597109795,0.005810684058815241,0.006781996615851919,0.9368291000525156,7.147396274831408e-08,0.0025965378154069185,0.013878809041281137,1.1631574905906336e-30,1.0,0.5696324706077576,0.4951203465461731,1.0,6458.980414895218,5945.8354548693005,247.8107147216797,6340.99365234375,0
101245,harden_m2,2.0,0.025354288518428802,0.005837536416947842,0.0068989994858081145,0.9364365190267563,9.589015093069975e-08,0.0037861797027289867,0.038965114142700825,1.1631574905906336e-30,1.0,0.5696326494216919,0.49511799216270447,1.0,6458.74476969016,5945.599809664243,247.80966186523438,6340.7783203125,0
101400,harden_m3,3.0,0.02521352842450142,0.005852239206433296,0.006840275910993417,0.9357275615135828,1.2730672516170216e-08,0.002612325130030513,0.027213891134742808,0.0,1.0,0.5696334838867188,0.49512791633605957,1.0,6458.822183649276,5945.677223623359,247.81417846679688,6340.86181640625,0
101600,harden_m3,3.0,0.025231491774320602,0.005833974573761225,0.006790052012850841,0.937388668457667,1.9711597687432914e-08,0.0026516099460422993,0.02158209091516283,0.0,1.0,0.5696333646774292,0.49512773752212524,1.0,6458.7717098531975,5945.626749827281,247.8140869140625,6340.82080078125,0
101800,harden_m3,3.0,0.025214578956365585,0.005883875768631697,0.006812075075382988,0.9363236924012502,2.765559337092327e-08,0.003907562233507633,0.0640147473061131,0.0,1.0,0.5696293115615845,0.4951278269290924,1.0,6458.804223693423,5945.659263667507,247.81430053710938,6340.86376953125,0
102000,harden_m3,3.0,0.025572113692760468,0.006004213821142912,0.006764658726751804,0.9374022831519445,3.056091557596119e-08,0.0025939142797142267,0.015144885180156213,0.0,1.0,0.5696295499801636,0.4951276183128357,1.0,6458.814442295118,5945.669482269201,247.8141632080078,6340.8818359375,0
102200,harden_m3,3.0,0.025180984288454056,0.005856772419065237,0.0067799896545087295,0.936382790406545,2.6389967544560022e-08,0.0029598441906273365,0.029794971751296716,0.0,1.0,0.5696333050727844,0.49512723088264465,1.0,6458.947901941925,5945.802941916008,247.81390380859375,6341.01123046875,0
102400,harden_m3,3.0,0.025617828592658043,0.005951127503067255,0.006846748059615493,0.937739223241806,2.259785247815671e-08,0.0025837428402155638,0.028998777533461383,0.0,1.0,0.5696295499801636,0.49512773752212524,1.0,6458.970196556104,5945.825236530187,247.81539916992188,6341.046875,0
102600,harden_m3,3.0,0.025078048929572105,0.005839391611516476,0.006827697390690446,0.9370940029621124,2.7593296536565504e-08,0.002576381666585803,0.03029425562650721,0.0,1.0,0.5696295499801636,0.4951275885105133,1.0,6458.989704280384,5945.8447442544675,247.81532287597656,6341.07568359375,0
102800,harden_m3,3.0,0.02558748796582222,0.005997336469590664,0.006827429635450244,0.9375089009602865,9.057259120481831e-08,0.002554801758378744,0.02723043350667328,0.0,1.0,0.569629430770874,0.495127409696579,1.0,6458.986298174041,5945.841338148124,247.8152618408203,6341.08642578125,0
103000,harden_m3,3.0,0.025216329842805862,0.0058252085000276566,0.006831646974508961,0.9374658366044363,2.735437298895249e-08,0.002617822028696537,0.020259554948310943,0.0,1.0,0.5696294903755188,0.495127409696579,1.0,6459.0067347851555,5945.861774759238,247.81524658203125,6341.10888671875,0
103200,harden_m3,3.0,0.025413192808628082,0.005880893208086491,0.006769318793279429,0.9372007995843887,3.038168472357938e-08,0.0025750782806426287,0.02170902103157248,0.0,1.0,0.5696295499801636,0.4951273202896118,1.0,6459.043272807514,5945.898312781597,247.81521606445312,6341.14306640625,0
103400,harden_m3,3.0,0.024941090494394302,0.005710318684577942,0.006827062461525202,0.9375771929820379,4.171730694224607e-08,0.0033000370021909475,0.039636149564328024,0.0,1.0,0.5696293711662292,0.4951269030570984,1.0,6459.032744923964,5945.887784898046,247.81500244140625,6341.14306640625,0
103600,harden_m3,3.0,0.025283165276050568,0.0058633750304579735,0.006824196083471179,0.9374843190113703,6.067602953407913e-08,0.002575221238657832,0.01845033509194424,0.0,1.0,0.5696296691894531,0.49512648582458496,1.0,6459.107059029135,5945.962099003218,247.81491088867188,6341.2080078125,0
103800,harden_m3,3.0,0.025096705183386803,0.005769796669483185,0.006742582578832905,0.9380029191573461,5.592852403424331e-08,0.00250736391171813,0.02240960944419168,0.0,1.0,0.5696332454681396,0.49512651562690735,1.0,6459.313276192756,5946.168316166839,247.81431579589844,6341.40380859375,0
104000,harden_m3,3.0,0.025383351370692253,0.005864007398486137,0.006756510973597567,0.937425841887792,3.475724241752687e-08,0.0025329296477138996,0.021705553205392837,0.0,1.0,0.5696332454681396,0.4951266050338745,1.0,6459.408641663725,5946.263681637807,247.8143768310547,6341.50146484375,0
104200,harden_m3,3.0,0.02564121223986149,0.005991704761981964,0.0068154914770275354,0.9379878441492716,3.2014799700164076e-08,0.0031889830715954304,0.024734424243031364,0.0,1.0,0.5696331262588501,0.49512672424316406,1.0,6459.563143123535,5946.418183097618,247.8144073486328,6341.64892578125,0
104400,harden_m3,3.0,0.025200847536325455,0.005786635912954807,0.006784444713654618,0.9365493208169937,2.7132969648846483e-08,0.002567893825471401,0.039573461143052234,0.0,1.0,0.5696331858634949,0.4951266646385193,1.0,6459.64116650453,5946.496206478612,247.8144073486328,6341.72900390625,0
104600,harden_m3,3.0,0.025526201352477074,0.005987920332700014,0.006917369474346439,0.9376573860645294,2.5963126759620536e-08,0.002562886103987694,0.025436854695059238,0.0,1.0,0.5696370601654053,0.4951260983943939,1.0,6459.677700938337,5946.53274091242,247.81365966796875,6341.76611328125,0
104800,harden_m3,3.0,0.026207787916064262,0.006224891170859337,0.0069128896575421095,0.9359759589036306,6.548516751081479e-08,0.002527412725612521,0.03069378257656961,0.0,1.0,0.5695644021034241,0.4951366186141968,1.0,6461.772512244608,5948.627552218692,247.8189239501953,6343.8369140625,0
105000,harden_m3,3.0,0.025805752724409103,0.006093963980674744,0.006833599686312179,0.9375850657622019,5.810351666468705e-08,0.0025283563882112503,0.02901947816659259,0.0,1.0,0.569568395614624,0.4951361119747162,1.0,6462.567910668328,5949.422950642411,247.81878662109375,6344.6240234375,0
105200,harden_m3,3.0,0.02553233876824379,0.005942957941442728,0.006829044587599735,0.9380818903446198,1.0899832147970301e-07,0.002603494096547365,0.019919163674125887,0.0,1.0,0.569568395614624,0.49513593316078186,1.0,6462.7393572694855,5949.594397243569,247.81866455078125,6344.79638671875,0
105295,harden_m3,3.0,0.025616073980927467,0.006003205664455891,0.00679462740663439,0.9381013512611389,3.569654793977861e-08,0.0025809428188949823,0.03403651487935767,0.0,1.0,0.5695684552192688,0.49513593316078186,1.0,6462.729144873704,5949.584184847787,247.81869506835938,6344.791015625,0
105400,harden_m4,4.0,0.025473661720752716,0.005850739777088165,0.006747869619478782,0.9376708567142487,1.2486136569123119e-08,0.0025586469564586878,0.03671291857075898,0.0,1.0,0.5695686340332031,0.49513736367225647,1.0,6462.733786873787,5949.58882684787,247.81932067871094,6344.79638671875,0
105600,harden_m4,4.0,0.025632208213210106,0.006008015479892492,0.006741757388226688,0.937920093536377,9.533284384133367e-09,0.0024895379319787025,0.012450634473209906,0.0,1.0,0.5695686340332031,0.4951372742652893,1.0,6462.70036439877,5949.555404372853,247.81930541992188,6344.76904296875,0
105800,harden_m4,4.0,0.02550239861011505,0.005902287550270557,0.006724782986566424,0.9369342476129532,9.773975406801583e-09,0.0027130639646202326,0.048349564905852814,0.0,1.0,0.5695686340332031,0.4951372742652893,1.0,6462.679320529528,5949.5343605036105,247.8192901611328,6344.75048828125,0
106000,harden_m4,4.0,0.025707237422466278,0.006058691069483757,0.006751058856025338,0.937902515133222,1.2074842459242063e-08,0.0027494151145219803,0.04269774185943783,0.0,1.0,0.5695686340332031,0.49513718485832214,1.0,6462.700983335064,5949.556023309147,247.8192596435547,6344.7734375,0
106200,harden_m4,4.0,0.025651127099990845,0.005927123595029116,0.006796343601308763,0.9363065958023071,1.5856274515613222e-08,0.0026302228216081858,0.053681449015206925,0.0,1.0,0.5695648193359375,0.49513766169548035,1.0,6462.7325490074245,5949.587588981507,247.8179473876953,6344.79931640625,0
106400,harden_m4,4.0,0.02530272863805294,0.00588967464864254,0.006846928270533681,0.9377023080984751,1.2175394026314734e-08,0.002483607502654195,0.018551729795754292,0.0,1.0,0.5695648193359375,0.49513766169548035,1.0,6462.749260183316,5949.6043001574,247.81793212890625,6344.8154296875,0
106600,harden_m4,4.0,0.02525140717625618,0.0058481995947659016,0.006857834096687536,0.9354670544465383,1.6546161774044776e-08,0.0030098080169409513,0.037549611246387185,0.0,1.0,0.5695648193359375,0.4951375126838684,1.0,6462.722955535074,5949.577995509157,247.81788635253906,6344.7939453125,0
106800,harden_m4,4.0,0.025635071098804474,0.005948695354163647,0.006757599340441327,0.9370282789071401,1.619596901036857e-08,0.00259167468175292,0.027803361591668338,0.0,1.0,0.5695647597312927,0.495137482881546,1.0,6462.743689796153,5949.598729770236,247.81787109375,6344.81396484375,0
107000,harden_m4,4.0,0.02519741654396057,0.005817512981593609,0.006776174103530745,0.9377345790465673,1.480734823644525e-08,0.002502604853361845,0.027139566624851858,0.0,1.0,0.5695648193359375,0.4951375126838684,1.0,6462.768447035682,5949.623487009765,247.81788635253906,6344.83349609375,0
107200,harden_m4,4.0,0.02542826533317566,0.0059283459559082985,0.006783544202335179,0.9368298997481664,1.5317334955966544e-08,0.002622943837195635,0.017316265678706314,0.0,1.0,0.569564700126648,0.4951375126838684,1.0,6462.764733455799,5949.619773429882,247.81787109375,6344.82958984375,0
107400,harden_m4,4.0,0.02516378089785576,0.005772899836301804,0.006779235516053935,0.9381132672230402,1.4377804724574617e-08,0.002592588309198618,0.025945586809293562,0.0,1.0,0.569564700126648,0.4951375126838684,1.0,6462.851073636155,5949.706113610238,247.81788635253906,6344.91015625,0
107600,harden_m4,4.0,0.02551434189081192,0.005896053742617369,0.006832816482832034,0.9357065757115682,1.7255201711918744e-08,0.002647779416292906,0.04289561906174723,0.0,1.0,0.5695724487304688,0.49513643980026245,1.0,6462.953504397196,5949.808544371279,247.81956481933594,6345.0234375,0
107800,harden_m4,4.0,0.02540607750415802,0.005888341460376978,0.006822703833070894,0.9376197854677836,1.932908411106382e-08,0.0024746896233409643,0.014754350808914823,0.0,1.0,0.5695723295211792,0.49513643980026245,1.0,6462.999303728881,5949.854343702964,247.81956481933594,6345.06494140625,0
108000,harden_m4,4.0,0.02541169710457325,0.005868773907423019,0.00673749519046396,0.9374849150578181,1.5271186981635765e-08,0.0025918204337358475,0.03950442648654356,0.0,1.0,0.569572389125824,0.49513640999794006,1.0,6463.09430536179,5949.949345335874,247.81954956054688,6345.162109375,0
108200,harden_m4,4.0,0.02561519294977188,0.005979358684271574,0.006945905935329695,0.936074455579122,3.877172716215682e-08,0.0025588013231754303,0.029119730055974034,0.0,1.0,0.5695723295211792,0.4951362609863281,1.0,6463.178784468212,5950.033824442295,247.81947326660156,6345.2421875,0
108400,harden_m4,4.0,0.025188464671373367,0.005826132372021675,0.006743481576753159,0.936661978562673,5.117735923931832e-08,0.002482182811945677,0.019100387670146438,0.0,1.0,0.5695722103118896,0.49513623118400574,1.0,6463.264809676299,5950.119849650382,247.8193817138672,6345.3251953125,0
108600,harden_m4,4.0,0.024905256927013397,0.005732669495046139,0.0067972268831605715,0.9358832935492197,1.6855477014132703e-08,0.0025156824849545956,0.023682428386916077,0.0,1.0,0.5695723295211792,0.49513643980026245,1.0,6463.288946039779,5950.143986013862,247.81956481933594,6345.34814453125,0
108800,harden_m4,4.0,0.025195928290486336,0.005847773980349302,0.0068547159899026155,0.9353183855613073,1.4893794642034663e-08,0.0025518315378576517,0.033161757916351085,0.0,1.0,0.5695723295211792,0.49513643980026245,1.0,6463.340931747296,5950.1959717213795,247.81956481933594,6345.39453125,0
109000,harden_m4,4.0,0.025022998452186584,0.005736308638006449,0.006755511392839253,0.9370073229074478,1.4662818514921128e-08,0.0024574510753154755,0.01878131637843247,0.0,1.0,0.5695723295211792,0.49513640999794006,1.0,6463.34650161973,5950.201541593813,247.81954956054688,6345.400390625,0
109200,harden_m4,4.0,0.024819931015372276,0.00572856143116951,0.006842219930452605,0.9378583232561747,1.4839596218507722e-08,0.002463429933413863,0.01666485364258529,0.0,1.0,0.5695726275444031,0.49513620138168335,1.0,6463.340312872285,5950.195352846367,247.81947326660156,6345.396484375,0
109345,harden_m4,4.0,0.02513183280825615,0.005826651118695736,0.006733768037520349,0.9370850920677185,1.507522107146997e-08,0.0027645607478916645,0.02290104352524755,0.0,1.0,0.569572389125824,0.4951363801956177,1.0,6463.419218958337,5950.274258932421,247.81954956054688,6345.47314453125,0
109400,harden_m5,5.0,0.025483058765530586,0.005847960710525513,0.00678478068827341,0.9373030612866083,4.3771941626857824e-09,0.0031054120045155287,0.04116731970336268,0.0,1.0,0.5695724487304688,0.49513688683509827,1.0,6463.423241595741,5950.278281569825,247.81976318359375,6345.4765625,0
109600,harden_m5,5.0,0.02518836408853531,0.005757989827543497,0.006875725967499117,0.9364488820234934,5.130686098198112e-09,0.0027358904480934143,0.026027682628692407,0.0,1.0,0.5695724487304688,0.4951368570327759,1.0,6463.399724603144,5950.2547645772265,247.8197479248047,6345.45703125,0
109800,harden_m5,5.0,0.0255441814661026,0.006000543478876352,0.006784686353057623,0.9371463457743326,1.5601918335050868e-07,0.0031641609966754913,0.045475662213984656,0.0,1.0,0.569573163986206,0.4951361119747162,0.9999961853027344,6463.376826396555,5950.231866370637,247.81939697265625,6345.43798828125,0
110000,harden_m5,5.0,0.025039533153176308,0.0057575940154492855,0.0067721070954576135,0.9366246908903122,3.846555785003147e-08,0.002533331513404846,0.018951614652032697,0.0,1.0,0.5695724487304688,0.49513670802116394,1.0,6463.376826396555,5950.231866370637,247.8197021484375,6345.4384765625,0
110200,harden_m5,5.0,0.025251731276512146,0.005798717495054007,0.006773752276785672,0.9378599723180135,9.21635745498861e-09,0.0024803034029901028,0.017265803437334887,0.0,1.0,0.5695724487304688,0.49513673782348633,1.0,6463.429739697029,5950.284779671112,247.8197021484375,6345.4921875,0
110400,harden_m5,5.0,0.025018740445375443,0.0057213520631194115,0.006750266145293911,0.9373132139444351,1.0799570127062452e-08,0.0025937187019735575,0.03497395323306258,0.0,1.0,0.5695724487304688,0.49513673782348633,1.0,6463.503074958656,5950.358114932738,247.8197021484375,6345.5703125,0
110600,harden_m5,5.0,0.02507728710770607,0.005825744476169348,0.006829860464980205,0.9370322724183401,1.5461459668131283e-08,0.002518335124477744,0.018542076281413692,0.0,1.0,0.569572389125824,0.49513670802116394,1.0,6463.5005995203555,5950.355639494439,247.81968688964844,6345.56787109375,0
110800,harden_m5,5.0,0.025038184598088264,0.005756623111665249,0.006770384226304789,0.9366393387317657,9.978624149198367e-09,0.002479639369994402,0.015574707831608043,0.0,1.0,0.5695724487304688,0.49513670802116394,1.0,6463.506169255198,5950.361209229281,247.81968688964844,6345.572265625,0
111000,harden_m5,5.0,0.025246882811188698,0.005805918015539646,0.00672815468472739,0.9377390990654627,9.916738541448922e-09,0.002497390378266573,0.04092712038983692,0.0,1.0,0.5695686340332031,0.4951372444629669,1.0,6463.573624551669,5950.4286645257525,247.81997680664062,6345.638671875,0
111200,harden_m5,5.0,0.024879736825823784,0.005644979886710644,0.006768058558615546,0.9372589389483134,1.5059644198345268e-08,0.0026025797706097364,0.032308251971554645,0.0,1.0,0.5695686340332031,0.49513721466064453,1.0,6463.574243404341,5950.429283378424,247.81996154785156,6345.6396484375,0
111400,harden_m5,5.0,0.025576313957571983,0.0060252780094742775,0.006779371256319185,0.9360735615094503,2.0381817122938628e-08,0.002710485365241766,0.029559944329718337,0.0,1.0,0.5695724487304688,0.49513664841651917,1.0,6463.598069187161,5950.453109161244,247.81887817382812,6345.6611328125,0
111600,harden_m5,5.0,0.025174321606755257,0.0058299219235777855,0.006905959725069503,0.934195856253306,1.2572614949135641e-08,0.003961261361837387,0.042385091865136136,0.0,1.0,0.5695724487304688,0.49513667821884155,1.0,6463.620966609969,5950.476006584053,247.81887817382812,6345.68115234375,0
111800,harden_m5,5.0,0.025496158748865128,0.00589045649394393,0.006822637359922131,0.9367800652980804,1.493376444727801e-08,0.002502124523743987,0.029049358642711434,0.0,1.0,0.5695724487304688,0.49513667821884155,1.0,6463.631796443854,5950.4868364179365,247.8188934326172,6345.69189453125,0
112000,harden_m5,5.0,0.025003887712955475,0.005738799460232258,0.00684084134021153,0.9369332641363144,4.7928807589414646e-08,0.0024343233089894056,0.030587674449016625,0.0,1.0,0.5695724487304688,0.49513664841651917,1.0,6463.698012747811,5950.553052721894,247.81886291503906,6345.75830078125,0
112200,harden_m5,5.0,0.025627590715885162,0.005989386700093746,0.006900917078989248,0.935470869143804,9.700169556481342e-09,0.0026393483858555555,0.04468198322904215,0.0,1.0,0.5695724487304688,0.49513670802116394,1.0,6463.717815622832,5950.572855596914,247.81890869140625,6345.77587890625,0
112400,harden_m5,5.0,0.02521452307701111,0.005851325578987598,0.006813473378618558,0.9359642962614695,1.495754098357338e-08,0.0024544261395931244,0.023290621625517493,0.0,1.0,0.5695762634277344,0.49513617157936096,1.0,6463.8143537697615,5950.669393743845,247.81922912597656,6345.87548828125,0
112600,harden_m5,5.0,0.02527586929500103,0.00579496193677187,0.00681032903958112,0.9361787736415863,1.272654426287545e-08,0.0024371049366891384,0.023359735153822947,0.0,1.0,0.5695762634277344,0.4951361417770386,1.0,6463.8387974948755,5950.693837468958,247.8192138671875,6345.89990234375,0
112800,harden_m5,5.0,0.02471959963440895,0.005608583800494671,0.006761653892075022,0.937728742758433,1.5603884406800717e-08,0.0028573633171617985,0.0364316116709369,0.0,1.0,0.5695762634277344,0.4951361119747162,1.0,6463.893872891169,5950.748912865252,247.81919860839844,6345.9541015625,0
113000,harden_m5,5.0,0.02496286854147911,0.005729255266487598,0.006742457859218121,0.937633236249288,1.1517154341333935e-08,0.0024517697747796774,0.01666131415677883,0.0,1.0,0.5695762634277344,0.4951361417770386,1.0,6463.895729357026,5950.750769331109,247.8192138671875,6345.9560546875,0
113200,harden_m5,5.0,0.024963902309536934,0.0057494486682116985,0.0067206711585943895,0.9380001922448477,1.2079431677136654e-08,0.002406744984909892,0.02071456668433592,0.0,1.0,0.5695724487304688,0.49513670802116394,1.0,6463.922029232716,5950.777069206799,247.82003784179688,6345.98388671875,0
113395,harden_m5,5.0,0.025485120713710785,0.005874829366803169,0.006744175489681463,0.9367920706669489,1.2488349021566592e-08,0.0025560534559190273,0.027274641083340555,0.0,1.0,0.5695724487304688,0.49513667821884155,1.0,6463.922648052033,5950.777688026115,247.8200225830078,6345.984375,0
113400,harden_m6,6.0,0.025249820202589035,0.005851220339536667,0.006805628150080641,0.9375787278016409,2.7220570242292297e-09,0.0037179063074290752,0.031163533451856733,0.0,1.0,0.5695724487304688,0.49513691663742065,1.0,6463.922957461668,5950.777997435751,247.82012939453125,6345.9853515625,0
113600,harden_m6,6.0,0.025485707446932793,0.00584879145026207,0.006732318278712531,0.9379692077636719,4.82041073723849e-09,0.0027602992486208677,0.03610893415445594,0.0,1.0,0.5695724487304688,0.49513691663742065,1.0,6463.91615044626,5950.7711904203425,247.8201141357422,6345.9794921875,0
113800,harden_m6,6.0,0.02492706850171089,0.005703136324882507,0.006740031608690818,0.93843874335289,5.260849089694375e-09,0.002398658776655793,0.015181021047169792,0.0,1.0,0.5695724487304688,0.49513688683509827,1.0,6463.906249320143,5950.761289294225,247.82009887695312,6345.97119140625,0
114000,harden_m6,6.0,0.025315627455711365,0.005850643385201693,0.006809942618322869,0.9379358738660812,6.2961911240222435e-09,0.0024314140900969505,0.01882963652964465,0.0,1.0,0.5695686340332031,0.49513739347457886,1.0,6463.908105782445,5950.763145756528,247.82119750976562,6345.97802734375,0
114200,harden_m6,6.0,0.025152035057544708,0.005854176357388496,0.006737277571422358,0.9375577519337336,7.33109395412157e-09,0.0026433453895151615,0.03921772043850201,0.0,1.0,0.5695724487304688,0.4951368272304535,1.0,6463.972153405366,5950.827193379449,247.82098388671875,6346.04150390625,0
114400,harden_m6,6.0,0.025419291108846664,0.005913001950830221,0.006932845455594361,0.937868282198906,9.56428358733774e-09,0.0024658574257045984,0.02491780617451595,0.0,1.0,0.5695724487304688,0.4951367974281311,1.0,6463.99814356409,5950.853183538173,247.8209686279297,6346.06982421875,0
114600,harden_m6,6.0,0.02521524578332901,0.005813233088701963,0.006806467582161228,0.9378749827543894,8.629811532046006e-09,0.0025178692303597927,0.023639308679166283,0.0,1.0,0.5695724487304688,0.4951367974281311,1.0,6464.040222647133,5950.895262621216,247.8209686279297,6346.11279296875,0
114800,harden_m6,6.0,0.02727849781513214,0.00661490298807621,0.007291260330627362,0.9329201132059097,3.659467395777938e-08,0.0025926707312464714,0.03662542662786337,0.0,1.0,0.5695494413375854,0.4951399862766266,1.0,6464.227718761152,5951.082758735234,247.82241821289062,6346.30615234375,0
115000,harden_m6,6.0,0.025835402309894562,0.006116455886512995,0.006747291733821233,0.9375944634278616,6.854799394773181e-09,0.0024182244669646025,0.01611404925582529,0.0,1.0,0.5695457458496094,0.49514061212539673,1.0,6464.727063070799,5951.582103044882,247.8238525390625,6346.80419921875,0
115200,harden_m6,6.0,0.02550717256963253,0.005908729508519173,0.006762403684357802,0.9373419731855392,6.347849357268842e-09,0.002478958573192358,0.047065504897375716,0.0,1.0,0.5695457458496094,0.49514061212539673,1.0,6464.739437904671,5951.594477878754,247.8238525390625,6346.81689453125,0
115400,harden_m6,6.0,0.025429973378777504,0.00594685785472393,0.006772060606939097,0.9381049325068792,5.767118338440014e-09,0.002421146724373102,0.01380654679205428,0.0,1.0,0.5695457458496094,0.49514061212539673,1.0,6464.7821308996945,5951.637170873777,247.82383728027344,6346.8642578125,0
115600,harden_m6,6.0,0.02533756196498871,0.005867267958819866,0.006724880309775472,0.9371596773465475,6.803260621524032e-09,0.0024706395342946053,0.018689712441317216,0.0,1.0,0.5695457458496094,0.49514061212539673,1.0,6464.78151216265,5951.636552136733,247.8238525390625,6346.86376953125,0
115800,harden_m6,6.0,0.025310851633548737,0.005900166928768158,0.006771932899331053,0.9369293848673502,6.7221526123262265e-09,0.0024268359411507845,0.030176593034616006,0.0,1.0,0.5695457458496094,0.49514058232307434,1.0,6464.778418476538,5951.63345845062,247.82383728027344,6346.86083984375,0
116000,harden_m6,6.0,0.02514820173382759,0.005820762366056442,0.006814331514760852,0.9371593048175176,1.0396073335527944e-08,0.0024258666671812534,0.03266051030945814,0.0,1.0,0.5695457458496094,0.49514058232307434,1.0,6464.773468575678,5951.62850854976,247.82382202148438,6346.85693359375,0
116200,harden_m6,6.0,0.025614162907004356,0.005935830529779196,0.006752612845351298,0.9380446622769038,1.0893056234806409e-08,0.0025707269087433815,0.026956983505546837,0.0,1.0,0.5695457458496094,0.49514058232307434,1.0,6464.829154741833,5951.6841947159155,247.82382202148438,6346.91845703125,0
116400,harden_m6,6.0,0.025220124050974846,0.005799050442874432,0.00680508049360166,0.9368624538183212,7.308628369173675e-09,0.0033098002895712852,0.028598742452611507,0.0,1.0,0.5695457458496094,0.49514061212539673,1.0,6464.869062865852,5951.724102839935,247.82383728027344,6346.95263671875,0
116600,harden_m6,6.0,0.025486772879958153,0.00593110267072916,0.00679130320592473,0.9370101938645045,6.807015839882524e-09,0.0025363401509821415,0.037032121948493694,0.0,1.0,0.5695457458496094,0.49514058232307434,1.0,6464.869990958829,5951.725030932912,247.82383728027344,6346.9541015625,0
116800,harden_m6,6.0,0.025007952004671097,0.0057089366018772125,0.006780433158079783,0.9381012469530106,8.52109760529629e-09,0.002460709773004055,0.03056672773549085,0.0,1.0,0.5695457458496094,0.49514058232307434,1.0,6464.869372230192,5951.724412204276,247.82383728027344,6346.9521484375,0
117000,harden_m6,6.0,0.025248393416404724,0.005806533619761467,0.006726893557546039,0.9386957734823227,6.528777962699905e-09,0.0026541848201304674,0.02157161268380599,0.0,1.0,0.5695457458496094,0.49514058232307434,1.0,6464.868134772742,5951.723174746825,247.82383728027344,6346.9521484375,0
117200,harden_m6,6.0,0.025326145812869072,0.005835683550685644,0.0066986107267439365,0.9381558348735174,6.448357403598948e-09,0.0025020220782607794,0.030845516109589945,0.0,1.0,0.5695457458496094,0.49514058232307434,1.0,6464.87308460112,5951.728124575204,247.82383728027344,6346.95556640625,0
117400,harden_m6,6.0,0.025294525548815727,0.0058419834822416306,0.006787825802651544,0.9375617851813635,7.115943834179461e-09,0.0024651605635881424,0.022328606058485908,0.0,1.0,0.5695457458496094,0.49514058232307434,1.0,6464.874012693519,5951.729052667602,247.82383728027344,6346.95654296875,0
117445,harden_m6,6.0,0.02528989687561989,0.005877512972801924,0.006915441442591448,0.9371939202149709,6.593438239832494e-09,0.0024176316801458597,0.039742070801787446,0.0,1.0,0.5695457458496094,0.49514061212539673,1.0,6464.877415697842,5951.732455671925,247.82383728027344,6346.95751953125,0
117600,harden_m7,7.0,0.025686990469694138,0.006081265397369862,0.006830218209264179,0.9369471222162247,4.137509002077877e-09,0.0026594961527734995,0.04449123694380218,0.0,1.0,0.5695457458496094,0.4951406717300415,1.0,6464.870609687405,5951.725649661488,247.82388305664062,6346.95263671875,0
117800,harden_m7,7.0,0.025327712297439575,0.005890234373509884,0.00674884847830981,0.9373569289843241,3.6747032083894737e-09,0.002367184730246663,0.020932666810834395,0.0,1.0,0.5695457458496094,0.4951406717300415,1.0,6464.915157989314,5951.770197963397,247.82388305664062,6346.99658203125,0
118000,harden_m7,7.0,0.024971649050712585,0.005768082104623318,0.00671809131745249,0.9376537750164667,4.950281962123881e-09,0.0026195424143224955,0.042247255439906345,0.0,1.0,0.5695457458496094,0.4951406717300415,1.0,6464.952900060448,5951.8079400345305,247.82386779785156,6347.0322265625,0
118200,harden_m7,7.0,0.02499759942293167,0.005691354162991047,0.006783570589808126,0.9364769458770752,5.475962794321276e-09,0.002437958959490061,0.027534229505064303,0.0,1.0,0.5695457458496094,0.4951406717300415,1.0,6464.949187735353,5951.8042277094355,247.82386779785156,6347.02880859375,0
118400,harden_m7,7.0,0.02532224915921688,0.005888842046260834,0.006743096513673663,0.9382530599832535,4.909217476978256e-09,0.003728673327714205,0.06744115167425181,0.0,1.0,0.5695457458496094,0.4951406419277191,1.0,6464.947950293181,5951.802990267264,247.8238525390625,6347.02783203125,0
118600,harden_m7,7.0,0.02479005977511406,0.005661653354763985,0.006748768074127535,0.9375551988681158,1.137911809223624e-08,0.002683892846107483,0.036444163896950425,0.0,1.0,0.5695457458496094,0.4951406419277191,1.0,6464.950734537735,5951.8057745118185,247.8238525390625,6347.02978515625,0
118800,harden_m7,7.0,0.025420580059289932,0.005872547160834074,0.006837529789966841,0.9382167210181555,6.156213316899084e-09,0.0024153401609510183,0.031414975472956276,0.0,1.0,0.5695457458496094,0.4951406419277191,1.0,6464.953828141389,5951.808868115471,247.82386779785156,6347.0322265625,0
119000,harden_m7,7.0,0.02477789670228958,0.005623882636427879,0.006745461180495719,0.9378563364346822,7.205041896440889e-09,0.0023701167665421963,0.018329709390291743,0.0,1.0,0.5695457458496094,0.4951406419277191,1.0,6465.006419177014,5951.861459151098,247.8238525390625,6347.08740234375,0
119200,harden_m7,7.0,0.025200573727488518,0.0057985736057162285,0.006794974557124078,0.9378085931142172,7.738828244896467e-09,0.0024054746609181166,0.03086621417544339,0.0,1.0,0.5695457458496094,0.49514061212539673,1.0,6465.004563030099,5951.859603004183,247.8238525390625,6347.08544921875,0
119400,harden_m7,7.0,0.024910297244787216,0.005675319582223892,0.006766704027540982,0.9368500957886378,7.200474883006791e-09,0.002368507208302617,0.024034561682979204,0.0,1.0,0.5695457458496094,0.4951406419277191,1.0,6465.006419177014,5951.861459151098,247.8238525390625,6347.08740234375,0
119600,harden_m7,7.0,0.02526332437992096,0.005760107189416885,0.0067748629953712225,0.9369615862766901,5.5865627679452246e-09,0.0024577968288213015,0.024998823761377725,0.0,1.0,0.5695419311523438,0.4951411485671997,1.0,6465.037045524178,5951.892085498261,247.8236083984375,6347.1171875,0
119800,harden_m7,7.0,0.02487187460064888,0.005659735761582851,0.006705746597920855,0.9381147772073746,7.3807422396043876e-09,0.0023681106977164745,0.013332293643966443,0.0,1.0,0.5695419311523438,0.4951411783695221,1.0,6465.038901661768,5951.893941635852,247.8236083984375,6347.11865234375,0
120000,harden_m7,7.0,0.025243354961276054,0.0057963840663433075,0.006926227865430216,0.934211457769076,6.115036921272576e-09,0.002713494934141636,0.08090086760694781,0.0,1.0,0.5695419311523438,0.4951411783695221,1.0,6465.084686220282,5951.939726194365,247.8236083984375,6347.16259765625,0
120200,harden_m7,7.0,0.025068240240216255,0.005820793099701405,0.006942509130264322,0.9359380702177683,5.175519124378525e-09,0.0024028485640883446,0.02828502997887122,0.0,1.0,0.5695419311523438,0.4951411783695221,1.0,6465.088707821417,5951.9437477955,247.8236083984375,6347.16748046875,0
120400,harden_m7,7.0,0.025023557245731354,0.005778688471764326,0.0066929600822428865,0.9371885110934576,5.608712605464916e-09,0.0023868062999099493,0.017503937549628108,0.0,1.0,0.5695419311523438,0.4951411485671997,1.0,6465.088398467572,5951.9434384416545,247.8236083984375,6347.16650390625,0
120600,harden_m7,7.0,0.024587415158748627,0.005597497336566448,0.006727576993095378,0.9371814429759979,5.9448228562075656e-09,0.002345827640965581,0.017041559580124453,0.0,1.0,0.5695419311523438,0.4951411485671997,1.0,6465.158930761099,5952.013970735183,247.8236083984375,6347.2451171875,0
120800,harden_m7,7.0,0.02544271945953369,0.005956835579127073,0.006828583194874227,0.9370344976584116,6.774183880509099e-09,0.0024035985115915537,0.022380235327489062,0.0,1.0,0.5695419311523438,0.4951411485671997,1.0,6465.165117767681,5952.020157741765,247.82359313964844,6347.2509765625,0
121000,harden_m7,7.0,0.024785753339529037,0.0056481389328837395,0.006732986657880247,0.9370732456445694,5.47482592594406e-09,0.00244697043672204,0.02184906260653233,0.0,1.0,0.5695419311523438,0.4951411485671997,1.0,6465.168211268752,5952.023251242836,247.8236083984375,6347.25341796875,0
121200,harden_m7,7.0,0.025266123935580254,0.005814141593873501,0.0068269012263044715,0.9383227676153183,4.575036793852405e-09,0.0023573467042297125,0.016115481251059657,0.0,1.0,0.5695419311523438,0.4951411783695221,1.0,6465.168829968789,5952.023869942872,247.8236083984375,6347.25439453125,0
121400,harden_m7,7.0,0.024658221751451492,0.005595159716904163,0.0067436556952695055,0.9382478992144266,5.114498158320657e-09,0.0024980681482702494,0.020951334283648898,0.0,1.0,0.5695419311523438,0.4951411783695221,1.0,6465.1685206187785,5952.023560592861,247.8236083984375,6347.25341796875,0
121495,harden_m7,7.0,0.024907425045967102,0.005728955380618572,0.006715601116108398,0.9379303306341171,6.149754039341815e-09,0.00236448529176414,0.019801769244912438,0.0,1.0,0.5695419311523438,0.4951411783695221,1.0,6465.218325779881,5952.073365753964,247.8236083984375,6347.3076171875,0
121500,harden_m8,8.0,0.024956699460744858,0.005649479106068611,0.006728271876151363,0.9376344134410223,1.6051477924605706e-09,0.0025206743739545345,0.0516865564509963,0.0,1.0,0.5695419311523438,0.49514123797416687,1.0,6465.218944475121,5952.073984449204,247.82363891601562,6347.30810546875,0
